  0
SECTION
  2
HEADER
  9
$ACADVER
  1
AC1032
  9
$ACADMAINTVER
 90
4
  9
$DWGCODEPAGE
  3
ANSI_1252
  9
$LASTSAVEDBY
  1
ezdxf
  9
$REQUIREDVERSIONS
160
0
  9
$INSBASE
 10
0.0
 20
0.0
 30
0.0
  9
$EXTMIN
 10
1e+20
 20
1e+20
 30
1e+20
  9
$EXTMAX
 10
-1e+20
 20
-1e+20
 30
-1e+20
  9
$LIMMIN
 10
0.0
 20
0.0
  9
$LIMMAX
 10
420.0
 20
297.0
  9
$ORTHOMODE
 70
0
  9
$REGENMODE
 70
1
  9
$FILLMODE
 70
1
  9
$QTEXTMODE
 70
0
  9
$MIRRTEXT
 70
1
  9
$LTSCALE
 40
1.0
  9
$ATTMODE
 70
1
  9
$TEXTSIZE
 40
2.5
  9
$TRACEWID
 40
1.0
  9
$TEXTSTYLE
  7
OpenSans
  9
$CLAYER
  8
0
  9
$CELTYPE
  6
ByLayer
  9
$CECOLOR
 62
256
  9
$CELTSCALE
 40
1.0
  9
$DISPSILH
 70
0
  9
$DIMSCALE
 40
1.0
  9
$DIMASZ
 40
0.175
  9
$DIMEXO
 40
0.125
  9
$DIMDLI
 40
3.75
  9
$DIMRND
 40
0.0
  9
$DIMDLE
 40
0.0
  9
$DIMEXE
 40
0.375
  9
$DIMTP
 40
0.0
  9
$DIMTM
 40
0.0
  9
$DIMTXT
 40
0.25
  9
$DIMCEN
 40
2.5
  9
$DIMTSZ
 40
0.0
  9
$DIMTOL
 70
0
  9
$DIMLIM
 70
0
  9
$DIMTIH
 70
0
  9
$DIMTOH
 70
0
  9
$DIMSE1
 70
0
  9
$DIMSE2
 70
0
  9
$DIMTAD
 70
1
  9
$DIMZIN
 70
12
  9
$DIMBLK
  1
ARCHTICK
  9
$DIMASO
 70
1
  9
$DIMSHO
 70
1
  9
$DIMPOST
  1

  9
$DIMAPOST
  1

  9
$DIMALT
 70
0
  9
$DIMALTD
 70
3
  9
$DIMALTF
 40
0.03937007874
  9
$DIMLFAC
 40
100.0
  9
$DIMTOFL
 70
1
  9
$DIMTVP
 40
0.0
  9
$DIMTIX
 70
0
  9
$DIMSOXD
 70
0
  9
$DIMSAH
 70
0
  9
$DIMBLK1
  1

  9
$DIMBLK2
  1

  9
$DIMSTYLE
  2
EZDXF
  9
$DIMCLRD
 70
0
  9
$DIMCLRE
 70
0
  9
$DIMCLRT
 70
0
  9
$DIMTFAC
 40
0.5
  9
$DIMGAP
 40
0.1
  9
$DIMJUST
 70
0
  9
$DIMSD1
 70
0
  9
$DIMSD2
 70
0
  9
$DIMTOLJ
 70
0
  9
$DIMTZIN
 70
8
  9
$DIMALTZ
 70
0
  9
$DIMALTTZ
 70
0
  9
$DIMUPT
 70
1
  9
$DIMDEC
 70
2
  9
$DIMTDEC
 70
2
  9
$DIMALTU
 70
2
  9
$DIMALTTD
 70
3
  9
$DIMTXSTY
  7
OpenSansCondensed-Light
  9
$DIMAUNIT
 70
0
  9
$DIMADEC
 70
2
  9
$DIMALTRND
 40
0.0
  9
$DIMAZIN
 70
3
  9
$DIMDSEP
 70
46
  9
$DIMATFIT
 70
3
  9
$DIMFRAC
 70
0
  9
$DIMLDRBLK
  1

  9
$DIMLUNIT
 70
2
  9
$DIMLWD
 70
-2
  9
$DIMLWE
 70
-2
  9
$DIMTMOVE
 70
2
  9
$DIMFXL
 40
1.0
  9
$DIMFXLON
 70
0
  9
$DIMJOGANG
 40
0.785398163397
  9
$DIMTFILL
 70
0
  9
$DIMTFILLCLR
 70
0
  9
$DIMARCSYM
 70
0
  9
$DIMLTYPE
  6

  9
$DIMLTEX1
  6

  9
$DIMLTEX2
  6

  9
$DIMTXTDIRECTION
 70
0
  9
$LUNITS
 70
2
  9
$LUPREC
 70
3
  9
$SKETCHINC
 40
1.0
  9
$FILLETRAD
 40
10.0
  9
$AUNITS
 70
0
  9
$AUPREC
 70
2
  9
$MENU
  1
.
  9
$ELEVATION
 40
0.0
  9
$PELEVATION
 40
0.0
  9
$THICKNESS
 40
0.0
  9
$LIMCHECK
 70
0
  9
$CHAMFERA
 40
0.0
  9
$CHAMFERB
 40
0.0
  9
$CHAMFERC
 40
0.0
  9
$CHAMFERD
 40
0.0
  9
$SKPOLY
 70
0
  9
$TDCREATE
 40
2461312.0632175924
  9
$TDUCREATE
 40
2458532.153996898
  9
$TDUPDATE
 40
2461312.0632175924
  9
$TDUUPDATE
 40
2458532.1544311
  9
$TDINDWG
 40
0.0
  9
$TDUSRTIMER
 40
0.0
  9
$USRTIMER
 70
1
  9
$ANGBASE
 50
0.0
  9
$ANGDIR
 70
0
  9
$PDMODE
 70
0
  9
$PDSIZE
 40
0.0
  9
$PLINEWID
 40
0.0
  9
$SPLFRAME
 70
0
  9
$SPLINETYPE
 70
6
  9
$SPLINESEGS
 70
8
  9
$HANDSEED
  5
444
  9
$SURFTAB1
 70
6
  9
$SURFTAB2
 70
6
  9
$SURFTYPE
 70
6
  9
$SURFU
 70
6
  9
$SURFV
 70
6
  9
$UCSBASE
  2

  9
$UCSNAME
  2

  9
$UCSORG
 10
0.0
 20
0.0
 30
0.0
  9
$UCSXDIR
 10
1.0
 20
0.0
 30
0.0
  9
$UCSYDIR
 10
0.0
 20
1.0
 30
0.0
  9
$UCSORTHOREF
  2

  9
$UCSORTHOVIEW
 70
0
  9
$UCSORGTOP
 10
0.0
 20
0.0
 30
0.0
  9
$UCSORGBOTTOM
 10
0.0
 20
0.0
 30
0.0
  9
$UCSORGLEFT
 10
0.0
 20
0.0
 30
0.0
  9
$UCSORGRIGHT
 10
0.0
 20
0.0
 30
0.0
  9
$UCSORGFRONT
 10
0.0
 20
0.0
 30
0.0
  9
$UCSORGBACK
 10
0.0
 20
0.0
 30
0.0
  9
$PUCSBASE
  2

  9
$PUCSNAME
  2

  9
$PUCSORG
 10
0.0
 20
0.0
 30
0.0
  9
$PUCSXDIR
 10
1.0
 20
0.0
 30
0.0
  9
$PUCSYDIR
 10
0.0
 20
1.0
 30
0.0
  9
$PUCSORTHOREF
  2

  9
$PUCSORTHOVIEW
 70
0
  9
$PUCSORGTOP
 10
0.0
 20
0.0
 30
0.0
  9
$PUCSORGBOTTOM
 10
0.0
 20
0.0
 30
0.0
  9
$PUCSORGLEFT
 10
0.0
 20
0.0
 30
0.0
  9
$PUCSORGRIGHT
 10
0.0
 20
0.0
 30
0.0
  9
$PUCSORGFRONT
 10
0.0
 20
0.0
 30
0.0
  9
$PUCSORGBACK
 10
0.0
 20
0.0
 30
0.0
  9
$USERI1
 70
0
  9
$USERI2
 70
0
  9
$USERI3
 70
0
  9
$USERI4
 70
0
  9
$USERI5
 70
0
  9
$USERR1
 40
0.0
  9
$USERR2
 40
0.0
  9
$USERR3
 40
0.0
  9
$USERR4
 40
0.0
  9
$USERR5
 40
0.0
  9
$WORLDVIEW
 70
1
  9
$SHADEDGE
 70
3
  9
$SHADEDIF
 70
70
  9
$TILEMODE
 70
1
  9
$MAXACTVP
 70
64
  9
$PINSBASE
 10
0.0
 20
0.0
 30
0.0
  9
$PLIMCHECK
 70
0
  9
$PEXTMIN
 10
1e+20
 20
1e+20
 30
1e+20
  9
$PEXTMAX
 10
-1e+20
 20
-1e+20
 30
-1e+20
  9
$PLIMMIN
 10
0.0
 20
0.0
  9
$PLIMMAX
 10
420.0
 20
297.0
  9
$UNITMODE
 70
0
  9
$VISRETAIN
 70
1
  9
$PLINEGEN
 70
0
  9
$PSLTSCALE
 70
0
  9
$TREEDEPTH
 70
3020
  9
$CMLSTYLE
  2
Standard
  9
$CMLJUST
 70
0
  9
$CMLSCALE
 40
20.0
  9
$PROXYGRAPHICS
 70
1
  9
$MEASUREMENT
 70
1
  9
$CELWEIGHT
370
-1
  9
$ENDCAPS
280
0
  9
$JOINSTYLE
280
0
  9
$LWDISPLAY
290
0
  9
$INSUNITS
 70
6
  9
$HYPERLINKBASE
  1

  9
$STYLESHEET
  1

  9
$XEDIT
290
1
  9
$CEPSNTYPE
380
0
  9
$PSTYLEMODE
290
1
  9
$FINGERPRINTGUID
  2
{6F796CE6-3339-4D85-896B-CEA33972CCF8}
  9
$VERSIONGUID
  2
{309A8C7D-DD42-4A13-9B05-721276C5B582}
  9
$EXTNAMES
290
1
  9
$PSVPSCALE
 40
0.0
  9
$OLESTARTUP
290
0
  9
$SORTENTS
280
127
  9
$INDEXCTL
280
0
  9
$HIDETEXT
280
1
  9
$XCLIPFRAME
280
1
  9
$HALOGAP
280
0
  9
$OBSCOLOR
 70
257
  9
$OBSLTYPE
280
0
  9
$INTERSECTIONDISPLAY
280
0
  9
$INTERSECTIONCOLOR
 70
257
  9
$DIMASSOC
280
2
  9
$PROJECTNAME
  1

  9
$CAMERADISPLAY
290
0
  9
$LENSLENGTH
 40
50.0
  9
$CAMERAHEIGHT
 40
0.0
  9
$STEPSPERSEC
 40
24.0
  9
$STEPSIZE
 40
100.0
  9
$3DDWFPREC
 40
2.0
  9
$PSOLWIDTH
 40
0.005
  9
$PSOLHEIGHT
 40
0.08
  9
$LOFTANG1
 40
1.570796326795
  9
$LOFTANG2
 40
1.570796326795
  9
$LOFTMAG1
 40
0.0
  9
$LOFTMAG2
 40
0.0
  9
$LOFTPARAM
 70
7
  9
$LOFTNORMALS
280
1
  9
$LATITUDE
 40
37.795
  9
$LONGITUDE
 40
-122.394
  9
$NORTHDIRECTION
 40
0.0
  9
$TIMEZONE
 70
-8000
  9
$LIGHTGLYPHDISPLAY
280
1
  9
$TILEMODELIGHTSYNCH
280
1
  9
$CMATERIAL
347
20
  9
$SOLIDHIST
280
0
  9
$SHOWHIST
280
1
  9
$DWFFRAME
280
2
  9
$DGNFRAME
280
2
  9
$REALWORLDSCALE
290
1
  9
$INTERFERECOLOR
 62
256
  9
$CSHADOW
280
0
  9
$SHADOWPLANELOCATION
 40
0.0
  0
ENDSEC
  0
SECTION
  2
CLASSES
  0
CLASS
  1
ACDBDICTIONARYWDFLT
  2
AcDbDictionaryWithDefault
  3
ObjectDBX Classes
 90
0
 91
0
280
0
281
0
  0
CLASS
  1
SUN
  2
AcDbSun
  3
SCENEOE
 90
1153
 91
0
280
0
281
0
  0
CLASS
  1
VISUALSTYLE
  2
AcDbVisualStyle
  3
ObjectDBX Classes
 90
4095
 91
0
280
0
281
0
  0
CLASS
  1
MATERIAL
  2
AcDbMaterial
  3
ObjectDBX Classes
 90
1153
 91
0
280
0
281
0
  0
CLASS
  1
SCALE
  2
AcDbScale
  3
ObjectDBX Classes
 90
1153
 91
0
280
0
281
0
  0
CLASS
  1
TABLESTYLE
  2
AcDbTableStyle
  3
ObjectDBX Classes
 90
4095
 91
0
280
0
281
0
  0
CLASS
  1
MLEADERSTYLE
  2
AcDbMLeaderStyle
  3
ACDB_MLEADERSTYLE_CLASS
 90
4095
 91
0
280
0
281
0
  0
CLASS
  1
DICTIONARYVAR
  2
AcDbDictionaryVar
  3
ObjectDBX Classes
 90
0
 91
0
280
0
281
0
  0
CLASS
  1
CELLSTYLEMAP
  2
AcDbCellStyleMap
  3
ObjectDBX Classes
 90
1152
 91
0
280
0
281
0
  0
CLASS
  1
MENTALRAYRENDERSETTINGS
  2
AcDbMentalRayRenderSettings
  3
SCENEOE
 90
1024
 91
0
280
0
281
0
  0
CLASS
  1
ACDBDETAILVIEWSTYLE
  2
AcDbDetailViewStyle
  3
ObjectDBX Classes
 90
1025
 91
0
280
0
281
0
  0
CLASS
  1
ACDBSECTIONVIEWSTYLE
  2
AcDbSectionViewStyle
  3
ObjectDBX Classes
 90
1025
 91
0
280
0
281
0
  0
CLASS
  1
RASTERVARIABLES
  2
AcDbRasterVariables
  3
ISM
 90
0
 91
0
280
0
281
0
  0
CLASS
  1
LAYOUT
  2
AcDbLayout
  3
ObjectDBX Classes
 90
0
 91
0
280
0
281
0
  0
CLASS
  1
ACDBPLACEHOLDER
  2
AcDbPlaceHolder
  3
ObjectDBX Classes
 90
0
 91
0
280
0
281
0
  0
ENDSEC
  0
SECTION
  2
TABLES
  0
TABLE
  2
VPORT
  5
8
330
0
100
AcDbSymbolTable
 70
1
  0
VPORT
  5
440
330
8
100
AcDbSymbolTableRecord
100
AcDbViewportTableRecord
  2
*Active
 70
0
 10
0.0
 20
0.0
 11
1.0
 21
1.0
 12
5.0
 22
5.0
 13
0.0
 23
0.0
 14
0.5
 24
0.5
 15
0.5
 25
0.5
 16
0.0
 26
0.0
 36
1.0
 17
0.0
 27
0.0
 37
0.0
 40
20.0
 41
1.34
 42
50.0
 43
0.0
 44
0.0
 50
0.0
 51
0.0
 71
0
 72
1000
 73
1
 74
3
 75
0
 76
0
 77
0
 78
0
281
0
 65
1
110
0.0
120
0.0
130
0.0
111
1.0
121
0.0
131
0.0
112
0.0
122
1.0
132
0.0
 79
0
146
0.0
  0
ENDTAB
  0
TABLE
  2
LTYPE
  5
2
330
0
100
AcDbSymbolTable
 70
27
  0
LTYPE
  5
24
330
2
100
AcDbSymbolTableRecord
100
AcDbLinetypeTableRecord
  2
ByBlock
 70
0
  3

 72
65
 73
0
 40
0.0
  0
LTYPE
  5
25
330
2
100
AcDbSymbolTableRecord
100
AcDbLinetypeTableRecord
  2
ByLayer
 70
0
  3

 72
65
 73
0
 40
0.0
  0
LTYPE
  5
26
330
2
100
AcDbSymbolTableRecord
100
AcDbLinetypeTableRecord
  2
Continuous
 70
0
  3

 72
65
 73
0
 40
0.0
  0
LTYPE
  5
2F
330
2
100
AcDbSymbolTableRecord
100
AcDbLinetypeTableRecord
  2
CENTER
 70
0
  3
Center ____ _ ____ _ ____ _ ____ _ ____ _ ____
 72
65
 73
4
 40
5.08
 49
3.175
 74
0
 49
-0.635
 74
0
 49
0.635
 74
0
 49
-0.635
 74
0
  0
LTYPE
  5
30
330
2
100
AcDbSymbolTableRecord
100
AcDbLinetypeTableRecord
  2
CENTERX2
 70
0
  3
Center (2x) ________  __  ________  __  ________
 72
65
 73
4
 40
8.89
 49
6.35
 74
0
 49
-0.635
 74
0
 49
1.27
 74
0
 49
-0.635
 74
0
  0
LTYPE
  5
31
330
2
100
AcDbSymbolTableRecord
100
AcDbLinetypeTableRecord
  2
CENTER2
 70
0
  3
Center (.5x) ____ _ ____ _ ____ _ ____ _ ____
 72
65
 73
4
 40
2.54
 49
1.587
 74
0
 49
-0.318
 74
0
 49
0.318
 74
0
 49
-0.318
 74
0
  0
LTYPE
  5
32
330
2
100
AcDbSymbolTableRecord
100
AcDbLinetypeTableRecord
  2
DASHED
 70
0
  3
Dashed __ __ __ __ __ __ __ __ __ __ __ __ __ _
 72
65
 73
2
 40
1.524
 49
1.27
 74
0
 49
-0.254
 74
0
  0
LTYPE
  5
33
330
2
100
AcDbSymbolTableRecord
100
AcDbLinetypeTableRecord
  2
DASHEDX2
 70
0
  3
Dashed (2x) ____  ____  ____  ____  ____  ____
 72
65
 73
2
 40
3.048
 49
2.54
 74
0
 49
-0.508
 74
0
  0
LTYPE
  5
34
330
2
100
AcDbSymbolTableRecord
100
AcDbLinetypeTableRecord
  2
DASHED2
 70
0
  3
Dashed (.5x) _ _ _ _ _ _ _ _ _ _ _ _ _ _
 72
65
 73
2
 40
0.762
 49
0.635
 74
0
 49
-0.127
 74
0
  0
LTYPE
  5
35
330
2
100
AcDbSymbolTableRecord
100
AcDbLinetypeTableRecord
  2
PHANTOM
 70
0
  3
Phantom ______  __  __  ______  __  __  ______
 72
65
 73
6
 40
6.35
 49
3.175
 74
0
 49
-0.635
 74
0
 49
0.635
 74
0
 49
-0.635
 74
0
 49
0.635
 74
0
 49
-0.635
 74
0
  0
LTYPE
  5
36
330
2
100
AcDbSymbolTableRecord
100
AcDbLinetypeTableRecord
  2
PHANTOMX2
 70
0
  3
Phantom (2x)____________    ____    ____    ____________
 72
65
 73
6
 40
10.795
 49
6.35
 74
0
 49
-0.635
 74
0
 49
1.27
 74
0
 49
-0.635
 74
0
 49
1.27
 74
0
 49
-0.635
 74
0
  0
LTYPE
  5
37
330
2
100
AcDbSymbolTableRecord
100
AcDbLinetypeTableRecord
  2
PHANTOM2
 70
0
  3
Phantom (.5x) ___ _ _ ___ _ _ ___ _ _ ___ _ _ ___
 72
65
 73
6
 40
3.175
 49
1.587
 74
0
 49
-0.318
 74
0
 49
0.318
 74
0
 49
-0.318
 74
0
 49
0.318
 74
0
 49
-0.318
 74
0
  0
LTYPE
  5
38
330
2
100
AcDbSymbolTableRecord
100
AcDbLinetypeTableRecord
  2
DASHDOT
 70
0
  3
Dash dot __ . __ . __ . __ . __ . __ . __ . __
 72
65
 73
4
 40
3.556
 49
2.54
 74
0
 49
-0.508
 74
0
 49
0.0
 74
0
 49
-0.508
 74
0
  0
LTYPE
  5
39
330
2
100
AcDbSymbolTableRecord
100
AcDbLinetypeTableRecord
  2
DASHDOTX2
 70
0
  3
Dash dot (2x) ____  .  ____  .  ____  .  ____
 72
65
 73
4
 40
6.096
 49
5.08
 74
0
 49
-0.508
 74
0
 49
0.0
 74
0
 49
-0.508
 74
0
  0
LTYPE
  5
3A
330
2
100
AcDbSymbolTableRecord
100
AcDbLinetypeTableRecord
  2
DASHDOT2
 70
0
  3
Dash dot (.5x) _ . _ . _ . _ . _ . _ . _ . _
 72
65
 73
4
 40
1.778
 49
1.27
 74
0
 49
-0.254
 74
0
 49
0.0
 74
0
 49
-0.254
 74
0
  0
LTYPE
  5
3B
330
2
100
AcDbSymbolTableRecord
100
AcDbLinetypeTableRecord
  2
DOT
 70
0
  3
Dot .  .  .  .  .  .  .  .  .  .  .  .  .  .  .  .
 72
65
 73
2
 40
0.508
 49
0.0
 74
0
 49
-0.508
 74
0
  0
LTYPE
  5
3C
330
2
100
AcDbSymbolTableRecord
100
AcDbLinetypeTableRecord
  2
DOTX2
 70
0
  3
Dot (2x) .    .    .    .    .    .    .    . 
 72
65
 73
2
 40
1.016
 49
0.0
 74
0
 49
-1.016
 74
0
  0
LTYPE
  5
3D
330
2
100
AcDbSymbolTableRecord
100
AcDbLinetypeTableRecord
  2
DOT2
 70
0
  3
Dot (.5) . . . . . . . . . . . . . . . . . . . 
 72
65
 73
2
 40
0.254
 49
0.0
 74
0
 49
-0.254
 74
0
  0
LTYPE
  5
3E
330
2
100
AcDbSymbolTableRecord
100
AcDbLinetypeTableRecord
  2
DIVIDE
 70
0
  3
Divide __ . . __ . . __ . . __ . . __ . . __
 72
65
 73
6
 40
4.064
 49
2.54
 74
0
 49
-0.508
 74
0
 49
0.0
 74
0
 49
-0.508
 74
0
 49
0.0
 74
0
 49
-0.508
 74
0
  0
LTYPE
  5
3F
330
2
100
AcDbSymbolTableRecord
100
AcDbLinetypeTableRecord
  2
DIVIDEX2
 70
0
  3
Divide (2x) ____  . .  ____  . .  ____  . .  ____
 72
65
 73
6
 40
6.604
 49
5.08
 74
0
 49
-0.508
 74
0
 49
0.0
 74
0
 49
-0.508
 74
0
 49
0.0
 74
0
 49
-0.508
 74
0
  0
LTYPE
  5
40
330
2
100
AcDbSymbolTableRecord
100
AcDbLinetypeTableRecord
  2
DIVIDE2
 70
0
  3
Divide(.5x) _ . _ . _ . _ . _ . _ . _ . _
 72
65
 73
6
 40
2.032
 49
1.27
 74
0
 49
-0.254
 74
0
 49
0.0
 74
0
 49
-0.254
 74
0
 49
0.0
 74
0
 49
-0.254
 74
0
  0
LTYPE
  5
A9
330
2
100
AcDbSymbolTableRecord
100
AcDbLinetypeTableRecord
  2
EJE50
 70
0
  3
EJE50
 72
65
 73
4
 40
0.8750000000000001
 49
0.6000000000000001
 74
0
 49
-0.1
 74
0
 49
0.07500000000000001
 74
0
 49
-0.1
 74
0
  0
LTYPE
  5
AA
330
2
100
AcDbSymbolTableRecord
100
AcDbLinetypeTableRecord
  2
OCULTA50
 70
0
  3
OCULTA50
 72
65
 73
2
 40
0.22500000000000003
 49
0.15000000000000002
 74
0
 49
-0.07500000000000001
 74
0
  0
LTYPE
  5
AB
330
2
100
AcDbSymbolTableRecord
100
AcDbLinetypeTableRecord
  2
LIMITE50
 70
0
  3
LIMITE50
 72
65
 73
6
 40
1.2000000000000002
 49
0.75
 74
0
 49
-0.1
 74
0
 49
0.07500000000000001
 74
0
 49
-0.1
 74
0
 49
0.07500000000000001
 74
0
 49
-0.1
 74
0
  0
LTYPE
  5
1BD
330
2
100
AcDbSymbolTableRecord
100
AcDbLinetypeTableRecord
  2
EJE100
 70
0
  3
EJE100
 72
65
 73
4
 40
1.7500000000000002
 49
1.2000000000000002
 74
0
 49
-0.2
 74
0
 49
0.15000000000000002
 74
0
 49
-0.2
 74
0
  0
LTYPE
  5
1BE
330
2
100
AcDbSymbolTableRecord
100
AcDbLinetypeTableRecord
  2
OCULTA100
 70
0
  3
OCULTA100
 72
65
 73
2
 40
0.45000000000000007
 49
0.30000000000000004
 74
0
 49
-0.15000000000000002
 74
0
  0
LTYPE
  5
1BF
330
2
100
AcDbSymbolTableRecord
100
AcDbLinetypeTableRecord
  2
LIMITE100
 70
0
  3
LIMITE100
 72
65
 73
6
 40
2.4000000000000004
 49
1.5
 74
0
 49
-0.2
 74
0
 49
0.15000000000000002
 74
0
 49
-0.2
 74
0
 49
0.15000000000000002
 74
0
 49
-0.2
 74
0
  0
ENDTAB
  0
TABLE
  2
LAYER
  5
1
330
0
100
AcDbSymbolTable
 70
25
  0
LAYER
  5
27
330
1
100
AcDbSymbolTableRecord
100
AcDbLayerTableRecord
  2
0
 70
0
 62
7
  6
Continuous
370
-3
390
13
347
21
  0
LAYER
  5
28
330
1
100
AcDbSymbolTableRecord
100
AcDbLayerTableRecord
  2
Defpoints
 70
0
 62
7
  6
Continuous
290
0
370
-3
390
13
347
21
  0
LAYER
  5
8B
330
1
100
AcDbSymbolTableRecord
100
AcDbLayerTableRecord
  2
E-EJES
 70
0
 62
1
  6
Continuous
370
18
390
13
347
21
  0
LAYER
  5
8C
330
1
100
AcDbSymbolTableRecord
100
AcDbLayerTableRecord
  2
E-EJES-ID
 70
0
 62
7
  6
Continuous
370
25
390
13
347
21
  0
LAYER
  5
8D
330
1
100
AcDbSymbolTableRecord
100
AcDbLayerTableRecord
  2
E-ZAPATA
 70
0
 62
7
  6
Continuous
370
40
390
13
347
21
  0
LAYER
  5
8E
330
1
100
AcDbSymbolTableRecord
100
AcDbLayerTableRecord
  2
E-COLUMNA
 70
0
 62
7
  6
Continuous
370
50
390
13
347
21
  0
LAYER
  5
8F
330
1
100
AcDbSymbolTableRecord
100
AcDbLayerTableRecord
  2
E-COLUMNA-ACH
 70
0
 62
252
  6
Continuous
370
0
390
13
347
21
  0
LAYER
  5
90
330
1
100
AcDbSymbolTableRecord
100
AcDbLayerTableRecord
  2
E-VIGA
 70
0
 62
7
  6
Continuous
370
30
390
13
347
21
  0
LAYER
  5
91
330
1
100
AcDbSymbolTableRecord
100
AcDbLayerTableRecord
  2
E-OCULTO
 70
0
 62
8
  6
Continuous
370
18
390
13
347
21
  0
LAYER
  5
92
330
1
100
AcDbSymbolTableRecord
100
AcDbLayerTableRecord
  2
E-CORTE
 70
0
 62
7
  6
Continuous
370
50
390
13
347
21
  0
LAYER
  5
93
330
1
100
AcDbSymbolTableRecord
100
AcDbLayerTableRecord
  2
E-CORTE-ACH
 70
0
 62
254
  6
Continuous
370
0
390
13
347
21
  0
LAYER
  5
94
330
1
100
AcDbSymbolTableRecord
100
AcDbLayerTableRecord
  2
E-PROYECCION
 70
0
 62
8
  6
Continuous
370
18
390
13
347
21
  0
LAYER
  5
95
330
1
100
AcDbSymbolTableRecord
100
AcDbLayerTableRecord
  2
E-ACERO
 70
0
 62
1
  6
Continuous
370
35
390
13
347
21
  0
LAYER
  5
96
330
1
100
AcDbSymbolTableRecord
100
AcDbLayerTableRecord
  2
E-ACERO-TXT
 70
0
 62
7
  6
Continuous
370
18
390
13
347
21
  0
LAYER
  5
97
330
1
100
AcDbSymbolTableRecord
100
AcDbLayerTableRecord
  2
E-COTA
 70
0
 62
7
  6
Continuous
370
13
390
13
347
21
  0
LAYER
  5
98
330
1
100
AcDbSymbolTableRecord
100
AcDbLayerTableRecord
  2
E-TEXTO
 70
0
 62
7
  6
Continuous
370
18
390
13
347
21
  0
LAYER
  5
99
330
1
100
AcDbSymbolTableRecord
100
AcDbLayerTableRecord
  2
E-TITULO
 70
0
 62
7
  6
Continuous
370
35
390
13
347
21
  0
LAYER
  5
9A
330
1
100
AcDbSymbolTableRecord
100
AcDbLayerTableRecord
  2
E-NIVEL
 70
0
 62
7
  6
Continuous
370
18
390
13
347
21
  0
LAYER
  5
9B
330
1
100
AcDbSymbolTableRecord
100
AcDbLayerTableRecord
  2
E-LIMITE
 70
0
 62
94
  6
Continuous
370
25
390
13
347
21
  0
LAYER
  5
9C
330
1
100
AcDbSymbolTableRecord
100
AcDbLayerTableRecord
  2
E-TERRENO
 70
0
 62
8
  6
Continuous
370
13
390
13
347
21
  0
LAYER
  5
9D
330
1
100
AcDbSymbolTableRecord
100
AcDbLayerTableRecord
  2
E-SECCION
 70
0
 62
7
  6
Continuous
370
35
390
13
347
21
  0
LAYER
  5
9E
330
1
100
AcDbSymbolTableRecord
100
AcDbLayerTableRecord
  2
E-TABLA
 70
0
 62
7
  6
Continuous
370
18
390
13
347
21
  0
LAYER
  5
9F
330
1
100
AcDbSymbolTableRecord
100
AcDbLayerTableRecord
  2
E-MARCO
 70
0
 62
7
  6
Continuous
370
50
390
13
347
21
  0
LAYER
  5
A0
330
1
100
AcDbSymbolTableRecord
100
AcDbLayerTableRecord
  2
E-VPORT
 70
0
 62
7
  6
Continuous
290
0
370
13
390
13
347
21
  0
LAYER
  5
A1
330
1
100
AcDbSymbolTableRecord
100
AcDbLayerTableRecord
  2
E-HOJA
 70
0
 62
7
  6
Continuous
370
0
390
13
347
21
  0
ENDTAB
  0
TABLE
  2
STYLE
  5
5
330
0
100
AcDbSymbolTable
 70
27
  0
STYLE
  5
29
330
5
100
AcDbSymbolTableRecord
100
AcDbTextStyleTableRecord
  2
Standard
 70
0
 40
0.0
 41
1.0
 50
0.0
 71
0
 42
2.5
  3
txt
  4

  0
STYLE
  5
41
330
5
100
AcDbSymbolTableRecord
100
AcDbTextStyleTableRecord
  2
OpenSans-Light
 70
0
 40
0.0
 41
1.0
 50
0.0
 71
0
 42
2.5
  3
OpenSans-Light.ttf
  4

  0
STYLE
  5
42
330
5
100
AcDbSymbolTableRecord
100
AcDbTextStyleTableRecord
  2
OpenSans-Light-Italic
 70
0
 40
0.0
 41
1.0
 50
0.0
 71
0
 42
2.5
  3
OpenSans-LightItalic.ttf
  4

  0
STYLE
  5
43
330
5
100
AcDbSymbolTableRecord
100
AcDbTextStyleTableRecord
  2
OpenSans
 70
0
 40
0.0
 41
1.0
 50
0.0
 71
0
 42
2.5
  3
OpenSans-Regular.ttf
  4

  0
STYLE
  5
44
330
5
100
AcDbSymbolTableRecord
100
AcDbTextStyleTableRecord
  2
OpenSans-Italic
 70
0
 40
0.0
 41
1.0
 50
0.0
 71
0
 42
2.5
  3
OpenSans-Italic.ttf
  4

  0
STYLE
  5
45
330
5
100
AcDbSymbolTableRecord
100
AcDbTextStyleTableRecord
  2
OpenSans-SemiBold
 70
0
 40
0.0
 41
1.0
 50
0.0
 71
0
 42
2.5
  3
OpenSans-SemiBold.ttf
  4

  0
STYLE
  5
46
330
5
100
AcDbSymbolTableRecord
100
AcDbTextStyleTableRecord
  2
OpenSans-SemiBoldItalic
 70
0
 40
0.0
 41
1.0
 50
0.0
 71
0
 42
2.5
  3
OpenSans-SemiBoldItalic.ttf
  4

  0
STYLE
  5
47
330
5
100
AcDbSymbolTableRecord
100
AcDbTextStyleTableRecord
  2
OpenSans-Bold
 70
0
 40
0.0
 41
1.0
 50
0.0
 71
0
 42
2.5
  3
OpenSans-Bold.ttf
  4

  0
STYLE
  5
48
330
5
100
AcDbSymbolTableRecord
100
AcDbTextStyleTableRecord
  2
OpenSans-BoldItalic
 70
0
 40
0.0
 41
1.0
 50
0.0
 71
0
 42
2.5
  3
OpenSans-BoldItalic.ttf
  4

  0
STYLE
  5
49
330
5
100
AcDbSymbolTableRecord
100
AcDbTextStyleTableRecord
  2
OpenSans-ExtraBold
 70
0
 40
0.0
 41
1.0
 50
0.0
 71
0
 42
2.5
  3
OpenSans-ExtraBold.ttf
  4

  0
STYLE
  5
4A
330
5
100
AcDbSymbolTableRecord
100
AcDbTextStyleTableRecord
  2
OpenSans-ExtraBoldItalic
 70
0
 40
0.0
 41
1.0
 50
0.0
 71
0
 42
2.5
  3
OpenSans-ExtraBoldItalic.ttf
  4

  0
STYLE
  5
4B
330
5
100
AcDbSymbolTableRecord
100
AcDbTextStyleTableRecord
  2
OpenSansCondensed-Bold
 70
0
 40
0.0
 41
1.0
 50
0.0
 71
0
 42
2.5
  3
OpenSansCondensed-Bold.ttf
  4

  0
STYLE
  5
4C
330
5
100
AcDbSymbolTableRecord
100
AcDbTextStyleTableRecord
  2
OpenSansCondensed-Light
 70
0
 40
0.0
 41
1.0
 50
0.0
 71
0
 42
2.5
  3
OpenSansCondensed-Light.ttf
  4

  0
STYLE
  5
4D
330
5
100
AcDbSymbolTableRecord
100
AcDbTextStyleTableRecord
  2
OpenSansCondensed-Italic
 70
0
 40
0.0
 41
1.0
 50
0.0
 71
0
 42
2.5
  3
OpenSansCondensed-LightItalic.ttf
  4

  0
STYLE
  5
4E
330
5
100
AcDbSymbolTableRecord
100
AcDbTextStyleTableRecord
  2
LiberationSans
 70
0
 40
0.0
 41
1.0
 50
0.0
 71
0
 42
2.5
  3
LiberationSans-Regular.ttf
  4

  0
STYLE
  5
4F
330
5
100
AcDbSymbolTableRecord
100
AcDbTextStyleTableRecord
  2
LiberationSans-Bold
 70
0
 40
0.0
 41
1.0
 50
0.0
 71
0
 42
2.5
  3
LiberationSans-Bold.ttf
  4

  0
STYLE
  5
50
330
5
100
AcDbSymbolTableRecord
100
AcDbTextStyleTableRecord
  2
LiberationSans-BoldItalic
 70
0
 40
0.0
 41
1.0
 50
0.0
 71
0
 42
2.5
  3
LiberationSans-BoldItalic.ttf
  4

  0
STYLE
  5
51
330
5
100
AcDbSymbolTableRecord
100
AcDbTextStyleTableRecord
  2
LiberationSans-Italic
 70
0
 40
0.0
 41
1.0
 50
0.0
 71
0
 42
2.5
  3
LiberationSans-Italic.ttf
  4

  0
STYLE
  5
52
330
5
100
AcDbSymbolTableRecord
100
AcDbTextStyleTableRecord
  2
LiberationSerif
 70
0
 40
0.0
 41
1.0
 50
0.0
 71
0
 42
2.5
  3
LiberationSerif-Regular.ttf
  4

  0
STYLE
  5
53
330
5
100
AcDbSymbolTableRecord
100
AcDbTextStyleTableRecord
  2
LiberationSerif-Bold
 70
0
 40
0.0
 41
1.0
 50
0.0
 71
0
 42
2.5
  3
LiberationSerif-Bold.ttf
  4

  0
STYLE
  5
54
330
5
100
AcDbSymbolTableRecord
100
AcDbTextStyleTableRecord
  2
LiberationSerif-BoldItalic
 70
0
 40
0.0
 41
1.0
 50
0.0
 71
0
 42
2.5
  3
LiberationSerif-BoldItalic.ttf
  4

  0
STYLE
  5
55
330
5
100
AcDbSymbolTableRecord
100
AcDbTextStyleTableRecord
  2
LiberationSerif-Italic
 70
0
 40
0.0
 41
1.0
 50
0.0
 71
0
 42
2.5
  3
LiberationSerif-Italic.ttf
  4

  0
STYLE
  5
56
330
5
100
AcDbSymbolTableRecord
100
AcDbTextStyleTableRecord
  2
LiberationMono
 70
0
 40
0.0
 41
1.0
 50
0.0
 71
0
 42
2.5
  3
LiberationMono-Regular.ttf
  4

  0
STYLE
  5
57
330
5
100
AcDbSymbolTableRecord
100
AcDbTextStyleTableRecord
  2
LiberationMono-Bold
 70
0
 40
0.0
 41
1.0
 50
0.0
 71
0
 42
2.5
  3
LiberationMono-Bold.ttf
  4

  0
STYLE
  5
58
330
5
100
AcDbSymbolTableRecord
100
AcDbTextStyleTableRecord
  2
LiberationMono-BoldItalic
 70
0
 40
0.0
 41
1.0
 50
0.0
 71
0
 42
2.5
  3
LiberationMono-BoldItalic.ttf
  4

  0
STYLE
  5
59
330
5
100
AcDbSymbolTableRecord
100
AcDbTextStyleTableRecord
  2
LiberationMono-Italic
 70
0
 40
0.0
 41
1.0
 50
0.0
 71
0
 42
2.5
  3
LiberationMono-Italic.ttf
  4

  0
STYLE
  5
8A
330
5
100
AcDbSymbolTableRecord
100
AcDbTextStyleTableRecord
  2
ARIAL
 70
0
 40
0.0
 41
1.0
 50
0.0
 71
0
 42
2.5
  3
arial.ttf
  4

  0
ENDTAB
  0
TABLE
  2
VIEW
  5
7
330
0
100
AcDbSymbolTable
 70
0
  0
ENDTAB
  0
TABLE
  2
UCS
  5
6
330
0
100
AcDbSymbolTable
 70
0
  0
ENDTAB
  0
TABLE
  2
APPID
  5
3
330
0
100
AcDbSymbolTable
 70
3
  0
APPID
  5
2A
330
3
100
AcDbSymbolTableRecord
100
AcDbRegAppTableRecord
  2
ACAD
 70
0
  0
APPID
  5
441
330
3
100
AcDbSymbolTableRecord
100
AcDbRegAppTableRecord
  2
HATCHBACKGROUNDCOLOR
 70
0
  0
APPID
  5
442
330
3
100
AcDbSymbolTableRecord
100
AcDbRegAppTableRecord
  2
EZDXF
 70
0
  0
ENDTAB
  0
TABLE
  2
DIMSTYLE
  5
4
330
0
100
AcDbSymbolTable
 70
14
100
AcDbDimStyleTable
  0
DIMSTYLE
105
2B
330
4
100
AcDbSymbolTableRecord
100
AcDbDimStyleTableRecord
  2
Standard
 70
0
 40
1.0
 41
2.5
 42
0.625
 43
3.75
 44
1.25
 45
0.0
 46
0.0
 47
0.0
 48
0.0
 49
2.5
140
2.5
141
2.5
142
0.0
143
0.03937007874
144
1.0
145
0.0
146
1.0
147
0.625
148
0.0
 69
0
 70
0
 71
0
 72
0
 73
0
 74
0
 75
0
 76
0
 77
1
 78
8
 79
3
170
0
171
3
172
1
173
0
174
0
175
0
176
0
177
0
178
0
179
2
271
2
272
2
273
2
274
3
275
0
276
0
277
2
278
44
279
0
280
0
281
0
282
0
283
0
284
8
285
0
286
0
288
0
289
3
290
0
371
-2
372
-2
  0
DIMSTYLE
105
73
330
4
100
AcDbSymbolTableRecord
100
AcDbDimStyleTableRecord
  2
EZDXF
 70
0
 40
1.0
 41
0.175
 42
0.125
 43
3.75
 44
0.375
 45
0.0
 46
0.0
 47
0.0
 48
0.0
 49
2.5
140
0.25
141
2.5
142
0.0
143
0.03937007874
144
100.0
145
0.0
146
0.5
147
0.1
148
0.0
 69
0
 70
0
 71
0
 72
0
 73
0
 74
0
 75
0
 76
0
 77
1
 78
12
 79
3
170
0
171
3
172
1
173
0
174
0
175
0
176
0
177
0
178
0
179
2
271
2
272
2
273
2
274
3
275
0
276
0
277
2
278
46
279
2
280
0
281
0
282
0
283
0
284
8
285
0
286
0
288
1
289
3
290
0
340
4C
342
74
371
-2
372
-2
  0
DIMSTYLE
105
7C
330
4
100
AcDbSymbolTableRecord
100
AcDbDimStyleTableRecord
  2
EZ_M_100_H25_CM
 70
0
 40
1.0
 41
0.25
 42
0.125
 43
3.75
 44
0.375
 45
0.0
 46
0.0
 47
0.0
 48
0.0
 49
2.5
140
0.25
141
2.5
142
0.125
143
0.03937007874
144
100.0
145
0.0
146
0.5
147
0.1
148
0.0
 69
0
 70
0
 71
0
 72
0
 73
0
 74
0
 75
0
 76
0
 77
1
 78
12
 79
3
170
0
171
3
172
1
173
0
174
0
175
0
176
0
177
0
178
0
179
2
271
2
272
2
273
2
274
3
275
0
276
0
277
2
278
46
279
2
280
0
281
0
282
0
283
0
284
8
285
0
286
0
288
1
289
3
290
0
340
4C
371
-2
372
-2
  0
DIMSTYLE
105
7D
330
4
100
AcDbSymbolTableRecord
100
AcDbDimStyleTableRecord
  2
EZ_M_50_H25_CM
 70
0
 40
1.0
 41
0.125
 42
0.0625
 43
3.75
 44
0.1875
 45
0.0
 46
0.0
 47
0.0
 48
0.0
 49
2.5
140
0.125
141
2.5
142
0.0625
143
0.03937007874
144
100.0
145
0.0
146
0.5
147
0.05
148
0.0
 69
0
 70
0
 71
0
 72
0
 73
0
 74
0
 75
0
 76
0
 77
1
 78
12
 79
3
170
0
171
3
172
1
173
0
174
0
175
0
176
0
177
0
178
0
179
2
271
2
272
2
273
2
274
3
275
0
276
0
277
2
278
46
279
2
280
0
281
0
282
0
283
0
284
8
285
0
286
0
288
1
289
3
290
0
340
4C
371
-2
372
-2
  0
DIMSTYLE
105
7E
330
4
100
AcDbSymbolTableRecord
100
AcDbDimStyleTableRecord
  2
EZ_M_25_H25_CM
 70
0
 40
1.0
 41
0.0625
 42
0.03125
 43
3.75
 44
0.09375
 45
0.0
 46
0.0
 47
0.0
 48
0.0
 49
2.5
140
0.0625
141
2.5
142
0.03125
143
0.03937007874
144
100.0
145
0.0
146
0.5
147
0.025
148
0.0
 69
0
 70
0
 71
0
 72
0
 73
0
 74
0
 75
0
 76
0
 77
1
 78
12
 79
3
170
0
171
3
172
1
173
0
174
0
175
0
176
0
177
0
178
0
179
2
271
2
272
2
273
2
274
3
275
0
276
0
277
2
278
46
279
2
280
0
281
0
282
0
283
0
284
8
285
0
286
0
288
1
289
3
290
0
340
4C
371
-2
372
-2
  0
DIMSTYLE
105
7F
330
4
100
AcDbSymbolTableRecord
100
AcDbDimStyleTableRecord
  2
EZ_M_20_H25_CM
 70
0
 40
1.0
 41
0.05
 42
0.025
 43
3.75
 44
0.07500000000000001
 45
0.0
 46
0.0
 47
0.0
 48
0.0
 49
2.5
140
0.05
141
2.5
142
0.025
143
0.03937007874
144
100.0
145
0.0
146
0.5
147
0.020000000000000004
148
0.0
 69
0
 70
0
 71
0
 72
0
 73
0
 74
0
 75
0
 76
0
 77
1
 78
12
 79
3
170
0
171
3
172
1
173
0
174
0
175
0
176
0
177
0
178
0
179
2
271
2
272
2
273
2
274
3
275
0
276
0
277
2
278
46
279
2
280
0
281
0
282
0
283
0
284
8
285
0
286
0
288
1
289
3
290
0
340
4C
371
-2
372
-2
  0
DIMSTYLE
105
80
330
4
100
AcDbSymbolTableRecord
100
AcDbDimStyleTableRecord
  2
EZ_M_10_H25_CM
 70
0
 40
1.0
 41
0.025
 42
0.0125
 43
3.75
 44
0.037500000000000006
 45
0.0
 46
0.0
 47
0.0
 48
0.0
 49
2.5
140
0.025
141
2.5
142
0.0125
143
0.03937007874
144
100.0
145
0.0
146
0.5
147
0.010000000000000002
148
0.0
 69
0
 70
0
 71
0
 72
0
 73
0
 74
0
 75
0
 76
0
 77
1
 78
12
 79
3
170
0
171
3
172
1
173
0
174
0
175
0
176
0
177
0
178
0
179
2
271
2
272
2
273
2
274
3
275
0
276
0
277
2
278
46
279
2
280
0
281
0
282
0
283
0
284
8
285
0
286
0
288
1
289
3
290
0
340
4C
371
-2
372
-2
  0
DIMSTYLE
105
81
330
4
100
AcDbSymbolTableRecord
100
AcDbDimStyleTableRecord
  2
EZ_M_5_H25_CM
 70
0
 40
1.0
 41
0.0125
 42
0.00625
 43
3.75
 44
0.018750000000000003
 45
0.0
 46
0.0
 47
0.0
 48
0.0
 49
2.5
140
0.0125
141
2.5
142
0.00625
143
0.03937007874
144
100.0
145
0.0
146
0.5
147
0.005000000000000001
148
0.0
 69
0
 70
0
 71
0
 72
0
 73
0
 74
0
 75
0
 76
0
 77
1
 78
12
 79
3
170
0
171
3
172
1
173
0
174
0
175
0
176
0
177
0
178
0
179
2
271
2
272
2
273
2
274
3
275
0
276
0
277
2
278
46
279
2
280
0
281
0
282
0
283
0
284
8
285
0
286
0
288
1
289
3
290
0
340
4C
371
-2
372
-2
  0
DIMSTYLE
105
82
330
4
100
AcDbSymbolTableRecord
100
AcDbDimStyleTableRecord
  2
EZ_M_1_H25_CM
 70
0
 40
1.0
 41
0.0025
 42
0.00125
 43
3.75
 44
0.00375
 45
0.0
 46
0.0
 47
0.0
 48
0.0
 49
2.5
140
0.0025
141
2.5
142
0.00125
143
0.03937007874
144
100.0
145
0.0
146
0.5
147
0.001
148
0.0
 69
0
 70
0
 71
0
 72
0
 73
0
 74
0
 75
0
 76
0
 77
1
 78
12
 79
3
170
0
171
3
172
1
173
0
174
0
175
0
176
0
177
0
178
0
179
2
271
2
272
2
273
2
274
3
275
0
276
0
277
2
278
46
279
2
280
0
281
0
282
0
283
0
284
8
285
0
286
0
288
1
289
3
290
0
340
4C
371
-2
372
-2
  0
DIMSTYLE
105
83
330
4
100
AcDbSymbolTableRecord
100
AcDbDimStyleTableRecord
  2
EZ_RADIUS
 70
0
 40
1.0
 41
0.25
 42
0.125
 43
3.75
 44
0.375
 45
0.0
 46
0.0
 47
0.0
 48
0.0
 49
2.5
140
0.25
141
0.0
142
0.0
143
0.03937007874
144
100.0
145
0.0
146
0.5
147
0.1
148
0.0
 69
0
 70
0
 71
0
 72
0
 73
0
 74
0
 75
0
 76
0
 77
1
 78
12
 79
3
170
0
171
3
172
0
173
0
174
0
175
0
176
0
177
0
178
0
179
2
271
2
272
2
273
2
274
3
275
0
276
0
277
2
278
46
279
1
280
0
281
0
282
0
283
0
284
8
285
0
286
0
288
1
289
3
290
0
340
4C
342
84
371
-2
372
-2
  0
DIMSTYLE
105
88
330
4
100
AcDbSymbolTableRecord
100
AcDbDimStyleTableRecord
  2
EZ_RADIUS_INSIDE
 70
0
 40
1.0
 41
0.25
 42
0.125
 43
3.75
 44
0.375
 45
0.0
 46
0.0
 47
0.0
 48
0.0
 49
2.5
140
0.25
141
0.0
142
0.0
143
0.03937007874
144
100.0
145
0.0
146
0.5
147
0.1
148
0.0
 69
0
 70
0
 71
0
 72
0
 73
0
 74
0
 75
0
 76
0
 77
0
 78
12
 79
3
170
0
171
3
172
0
173
0
174
1
175
0
176
0
177
0
178
0
179
2
271
2
272
2
273
2
274
3
275
0
276
0
277
2
278
46
279
0
280
0
281
0
282
0
283
0
284
8
285
0
286
0
288
1
289
0
290
0
340
4C
342
84
371
-2
372
-2
  0
DIMSTYLE
105
89
330
4
100
AcDbSymbolTableRecord
100
AcDbDimStyleTableRecord
  2
EZ_CURVED
 70
0
 40
1.0
 41
0.25
 42
0.125
 43
3.75
 44
0.375
 45
0.0
 46
0.0
 47
0.0
 48
0.0
 49
2.5
140
0.25
141
2.5
142
0.0
143
0.03937007874
144
100.0
145
0.0
146
0.5
147
0.1
148
0.0
 69
0
 70
0
 71
0
 72
0
 73
0
 74
0
 75
0
 76
0
 77
1
 78
12
 79
2
 90
2
170
0
171
3
172
1
173
0
174
0
175
0
176
0
177
0
178
0
179
2
271
2
272
2
273
2
274
3
275
0
276
0
277
2
278
46
279
2
280
0
281
0
282
0
283
0
284
8
285
0
286
0
288
1
289
3
290
0
340
4C
371
-2
372
-2
  0
DIMSTYLE
105
AC
330
4
100
AcDbSymbolTableRecord
100
AcDbDimStyleTableRecord
  2
COTA50
 70
0
 40
1.0
 41
0.06
 42
0.04000000000000001
 43
3.75
 44
0.06
 45
0.0
 46
0.0
 47
0.0
 48
0.0
 49
2.5
140
0.09000000000000001
141
2.5
142
0.05
143
0.03937007874
144
1.0
145
0.0
146
1.0
147
0.03
148
0.0
 69
0
 70
0
 71
0
 72
0
 73
0
 74
0
 75
0
 76
0
 77
1
 78
0
 79
3
170
0
171
3
172
1
173
0
174
0
175
0
176
7
177
7
178
7
179
2
271
2
272
2
273
2
274
3
275
0
276
0
277
2
278
46
279
2
280
0
281
0
282
0
283
0
284
8
285
0
286
0
288
0
289
3
290
0
340
8A
371
13
372
13
  0
DIMSTYLE
105
1C0
330
4
100
AcDbSymbolTableRecord
100
AcDbDimStyleTableRecord
  2
COTA100
 70
0
 40
1.0
 41
0.12
 42
0.08000000000000002
 43
3.75
 44
0.12
 45
0.0
 46
0.0
 47
0.0
 48
0.0
 49
2.5
140
0.18000000000000002
141
2.5
142
0.1
143
0.03937007874
144
1.0
145
0.0
146
1.0
147
0.06
148
0.0
 69
0
 70
0
 71
0
 72
0
 73
0
 74
0
 75
0
 76
0
 77
1
 78
0
 79
3
170
0
171
3
172
1
173
0
174
0
175
0
176
7
177
7
178
7
179
2
271
2
272
2
273
2
274
3
275
0
276
0
277
2
278
46
279
2
280
0
281
0
282
0
283
0
284
8
285
0
286
0
288
0
289
3
290
0
340
8A
371
13
372
13
  0
ENDTAB
  0
TABLE
  2
BLOCK_RECORD
  5
9
330
0
100
AcDbSymbolTable
 70
29
  0
BLOCK_RECORD
  5
17
330
9
100
AcDbSymbolTableRecord
100
AcDbBlockTableRecord
  2
*Model_Space
340
1A
 70
0
280
1
281
0
  0
BLOCK_RECORD
  5
1B
330
9
100
AcDbSymbolTableRecord
100
AcDbBlockTableRecord
  2
*Paper_Space
340
1E
 70
0
280
1
281
0
  0
BLOCK_RECORD
  5
74
330
9
100
AcDbSymbolTableRecord
100
AcDbBlockTableRecord
  2
_ARCHTICK
340
0
 70
0
280
1
281
0
  0
BLOCK_RECORD
  5
78
330
9
100
AcDbSymbolTableRecord
100
AcDbBlockTableRecord
  2
_CLOSEDFILLED
340
0
 70
0
280
1
281
0
  0
BLOCK_RECORD
  5
84
330
9
100
AcDbSymbolTableRecord
100
AcDbBlockTableRecord
  2
_CLOSEDBLANK
340
0
 70
0
280
1
281
0
  0
BLOCK_RECORD
  5
A2
330
9
100
AcDbSymbolTableRecord
100
AcDbBlockTableRecord
  2
*Paper_Space0
340
A5
 70
0
280
1
281
0
  0
BLOCK_RECORD
  5
F8
330
9
100
AcDbSymbolTableRecord
100
AcDbBlockTableRecord
  2
*D1
340
0
 70
0
280
1
281
0
  0
BLOCK_RECORD
  5
FD
330
9
100
AcDbSymbolTableRecord
100
AcDbBlockTableRecord
  2
_OBLIQUE
340
0
 70
0
280
1
281
0
  0
BLOCK_RECORD
  5
10B
330
9
100
AcDbSymbolTableRecord
100
AcDbBlockTableRecord
  2
*D2
340
0
 70
0
280
1
281
0
  0
BLOCK_RECORD
  5
11A
330
9
100
AcDbSymbolTableRecord
100
AcDbBlockTableRecord
  2
*D3
340
0
 70
0
280
1
281
0
  0
BLOCK_RECORD
  5
129
330
9
100
AcDbSymbolTableRecord
100
AcDbBlockTableRecord
  2
*D4
340
0
 70
0
280
1
281
0
  0
BLOCK_RECORD
  5
138
330
9
100
AcDbSymbolTableRecord
100
AcDbBlockTableRecord
  2
*D5
340
0
 70
0
280
1
281
0
  0
BLOCK_RECORD
  5
147
330
9
100
AcDbSymbolTableRecord
100
AcDbBlockTableRecord
  2
*D6
340
0
 70
0
280
1
281
0
  0
BLOCK_RECORD
  5
156
330
9
100
AcDbSymbolTableRecord
100
AcDbBlockTableRecord
  2
*D7
340
0
 70
0
280
1
281
0
  0
BLOCK_RECORD
  5
165
330
9
100
AcDbSymbolTableRecord
100
AcDbBlockTableRecord
  2
*D8
340
0
 70
0
280
1
281
0
  0
BLOCK_RECORD
  5
174
330
9
100
AcDbSymbolTableRecord
100
AcDbBlockTableRecord
  2
*D9
340
0
 70
0
280
1
281
0
  0
BLOCK_RECORD
  5
183
330
9
100
AcDbSymbolTableRecord
100
AcDbBlockTableRecord
  2
*D10
340
0
 70
0
280
1
281
0
  0
BLOCK_RECORD
  5
192
330
9
100
AcDbSymbolTableRecord
100
AcDbBlockTableRecord
  2
*D11
340
0
 70
0
280
1
281
0
  0
BLOCK_RECORD
  5
1A1
330
9
100
AcDbSymbolTableRecord
100
AcDbBlockTableRecord
  2
*D12
340
0
 70
0
280
1
281
0
  0
BLOCK_RECORD
  5
226
330
9
100
AcDbSymbolTableRecord
100
AcDbBlockTableRecord
  2
*D13
340
0
 70
0
280
1
281
0
  0
BLOCK_RECORD
  5
235
330
9
100
AcDbSymbolTableRecord
100
AcDbBlockTableRecord
  2
*D14
340
0
 70
0
280
1
281
0
  0
BLOCK_RECORD
  5
244
330
9
100
AcDbSymbolTableRecord
100
AcDbBlockTableRecord
  2
*D15
340
0
 70
0
280
1
281
0
  0
BLOCK_RECORD
  5
253
330
9
100
AcDbSymbolTableRecord
100
AcDbBlockTableRecord
  2
*D16
340
0
 70
0
280
1
281
0
  0
BLOCK_RECORD
  5
262
330
9
100
AcDbSymbolTableRecord
100
AcDbBlockTableRecord
  2
*D17
340
0
 70
0
280
1
281
0
  0
BLOCK_RECORD
  5
2F9
330
9
100
AcDbSymbolTableRecord
100
AcDbBlockTableRecord
  2
*D18
340
0
 70
0
280
1
281
0
  0
BLOCK_RECORD
  5
308
330
9
100
AcDbSymbolTableRecord
100
AcDbBlockTableRecord
  2
*D19
340
0
 70
0
280
1
281
0
  0
BLOCK_RECORD
  5
317
330
9
100
AcDbSymbolTableRecord
100
AcDbBlockTableRecord
  2
*D20
340
0
 70
0
280
1
281
0
  0
BLOCK_RECORD
  5
326
330
9
100
AcDbSymbolTableRecord
100
AcDbBlockTableRecord
  2
*D21
340
0
 70
0
280
1
281
0
  0
BLOCK_RECORD
  5
335
330
9
100
AcDbSymbolTableRecord
100
AcDbBlockTableRecord
  2
*D22
340
0
 70
0
280
1
281
0
  0
ENDTAB
  0
ENDSEC
  0
SECTION
  2
BLOCKS
  0
BLOCK
  5
18
330
17
100
AcDbEntity
  8
0
100
AcDbBlockBegin
  2
*Model_Space
 70
0
 10
0.0
 20
0.0
 30
0.0
  3
*Model_Space
  1

  0
ENDBLK
  5
19
330
17
100
AcDbEntity
  8
0
100
AcDbBlockEnd
  0
BLOCK
  5
1C
330
1B
100
AcDbEntity
  8
0
100
AcDbBlockBegin
  2
*Paper_Space
 70
0
 10
0.0
 20
0.0
 30
0.0
  3
*Paper_Space
  1

  0
ENDBLK
  5
1D
330
1B
100
AcDbEntity
  8
0
100
AcDbBlockEnd
  0
BLOCK
  5
75
330
74
100
AcDbEntity
  8
0
100
AcDbBlockBegin
  2
_ARCHTICK
 70
0
 10
0.0
 20
0.0
 30
0.0
  3
_ARCHTICK
  1

  0
LWPOLYLINE
  5
77
330
74
100
AcDbEntity
  8
0
  6
BYBLOCK
 62
0
100
AcDbPolyline
 90
2
 70
0
 43
0.15
 10
-0.5
 20
-0.5
 10
0.5
 20
0.5
  0
ENDBLK
  5
76
330
74
100
AcDbEntity
  8
0
100
AcDbBlockEnd
  0
BLOCK
  5
79
330
78
100
AcDbEntity
  8
0
100
AcDbBlockBegin
  2
_CLOSEDFILLED
 70
0
 10
0.0
 20
0.0
 30
0.0
  3
_CLOSEDFILLED
  1

  0
SOLID
  5
7B
330
78
100
AcDbEntity
  8
0
  6
BYBLOCK
 62
0
100
AcDbTrace
 10
-1.0
 20
0.16439898372402537
 30
0.0
 11
0.0
 21
0.0
 31
0.0
 12
-1.0
 22
-0.16439898372402537
 32
0.0
 13
-1.0
 23
-0.16439898372402537
 33
0.0
  0
ENDBLK
  5
7A
330
78
100
AcDbEntity
  8
0
100
AcDbBlockEnd
  0
BLOCK
  5
85
330
84
100
AcDbEntity
  8
0
100
AcDbBlockBegin
  2
_CLOSEDBLANK
 70
0
 10
0.0
 20
0.0
 30
0.0
  3
_CLOSEDBLANK
  1

  0
LWPOLYLINE
  5
87
330
84
100
AcDbEntity
  8
0
  6
BYBLOCK
 62
0
100
AcDbPolyline
 90
3
 70
1
 10
-1.0
 20
0.16439898372402537
 10
0.0
 20
0.0
 10
-1.0
 20
-0.16439898372402537
  0
ENDBLK
  5
86
330
84
100
AcDbEntity
  8
0
100
AcDbBlockEnd
  0
BLOCK
  5
A3
330
A2
100
AcDbEntity
  8
0
100
AcDbBlockBegin
  2
*Paper_Space0
 70
0
 10
0.0
 20
0.0
 30
0.0
  3
*Paper_Space0
  1

  0
VIEWPORT
  5
A6
330
A2
100
AcDbEntity
 67
1
  8
VIEWPORTS
100
AcDbViewport
 10
420.5
 20
297.0
 30
0.0
 40
841.0
 41
594.0
 68
1
 69
1
 12
420.5
 22
297.0
 13
0.0
 23
0.0
 14
10.0
 24
10.0
 15
10.0
 25
10.0
 16
0.0
 26
0.0
 36
1.0
 17
0.0
 27
0.0
 37
0.0
 42
50.0
 43
0.0
 44
0.0
 45
594.0
 50
0.0
 51
0.0
 72
100
 90
557088
  1

281
0
 71
0
 74
0
110
0.0
120
0.0
130
0.0
111
1.0
121
0.0
131
0.0
112
0.0
122
1.0
132
0.0
 79
0
146
0.0
282
0
  0
LWPOLYLINE
  5
A7
330
A2
100
AcDbEntity
 67
1
  8
E-HOJA
370
0
100
AcDbPolyline
 90
4
 70
1
 10
0.0
 20
0.0
 10
841.0
 20
0.0
 10
841.0
 20
594.0
 10
0.0
 20
594.0
  0
LWPOLYLINE
  5
A8
330
A2
100
AcDbEntity
 67
1
  8
E-MARCO
370
70
100
AcDbPolyline
 90
4
 70
1
 10
25.0
 20
10.0
 10
831.0
 20
10.0
 10
831.0
 20
584.0
 10
25.0
 20
584.0
  0
VIEWPORT
  5
35B
330
A2
100
AcDbEntity
 67
1
  8
E-VPORT
100
AcDbViewport
 10
183.0
 20
430.0
 30
0.0
 40
300.0
 41
300.0
 68
2
 69
3
 12
5.0
 22
5.2
 13
0.0
 23
0.0
 14
10.0
 24
10.0
 15
10.0
 25
10.0
 16
0.0
 26
0.0
 36
1.0
 17
0.0
 27
0.0
 37
0.0
 42
50.0
 43
0.0
 44
0.0
 45
15.0
 50
0.0
 51
0.0
 72
100
 90
0
  1

281
0
 71
0
 74
0
110
0.0
120
0.0
130
0.0
111
1.0
121
0.0
131
0.0
112
0.0
122
1.0
132
0.0
 79
0
146
0.0
282
0
  0
TEXT
  5
35C
330
A2
100
AcDbEntity
 67
1
  8
E-TITULO
100
AcDbText
 10
183.0
 20
273.5
 30
0.0
 40
4.0
  1
PLANTA DE COLUMNAS Y REPLANTEO (N1 a N5)
  7
ARIAL
 41
0.9
 72
1
 11
183.0
 21
273.5
 31
0.0
100
AcDbText
 73
1
  0
LINE
  5
35D
330
A2
100
AcDbEntity
 67
1
  8
E-TITULO
370
50
100
AcDbLine
 10
103.0
 20
272.0
 30
0.0
 11
263.0
 21
272.0
 31
0.0
  0
LINE
  5
35E
330
A2
100
AcDbEntity
 67
1
  8
E-TITULO
370
18
100
AcDbLine
 10
103.0
 20
271.0
 30
0.0
 11
263.0
 21
271.0
 31
0.0
  0
TEXT
  5
35F
330
A2
100
AcDbEntity
 67
1
  8
E-TEXTO
100
AcDbText
 10
183.0
 20
269.5
 30
0.0
 40
2.5
  1
ESC. 1:50
  7
ARIAL
 41
0.9
 72
1
 11
183.0
 21
269.5
 31
0.0
100
AcDbText
 73
3
  0
VIEWPORT
  5
360
330
A2
100
AcDbEntity
 67
1
  8
E-VPORT
100
AcDbViewport
 10
440.0
 20
501.75
 30
0.0
 40
146.0
 41
156.5
 68
2
 69
4
 12
204.9
 22
4.425
 13
0.0
 23
0.0
 14
10.0
 24
10.0
 15
10.0
 25
10.0
 16
0.0
 26
0.0
 36
1.0
 17
0.0
 27
0.0
 37
0.0
 42
50.0
 43
0.0
 44
0.0
 45
15.65
 50
0.0
 51
0.0
 72
100
 90
0
  1

281
0
 71
0
 74
0
110
0.0
120
0.0
130
0.0
111
1.0
121
0.0
131
0.0
112
0.0
122
1.0
132
0.0
 79
0
146
0.0
282
0
  0
TEXT
  5
361
330
A2
100
AcDbEntity
 67
1
  8
E-TITULO
100
AcDbText
 10
440.0
 20
420.0
 30
0.0
 40
4.0
  1
CORTE GENERAL EJE N-2
  7
ARIAL
 41
0.9
 72
1
 11
440.0
 21
420.0
 31
0.0
100
AcDbText
 73
1
  0
LINE
  5
362
330
A2
100
AcDbEntity
 67
1
  8
E-TITULO
370
50
100
AcDbLine
 10
405.35
 20
418.5
 30
0.0
 11
474.65
 21
418.5
 31
0.0
  0
LINE
  5
363
330
A2
100
AcDbEntity
 67
1
  8
E-TITULO
370
18
100
AcDbLine
 10
405.35
 20
417.5
 30
0.0
 11
474.65
 21
417.5
 31
0.0
  0
TEXT
  5
364
330
A2
100
AcDbEntity
 67
1
  8
E-TEXTO
100
AcDbText
 10
440.0
 20
416.0
 30
0.0
 40
2.5
  1
ESC. 1:100
  7
ARIAL
 41
0.9
 72
1
 11
440.0
 21
416.0
 31
0.0
100
AcDbText
 73
3
  0
VIEWPORT
  5
365
330
A2
100
AcDbEntity
 67
1
  8
E-VPORT
100
AcDbViewport
 10
610.0
 20
501.75
 30
0.0
 40
144.0
 41
156.5
 68
2
 69
5
 12
234.8
 22
4.425
 13
0.0
 23
0.0
 14
10.0
 24
10.0
 15
10.0
 25
10.0
 16
0.0
 26
0.0
 36
1.0
 17
0.0
 27
0.0
 37
0.0
 42
50.0
 43
0.0
 44
0.0
 45
15.65
 50
0.0
 51
0.0
 72
100
 90
0
  1

281
0
 71
0
 74
0
110
0.0
120
0.0
130
0.0
111
1.0
121
0.0
131
0.0
112
0.0
122
1.0
132
0.0
 79
0
146
0.0
282
0
  0
TEXT
  5
366
330
A2
100
AcDbEntity
 67
1
  8
E-TITULO
100
AcDbText
 10
610.0
 20
420.0
 30
0.0
 40
4.0
  1
CORTE GENERAL EJE A-2
  7
ARIAL
 41
0.9
 72
1
 11
610.0
 21
420.0
 31
0.0
100
AcDbText
 73
1
  0
LINE
  5
367
330
A2
100
AcDbEntity
 67
1
  8
E-TITULO
370
50
100
AcDbLine
 10
575.35
 20
418.5
 30
0.0
 11
644.65
 21
418.5
 31
0.0
  0
LINE
  5
368
330
A2
100
AcDbEntity
 67
1
  8
E-TITULO
370
18
100
AcDbLine
 10
575.35
 20
417.5
 30
0.0
 11
644.65
 21
417.5
 31
0.0
  0
TEXT
  5
369
330
A2
100
AcDbEntity
 67
1
  8
E-TEXTO
100
AcDbText
 10
610.0
 20
416.0
 30
0.0
 40
2.5
  1
ESC. 1:100
  7
ARIAL
 41
0.9
 72
1
 11
610.0
 21
416.0
 31
0.0
100
AcDbText
 73
3
  0
LINE
  5
36A
330
A2
100
AcDbEntity
 67
1
  8
E-TABLA
370
50
100
AcDbLine
 10
30.0
 20
250.0
 30
0.0
 11
293.0
 21
250.0
 31
0.0
  0
LINE
  5
36B
330
A2
100
AcDbEntity
 67
1
  8
E-TABLA
370
50
100
AcDbLine
 10
30.0
 20
243.5
 30
0.0
 11
293.0
 21
243.5
 31
0.0
  0
LINE
  5
36C
330
A2
100
AcDbEntity
 67
1
  8
E-TABLA
370
18
100
AcDbLine
 10
30.0
 20
237.0
 30
0.0
 11
293.0
 21
237.0
 31
0.0
  0
LINE
  5
36D
330
A2
100
AcDbEntity
 67
1
  8
E-TABLA
370
50
100
AcDbLine
 10
30.0
 20
230.5
 30
0.0
 11
293.0
 21
230.5
 31
0.0
  0
LINE
  5
36E
330
A2
100
AcDbEntity
 67
1
  8
E-TABLA
370
50
100
AcDbLine
 10
30.0
 20
250.0
 30
0.0
 11
30.0
 21
230.5
 31
0.0
  0
LINE
  5
36F
330
A2
100
AcDbEntity
 67
1
  8
E-TABLA
370
18
100
AcDbLine
 10
44.0
 20
250.0
 30
0.0
 11
44.0
 21
230.5
 31
0.0
  0
LINE
  5
370
330
A2
100
AcDbEntity
 67
1
  8
E-TABLA
370
18
100
AcDbLine
 10
96.0
 20
250.0
 30
0.0
 11
96.0
 21
230.5
 31
0.0
  0
LINE
  5
371
330
A2
100
AcDbEntity
 67
1
  8
E-TABLA
370
18
100
AcDbLine
 10
118.0
 20
250.0
 30
0.0
 11
118.0
 21
230.5
 31
0.0
  0
LINE
  5
372
330
A2
100
AcDbEntity
 67
1
  8
E-TABLA
370
50
100
AcDbLine
 10
293.0
 20
250.0
 30
0.0
 11
293.0
 21
230.5
 31
0.0
  0
TEXT
  5
373
330
A2
100
AcDbEntity
 67
1
  8
E-TABLA
100
AcDbText
 10
37.0
 20
246.75
 30
0.0
 40
2.0
  1
TIPO
  7
ARIAL
 41
0.85
 72
1
 11
37.0
 21
246.75
 31
0.0
100
AcDbText
 73
2
  0
TEXT
  5
374
330
A2
100
AcDbEntity
 67
1
  8
E-TABLA
100
AcDbText
 10
70.0
 20
246.75
 30
0.0
 40
2.0
  1
SECCIÓN
  7
ARIAL
 41
0.85
 72
1
 11
70.0
 21
246.75
 31
0.0
100
AcDbText
 73
2
  0
TEXT
  5
375
330
A2
100
AcDbEntity
 67
1
  8
E-TABLA
100
AcDbText
 10
107.0
 20
246.75
 30
0.0
 40
2.0
  1
CANT./NIVEL
  7
ARIAL
 41
0.85
 72
1
 11
107.0
 21
246.75
 31
0.0
100
AcDbText
 73
2
  0
TEXT
  5
376
330
A2
100
AcDbEntity
 67
1
  8
E-TABLA
100
AcDbText
 10
205.5
 20
246.75
 30
0.0
 40
2.0
  1
UBICACIÓN
  7
ARIAL
 41
0.85
 72
1
 11
205.5
 21
246.75
 31
0.0
100
AcDbText
 73
2
  0
TEXT
  5
377
330
A2
100
AcDbEntity
 67
1
  8
E-TABLA
100
AcDbText
 10
37.0
 20
240.25
 30
0.0
 40
2.0
  1
C-1
  7
ARIAL
 41
0.85
 72
1
 11
37.0
 21
240.25
 31
0.0
100
AcDbText
 73
2
  0
TEXT
  5
378
330
A2
100
AcDbEntity
 67
1
  8
E-TABLA
100
AcDbText
 10
45.5
 20
240.25
 30
0.0
 40
2.0
  1
0.60 x 0.30 (0.30 x 0.60 girada)
  7
ARIAL
 41
0.85
 11
45.5
 21
240.25
 31
0.0
100
AcDbText
 73
2
  0
TEXT
  5
379
330
A2
100
AcDbEntity
 67
1
  8
E-TABLA
100
AcDbText
 10
107.0
 20
240.25
 30
0.0
 40
2.0
  1
10
  7
ARIAL
 41
0.85
 72
1
 11
107.0
 21
240.25
 31
0.0
100
AcDbText
 73
2
  0
TEXT
  5
37A
330
A2
100
AcDbEntity
 67
1
  8
E-TABLA
100
AcDbText
 10
119.5
 20
240.25
 30
0.0
 40
2.0
  1
ESQUINA_A2, ESQUINA_A3, N-1/A-2, N-1/A-4, N-2/A-1, N-2/A-2, N-2/A-3, N-2/A-4, N-3/A-2, N-3/A-4
  7
ARIAL
 41
0.85
 11
119.5
 21
240.25
 31
0.0
100
AcDbText
 73
2
  0
TEXT
  5
37B
330
A2
100
AcDbEntity
 67
1
  8
E-TABLA
100
AcDbText
 10
37.0
 20
233.75
 30
0.0
 40
2.0
  1
C-2
  7
ARIAL
 41
0.85
 72
1
 11
37.0
 21
233.75
 31
0.0
100
AcDbText
 73
2
  0
TEXT
  5
37C
330
A2
100
AcDbEntity
 67
1
  8
E-TABLA
100
AcDbText
 10
45.5
 20
233.75
 30
0.0
 40
2.0
  1
L 0.60 x 0.60, alas 0.30
  7
ARIAL
 41
0.85
 11
45.5
 21
233.75
 31
0.0
100
AcDbText
 73
2
  0
TEXT
  5
37D
330
A2
100
AcDbEntity
 67
1
  8
E-TABLA
100
AcDbText
 10
107.0
 20
233.75
 30
0.0
 40
2.0
  1
4
  7
ARIAL
 41
0.85
 72
1
 11
107.0
 21
233.75
 31
0.0
100
AcDbText
 73
2
  0
TEXT
  5
37E
330
A2
100
AcDbEntity
 67
1
  8
E-TABLA
100
AcDbText
 10
119.5
 20
233.75
 30
0.0
 40
2.0
  1
N-1/A-1, N-1/A-3, N-3/A-1, N-3/A-3
  7
ARIAL
 41
0.85
 11
119.5
 21
233.75
 31
0.0
100
AcDbText
 73
2
  0
TEXT
  5
37F
330
A2
100
AcDbEntity
 67
1
  8
E-TITULO
100
AcDbText
 10
30.0
 20
252.0
 30
0.0
 40
3.0
  1
CUADRO DE COLUMNAS POR TIPO (armado: ver E-03)
  7
ARIAL
 41
0.9
 11
30.0
 21
252.0
 31
0.0
100
AcDbText
 73
1
  0
LINE
  5
380
330
A2
100
AcDbEntity
 67
1
  8
E-TABLA
370
50
100
AcDbLine
 10
30.0
 20
205.0
 30
0.0
 11
140.0
 21
205.0
 31
0.0
  0
LINE
  5
381
330
A2
100
AcDbEntity
 67
1
  8
E-TABLA
370
50
100
AcDbLine
 10
30.0
 20
199.0
 30
0.0
 11
140.0
 21
199.0
 31
0.0
  0
LINE
  5
382
330
A2
100
AcDbEntity
 67
1
  8
E-TABLA
370
18
100
AcDbLine
 10
30.0
 20
193.0
 30
0.0
 11
140.0
 21
193.0
 31
0.0
  0
LINE
  5
383
330
A2
100
AcDbEntity
 67
1
  8
E-TABLA
370
18
100
AcDbLine
 10
30.0
 20
187.0
 30
0.0
 11
140.0
 21
187.0
 31
0.0
  0
LINE
  5
384
330
A2
100
AcDbEntity
 67
1
  8
E-TABLA
370
18
100
AcDbLine
 10
30.0
 20
181.0
 30
0.0
 11
140.0
 21
181.0
 31
0.0
  0
LINE
  5
385
330
A2
100
AcDbEntity
 67
1
  8
E-TABLA
370
18
100
AcDbLine
 10
30.0
 20
175.0
 30
0.0
 11
140.0
 21
175.0
 31
0.0
  0
LINE
  5
386
330
A2
100
AcDbEntity
 67
1
  8
E-TABLA
370
18
100
AcDbLine
 10
30.0
 20
169.0
 30
0.0
 11
140.0
 21
169.0
 31
0.0
  0
LINE
  5
387
330
A2
100
AcDbEntity
 67
1
  8
E-TABLA
370
50
100
AcDbLine
 10
30.0
 20
163.0
 30
0.0
 11
140.0
 21
163.0
 31
0.0
  0
LINE
  5
388
330
A2
100
AcDbEntity
 67
1
  8
E-TABLA
370
50
100
AcDbLine
 10
30.0
 20
205.0
 30
0.0
 11
30.0
 21
163.0
 31
0.0
  0
LINE
  5
389
330
A2
100
AcDbEntity
 67
1
  8
E-TABLA
370
18
100
AcDbLine
 10
75.0
 20
205.0
 30
0.0
 11
75.0
 21
163.0
 31
0.0
  0
LINE
  5
38A
330
A2
100
AcDbEntity
 67
1
  8
E-TABLA
370
18
100
AcDbLine
 10
100.0
 20
205.0
 30
0.0
 11
100.0
 21
163.0
 31
0.0
  0
LINE
  5
38B
330
A2
100
AcDbEntity
 67
1
  8
E-TABLA
370
50
100
AcDbLine
 10
140.0
 20
205.0
 30
0.0
 11
140.0
 21
163.0
 31
0.0
  0
TEXT
  5
38C
330
A2
100
AcDbEntity
 67
1
  8
E-TABLA
100
AcDbText
 10
52.5
 20
202.0
 30
0.0
 40
2.0
  1
NIVEL
  7
ARIAL
 41
0.85
 72
1
 11
52.5
 21
202.0
 31
0.0
100
AcDbText
 73
2
  0
TEXT
  5
38D
330
A2
100
AcDbEntity
 67
1
  8
E-TABLA
100
AcDbText
 10
87.5
 20
202.0
 30
0.0
 40
2.0
  1
COTA (m)
  7
ARIAL
 41
0.85
 72
1
 11
87.5
 21
202.0
 31
0.0
100
AcDbText
 73
2
  0
TEXT
  5
38E
330
A2
100
AcDbEntity
 67
1
  8
E-TABLA
100
AcDbText
 10
120.0
 20
202.0
 30
0.0
 40
2.0
  1
ALTURA ENTREPISO (m)
  7
ARIAL
 41
0.85
 72
1
 11
120.0
 21
202.0
 31
0.0
100
AcDbText
 73
2
  0
TEXT
  5
38F
330
A2
100
AcDbEntity
 67
1
  8
E-TABLA
100
AcDbText
 10
52.5
 20
196.0
 30
0.0
 40
2.0
  1
Fondo de cimentación
  7
ARIAL
 41
0.85
 72
1
 11
52.5
 21
196.0
 31
0.0
100
AcDbText
 73
2
  0
TEXT
  5
390
330
A2
100
AcDbEntity
 67
1
  8
E-TABLA
100
AcDbText
 10
87.5
 20
196.0
 30
0.0
 40
2.0
  1
-2.00
  7
ARIAL
 41
0.85
 72
1
 11
87.5
 21
196.0
 31
0.0
100
AcDbText
 73
2
  0
TEXT
  5
391
330
A2
100
AcDbEntity
 67
1
  8
E-TABLA
100
AcDbText
 10
120.0
 20
196.0
 30
0.0
 40
2.0
  1
2.00
  7
ARIAL
 41
0.85
 72
1
 11
120.0
 21
196.0
 31
0.0
100
AcDbText
 73
2
  0
TEXT
  5
392
330
A2
100
AcDbEntity
 67
1
  8
E-TABLA
100
AcDbText
 10
52.5
 20
190.0
 30
0.0
 40
2.0
  1
Nivel 1
  7
ARIAL
 41
0.85
 72
1
 11
52.5
 21
190.0
 31
0.0
100
AcDbText
 73
2
  0
TEXT
  5
393
330
A2
100
AcDbEntity
 67
1
  8
E-TABLA
100
AcDbText
 10
87.5
 20
190.0
 30
0.0
 40
2.0
  1
+0.00
  7
ARIAL
 41
0.85
 72
1
 11
87.5
 21
190.0
 31
0.0
100
AcDbText
 73
2
  0
TEXT
  5
394
330
A2
100
AcDbEntity
 67
1
  8
E-TABLA
100
AcDbText
 10
120.0
 20
190.0
 30
0.0
 40
2.0
  1
3.20
  7
ARIAL
 41
0.85
 72
1
 11
120.0
 21
190.0
 31
0.0
100
AcDbText
 73
2
  0
TEXT
  5
395
330
A2
100
AcDbEntity
 67
1
  8
E-TABLA
100
AcDbText
 10
52.5
 20
184.0
 30
0.0
 40
2.0
  1
Nivel 2
  7
ARIAL
 41
0.85
 72
1
 11
52.5
 21
184.0
 31
0.0
100
AcDbText
 73
2
  0
TEXT
  5
396
330
A2
100
AcDbEntity
 67
1
  8
E-TABLA
100
AcDbText
 10
87.5
 20
184.0
 30
0.0
 40
2.0
  1
+3.20
  7
ARIAL
 41
0.85
 72
1
 11
87.5
 21
184.0
 31
0.0
100
AcDbText
 73
2
  0
TEXT
  5
397
330
A2
100
AcDbEntity
 67
1
  8
E-TABLA
100
AcDbText
 10
120.0
 20
184.0
 30
0.0
 40
2.0
  1
2.60
  7
ARIAL
 41
0.85
 72
1
 11
120.0
 21
184.0
 31
0.0
100
AcDbText
 73
2
  0
TEXT
  5
398
330
A2
100
AcDbEntity
 67
1
  8
E-TABLA
100
AcDbText
 10
52.5
 20
178.0
 30
0.0
 40
2.0
  1
Nivel 3
  7
ARIAL
 41
0.85
 72
1
 11
52.5
 21
178.0
 31
0.0
100
AcDbText
 73
2
  0
TEXT
  5
399
330
A2
100
AcDbEntity
 67
1
  8
E-TABLA
100
AcDbText
 10
87.5
 20
178.0
 30
0.0
 40
2.0
  1
+5.80
  7
ARIAL
 41
0.85
 72
1
 11
87.5
 21
178.0
 31
0.0
100
AcDbText
 73
2
  0
TEXT
  5
39A
330
A2
100
AcDbEntity
 67
1
  8
E-TABLA
100
AcDbText
 10
120.0
 20
178.0
 30
0.0
 40
2.0
  1
2.60
  7
ARIAL
 41
0.85
 72
1
 11
120.0
 21
178.0
 31
0.0
100
AcDbText
 73
2
  0
TEXT
  5
39B
330
A2
100
AcDbEntity
 67
1
  8
E-TABLA
100
AcDbText
 10
52.5
 20
172.0
 30
0.0
 40
2.0
  1
Nivel 4
  7
ARIAL
 41
0.85
 72
1
 11
52.5
 21
172.0
 31
0.0
100
AcDbText
 73
2
  0
TEXT
  5
39C
330
A2
100
AcDbEntity
 67
1
  8
E-TABLA
100
AcDbText
 10
87.5
 20
172.0
 30
0.0
 40
2.0
  1
+8.40
  7
ARIAL
 41
0.85
 72
1
 11
87.5
 21
172.0
 31
0.0
100
AcDbText
 73
2
  0
TEXT
  5
39D
330
A2
100
AcDbEntity
 67
1
  8
E-TABLA
100
AcDbText
 10
120.0
 20
172.0
 30
0.0
 40
2.0
  1
2.60
  7
ARIAL
 41
0.85
 72
1
 11
120.0
 21
172.0
 31
0.0
100
AcDbText
 73
2
  0
TEXT
  5
39E
330
A2
100
AcDbEntity
 67
1
  8
E-TABLA
100
AcDbText
 10
52.5
 20
166.0
 30
0.0
 40
2.0
  1
Nivel 5
  7
ARIAL
 41
0.85
 72
1
 11
52.5
 21
166.0
 31
0.0
100
AcDbText
 73
2
  0
TEXT
  5
39F
330
A2
100
AcDbEntity
 67
1
  8
E-TABLA
100
AcDbText
 10
87.5
 20
166.0
 30
0.0
 40
2.0
  1
+11.00
  7
ARIAL
 41
0.85
 72
1
 11
87.5
 21
166.0
 31
0.0
100
AcDbText
 73
2
  0
TEXT
  5
3A0
330
A2
100
AcDbEntity
 67
1
  8
E-TABLA
100
AcDbText
 10
120.0
 20
166.0
 30
0.0
 40
2.0
  1
—
  7
ARIAL
 41
0.85
 72
1
 11
120.0
 21
166.0
 31
0.0
100
AcDbText
 73
2
  0
TEXT
  5
3A1
330
A2
100
AcDbEntity
 67
1
  8
E-TITULO
100
AcDbText
 10
30.0
 20
207.0
 30
0.0
 40
3.0
  1
CUADRO DE NIVELES
  7
ARIAL
 41
0.9
 11
30.0
 21
207.0
 31
0.0
100
AcDbText
 73
1
  0
LINE
  5
3A2
330
A2
100
AcDbEntity
 67
1
  8
E-TABLA
370
50
100
AcDbLine
 10
400.0
 20
322.0
 30
0.0
 11
550.0
 21
322.0
 31
0.0
  0
LINE
  5
3A3
330
A2
100
AcDbEntity
 67
1
  8
E-TABLA
370
50
100
AcDbLine
 10
400.0
 20
316.0
 30
0.0
 11
550.0
 21
316.0
 31
0.0
  0
LINE
  5
3A4
330
A2
100
AcDbEntity
 67
1
  8
E-TABLA
370
18
100
AcDbLine
 10
400.0
 20
310.0
 30
0.0
 11
550.0
 21
310.0
 31
0.0
  0
LINE
  5
3A5
330
A2
100
AcDbEntity
 67
1
  8
E-TABLA
370
18
100
AcDbLine
 10
400.0
 20
304.0
 30
0.0
 11
550.0
 21
304.0
 31
0.0
  0
LINE
  5
3A6
330
A2
100
AcDbEntity
 67
1
  8
E-TABLA
370
18
100
AcDbLine
 10
400.0
 20
298.0
 30
0.0
 11
550.0
 21
298.0
 31
0.0
  0
LINE
  5
3A7
330
A2
100
AcDbEntity
 67
1
  8
E-TABLA
370
18
100
AcDbLine
 10
400.0
 20
292.0
 30
0.0
 11
550.0
 21
292.0
 31
0.0
  0
LINE
  5
3A8
330
A2
100
AcDbEntity
 67
1
  8
E-TABLA
370
18
100
AcDbLine
 10
400.0
 20
286.0
 30
0.0
 11
550.0
 21
286.0
 31
0.0
  0
LINE
  5
3A9
330
A2
100
AcDbEntity
 67
1
  8
E-TABLA
370
18
100
AcDbLine
 10
400.0
 20
280.0
 30
0.0
 11
550.0
 21
280.0
 31
0.0
  0
LINE
  5
3AA
330
A2
100
AcDbEntity
 67
1
  8
E-TABLA
370
18
100
AcDbLine
 10
400.0
 20
274.0
 30
0.0
 11
550.0
 21
274.0
 31
0.0
  0
LINE
  5
3AB
330
A2
100
AcDbEntity
 67
1
  8
E-TABLA
370
18
100
AcDbLine
 10
400.0
 20
268.0
 30
0.0
 11
550.0
 21
268.0
 31
0.0
  0
LINE
  5
3AC
330
A2
100
AcDbEntity
 67
1
  8
E-TABLA
370
18
100
AcDbLine
 10
400.0
 20
262.0
 30
0.0
 11
550.0
 21
262.0
 31
0.0
  0
LINE
  5
3AD
330
A2
100
AcDbEntity
 67
1
  8
E-TABLA
370
18
100
AcDbLine
 10
400.0
 20
256.0
 30
0.0
 11
550.0
 21
256.0
 31
0.0
  0
LINE
  5
3AE
330
A2
100
AcDbEntity
 67
1
  8
E-TABLA
370
18
100
AcDbLine
 10
400.0
 20
250.0
 30
0.0
 11
550.0
 21
250.0
 31
0.0
  0
LINE
  5
3AF
330
A2
100
AcDbEntity
 67
1
  8
E-TABLA
370
18
100
AcDbLine
 10
400.0
 20
244.0
 30
0.0
 11
550.0
 21
244.0
 31
0.0
  0
LINE
  5
3B0
330
A2
100
AcDbEntity
 67
1
  8
E-TABLA
370
18
100
AcDbLine
 10
400.0
 20
238.0
 30
0.0
 11
550.0
 21
238.0
 31
0.0
  0
LINE
  5
3B1
330
A2
100
AcDbEntity
 67
1
  8
E-TABLA
370
50
100
AcDbLine
 10
400.0
 20
232.0
 30
0.0
 11
550.0
 21
232.0
 31
0.0
  0
LINE
  5
3B2
330
A2
100
AcDbEntity
 67
1
  8
E-TABLA
370
50
100
AcDbLine
 10
400.0
 20
322.0
 30
0.0
 11
400.0
 21
232.0
 31
0.0
  0
LINE
  5
3B3
330
A2
100
AcDbEntity
 67
1
  8
E-TABLA
370
18
100
AcDbLine
 10
430.0
 20
322.0
 30
0.0
 11
430.0
 21
232.0
 31
0.0
  0
LINE
  5
3B4
330
A2
100
AcDbEntity
 67
1
  8
E-TABLA
370
18
100
AcDbLine
 10
444.0
 20
322.0
 30
0.0
 11
444.0
 21
232.0
 31
0.0
  0
LINE
  5
3B5
330
A2
100
AcDbEntity
 67
1
  8
E-TABLA
370
18
100
AcDbLine
 10
470.0
 20
322.0
 30
0.0
 11
470.0
 21
232.0
 31
0.0
  0
LINE
  5
3B6
330
A2
100
AcDbEntity
 67
1
  8
E-TABLA
370
18
100
AcDbLine
 10
490.0
 20
322.0
 30
0.0
 11
490.0
 21
232.0
 31
0.0
  0
LINE
  5
3B7
330
A2
100
AcDbEntity
 67
1
  8
E-TABLA
370
18
100
AcDbLine
 10
510.0
 20
322.0
 30
0.0
 11
510.0
 21
232.0
 31
0.0
  0
LINE
  5
3B8
330
A2
100
AcDbEntity
 67
1
  8
E-TABLA
370
18
100
AcDbLine
 10
530.0
 20
322.0
 30
0.0
 11
530.0
 21
232.0
 31
0.0
  0
LINE
  5
3B9
330
A2
100
AcDbEntity
 67
1
  8
E-TABLA
370
50
100
AcDbLine
 10
550.0
 20
322.0
 30
0.0
 11
550.0
 21
232.0
 31
0.0
  0
TEXT
  5
3BA
330
A2
100
AcDbEntity
 67
1
  8
E-TABLA
100
AcDbText
 10
415.0
 20
319.0
 30
0.0
 40
2.0
  1
COLUMNA
  7
ARIAL
 41
0.85
 72
1
 11
415.0
 21
319.0
 31
0.0
100
AcDbText
 73
2
  0
TEXT
  5
3BB
330
A2
100
AcDbEntity
 67
1
  8
E-TABLA
100
AcDbText
 10
437.0
 20
319.0
 30
0.0
 40
2.0
  1
TIPO
  7
ARIAL
 41
0.85
 72
1
 11
437.0
 21
319.0
 31
0.0
100
AcDbText
 73
2
  0
TEXT
  5
3BC
330
A2
100
AcDbEntity
 67
1
  8
E-TABLA
100
AcDbText
 10
457.0
 20
319.0
 30
0.0
 40
2.0
  1
EJES
  7
ARIAL
 41
0.85
 72
1
 11
457.0
 21
319.0
 31
0.0
100
AcDbText
 73
2
  0
TEXT
  5
3BD
330
A2
100
AcDbEntity
 67
1
  8
E-TABLA
100
AcDbText
 10
480.0
 20
319.0
 30
0.0
 40
2.0
  1
IZQ. (-X)
  7
ARIAL
 41
0.85
 72
1
 11
480.0
 21
319.0
 31
0.0
100
AcDbText
 73
2
  0
TEXT
  5
3BE
330
A2
100
AcDbEntity
 67
1
  8
E-TABLA
100
AcDbText
 10
500.0
 20
319.0
 30
0.0
 40
2.0
  1
DER. (+X)
  7
ARIAL
 41
0.85
 72
1
 11
500.0
 21
319.0
 31
0.0
100
AcDbText
 73
2
  0
TEXT
  5
3BF
330
A2
100
AcDbEntity
 67
1
  8
E-TABLA
100
AcDbText
 10
520.0
 20
319.0
 30
0.0
 40
2.0
  1
ABAJO (-Y)
  7
ARIAL
 41
0.85
 72
1
 11
520.0
 21
319.0
 31
0.0
100
AcDbText
 73
2
  0
TEXT
  5
3C0
330
A2
100
AcDbEntity
 67
1
  8
E-TABLA
100
AcDbText
 10
540.0
 20
319.0
 30
0.0
 40
2.0
  1
ARRIBA (+Y)
  7
ARIAL
 41
0.85
 72
1
 11
540.0
 21
319.0
 31
0.0
100
AcDbText
 73
2
  0
TEXT
  5
3C1
330
A2
100
AcDbEntity
 67
1
  8
E-TABLA
100
AcDbText
 10
415.0
 20
313.0
 30
0.0
 40
2.0
  1
N-1/A-1
  7
ARIAL
 41
0.85
 72
1
 11
415.0
 21
313.0
 31
0.0
100
AcDbText
 73
2
  0
TEXT
  5
3C2
330
A2
100
AcDbEntity
 67
1
  8
E-TABLA
100
AcDbText
 10
437.0
 20
313.0
 30
0.0
 40
2.0
  1
C-2
  7
ARIAL
 41
0.85
 72
1
 11
437.0
 21
313.0
 31
0.0
100
AcDbText
 73
2
  0
TEXT
  5
3C3
330
A2
100
AcDbEntity
 67
1
  8
E-TABLA
100
AcDbText
 10
457.0
 20
313.0
 30
0.0
 40
2.0
  1
A-1 / N-1
  7
ARIAL
 41
0.85
 72
1
 11
457.0
 21
313.0
 31
0.0
100
AcDbText
 73
2
  0
TEXT
  5
3C4
330
A2
100
AcDbEntity
 67
1
  8
E-TABLA
100
AcDbText
 10
480.0
 20
313.0
 30
0.0
 40
2.0
  1
0.15
  7
ARIAL
 41
0.85
 72
1
 11
480.0
 21
313.0
 31
0.0
100
AcDbText
 73
2
  0
TEXT
  5
3C5
330
A2
100
AcDbEntity
 67
1
  8
E-TABLA
100
AcDbText
 10
500.0
 20
313.0
 30
0.0
 40
2.0
  1
0.45
  7
ARIAL
 41
0.85
 72
1
 11
500.0
 21
313.0
 31
0.0
100
AcDbText
 73
2
  0
TEXT
  5
3C6
330
A2
100
AcDbEntity
 67
1
  8
E-TABLA
100
AcDbText
 10
520.0
 20
313.0
 30
0.0
 40
2.0
  1
0.45
  7
ARIAL
 41
0.85
 72
1
 11
520.0
 21
313.0
 31
0.0
100
AcDbText
 73
2
  0
TEXT
  5
3C7
330
A2
100
AcDbEntity
 67
1
  8
E-TABLA
100
AcDbText
 10
540.0
 20
313.0
 30
0.0
 40
2.0
  1
0.15
  7
ARIAL
 41
0.85
 72
1
 11
540.0
 21
313.0
 31
0.0
100
AcDbText
 73
2
  0
TEXT
  5
3C8
330
A2
100
AcDbEntity
 67
1
  8
E-TABLA
100
AcDbText
 10
415.0
 20
307.0
 30
0.0
 40
2.0
  1
N-1/A-4
  7
ARIAL
 41
0.85
 72
1
 11
415.0
 21
307.0
 31
0.0
100
AcDbText
 73
2
  0
TEXT
  5
3C9
330
A2
100
AcDbEntity
 67
1
  8
E-TABLA
100
AcDbText
 10
437.0
 20
307.0
 30
0.0
 40
2.0
  1
C-1
  7
ARIAL
 41
0.85
 72
1
 11
437.0
 21
307.0
 31
0.0
100
AcDbText
 73
2
  0
TEXT
  5
3CA
330
A2
100
AcDbEntity
 67
1
  8
E-TABLA
100
AcDbText
 10
457.0
 20
307.0
 30
0.0
 40
2.0
  1
A-4 / N-1
  7
ARIAL
 41
0.85
 72
1
 11
457.0
 21
307.0
 31
0.0
100
AcDbText
 73
2
  0
TEXT
  5
3CB
330
A2
100
AcDbEntity
 67
1
  8
E-TABLA
100
AcDbText
 10
480.0
 20
307.0
 30
0.0
 40
2.0
  1
0.30
  7
ARIAL
 41
0.85
 72
1
 11
480.0
 21
307.0
 31
0.0
100
AcDbText
 73
2
  0
TEXT
  5
3CC
330
A2
100
AcDbEntity
 67
1
  8
E-TABLA
100
AcDbText
 10
500.0
 20
307.0
 30
0.0
 40
2.0
  1
0.30
  7
ARIAL
 41
0.85
 72
1
 11
500.0
 21
307.0
 31
0.0
100
AcDbText
 73
2
  0
TEXT
  5
3CD
330
A2
100
AcDbEntity
 67
1
  8
E-TABLA
100
AcDbText
 10
520.0
 20
307.0
 30
0.0
 40
2.0
  1
0.15
  7
ARIAL
 41
0.85
 72
1
 11
520.0
 21
307.0
 31
0.0
100
AcDbText
 73
2
  0
TEXT
  5
3CE
330
A2
100
AcDbEntity
 67
1
  8
E-TABLA
100
AcDbText
 10
540.0
 20
307.0
 30
0.0
 40
2.0
  1
0.15
  7
ARIAL
 41
0.85
 72
1
 11
540.0
 21
307.0
 31
0.0
100
AcDbText
 73
2
  0
TEXT
  5
3CF
330
A2
100
AcDbEntity
 67
1
  8
E-TABLA
100
AcDbText
 10
415.0
 20
301.0
 30
0.0
 40
2.0
  1
N-1/A-2
  7
ARIAL
 41
0.85
 72
1
 11
415.0
 21
301.0
 31
0.0
100
AcDbText
 73
2
  0
TEXT
  5
3D0
330
A2
100
AcDbEntity
 67
1
  8
E-TABLA
100
AcDbText
 10
437.0
 20
301.0
 30
0.0
 40
2.0
  1
C-1
  7
ARIAL
 41
0.85
 72
1
 11
437.0
 21
301.0
 31
0.0
100
AcDbText
 73
2
  0
TEXT
  5
3D1
330
A2
100
AcDbEntity
 67
1
  8
E-TABLA
100
AcDbText
 10
457.0
 20
301.0
 30
0.0
 40
2.0
  1
A-2 / N-1
  7
ARIAL
 41
0.85
 72
1
 11
457.0
 21
301.0
 31
0.0
100
AcDbText
 73
2
  0
TEXT
  5
3D2
330
A2
100
AcDbEntity
 67
1
  8
E-TABLA
100
AcDbText
 10
480.0
 20
301.0
 30
0.0
 40
2.0
  1
0.30
  7
ARIAL
 41
0.85
 72
1
 11
480.0
 21
301.0
 31
0.0
100
AcDbText
 73
2
  0
TEXT
  5
3D3
330
A2
100
AcDbEntity
 67
1
  8
E-TABLA
100
AcDbText
 10
500.0
 20
301.0
 30
0.0
 40
2.0
  1
0.30
  7
ARIAL
 41
0.85
 72
1
 11
500.0
 21
301.0
 31
0.0
100
AcDbText
 73
2
  0
TEXT
  5
3D4
330
A2
100
AcDbEntity
 67
1
  8
E-TABLA
100
AcDbText
 10
520.0
 20
301.0
 30
0.0
 40
2.0
  1
0.15
  7
ARIAL
 41
0.85
 72
1
 11
520.0
 21
301.0
 31
0.0
100
AcDbText
 73
2
  0
TEXT
  5
3D5
330
A2
100
AcDbEntity
 67
1
  8
E-TABLA
100
AcDbText
 10
540.0
 20
301.0
 30
0.0
 40
2.0
  1
0.15
  7
ARIAL
 41
0.85
 72
1
 11
540.0
 21
301.0
 31
0.0
100
AcDbText
 73
2
  0
TEXT
  5
3D6
330
A2
100
AcDbEntity
 67
1
  8
E-TABLA
100
AcDbText
 10
415.0
 20
295.0
 30
0.0
 40
2.0
  1
N-1/A-3
  7
ARIAL
 41
0.85
 72
1
 11
415.0
 21
295.0
 31
0.0
100
AcDbText
 73
2
  0
TEXT
  5
3D7
330
A2
100
AcDbEntity
 67
1
  8
E-TABLA
100
AcDbText
 10
437.0
 20
295.0
 30
0.0
 40
2.0
  1
C-2
  7
ARIAL
 41
0.85
 72
1
 11
437.0
 21
295.0
 31
0.0
100
AcDbText
 73
2
  0
TEXT
  5
3D8
330
A2
100
AcDbEntity
 67
1
  8
E-TABLA
100
AcDbText
 10
457.0
 20
295.0
 30
0.0
 40
2.0
  1
A-3 / N-1
  7
ARIAL
 41
0.85
 72
1
 11
457.0
 21
295.0
 31
0.0
100
AcDbText
 73
2
  0
TEXT
  5
3D9
330
A2
100
AcDbEntity
 67
1
  8
E-TABLA
100
AcDbText
 10
480.0
 20
295.0
 30
0.0
 40
2.0
  1
0.45
  7
ARIAL
 41
0.85
 72
1
 11
480.0
 21
295.0
 31
0.0
100
AcDbText
 73
2
  0
TEXT
  5
3DA
330
A2
100
AcDbEntity
 67
1
  8
E-TABLA
100
AcDbText
 10
500.0
 20
295.0
 30
0.0
 40
2.0
  1
0.15
  7
ARIAL
 41
0.85
 72
1
 11
500.0
 21
295.0
 31
0.0
100
AcDbText
 73
2
  0
TEXT
  5
3DB
330
A2
100
AcDbEntity
 67
1
  8
E-TABLA
100
AcDbText
 10
520.0
 20
295.0
 30
0.0
 40
2.0
  1
0.45
  7
ARIAL
 41
0.85
 72
1
 11
520.0
 21
295.0
 31
0.0
100
AcDbText
 73
2
  0
TEXT
  5
3DC
330
A2
100
AcDbEntity
 67
1
  8
E-TABLA
100
AcDbText
 10
540.0
 20
295.0
 30
0.0
 40
2.0
  1
0.15
  7
ARIAL
 41
0.85
 72
1
 11
540.0
 21
295.0
 31
0.0
100
AcDbText
 73
2
  0
TEXT
  5
3DD
330
A2
100
AcDbEntity
 67
1
  8
E-TABLA
100
AcDbText
 10
415.0
 20
289.0
 30
0.0
 40
2.0
  1
N-2/A-1
  7
ARIAL
 41
0.85
 72
1
 11
415.0
 21
289.0
 31
0.0
100
AcDbText
 73
2
  0
TEXT
  5
3DE
330
A2
100
AcDbEntity
 67
1
  8
E-TABLA
100
AcDbText
 10
437.0
 20
289.0
 30
0.0
 40
2.0
  1
C-1
  7
ARIAL
 41
0.85
 72
1
 11
437.0
 21
289.0
 31
0.0
100
AcDbText
 73
2
  0
TEXT
  5
3DF
330
A2
100
AcDbEntity
 67
1
  8
E-TABLA
100
AcDbText
 10
457.0
 20
289.0
 30
0.0
 40
2.0
  1
A-1 / N-2
  7
ARIAL
 41
0.85
 72
1
 11
457.0
 21
289.0
 31
0.0
100
AcDbText
 73
2
  0
TEXT
  5
3E0
330
A2
100
AcDbEntity
 67
1
  8
E-TABLA
100
AcDbText
 10
480.0
 20
289.0
 30
0.0
 40
2.0
  1
0.15
  7
ARIAL
 41
0.85
 72
1
 11
480.0
 21
289.0
 31
0.0
100
AcDbText
 73
2
  0
TEXT
  5
3E1
330
A2
100
AcDbEntity
 67
1
  8
E-TABLA
100
AcDbText
 10
500.0
 20
289.0
 30
0.0
 40
2.0
  1
0.15
  7
ARIAL
 41
0.85
 72
1
 11
500.0
 21
289.0
 31
0.0
100
AcDbText
 73
2
  0
TEXT
  5
3E2
330
A2
100
AcDbEntity
 67
1
  8
E-TABLA
100
AcDbText
 10
520.0
 20
289.0
 30
0.0
 40
2.0
  1
0.30
  7
ARIAL
 41
0.85
 72
1
 11
520.0
 21
289.0
 31
0.0
100
AcDbText
 73
2
  0
TEXT
  5
3E3
330
A2
100
AcDbEntity
 67
1
  8
E-TABLA
100
AcDbText
 10
540.0
 20
289.0
 30
0.0
 40
2.0
  1
0.30
  7
ARIAL
 41
0.85
 72
1
 11
540.0
 21
289.0
 31
0.0
100
AcDbText
 73
2
  0
TEXT
  5
3E4
330
A2
100
AcDbEntity
 67
1
  8
E-TABLA
100
AcDbText
 10
415.0
 20
283.0
 30
0.0
 40
2.0
  1
N-2/A-4
  7
ARIAL
 41
0.85
 72
1
 11
415.0
 21
283.0
 31
0.0
100
AcDbText
 73
2
  0
TEXT
  5
3E5
330
A2
100
AcDbEntity
 67
1
  8
E-TABLA
100
AcDbText
 10
437.0
 20
283.0
 30
0.0
 40
2.0
  1
C-1
  7
ARIAL
 41
0.85
 72
1
 11
437.0
 21
283.0
 31
0.0
100
AcDbText
 73
2
  0
TEXT
  5
3E6
330
A2
100
AcDbEntity
 67
1
  8
E-TABLA
100
AcDbText
 10
457.0
 20
283.0
 30
0.0
 40
2.0
  1
A-4 / N-2
  7
ARIAL
 41
0.85
 72
1
 11
457.0
 21
283.0
 31
0.0
100
AcDbText
 73
2
  0
TEXT
  5
3E7
330
A2
100
AcDbEntity
 67
1
  8
E-TABLA
100
AcDbText
 10
480.0
 20
283.0
 30
0.0
 40
2.0
  1
0.15
  7
ARIAL
 41
0.85
 72
1
 11
480.0
 21
283.0
 31
0.0
100
AcDbText
 73
2
  0
TEXT
  5
3E8
330
A2
100
AcDbEntity
 67
1
  8
E-TABLA
100
AcDbText
 10
500.0
 20
283.0
 30
0.0
 40
2.0
  1
0.15
  7
ARIAL
 41
0.85
 72
1
 11
500.0
 21
283.0
 31
0.0
100
AcDbText
 73
2
  0
TEXT
  5
3E9
330
A2
100
AcDbEntity
 67
1
  8
E-TABLA
100
AcDbText
 10
520.0
 20
283.0
 30
0.0
 40
2.0
  1
0.30
  7
ARIAL
 41
0.85
 72
1
 11
520.0
 21
283.0
 31
0.0
100
AcDbText
 73
2
  0
TEXT
  5
3EA
330
A2
100
AcDbEntity
 67
1
  8
E-TABLA
100
AcDbText
 10
540.0
 20
283.0
 30
0.0
 40
2.0
  1
0.30
  7
ARIAL
 41
0.85
 72
1
 11
540.0
 21
283.0
 31
0.0
100
AcDbText
 73
2
  0
TEXT
  5
3EB
330
A2
100
AcDbEntity
 67
1
  8
E-TABLA
100
AcDbText
 10
415.0
 20
277.0
 30
0.0
 40
2.0
  1
N-2/A-2
  7
ARIAL
 41
0.85
 72
1
 11
415.0
 21
277.0
 31
0.0
100
AcDbText
 73
2
  0
TEXT
  5
3EC
330
A2
100
AcDbEntity
 67
1
  8
E-TABLA
100
AcDbText
 10
437.0
 20
277.0
 30
0.0
 40
2.0
  1
C-1
  7
ARIAL
 41
0.85
 72
1
 11
437.0
 21
277.0
 31
0.0
100
AcDbText
 73
2
  0
TEXT
  5
3ED
330
A2
100
AcDbEntity
 67
1
  8
E-TABLA
100
AcDbText
 10
457.0
 20
277.0
 30
0.0
 40
2.0
  1
A-2 / N-2
  7
ARIAL
 41
0.85
 72
1
 11
457.0
 21
277.0
 31
0.0
100
AcDbText
 73
2
  0
TEXT
  5
3EE
330
A2
100
AcDbEntity
 67
1
  8
E-TABLA
100
AcDbText
 10
480.0
 20
277.0
 30
0.0
 40
2.0
  1
0.15
  7
ARIAL
 41
0.85
 72
1
 11
480.0
 21
277.0
 31
0.0
100
AcDbText
 73
2
  0
TEXT
  5
3EF
330
A2
100
AcDbEntity
 67
1
  8
E-TABLA
100
AcDbText
 10
500.0
 20
277.0
 30
0.0
 40
2.0
  1
0.15
  7
ARIAL
 41
0.85
 72
1
 11
500.0
 21
277.0
 31
0.0
100
AcDbText
 73
2
  0
TEXT
  5
3F0
330
A2
100
AcDbEntity
 67
1
  8
E-TABLA
100
AcDbText
 10
520.0
 20
277.0
 30
0.0
 40
2.0
  1
0.30
  7
ARIAL
 41
0.85
 72
1
 11
520.0
 21
277.0
 31
0.0
100
AcDbText
 73
2
  0
TEXT
  5
3F1
330
A2
100
AcDbEntity
 67
1
  8
E-TABLA
100
AcDbText
 10
540.0
 20
277.0
 30
0.0
 40
2.0
  1
0.30
  7
ARIAL
 41
0.85
 72
1
 11
540.0
 21
277.0
 31
0.0
100
AcDbText
 73
2
  0
TEXT
  5
3F2
330
A2
100
AcDbEntity
 67
1
  8
E-TABLA
100
AcDbText
 10
415.0
 20
271.0
 30
0.0
 40
2.0
  1
N-2/A-3
  7
ARIAL
 41
0.85
 72
1
 11
415.0
 21
271.0
 31
0.0
100
AcDbText
 73
2
  0
TEXT
  5
3F3
330
A2
100
AcDbEntity
 67
1
  8
E-TABLA
100
AcDbText
 10
437.0
 20
271.0
 30
0.0
 40
2.0
  1
C-1
  7
ARIAL
 41
0.85
 72
1
 11
437.0
 21
271.0
 31
0.0
100
AcDbText
 73
2
  0
TEXT
  5
3F4
330
A2
100
AcDbEntity
 67
1
  8
E-TABLA
100
AcDbText
 10
457.0
 20
271.0
 30
0.0
 40
2.0
  1
A-3 / N-2
  7
ARIAL
 41
0.85
 72
1
 11
457.0
 21
271.0
 31
0.0
100
AcDbText
 73
2
  0
TEXT
  5
3F5
330
A2
100
AcDbEntity
 67
1
  8
E-TABLA
100
AcDbText
 10
480.0
 20
271.0
 30
0.0
 40
2.0
  1
0.15
  7
ARIAL
 41
0.85
 72
1
 11
480.0
 21
271.0
 31
0.0
100
AcDbText
 73
2
  0
TEXT
  5
3F6
330
A2
100
AcDbEntity
 67
1
  8
E-TABLA
100
AcDbText
 10
500.0
 20
271.0
 30
0.0
 40
2.0
  1
0.15
  7
ARIAL
 41
0.85
 72
1
 11
500.0
 21
271.0
 31
0.0
100
AcDbText
 73
2
  0
TEXT
  5
3F7
330
A2
100
AcDbEntity
 67
1
  8
E-TABLA
100
AcDbText
 10
520.0
 20
271.0
 30
0.0
 40
2.0
  1
0.30
  7
ARIAL
 41
0.85
 72
1
 11
520.0
 21
271.0
 31
0.0
100
AcDbText
 73
2
  0
TEXT
  5
3F8
330
A2
100
AcDbEntity
 67
1
  8
E-TABLA
100
AcDbText
 10
540.0
 20
271.0
 30
0.0
 40
2.0
  1
0.30
  7
ARIAL
 41
0.85
 72
1
 11
540.0
 21
271.0
 31
0.0
100
AcDbText
 73
2
  0
TEXT
  5
3F9
330
A2
100
AcDbEntity
 67
1
  8
E-TABLA
100
AcDbText
 10
415.0
 20
265.0
 30
0.0
 40
2.0
  1
N-3/A-1
  7
ARIAL
 41
0.85
 72
1
 11
415.0
 21
265.0
 31
0.0
100
AcDbText
 73
2
  0
TEXT
  5
3FA
330
A2
100
AcDbEntity
 67
1
  8
E-TABLA
100
AcDbText
 10
437.0
 20
265.0
 30
0.0
 40
2.0
  1
C-2
  7
ARIAL
 41
0.85
 72
1
 11
437.0
 21
265.0
 31
0.0
100
AcDbText
 73
2
  0
TEXT
  5
3FB
330
A2
100
AcDbEntity
 67
1
  8
E-TABLA
100
AcDbText
 10
457.0
 20
265.0
 30
0.0
 40
2.0
  1
A-1 / N-3
  7
ARIAL
 41
0.85
 72
1
 11
457.0
 21
265.0
 31
0.0
100
AcDbText
 73
2
  0
TEXT
  5
3FC
330
A2
100
AcDbEntity
 67
1
  8
E-TABLA
100
AcDbText
 10
480.0
 20
265.0
 30
0.0
 40
2.0
  1
0.15
  7
ARIAL
 41
0.85
 72
1
 11
480.0
 21
265.0
 31
0.0
100
AcDbText
 73
2
  0
TEXT
  5
3FD
330
A2
100
AcDbEntity
 67
1
  8
E-TABLA
100
AcDbText
 10
500.0
 20
265.0
 30
0.0
 40
2.0
  1
0.45
  7
ARIAL
 41
0.85
 72
1
 11
500.0
 21
265.0
 31
0.0
100
AcDbText
 73
2
  0
TEXT
  5
3FE
330
A2
100
AcDbEntity
 67
1
  8
E-TABLA
100
AcDbText
 10
520.0
 20
265.0
 30
0.0
 40
2.0
  1
0.15
  7
ARIAL
 41
0.85
 72
1
 11
520.0
 21
265.0
 31
0.0
100
AcDbText
 73
2
  0
TEXT
  5
3FF
330
A2
100
AcDbEntity
 67
1
  8
E-TABLA
100
AcDbText
 10
540.0
 20
265.0
 30
0.0
 40
2.0
  1
0.45
  7
ARIAL
 41
0.85
 72
1
 11
540.0
 21
265.0
 31
0.0
100
AcDbText
 73
2
  0
TEXT
  5
400
330
A2
100
AcDbEntity
 67
1
  8
E-TABLA
100
AcDbText
 10
415.0
 20
259.0
 30
0.0
 40
2.0
  1
N-3/A-4
  7
ARIAL
 41
0.85
 72
1
 11
415.0
 21
259.0
 31
0.0
100
AcDbText
 73
2
  0
TEXT
  5
401
330
A2
100
AcDbEntity
 67
1
  8
E-TABLA
100
AcDbText
 10
437.0
 20
259.0
 30
0.0
 40
2.0
  1
C-1
  7
ARIAL
 41
0.85
 72
1
 11
437.0
 21
259.0
 31
0.0
100
AcDbText
 73
2
  0
TEXT
  5
402
330
A2
100
AcDbEntity
 67
1
  8
E-TABLA
100
AcDbText
 10
457.0
 20
259.0
 30
0.0
 40
2.0
  1
A-4 / N-3
  7
ARIAL
 41
0.85
 72
1
 11
457.0
 21
259.0
 31
0.0
100
AcDbText
 73
2
  0
TEXT
  5
403
330
A2
100
AcDbEntity
 67
1
  8
E-TABLA
100
AcDbText
 10
480.0
 20
259.0
 30
0.0
 40
2.0
  1
0.30
  7
ARIAL
 41
0.85
 72
1
 11
480.0
 21
259.0
 31
0.0
100
AcDbText
 73
2
  0
TEXT
  5
404
330
A2
100
AcDbEntity
 67
1
  8
E-TABLA
100
AcDbText
 10
500.0
 20
259.0
 30
0.0
 40
2.0
  1
0.30
  7
ARIAL
 41
0.85
 72
1
 11
500.0
 21
259.0
 31
0.0
100
AcDbText
 73
2
  0
TEXT
  5
405
330
A2
100
AcDbEntity
 67
1
  8
E-TABLA
100
AcDbText
 10
520.0
 20
259.0
 30
0.0
 40
2.0
  1
0.15
  7
ARIAL
 41
0.85
 72
1
 11
520.0
 21
259.0
 31
0.0
100
AcDbText
 73
2
  0
TEXT
  5
406
330
A2
100
AcDbEntity
 67
1
  8
E-TABLA
100
AcDbText
 10
540.0
 20
259.0
 30
0.0
 40
2.0
  1
0.15
  7
ARIAL
 41
0.85
 72
1
 11
540.0
 21
259.0
 31
0.0
100
AcDbText
 73
2
  0
TEXT
  5
407
330
A2
100
AcDbEntity
 67
1
  8
E-TABLA
100
AcDbText
 10
415.0
 20
253.0
 30
0.0
 40
2.0
  1
N-3/A-2
  7
ARIAL
 41
0.85
 72
1
 11
415.0
 21
253.0
 31
0.0
100
AcDbText
 73
2
  0
TEXT
  5
408
330
A2
100
AcDbEntity
 67
1
  8
E-TABLA
100
AcDbText
 10
437.0
 20
253.0
 30
0.0
 40
2.0
  1
C-1
  7
ARIAL
 41
0.85
 72
1
 11
437.0
 21
253.0
 31
0.0
100
AcDbText
 73
2
  0
TEXT
  5
409
330
A2
100
AcDbEntity
 67
1
  8
E-TABLA
100
AcDbText
 10
457.0
 20
253.0
 30
0.0
 40
2.0
  1
A-2 / N-3
  7
ARIAL
 41
0.85
 72
1
 11
457.0
 21
253.0
 31
0.0
100
AcDbText
 73
2
  0
TEXT
  5
40A
330
A2
100
AcDbEntity
 67
1
  8
E-TABLA
100
AcDbText
 10
480.0
 20
253.0
 30
0.0
 40
2.0
  1
0.30
  7
ARIAL
 41
0.85
 72
1
 11
480.0
 21
253.0
 31
0.0
100
AcDbText
 73
2
  0
TEXT
  5
40B
330
A2
100
AcDbEntity
 67
1
  8
E-TABLA
100
AcDbText
 10
500.0
 20
253.0
 30
0.0
 40
2.0
  1
0.30
  7
ARIAL
 41
0.85
 72
1
 11
500.0
 21
253.0
 31
0.0
100
AcDbText
 73
2
  0
TEXT
  5
40C
330
A2
100
AcDbEntity
 67
1
  8
E-TABLA
100
AcDbText
 10
520.0
 20
253.0
 30
0.0
 40
2.0
  1
0.15
  7
ARIAL
 41
0.85
 72
1
 11
520.0
 21
253.0
 31
0.0
100
AcDbText
 73
2
  0
TEXT
  5
40D
330
A2
100
AcDbEntity
 67
1
  8
E-TABLA
100
AcDbText
 10
540.0
 20
253.0
 30
0.0
 40
2.0
  1
0.15
  7
ARIAL
 41
0.85
 72
1
 11
540.0
 21
253.0
 31
0.0
100
AcDbText
 73
2
  0
TEXT
  5
40E
330
A2
100
AcDbEntity
 67
1
  8
E-TABLA
100
AcDbText
 10
415.0
 20
247.0
 30
0.0
 40
2.0
  1
N-3/A-3
  7
ARIAL
 41
0.85
 72
1
 11
415.0
 21
247.0
 31
0.0
100
AcDbText
 73
2
  0
TEXT
  5
40F
330
A2
100
AcDbEntity
 67
1
  8
E-TABLA
100
AcDbText
 10
437.0
 20
247.0
 30
0.0
 40
2.0
  1
C-2
  7
ARIAL
 41
0.85
 72
1
 11
437.0
 21
247.0
 31
0.0
100
AcDbText
 73
2
  0
TEXT
  5
410
330
A2
100
AcDbEntity
 67
1
  8
E-TABLA
100
AcDbText
 10
457.0
 20
247.0
 30
0.0
 40
2.0
  1
A-3 / N-3
  7
ARIAL
 41
0.85
 72
1
 11
457.0
 21
247.0
 31
0.0
100
AcDbText
 73
2
  0
TEXT
  5
411
330
A2
100
AcDbEntity
 67
1
  8
E-TABLA
100
AcDbText
 10
480.0
 20
247.0
 30
0.0
 40
2.0
  1
0.45
  7
ARIAL
 41
0.85
 72
1
 11
480.0
 21
247.0
 31
0.0
100
AcDbText
 73
2
  0
TEXT
  5
412
330
A2
100
AcDbEntity
 67
1
  8
E-TABLA
100
AcDbText
 10
500.0
 20
247.0
 30
0.0
 40
2.0
  1
0.15
  7
ARIAL
 41
0.85
 72
1
 11
500.0
 21
247.0
 31
0.0
100
AcDbText
 73
2
  0
TEXT
  5
413
330
A2
100
AcDbEntity
 67
1
  8
E-TABLA
100
AcDbText
 10
520.0
 20
247.0
 30
0.0
 40
2.0
  1
0.15
  7
ARIAL
 41
0.85
 72
1
 11
520.0
 21
247.0
 31
0.0
100
AcDbText
 73
2
  0
TEXT
  5
414
330
A2
100
AcDbEntity
 67
1
  8
E-TABLA
100
AcDbText
 10
540.0
 20
247.0
 30
0.0
 40
2.0
  1
0.45
  7
ARIAL
 41
0.85
 72
1
 11
540.0
 21
247.0
 31
0.0
100
AcDbText
 73
2
  0
TEXT
  5
415
330
A2
100
AcDbEntity
 67
1
  8
E-TABLA
100
AcDbText
 10
415.0
 20
241.0
 30
0.0
 40
2.0
  1
ESQUINA_A2
  7
ARIAL
 41
0.85
 72
1
 11
415.0
 21
241.0
 31
0.0
100
AcDbText
 73
2
  0
TEXT
  5
416
330
A2
100
AcDbEntity
 67
1
  8
E-TABLA
100
AcDbText
 10
437.0
 20
241.0
 30
0.0
 40
2.0
  1
C-1
  7
ARIAL
 41
0.85
 72
1
 11
437.0
 21
241.0
 31
0.0
100
AcDbText
 73
2
  0
TEXT
  5
417
330
A2
100
AcDbEntity
 67
1
  8
E-TABLA
100
AcDbText
 10
457.0
 20
241.0
 30
0.0
 40
2.0
  1
A-2 / N-4
  7
ARIAL
 41
0.85
 72
1
 11
457.0
 21
241.0
 31
0.0
100
AcDbText
 73
2
  0
TEXT
  5
418
330
A2
100
AcDbEntity
 67
1
  8
E-TABLA
100
AcDbText
 10
480.0
 20
241.0
 30
0.0
 40
2.0
  1
0.30
  7
ARIAL
 41
0.85
 72
1
 11
480.0
 21
241.0
 31
0.0
100
AcDbText
 73
2
  0
TEXT
  5
419
330
A2
100
AcDbEntity
 67
1
  8
E-TABLA
100
AcDbText
 10
500.0
 20
241.0
 30
0.0
 40
2.0
  1
0.30
  7
ARIAL
 41
0.85
 72
1
 11
500.0
 21
241.0
 31
0.0
100
AcDbText
 73
2
  0
TEXT
  5
41A
330
A2
100
AcDbEntity
 67
1
  8
E-TABLA
100
AcDbText
 10
520.0
 20
241.0
 30
0.0
 40
2.0
  1
0.15
  7
ARIAL
 41
0.85
 72
1
 11
520.0
 21
241.0
 31
0.0
100
AcDbText
 73
2
  0
TEXT
  5
41B
330
A2
100
AcDbEntity
 67
1
  8
E-TABLA
100
AcDbText
 10
540.0
 20
241.0
 30
0.0
 40
2.0
  1
0.15
  7
ARIAL
 41
0.85
 72
1
 11
540.0
 21
241.0
 31
0.0
100
AcDbText
 73
2
  0
TEXT
  5
41C
330
A2
100
AcDbEntity
 67
1
  8
E-TABLA
100
AcDbText
 10
415.0
 20
235.0
 30
0.0
 40
2.0
  1
ESQUINA_A3
  7
ARIAL
 41
0.85
 72
1
 11
415.0
 21
235.0
 31
0.0
100
AcDbText
 73
2
  0
TEXT
  5
41D
330
A2
100
AcDbEntity
 67
1
  8
E-TABLA
100
AcDbText
 10
437.0
 20
235.0
 30
0.0
 40
2.0
  1
C-1
  7
ARIAL
 41
0.85
 72
1
 11
437.0
 21
235.0
 31
0.0
100
AcDbText
 73
2
  0
TEXT
  5
41E
330
A2
100
AcDbEntity
 67
1
  8
E-TABLA
100
AcDbText
 10
457.0
 20
235.0
 30
0.0
 40
2.0
  1
A-3 / N-4
  7
ARIAL
 41
0.85
 72
1
 11
457.0
 21
235.0
 31
0.0
100
AcDbText
 73
2
  0
TEXT
  5
41F
330
A2
100
AcDbEntity
 67
1
  8
E-TABLA
100
AcDbText
 10
480.0
 20
235.0
 30
0.0
 40
2.0
  1
0.45
  7
ARIAL
 41
0.85
 72
1
 11
480.0
 21
235.0
 31
0.0
100
AcDbText
 73
2
  0
TEXT
  5
420
330
A2
100
AcDbEntity
 67
1
  8
E-TABLA
100
AcDbText
 10
500.0
 20
235.0
 30
0.0
 40
2.0
  1
0.15
  7
ARIAL
 41
0.85
 72
1
 11
500.0
 21
235.0
 31
0.0
100
AcDbText
 73
2
  0
TEXT
  5
421
330
A2
100
AcDbEntity
 67
1
  8
E-TABLA
100
AcDbText
 10
520.0
 20
235.0
 30
0.0
 40
2.0
  1
0.15
  7
ARIAL
 41
0.85
 72
1
 11
520.0
 21
235.0
 31
0.0
100
AcDbText
 73
2
  0
TEXT
  5
422
330
A2
100
AcDbEntity
 67
1
  8
E-TABLA
100
AcDbText
 10
540.0
 20
235.0
 30
0.0
 40
2.0
  1
0.15
  7
ARIAL
 41
0.85
 72
1
 11
540.0
 21
235.0
 31
0.0
100
AcDbText
 73
2
  0
TEXT
  5
423
330
A2
100
AcDbEntity
 67
1
  8
E-TITULO
100
AcDbText
 10
400.0
 20
324.0
 30
0.0
 40
3.0
  1
CUADRO DE REPLANTEO: distancia de cada cara al eje (m)
  7
ARIAL
 41
0.9
 11
400.0
 21
324.0
 31
0.0
100
AcDbText
 73
1
  0
TEXT
  5
424
330
A2
100
AcDbEntity
 67
1
  8
E-TEXTO
100
AcDbText
 10
400.0
 20
228.0
 30
0.0
 40
1.9
  1
X a lo largo de los ejes N (hacia A-3); Y a lo largo de los ejes A (hacia N-1).
  7
ARIAL
 41
0.9
 11
400.0
 21
228.0
 31
0.0
100
AcDbText
 73
1
  0
TEXT
  5
425
330
A2
100
AcDbEntity
 67
1
  8
E-TITULO
100
AcDbText
 10
180.0
 20
205.0
 30
0.0
 40
2.4
  1
NOTAS
  7
ARIAL
 41
0.9
 11
180.0
 21
205.0
 31
0.0
100
AcDbText
 73
1
  0
TEXT
  5
426
330
A2
100
AcDbEntity
 67
1
  8
E-TEXTO
100
AcDbText
 10
180.0
 20
200.8
 30
0.0
 40
2.0
  1
1. Replanteo según cuadro (caras de cada columna a sus ejes, en metros). Columnas iguales en todos los niveles.
  7
ARIAL
 41
0.9
 11
180.0
 21
200.8
 31
0.0
100
AcDbText
 73
1
  0
TEXT
  5
427
330
A2
100
AcDbEntity
 67
1
  8
E-TEXTO
100
AcDbText
 10
180.0
 20
196.6
 30
0.0
 40
2.0
  1
2. Ejes según modelo: el orden en planta es A-1, A-4, A-2, A-3 (no correlativo).
  7
ARIAL
 41
0.9
 11
180.0
 21
196.6
 31
0.0
100
AcDbText
 73
1
  0
TEXT
  5
428
330
A2
100
AcDbEntity
 67
1
  8
E-TEXTO
100
AcDbText
 10
180.0
 20
192.4
 30
0.0
 40
2.0
  1
3. Columnas de escalera (eje N-4) sobre zapatas Z-1: ver E-01 y E-09.
  7
ARIAL
 41
0.9
 11
180.0
 21
192.4
 31
0.0
100
AcDbText
 73
1
  0
TEXT
  5
429
330
A2
100
AcDbEntity
 67
1
  8
E-TEXTO
100
AcDbText
 10
180.0
 20
188.2
 30
0.0
 40
2.0
  1
4. Límite de propiedad según modelo; las zapatas y columnas de N-4 lo sobrepasan: verificar con el levantamiento.
  7
ARIAL
 41
0.9
 11
180.0
 21
188.2
 31
0.0
100
AcDbText
 73
1
  0
LWPOLYLINE
  5
42A
330
A2
100
AcDbEntity
 67
1
  8
E-MARCO
370
50
100
AcDbPolyline
 90
4
 70
1
 10
631.0
 20
10.0
 10
831.0
 20
10.0
 10
831.0
 20
72.0
 10
631.0
 20
72.0
  0
LINE
  5
42B
330
A2
100
AcDbEntity
 67
1
  8
E-MARCO
370
25
100
AcDbLine
 10
631.0
 20
54.0
 30
0.0
 11
831.0
 21
54.0
 31
0.0
  0
LINE
  5
42C
330
A2
100
AcDbEntity
 67
1
  8
E-MARCO
370
25
100
AcDbLine
 10
631.0
 20
40.0
 30
0.0
 11
831.0
 21
40.0
 31
0.0
  0
LINE
  5
42D
330
A2
100
AcDbEntity
 67
1
  8
E-MARCO
370
25
100
AcDbLine
 10
631.0
 20
28.0
 30
0.0
 11
831.0
 21
28.0
 31
0.0
  0
LINE
  5
42E
330
A2
100
AcDbEntity
 67
1
  8
E-MARCO
370
25
100
AcDbLine
 10
781.0
 20
10.0
 30
0.0
 11
781.0
 21
40.0
 31
0.0
  0
LINE
  5
42F
330
A2
100
AcDbEntity
 67
1
  8
E-MARCO
370
25
100
AcDbLine
 10
706.0
 20
10.0
 30
0.0
 11
706.0
 21
28.0
 31
0.0
  0
TEXT
  5
430
330
A2
100
AcDbEntity
 67
1
  8
E-TEXTO
100
AcDbText
 10
633.0
 20
68.0
 30
0.0
 40
1.8
  1
PROYECTO:
  7
ARIAL
 41
0.9
 11
633.0
 21
68.0
 31
0.0
100
AcDbText
 73
1
  0
TEXT
  5
431
330
A2
100
AcDbEntity
 67
1
  8
E-TITULO
100
AcDbText
 10
633.0
 20
61.0
 30
0.0
 40
3.6
  1
CASA SAN JERÓNIMO - REDISEÑO ESTRUCTURAL 4 x 3
  7
ARIAL
 41
0.9
 11
633.0
 21
61.0
 31
0.0
100
AcDbText
 73
1
  0
TEXT
  5
432
330
A2
100
AcDbEntity
 67
1
  8
E-TEXTO
100
AcDbText
 10
633.0
 20
56.0
 30
0.0
 40
2.0
  1
5 niveles (Cimentación -2.00, N1 ±0.00 ... N5 +11.00)
  7
ARIAL
 41
0.9
 11
633.0
 21
56.0
 31
0.0
100
AcDbText
 73
1
  0
TEXT
  5
433
330
A2
100
AcDbEntity
 67
1
  8
E-TEXTO
100
AcDbText
 10
633.0
 20
49.5
 30
0.0
 40
2.2
  1
ESPECIALIDAD: ESTRUCTURAS
  7
ARIAL
 41
0.9
 11
633.0
 21
49.5
 31
0.0
100
AcDbText
 73
1
  0
TEXT
  5
434
330
A2
100
AcDbEntity
 67
1
  8
E-TITULO
100
AcDbText
 10
633.0
 20
45.0
 30
0.0
 40
2.6
  1
PLANTA DE COLUMNAS (REPLANTEO)
  7
ARIAL
 41
0.9
 11
633.0
 21
45.0
 31
0.0
100
AcDbText
 73
1
  0
TEXT
  5
435
330
A2
100
AcDbEntity
 67
1
  8
E-TITULO
100
AcDbText
 10
633.0
 20
41.5
 30
0.0
 40
2.6
  1
Y CORTES GENERALES
  7
ARIAL
 41
0.9
 11
633.0
 21
41.5
 31
0.0
100
AcDbText
 73
1
  0
TEXT
  5
436
330
A2
100
AcDbEntity
 67
1
  8
E-TEXTO
100
AcDbText
 10
806.0
 20
36.0
 30
0.0
 40
2.0
  1
LÁMINA
  7
ARIAL
 41
0.9
 72
1
 11
806.0
 21
36.0
 31
0.0
100
AcDbText
 73
1
  0
TEXT
  5
437
330
A2
100
AcDbEntity
 67
1
  8
E-TITULO
100
AcDbText
 10
806.0
 20
20.0
 30
0.0
 40
11.0
  1
E-02
  7
ARIAL
 41
0.9
 72
1
 11
806.0
 21
20.0
 31
0.0
100
AcDbText
 73
1
  0
TEXT
  5
438
330
A2
100
AcDbEntity
 67
1
  8
E-TEXTO
100
AcDbText
 10
633.0
 20
34.0
 30
0.0
 40
2.0
  1
ESCALA: INDICADA
  7
ARIAL
 41
0.9
 11
633.0
 21
34.0
 31
0.0
100
AcDbText
 73
1
  0
TEXT
  5
439
330
A2
100
AcDbEntity
 67
1
  8
E-TEXTO
100
AcDbText
 10
633.0
 20
30.0
 30
0.0
 40
2.0
  1
FECHA: SET. 2026
  7
ARIAL
 41
0.9
 11
633.0
 21
30.0
 31
0.0
100
AcDbText
 73
1
  0
TEXT
  5
43A
330
A2
100
AcDbEntity
 67
1
  8
E-TEXTO
100
AcDbText
 10
708.0
 20
34.0
 30
0.0
 40
2.0
  1
FUENTE: modelo IFC 'Proyect sj.ifc'
  7
ARIAL
 41
0.9
 11
708.0
 21
34.0
 31
0.0
100
AcDbText
 73
1
  0
TEXT
  5
43B
330
A2
100
AcDbEntity
 67
1
  8
E-TEXTO
100
AcDbText
 10
708.0
 20
30.0
 30
0.0
 40
2.0
  1
(Revit 2027, IFC4, 26-09-2026)
  7
ARIAL
 41
0.9
 11
708.0
 21
30.0
 31
0.0
100
AcDbText
 73
1
  0
TEXT
  5
43C
330
A2
100
AcDbEntity
 67
1
  8
E-TEXTO
100
AcDbText
 10
633.0
 20
23.0
 30
0.0
 40
1.8
  1
PROFESIONAL RESPONSABLE:
  7
ARIAL
 41
0.9
 11
633.0
 21
23.0
 31
0.0
100
AcDbText
 73
1
  0
TEXT
  5
43D
330
A2
100
AcDbEntity
 67
1
  8
E-TEXTO
100
AcDbText
 10
633.0
 20
14.0
 30
0.0
 40
2.0
  1
_______________________  CIP ______
  7
ARIAL
 41
0.9
 11
633.0
 21
14.0
 31
0.0
100
AcDbText
 73
1
  0
TEXT
  5
43E
330
A2
100
AcDbEntity
 67
1
  8
E-TEXTO
100
AcDbText
 10
708.0
 20
23.0
 30
0.0
 40
1.8
  1
REVISÓ:
  7
ARIAL
 41
0.9
 11
708.0
 21
23.0
 31
0.0
100
AcDbText
 73
1
  0
TEXT
  5
43F
330
A2
100
AcDbEntity
 67
1
  8
E-TEXTO
100
AcDbText
 10
708.0
 20
14.0
 30
0.0
 40
2.0
  1
_______________________
  7
ARIAL
 41
0.9
 11
708.0
 21
14.0
 31
0.0
100
AcDbText
 73
1
  0
ENDBLK
  5
A4
330
A2
100
AcDbEntity
  8
0
100
AcDbBlockEnd
  0
BLOCK
  5
F9
330
F8
100
AcDbEntity
  8
0
100
AcDbBlockBegin
  2
*D1
 70
1
 10
0.0
 20
0.0
 30
0.0
  3
*D1
  1

  0
LINE
  5
FB
330
F8
100
AcDbEntity
  8
0
 62
7
370
13
100
AcDbLine
 10
-0.14999999545551457
 20
10.204957989678155
 30
0.0
 11
-0.14999999545551457
 21
10.81
 31
0.0
  0
LINE
  5
FC
330
F8
100
AcDbEntity
  8
0
 62
7
370
13
100
AcDbLine
 10
2.519676044985892e-14
 20
10.204957989678155
 30
0.0
 11
2.519676044985892e-14
 21
10.81
 31
0.0
  0
INSERT
  5
101
330
F8
100
AcDbEntity
  8
E-COTA
 62
7
100
AcDbBlockReference
  2
_OBLIQUE
 10
-0.14999999545551457
 20
10.75
 30
0.0
 41
0.1
 42
0.1
  0
INSERT
  5
103
330
F8
100
AcDbEntity
  8
E-COTA
 62
7
100
AcDbBlockReference
  2
_OBLIQUE
 10
2.519676044985892e-14
 20
10.75
 30
0.0
 41
0.1
 42
0.1
  0
LINE
  5
105
330
F8
100
AcDbEntity
  8
0
 62
7
370
13
100
AcDbLine
 10
-0.14999999545551457
 20
10.75
 30
0.0
 11
2.519676044985892e-14
 21
10.75
 31
0.0
  0
MTEXT
  5
106
330
F8
100
AcDbEntity
  8
E-COTA
 62
7
100
AcDbMText
 10
-0.07499999772774468
 20
10.885
 30
0.0
 40
0.09000000000000001
 71
5
  1
0.15
  7
ARIAL
  0
POINT
  5
107
330
F8
100
AcDbEntity
  8
Defpoints
100
AcDbPoint
 10
-0.14999999545551457
 20
10.75
 30
0.0
  0
POINT
  5
108
330
F8
100
AcDbEntity
  8
Defpoints
100
AcDbPoint
 10
-0.14999999545551457
 20
10.164957989678156
 30
0.0
  0
POINT
  5
109
330
F8
100
AcDbEntity
  8
Defpoints
100
AcDbPoint
 10
2.519676044985892e-14
 20
10.164957989678156
 30
0.0
  0
ENDBLK
  5
FA
330
F8
100
AcDbEntity
  8
0
100
AcDbBlockEnd
  0
BLOCK
  5
FE
330
FD
100
AcDbEntity
  8
0
100
AcDbBlockBegin
  2
_OBLIQUE
 70
0
 10
0.0
 20
0.0
 30
0.0
  3
_OBLIQUE
  1

  0
LINE
  5
100
330
FD
100
AcDbEntity
  8
0
  6
BYBLOCK
 62
0
100
AcDbLine
 10
-0.5
 20
-0.5
 30
0.0
 11
0.5
 21
0.5
 31
0.0
  0
ENDBLK
  5
FF
330
FD
100
AcDbEntity
  8
0
100
AcDbBlockEnd
  0
BLOCK
  5
10C
330
10B
100
AcDbEntity
  8
0
100
AcDbBlockBegin
  2
*D2
 70
1
 10
0.0
 20
0.0
 30
0.0
  3
*D2
  1

  0
LINE
  5
10E
330
10B
100
AcDbEntity
  8
0
 62
7
370
13
100
AcDbLine
 10
2.519676044985892e-14
 20
10.204957989678155
 30
0.0
 11
2.519676044985892e-14
 21
10.81
 31
0.0
  0
LINE
  5
10F
330
10B
100
AcDbEntity
  8
0
 62
7
370
13
100
AcDbLine
 10
3.200000000000016
 20
10.204957989678155
 30
0.0
 11
3.200000000000016
 21
10.81
 31
0.0
  0
INSERT
  5
110
330
10B
100
AcDbEntity
  8
E-COTA
 62
7
100
AcDbBlockReference
  2
_OBLIQUE
 10
2.519676044985892e-14
 20
10.75
 30
0.0
 41
0.1
 42
0.1
  0
INSERT
  5
112
330
10B
100
AcDbEntity
  8
E-COTA
 62
7
100
AcDbBlockReference
  2
_OBLIQUE
 10
3.200000000000016
 20
10.75
 30
0.0
 41
0.1
 42
0.1
  0
LINE
  5
114
330
10B
100
AcDbEntity
  8
0
 62
7
370
13
100
AcDbLine
 10
2.519676044985892e-14
 20
10.75
 30
0.0
 11
3.200000000000016
 21
10.75
 31
0.0
  0
MTEXT
  5
115
330
10B
100
AcDbEntity
  8
E-COTA
 62
7
100
AcDbMText
 10
1.6000000000000205
 20
10.825
 30
0.0
 40
0.09000000000000001
 71
5
  1
3.20
  7
ARIAL
  0
POINT
  5
116
330
10B
100
AcDbEntity
  8
Defpoints
100
AcDbPoint
 10
2.519676044985892e-14
 20
10.75
 30
0.0
  0
POINT
  5
117
330
10B
100
AcDbEntity
  8
Defpoints
100
AcDbPoint
 10
2.519676044985892e-14
 20
10.164957989678156
 30
0.0
  0
POINT
  5
118
330
10B
100
AcDbEntity
  8
Defpoints
100
AcDbPoint
 10
3.200000000000016
 20
10.164957989678156
 30
0.0
  0
ENDBLK
  5
10D
330
10B
100
AcDbEntity
  8
0
100
AcDbBlockEnd
  0
BLOCK
  5
11B
330
11A
100
AcDbEntity
  8
0
100
AcDbBlockBegin
  2
*D3
 70
1
 10
0.0
 20
0.0
 30
0.0
  3
*D3
  1

  0
LINE
  5
11D
330
11A
100
AcDbEntity
  8
0
 62
7
370
13
100
AcDbLine
 10
3.200000000000016
 20
10.204957989678155
 30
0.0
 11
3.200000000000016
 21
10.81
 31
0.0
  0
LINE
  5
11E
330
11A
100
AcDbEntity
  8
0
 62
7
370
13
100
AcDbLine
 10
6.3999999999999595
 20
10.204957989678155
 30
0.0
 11
6.3999999999999595
 21
10.81
 31
0.0
  0
INSERT
  5
11F
330
11A
100
AcDbEntity
  8
E-COTA
 62
7
100
AcDbBlockReference
  2
_OBLIQUE
 10
3.200000000000016
 20
10.75
 30
0.0
 41
0.1
 42
0.1
  0
INSERT
  5
121
330
11A
100
AcDbEntity
  8
E-COTA
 62
7
100
AcDbBlockReference
  2
_OBLIQUE
 10
6.3999999999999595
 20
10.75
 30
0.0
 41
0.1
 42
0.1
  0
LINE
  5
123
330
11A
100
AcDbEntity
  8
0
 62
7
370
13
100
AcDbLine
 10
3.200000000000016
 20
10.75
 30
0.0
 11
6.3999999999999595
 21
10.75
 31
0.0
  0
MTEXT
  5
124
330
11A
100
AcDbEntity
  8
E-COTA
 62
7
100
AcDbMText
 10
4.799999999999988
 20
10.825
 30
0.0
 40
0.09000000000000001
 71
5
  1
3.20
  7
ARIAL
  0
POINT
  5
125
330
11A
100
AcDbEntity
  8
Defpoints
100
AcDbPoint
 10
3.200000000000016
 20
10.75
 30
0.0
  0
POINT
  5
126
330
11A
100
AcDbEntity
  8
Defpoints
100
AcDbPoint
 10
3.200000000000016
 20
10.164957989678156
 30
0.0
  0
POINT
  5
127
330
11A
100
AcDbEntity
  8
Defpoints
100
AcDbPoint
 10
6.3999999999999595
 20
10.164957989678156
 30
0.0
  0
ENDBLK
  5
11C
330
11A
100
AcDbEntity
  8
0
100
AcDbBlockEnd
  0
BLOCK
  5
12A
330
129
100
AcDbEntity
  8
0
100
AcDbBlockBegin
  2
*D4
 70
1
 10
0.0
 20
0.0
 30
0.0
  3
*D4
  1

  0
LINE
  5
12C
330
129
100
AcDbEntity
  8
0
 62
7
370
13
100
AcDbLine
 10
6.3999999999999595
 20
10.204957989678155
 30
0.0
 11
6.3999999999999595
 21
10.81
 31
0.0
  0
LINE
  5
12D
330
129
100
AcDbEntity
  8
0
 62
7
370
13
100
AcDbLine
 10
9.999999999999954
 20
10.204957989678155
 30
0.0
 11
9.999999999999954
 21
10.81
 31
0.0
  0
INSERT
  5
12E
330
129
100
AcDbEntity
  8
E-COTA
 62
7
100
AcDbBlockReference
  2
_OBLIQUE
 10
6.3999999999999595
 20
10.75
 30
0.0
 41
0.1
 42
0.1
  0
INSERT
  5
130
330
129
100
AcDbEntity
  8
E-COTA
 62
7
100
AcDbBlockReference
  2
_OBLIQUE
 10
9.999999999999954
 20
10.75
 30
0.0
 41
0.1
 42
0.1
  0
LINE
  5
132
330
129
100
AcDbEntity
  8
0
 62
7
370
13
100
AcDbLine
 10
6.3999999999999595
 20
10.75
 30
0.0
 11
9.999999999999954
 21
10.75
 31
0.0
  0
MTEXT
  5
133
330
129
100
AcDbEntity
  8
E-COTA
 62
7
100
AcDbMText
 10
8.199999999999957
 20
10.825
 30
0.0
 40
0.09000000000000001
 71
5
  1
3.60
  7
ARIAL
  0
POINT
  5
134
330
129
100
AcDbEntity
  8
Defpoints
100
AcDbPoint
 10
6.3999999999999595
 20
10.75
 30
0.0
  0
POINT
  5
135
330
129
100
AcDbEntity
  8
Defpoints
100
AcDbPoint
 10
6.3999999999999595
 20
10.164957989678156
 30
0.0
  0
POINT
  5
136
330
129
100
AcDbEntity
  8
Defpoints
100
AcDbPoint
 10
9.999999999999954
 20
10.164957989678156
 30
0.0
  0
ENDBLK
  5
12B
330
129
100
AcDbEntity
  8
0
100
AcDbBlockEnd
  0
BLOCK
  5
139
330
138
100
AcDbEntity
  8
0
100
AcDbBlockBegin
  2
*D5
 70
1
 10
0.0
 20
0.0
 30
0.0
  3
*D5
  1

  0
LINE
  5
13B
330
138
100
AcDbEntity
  8
0
 62
7
370
13
100
AcDbLine
 10
9.999999999999954
 20
10.204957989678155
 30
0.0
 11
9.999999999999954
 21
10.81
 31
0.0
  0
LINE
  5
13C
330
138
100
AcDbEntity
  8
0
 62
7
370
13
100
AcDbLine
 10
10.149999608025322
 20
10.204957989678155
 30
0.0
 11
10.149999608025322
 21
10.81
 31
0.0
  0
INSERT
  5
13D
330
138
100
AcDbEntity
  8
E-COTA
 62
7
100
AcDbBlockReference
  2
_OBLIQUE
 10
9.999999999999954
 20
10.75
 30
0.0
 41
0.1
 42
0.1
  0
INSERT
  5
13F
330
138
100
AcDbEntity
  8
E-COTA
 62
7
100
AcDbBlockReference
  2
_OBLIQUE
 10
10.149999608025322
 20
10.75
 30
0.0
 41
0.1
 42
0.1
  0
LINE
  5
141
330
138
100
AcDbEntity
  8
0
 62
7
370
13
100
AcDbLine
 10
9.999999999999954
 20
10.75
 30
0.0
 11
10.149999608025322
 21
10.75
 31
0.0
  0
MTEXT
  5
142
330
138
100
AcDbEntity
  8
E-COTA
 62
7
100
AcDbMText
 10
10.074999804012638
 20
10.885
 30
0.0
 40
0.09000000000000001
 71
5
  1
0.15
  7
ARIAL
  0
POINT
  5
143
330
138
100
AcDbEntity
  8
Defpoints
100
AcDbPoint
 10
9.999999999999954
 20
10.75
 30
0.0
  0
POINT
  5
144
330
138
100
AcDbEntity
  8
Defpoints
100
AcDbPoint
 10
9.999999999999954
 20
10.164957989678156
 30
0.0
  0
POINT
  5
145
330
138
100
AcDbEntity
  8
Defpoints
100
AcDbPoint
 10
10.149999608025322
 20
10.164957989678156
 30
0.0
  0
ENDBLK
  5
13A
330
138
100
AcDbEntity
  8
0
100
AcDbBlockEnd
  0
BLOCK
  5
148
330
147
100
AcDbEntity
  8
0
100
AcDbBlockBegin
  2
*D6
 70
1
 10
0.0
 20
0.0
 30
0.0
  3
*D6
  1

  0
LINE
  5
14A
330
147
100
AcDbEntity
  8
0
 62
7
370
13
100
AcDbLine
 10
-0.14999999545551457
 20
10.204957989678155
 30
0.0
 11
-0.14999999545551457
 21
11.110000000000001
 31
0.0
  0
LINE
  5
14B
330
147
100
AcDbEntity
  8
0
 62
7
370
13
100
AcDbLine
 10
10.149999608025322
 20
10.204957989678155
 30
0.0
 11
10.149999608025322
 21
11.110000000000001
 31
0.0
  0
INSERT
  5
14C
330
147
100
AcDbEntity
  8
E-COTA
 62
7
100
AcDbBlockReference
  2
_OBLIQUE
 10
-0.14999999545551457
 20
11.05
 30
0.0
 41
0.1
 42
0.1
  0
INSERT
  5
14E
330
147
100
AcDbEntity
  8
E-COTA
 62
7
100
AcDbBlockReference
  2
_OBLIQUE
 10
10.149999608025322
 20
11.05
 30
0.0
 41
0.1
 42
0.1
  0
LINE
  5
150
330
147
100
AcDbEntity
  8
0
 62
7
370
13
100
AcDbLine
 10
-0.14999999545551457
 20
11.05
 30
0.0
 11
10.149999608025322
 21
11.05
 31
0.0
  0
MTEXT
  5
151
330
147
100
AcDbEntity
  8
E-COTA
 62
7
100
AcDbMText
 10
4.999999806284904
 20
11.125
 30
0.0
 40
0.09000000000000001
 71
5
  1
10.30
  7
ARIAL
  0
POINT
  5
152
330
147
100
AcDbEntity
  8
Defpoints
100
AcDbPoint
 10
-0.14999999545551457
 20
11.05
 30
0.0
  0
POINT
  5
153
330
147
100
AcDbEntity
  8
Defpoints
100
AcDbPoint
 10
-0.14999999545551457
 20
10.164957989678156
 30
0.0
  0
POINT
  5
154
330
147
100
AcDbEntity
  8
Defpoints
100
AcDbPoint
 10
10.149999608025322
 20
10.164957989678156
 30
0.0
  0
ENDBLK
  5
149
330
147
100
AcDbEntity
  8
0
100
AcDbBlockEnd
  0
BLOCK
  5
157
330
156
100
AcDbEntity
  8
0
100
AcDbBlockBegin
  2
*D7
 70
1
 10
0.0
 20
0.0
 30
0.0
  3
*D7
  1

  0
LINE
  5
159
330
156
100
AcDbEntity
  8
0
 62
7
370
13
100
AcDbLine
 10
-0.18999999545551458
 20
-0.15004169940948486
 30
0.0
 11
-1.11
 21
-0.15004169940948486
 31
0.0
  0
LINE
  5
15A
330
156
100
AcDbEntity
  8
0
 62
7
370
13
100
AcDbLine
 10
-0.18999999545551458
 20
3.8581546245602195e-16
 30
0.0
 11
-1.11
 21
3.8581546245602195e-16
 31
0.0
  0
INSERT
  5
15B
330
156
100
AcDbEntity
  8
E-COTA
 62
7
100
AcDbBlockReference
  2
_OBLIQUE
 10
-1.05
 20
-0.15004169940948486
 30
0.0
 41
0.1
 42
0.1
 50
90.0
  0
INSERT
  5
15D
330
156
100
AcDbEntity
  8
E-COTA
 62
7
100
AcDbBlockReference
  2
_OBLIQUE
 10
-1.05
 20
3.8581546245602195e-16
 30
0.0
 41
0.1
 42
0.1
 50
90.0
  0
LINE
  5
15F
330
156
100
AcDbEntity
  8
0
 62
7
370
13
100
AcDbLine
 10
-1.05
 20
-0.15004169940948486
 30
0.0
 11
-1.05
 21
3.8581546245602195e-16
 31
0.0
  0
MTEXT
  5
160
330
156
100
AcDbEntity
  8
E-COTA
 62
7
100
AcDbMText
 10
-1.185
 20
-0.07502084970474224
 30
0.0
 40
0.09000000000000001
 71
5
  1
0.15
  7
ARIAL
 50
90.0
  0
POINT
  5
161
330
156
100
AcDbEntity
  8
Defpoints
100
AcDbPoint
 10
-1.05
 20
-0.15004169940948486
 30
0.0
  0
POINT
  5
162
330
156
100
AcDbEntity
  8
Defpoints
100
AcDbPoint
 10
-0.14999999545551457
 20
-0.15004169940948486
 30
0.0
  0
POINT
  5
163
330
156
100
AcDbEntity
  8
Defpoints
100
AcDbPoint
 10
-0.14999999545551457
 20
3.8581546245602195e-16
 30
0.0
  0
ENDBLK
  5
158
330
156
100
AcDbEntity
  8
0
100
AcDbBlockEnd
  0
BLOCK
  5
166
330
165
100
AcDbEntity
  8
0
100
AcDbBlockBegin
  2
*D8
 70
1
 10
0.0
 20
0.0
 30
0.0
  3
*D8
  1

  0
LINE
  5
168
330
165
100
AcDbEntity
  8
0
 62
7
370
13
100
AcDbLine
 10
-0.18999999545551458
 20
3.8581546245602195e-16
 30
0.0
 11
-1.11
 21
3.8581546245602195e-16
 31
0.0
  0
LINE
  5
169
330
165
100
AcDbEntity
  8
0
 62
7
370
13
100
AcDbLine
 10
-0.18999999545551458
 20
2.51495830078157
 30
0.0
 11
-1.11
 21
2.51495830078157
 31
0.0
  0
INSERT
  5
16A
330
165
100
AcDbEntity
  8
E-COTA
 62
7
100
AcDbBlockReference
  2
_OBLIQUE
 10
-1.05
 20
3.8581546245602195e-16
 30
0.0
 41
0.1
 42
0.1
 50
90.0
  0
INSERT
  5
16C
330
165
100
AcDbEntity
  8
E-COTA
 62
7
100
AcDbBlockReference
  2
_OBLIQUE
 10
-1.05
 20
2.51495830078157
 30
0.0
 41
0.1
 42
0.1
 50
90.0
  0
LINE
  5
16E
330
165
100
AcDbEntity
  8
0
 62
7
370
13
100
AcDbLine
 10
-1.05
 20
3.8581546245602195e-16
 30
0.0
 11
-1.05
 21
2.51495830078157
 31
0.0
  0
MTEXT
  5
16F
330
165
100
AcDbEntity
  8
E-COTA
 62
7
100
AcDbMText
 10
-1.125
 20
1.2574791503907852
 30
0.0
 40
0.09000000000000001
 71
5
  1
2.515
  7
ARIAL
 50
90.0
  0
POINT
  5
170
330
165
100
AcDbEntity
  8
Defpoints
100
AcDbPoint
 10
-1.05
 20
3.8581546245602195e-16
 30
0.0
  0
POINT
  5
171
330
165
100
AcDbEntity
  8
Defpoints
100
AcDbPoint
 10
-0.14999999545551457
 20
3.8581546245602195e-16
 30
0.0
  0
POINT
  5
172
330
165
100
AcDbEntity
  8
Defpoints
100
AcDbPoint
 10
-0.14999999545551457
 20
2.51495830078157
 30
0.0
  0
ENDBLK
  5
167
330
165
100
AcDbEntity
  8
0
100
AcDbBlockEnd
  0
BLOCK
  5
175
330
174
100
AcDbEntity
  8
0
100
AcDbBlockBegin
  2
*D9
 70
1
 10
0.0
 20
0.0
 30
0.0
  3
*D9
  1

  0
LINE
  5
177
330
174
100
AcDbEntity
  8
0
 62
7
370
13
100
AcDbLine
 10
-0.18999999545551458
 20
2.51495830078157
 30
0.0
 11
-1.11
 21
2.51495830078157
 31
0.0
  0
LINE
  5
178
330
174
100
AcDbEntity
  8
0
 62
7
370
13
100
AcDbLine
 10
-0.18999999545551458
 20
6.264958300781569
 30
0.0
 11
-1.11
 21
6.264958300781569
 31
0.0
  0
INSERT
  5
179
330
174
100
AcDbEntity
  8
E-COTA
 62
7
100
AcDbBlockReference
  2
_OBLIQUE
 10
-1.05
 20
2.51495830078157
 30
0.0
 41
0.1
 42
0.1
 50
90.0
  0
INSERT
  5
17B
330
174
100
AcDbEntity
  8
E-COTA
 62
7
100
AcDbBlockReference
  2
_OBLIQUE
 10
-1.05
 20
6.264958300781569
 30
0.0
 41
0.1
 42
0.1
 50
90.0
  0
LINE
  5
17D
330
174
100
AcDbEntity
  8
0
 62
7
370
13
100
AcDbLine
 10
-1.05
 20
2.51495830078157
 30
0.0
 11
-1.05
 21
6.264958300781569
 31
0.0
  0
MTEXT
  5
17E
330
174
100
AcDbEntity
  8
E-COTA
 62
7
100
AcDbMText
 10
-1.125
 20
4.3899583007815695
 30
0.0
 40
0.09000000000000001
 71
5
  1
3.75
  7
ARIAL
 50
90.0
  0
POINT
  5
17F
330
174
100
AcDbEntity
  8
Defpoints
100
AcDbPoint
 10
-1.05
 20
2.51495830078157
 30
0.0
  0
POINT
  5
180
330
174
100
AcDbEntity
  8
Defpoints
100
AcDbPoint
 10
-0.14999999545551457
 20
2.51495830078157
 30
0.0
  0
POINT
  5
181
330
174
100
AcDbEntity
  8
Defpoints
100
AcDbPoint
 10
-0.14999999545551457
 20
6.264958300781569
 30
0.0
  0
ENDBLK
  5
176
330
174
100
AcDbEntity
  8
0
100
AcDbBlockEnd
  0
BLOCK
  5
184
330
183
100
AcDbEntity
  8
0
100
AcDbBlockBegin
  2
*D10
 70
1
 10
0.0
 20
0.0
 30
0.0
  3
*D10
  1

  0
LINE
  5
186
330
183
100
AcDbEntity
  8
0
 62
7
370
13
100
AcDbLine
 10
-0.18999999545551458
 20
6.264958300781569
 30
0.0
 11
-1.11
 21
6.264958300781569
 31
0.0
  0
LINE
  5
187
330
183
100
AcDbEntity
  8
0
 62
7
370
13
100
AcDbLine
 10
-0.18999999545551458
 20
10.01495830078157
 30
0.0
 11
-1.11
 21
10.01495830078157
 31
0.0
  0
INSERT
  5
188
330
183
100
AcDbEntity
  8
E-COTA
 62
7
100
AcDbBlockReference
  2
_OBLIQUE
 10
-1.05
 20
6.264958300781569
 30
0.0
 41
0.1
 42
0.1
 50
90.0
  0
INSERT
  5
18A
330
183
100
AcDbEntity
  8
E-COTA
 62
7
100
AcDbBlockReference
  2
_OBLIQUE
 10
-1.05
 20
10.01495830078157
 30
0.0
 41
0.1
 42
0.1
 50
90.0
  0
LINE
  5
18C
330
183
100
AcDbEntity
  8
0
 62
7
370
13
100
AcDbLine
 10
-1.05
 20
6.264958300781569
 30
0.0
 11
-1.05
 21
10.01495830078157
 31
0.0
  0
MTEXT
  5
18D
330
183
100
AcDbEntity
  8
E-COTA
 62
7
100
AcDbMText
 10
-1.125
 20
8.139958300781569
 30
0.0
 40
0.09000000000000001
 71
5
  1
3.75
  7
ARIAL
 50
90.0
  0
POINT
  5
18E
330
183
100
AcDbEntity
  8
Defpoints
100
AcDbPoint
 10
-1.05
 20
6.264958300781569
 30
0.0
  0
POINT
  5
18F
330
183
100
AcDbEntity
  8
Defpoints
100
AcDbPoint
 10
-0.14999999545551457
 20
6.264958300781569
 30
0.0
  0
POINT
  5
190
330
183
100
AcDbEntity
  8
Defpoints
100
AcDbPoint
 10
-0.14999999545551457
 20
10.01495830078157
 30
0.0
  0
ENDBLK
  5
185
330
183
100
AcDbEntity
  8
0
100
AcDbBlockEnd
  0
BLOCK
  5
193
330
192
100
AcDbEntity
  8
0
100
AcDbBlockBegin
  2
*D11
 70
1
 10
0.0
 20
0.0
 30
0.0
  3
*D11
  1

  0
LINE
  5
195
330
192
100
AcDbEntity
  8
0
 62
7
370
13
100
AcDbLine
 10
-0.18999999545551458
 20
10.01495830078157
 30
0.0
 11
-1.11
 21
10.01495830078157
 31
0.0
  0
LINE
  5
196
330
192
100
AcDbEntity
  8
0
 62
7
370
13
100
AcDbLine
 10
-0.18999999545551458
 20
10.164957989678156
 30
0.0
 11
-1.11
 21
10.164957989678156
 31
0.0
  0
INSERT
  5
197
330
192
100
AcDbEntity
  8
E-COTA
 62
7
100
AcDbBlockReference
  2
_OBLIQUE
 10
-1.05
 20
10.01495830078157
 30
0.0
 41
0.1
 42
0.1
 50
90.0
  0
INSERT
  5
199
330
192
100
AcDbEntity
  8
E-COTA
 62
7
100
AcDbBlockReference
  2
_OBLIQUE
 10
-1.05
 20
10.164957989678156
 30
0.0
 41
0.1
 42
0.1
 50
90.0
  0
LINE
  5
19B
330
192
100
AcDbEntity
  8
0
 62
7
370
13
100
AcDbLine
 10
-1.05
 20
10.01495830078157
 30
0.0
 11
-1.05
 21
10.164957989678156
 31
0.0
  0
MTEXT
  5
19C
330
192
100
AcDbEntity
  8
E-COTA
 62
7
100
AcDbMText
 10
-1.185
 20
10.089958145229863
 30
0.0
 40
0.09000000000000001
 71
5
  1
0.15
  7
ARIAL
 50
90.0
  0
POINT
  5
19D
330
192
100
AcDbEntity
  8
Defpoints
100
AcDbPoint
 10
-1.05
 20
10.01495830078157
 30
0.0
  0
POINT
  5
19E
330
192
100
AcDbEntity
  8
Defpoints
100
AcDbPoint
 10
-0.14999999545551457
 20
10.01495830078157
 30
0.0
  0
POINT
  5
19F
330
192
100
AcDbEntity
  8
Defpoints
100
AcDbPoint
 10
-0.14999999545551457
 20
10.164957989678156
 30
0.0
  0
ENDBLK
  5
194
330
192
100
AcDbEntity
  8
0
100
AcDbBlockEnd
  0
BLOCK
  5
1A2
330
1A1
100
AcDbEntity
  8
0
100
AcDbBlockBegin
  2
*D12
 70
1
 10
0.0
 20
0.0
 30
0.0
  3
*D12
  1

  0
LINE
  5
1A4
330
1A1
100
AcDbEntity
  8
0
 62
7
370
13
100
AcDbLine
 10
-0.18999999545551458
 20
-0.15004169940948486
 30
0.0
 11
-1.4100000000000001
 21
-0.15004169940948486
 31
0.0
  0
LINE
  5
1A5
330
1A1
100
AcDbEntity
  8
0
 62
7
370
13
100
AcDbLine
 10
-0.18999999545551458
 20
10.164957989678156
 30
0.0
 11
-1.4100000000000001
 21
10.164957989678156
 31
0.0
  0
INSERT
  5
1A6
330
1A1
100
AcDbEntity
  8
E-COTA
 62
7
100
AcDbBlockReference
  2
_OBLIQUE
 10
-1.35
 20
-0.15004169940948486
 30
0.0
 41
0.1
 42
0.1
 50
90.0
  0
INSERT
  5
1A8
330
1A1
100
AcDbEntity
  8
E-COTA
 62
7
100
AcDbBlockReference
  2
_OBLIQUE
 10
-1.35
 20
10.164957989678156
 30
0.0
 41
0.1
 42
0.1
 50
90.0
  0
LINE
  5
1AA
330
1A1
100
AcDbEntity
  8
0
 62
7
370
13
100
AcDbLine
 10
-1.35
 20
-0.15004169940948486
 30
0.0
 11
-1.35
 21
10.164957989678156
 31
0.0
  0
MTEXT
  5
1AB
330
1A1
100
AcDbEntity
  8
E-COTA
 62
7
100
AcDbMText
 10
-1.425
 20
5.007458145134335
 30
0.0
 40
0.09000000000000001
 71
5
  1
10.315
  7
ARIAL
 50
90.0
  0
POINT
  5
1AC
330
1A1
100
AcDbEntity
  8
Defpoints
100
AcDbPoint
 10
-1.35
 20
-0.15004169940948486
 30
0.0
  0
POINT
  5
1AD
330
1A1
100
AcDbEntity
  8
Defpoints
100
AcDbPoint
 10
-0.14999999545551457
 20
-0.15004169940948486
 30
0.0
  0
POINT
  5
1AE
330
1A1
100
AcDbEntity
  8
Defpoints
100
AcDbPoint
 10
-0.14999999545551457
 20
10.164957989678156
 30
0.0
  0
ENDBLK
  5
1A3
330
1A1
100
AcDbEntity
  8
0
100
AcDbBlockEnd
  0
BLOCK
  5
227
330
226
100
AcDbEntity
  8
0
100
AcDbBlockBegin
  2
*D13
 70
1
 10
0.0
 20
0.0
 30
0.0
  3
*D13
  1

  0
LINE
  5
229
330
226
100
AcDbEntity
  8
0
 62
7
370
13
100
AcDbLine
 10
211.58
 20
-1.9999999999999998
 30
0.0
 11
212.22
 21
-1.9999999999999998
 31
0.0
  0
LINE
  5
22A
330
226
100
AcDbEntity
  8
0
 62
7
370
13
100
AcDbLine
 10
211.58
 20
0.0
 30
0.0
 11
212.22
 21
0.0
 31
0.0
  0
INSERT
  5
22B
330
226
100
AcDbEntity
  8
E-COTA
 62
7
100
AcDbBlockReference
  2
_OBLIQUE
 10
212.1
 20
-1.9999999999999998
 30
0.0
 41
0.2
 42
0.2
 50
90.0
  0
INSERT
  5
22D
330
226
100
AcDbEntity
  8
E-COTA
 62
7
100
AcDbBlockReference
  2
_OBLIQUE
 10
212.1
 20
0.0
 30
0.0
 41
0.2
 42
0.2
 50
90.0
  0
LINE
  5
22F
330
226
100
AcDbEntity
  8
0
 62
7
370
13
100
AcDbLine
 10
212.1
 20
-1.9999999999999998
 30
0.0
 11
212.1
 21
0.0
 31
0.0
  0
MTEXT
  5
230
330
226
100
AcDbEntity
  8
E-COTA
 62
7
100
AcDbMText
 10
211.95
 20
-0.9999999999999999
 30
0.0
 40
0.18000000000000002
 71
5
  1
2.00
  7
ARIAL
 50
90.0
  0
POINT
  5
231
330
226
100
AcDbEntity
  8
Defpoints
100
AcDbPoint
 10
212.1
 20
-1.9999999999999998
 30
0.0
  0
POINT
  5
232
330
226
100
AcDbEntity
  8
Defpoints
100
AcDbPoint
 10
211.5
 20
-1.9999999999999998
 30
0.0
  0
POINT
  5
233
330
226
100
AcDbEntity
  8
Defpoints
100
AcDbPoint
 10
211.5
 20
0.0
 30
0.0
  0
ENDBLK
  5
228
330
226
100
AcDbEntity
  8
0
100
AcDbBlockEnd
  0
BLOCK
  5
236
330
235
100
AcDbEntity
  8
0
100
AcDbBlockBegin
  2
*D14
 70
1
 10
0.0
 20
0.0
 30
0.0
  3
*D14
  1

  0
LINE
  5
238
330
235
100
AcDbEntity
  8
0
 62
7
370
13
100
AcDbLine
 10
211.58
 20
0.0
 30
0.0
 11
212.22
 21
0.0
 31
0.0
  0
LINE
  5
239
330
235
100
AcDbEntity
  8
0
 62
7
370
13
100
AcDbLine
 10
211.58
 20
3.2
 30
0.0
 11
212.22
 21
3.2
 31
0.0
  0
INSERT
  5
23A
330
235
100
AcDbEntity
  8
E-COTA
 62
7
100
AcDbBlockReference
  2
_OBLIQUE
 10
212.1
 20
0.0
 30
0.0
 41
0.2
 42
0.2
 50
90.0
  0
INSERT
  5
23C
330
235
100
AcDbEntity
  8
E-COTA
 62
7
100
AcDbBlockReference
  2
_OBLIQUE
 10
212.1
 20
3.2
 30
0.0
 41
0.2
 42
0.2
 50
90.0
  0
LINE
  5
23E
330
235
100
AcDbEntity
  8
0
 62
7
370
13
100
AcDbLine
 10
212.1
 20
0.0
 30
0.0
 11
212.1
 21
3.2
 31
0.0
  0
MTEXT
  5
23F
330
235
100
AcDbEntity
  8
E-COTA
 62
7
100
AcDbMText
 10
211.95
 20
1.6
 30
0.0
 40
0.18000000000000002
 71
5
  1
3.20
  7
ARIAL
 50
90.0
  0
POINT
  5
240
330
235
100
AcDbEntity
  8
Defpoints
100
AcDbPoint
 10
212.1
 20
0.0
 30
0.0
  0
POINT
  5
241
330
235
100
AcDbEntity
  8
Defpoints
100
AcDbPoint
 10
211.5
 20
0.0
 30
0.0
  0
POINT
  5
242
330
235
100
AcDbEntity
  8
Defpoints
100
AcDbPoint
 10
211.5
 20
3.2
 30
0.0
  0
ENDBLK
  5
237
330
235
100
AcDbEntity
  8
0
100
AcDbBlockEnd
  0
BLOCK
  5
245
330
244
100
AcDbEntity
  8
0
100
AcDbBlockBegin
  2
*D15
 70
1
 10
0.0
 20
0.0
 30
0.0
  3
*D15
  1

  0
LINE
  5
247
330
244
100
AcDbEntity
  8
0
 62
7
370
13
100
AcDbLine
 10
211.58
 20
3.2
 30
0.0
 11
212.22
 21
3.2
 31
0.0
  0
LINE
  5
248
330
244
100
AcDbEntity
  8
0
 62
7
370
13
100
AcDbLine
 10
211.58
 20
5.800000000000001
 30
0.0
 11
212.22
 21
5.800000000000001
 31
0.0
  0
INSERT
  5
249
330
244
100
AcDbEntity
  8
E-COTA
 62
7
100
AcDbBlockReference
  2
_OBLIQUE
 10
212.1
 20
3.2
 30
0.0
 41
0.2
 42
0.2
 50
90.0
  0
INSERT
  5
24B
330
244
100
AcDbEntity
  8
E-COTA
 62
7
100
AcDbBlockReference
  2
_OBLIQUE
 10
212.1
 20
5.800000000000001
 30
0.0
 41
0.2
 42
0.2
 50
90.0
  0
LINE
  5
24D
330
244
100
AcDbEntity
  8
0
 62
7
370
13
100
AcDbLine
 10
212.1
 20
3.2
 30
0.0
 11
212.1
 21
5.800000000000001
 31
0.0
  0
MTEXT
  5
24E
330
244
100
AcDbEntity
  8
E-COTA
 62
7
100
AcDbMText
 10
211.95
 20
4.5
 30
0.0
 40
0.18000000000000002
 71
5
  1
2.60
  7
ARIAL
 50
90.0
  0
POINT
  5
24F
330
244
100
AcDbEntity
  8
Defpoints
100
AcDbPoint
 10
212.1
 20
3.2
 30
0.0
  0
POINT
  5
250
330
244
100
AcDbEntity
  8
Defpoints
100
AcDbPoint
 10
211.5
 20
3.2
 30
0.0
  0
POINT
  5
251
330
244
100
AcDbEntity
  8
Defpoints
100
AcDbPoint
 10
211.5
 20
5.800000000000001
 30
0.0
  0
ENDBLK
  5
246
330
244
100
AcDbEntity
  8
0
100
AcDbBlockEnd
  0
BLOCK
  5
254
330
253
100
AcDbEntity
  8
0
100
AcDbBlockBegin
  2
*D16
 70
1
 10
0.0
 20
0.0
 30
0.0
  3
*D16
  1

  0
LINE
  5
256
330
253
100
AcDbEntity
  8
0
 62
7
370
13
100
AcDbLine
 10
211.58
 20
5.800000000000001
 30
0.0
 11
212.22
 21
5.800000000000001
 31
0.0
  0
LINE
  5
257
330
253
100
AcDbEntity
  8
0
 62
7
370
13
100
AcDbLine
 10
211.58
 20
8.4
 30
0.0
 11
212.22
 21
8.4
 31
0.0
  0
INSERT
  5
258
330
253
100
AcDbEntity
  8
E-COTA
 62
7
100
AcDbBlockReference
  2
_OBLIQUE
 10
212.1
 20
5.800000000000001
 30
0.0
 41
0.2
 42
0.2
 50
90.0
  0
INSERT
  5
25A
330
253
100
AcDbEntity
  8
E-COTA
 62
7
100
AcDbBlockReference
  2
_OBLIQUE
 10
212.1
 20
8.4
 30
0.0
 41
0.2
 42
0.2
 50
90.0
  0
LINE
  5
25C
330
253
100
AcDbEntity
  8
0
 62
7
370
13
100
AcDbLine
 10
212.1
 20
5.800000000000001
 30
0.0
 11
212.1
 21
8.4
 31
0.0
  0
MTEXT
  5
25D
330
253
100
AcDbEntity
  8
E-COTA
 62
7
100
AcDbMText
 10
211.95
 20
7.1000000000000005
 30
0.0
 40
0.18000000000000002
 71
5
  1
2.60
  7
ARIAL
 50
90.0
  0
POINT
  5
25E
330
253
100
AcDbEntity
  8
Defpoints
100
AcDbPoint
 10
212.1
 20
5.800000000000001
 30
0.0
  0
POINT
  5
25F
330
253
100
AcDbEntity
  8
Defpoints
100
AcDbPoint
 10
211.5
 20
5.800000000000001
 30
0.0
  0
POINT
  5
260
330
253
100
AcDbEntity
  8
Defpoints
100
AcDbPoint
 10
211.5
 20
8.4
 30
0.0
  0
ENDBLK
  5
255
330
253
100
AcDbEntity
  8
0
100
AcDbBlockEnd
  0
BLOCK
  5
263
330
262
100
AcDbEntity
  8
0
100
AcDbBlockBegin
  2
*D17
 70
1
 10
0.0
 20
0.0
 30
0.0
  3
*D17
  1

  0
LINE
  5
265
330
262
100
AcDbEntity
  8
0
 62
7
370
13
100
AcDbLine
 10
211.58
 20
8.4
 30
0.0
 11
212.22
 21
8.4
 31
0.0
  0
LINE
  5
266
330
262
100
AcDbEntity
  8
0
 62
7
370
13
100
AcDbLine
 10
211.58
 20
11.0
 30
0.0
 11
212.22
 21
11.0
 31
0.0
  0
INSERT
  5
267
330
262
100
AcDbEntity
  8
E-COTA
 62
7
100
AcDbBlockReference
  2
_OBLIQUE
 10
212.1
 20
8.4
 30
0.0
 41
0.2
 42
0.2
 50
90.0
  0
INSERT
  5
269
330
262
100
AcDbEntity
  8
E-COTA
 62
7
100
AcDbBlockReference
  2
_OBLIQUE
 10
212.1
 20
11.0
 30
0.0
 41
0.2
 42
0.2
 50
90.0
  0
LINE
  5
26B
330
262
100
AcDbEntity
  8
0
 62
7
370
13
100
AcDbLine
 10
212.1
 20
8.4
 30
0.0
 11
212.1
 21
11.0
 31
0.0
  0
MTEXT
  5
26C
330
262
100
AcDbEntity
  8
E-COTA
 62
7
100
AcDbMText
 10
211.95
 20
9.7
 30
0.0
 40
0.18000000000000002
 71
5
  1
2.60
  7
ARIAL
 50
90.0
  0
POINT
  5
26D
330
262
100
AcDbEntity
  8
Defpoints
100
AcDbPoint
 10
212.1
 20
8.4
 30
0.0
  0
POINT
  5
26E
330
262
100
AcDbEntity
  8
Defpoints
100
AcDbPoint
 10
211.5
 20
8.4
 30
0.0
  0
POINT
  5
26F
330
262
100
AcDbEntity
  8
Defpoints
100
AcDbPoint
 10
211.5
 20
11.0
 30
0.0
  0
ENDBLK
  5
264
330
262
100
AcDbEntity
  8
0
100
AcDbBlockEnd
  0
BLOCK
  5
2FA
330
2F9
100
AcDbEntity
  8
0
100
AcDbBlockBegin
  2
*D18
 70
1
 10
0.0
 20
0.0
 30
0.0
  3
*D18
  1

  0
LINE
  5
2FC
330
2F9
100
AcDbEntity
  8
0
 62
7
370
13
100
AcDbLine
 10
241.38000000000002
 20
-1.9999999999999998
 30
0.0
 11
242.02
 21
-1.9999999999999998
 31
0.0
  0
LINE
  5
2FD
330
2F9
100
AcDbEntity
  8
0
 62
7
370
13
100
AcDbLine
 10
241.38000000000002
 20
0.0
 30
0.0
 11
242.02
 21
0.0
 31
0.0
  0
INSERT
  5
2FE
330
2F9
100
AcDbEntity
  8
E-COTA
 62
7
100
AcDbBlockReference
  2
_OBLIQUE
 10
241.9
 20
-1.9999999999999998
 30
0.0
 41
0.2
 42
0.2
 50
90.0
  0
INSERT
  5
300
330
2F9
100
AcDbEntity
  8
E-COTA
 62
7
100
AcDbBlockReference
  2
_OBLIQUE
 10
241.9
 20
0.0
 30
0.0
 41
0.2
 42
0.2
 50
90.0
  0
LINE
  5
302
330
2F9
100
AcDbEntity
  8
0
 62
7
370
13
100
AcDbLine
 10
241.9
 20
-1.9999999999999998
 30
0.0
 11
241.9
 21
0.0
 31
0.0
  0
MTEXT
  5
303
330
2F9
100
AcDbEntity
  8
E-COTA
 62
7
100
AcDbMText
 10
241.75
 20
-0.9999999999999999
 30
0.0
 40
0.18000000000000002
 71
5
  1
2.00
  7
ARIAL
 50
90.0
  0
POINT
  5
304
330
2F9
100
AcDbEntity
  8
Defpoints
100
AcDbPoint
 10
241.9
 20
-1.9999999999999998
 30
0.0
  0
POINT
  5
305
330
2F9
100
AcDbEntity
  8
Defpoints
100
AcDbPoint
 10
241.3
 20
-1.9999999999999998
 30
0.0
  0
POINT
  5
306
330
2F9
100
AcDbEntity
  8
Defpoints
100
AcDbPoint
 10
241.3
 20
0.0
 30
0.0
  0
ENDBLK
  5
2FB
330
2F9
100
AcDbEntity
  8
0
100
AcDbBlockEnd
  0
BLOCK
  5
309
330
308
100
AcDbEntity
  8
0
100
AcDbBlockBegin
  2
*D19
 70
1
 10
0.0
 20
0.0
 30
0.0
  3
*D19
  1

  0
LINE
  5
30B
330
308
100
AcDbEntity
  8
0
 62
7
370
13
100
AcDbLine
 10
241.38000000000002
 20
0.0
 30
0.0
 11
242.02
 21
0.0
 31
0.0
  0
LINE
  5
30C
330
308
100
AcDbEntity
  8
0
 62
7
370
13
100
AcDbLine
 10
241.38000000000002
 20
3.2
 30
0.0
 11
242.02
 21
3.2
 31
0.0
  0
INSERT
  5
30D
330
308
100
AcDbEntity
  8
E-COTA
 62
7
100
AcDbBlockReference
  2
_OBLIQUE
 10
241.9
 20
0.0
 30
0.0
 41
0.2
 42
0.2
 50
90.0
  0
INSERT
  5
30F
330
308
100
AcDbEntity
  8
E-COTA
 62
7
100
AcDbBlockReference
  2
_OBLIQUE
 10
241.9
 20
3.2
 30
0.0
 41
0.2
 42
0.2
 50
90.0
  0
LINE
  5
311
330
308
100
AcDbEntity
  8
0
 62
7
370
13
100
AcDbLine
 10
241.9
 20
0.0
 30
0.0
 11
241.9
 21
3.2
 31
0.0
  0
MTEXT
  5
312
330
308
100
AcDbEntity
  8
E-COTA
 62
7
100
AcDbMText
 10
241.75
 20
1.6
 30
0.0
 40
0.18000000000000002
 71
5
  1
3.20
  7
ARIAL
 50
90.0
  0
POINT
  5
313
330
308
100
AcDbEntity
  8
Defpoints
100
AcDbPoint
 10
241.9
 20
0.0
 30
0.0
  0
POINT
  5
314
330
308
100
AcDbEntity
  8
Defpoints
100
AcDbPoint
 10
241.3
 20
0.0
 30
0.0
  0
POINT
  5
315
330
308
100
AcDbEntity
  8
Defpoints
100
AcDbPoint
 10
241.3
 20
3.2
 30
0.0
  0
ENDBLK
  5
30A
330
308
100
AcDbEntity
  8
0
100
AcDbBlockEnd
  0
BLOCK
  5
318
330
317
100
AcDbEntity
  8
0
100
AcDbBlockBegin
  2
*D20
 70
1
 10
0.0
 20
0.0
 30
0.0
  3
*D20
  1

  0
LINE
  5
31A
330
317
100
AcDbEntity
  8
0
 62
7
370
13
100
AcDbLine
 10
241.38000000000002
 20
3.2
 30
0.0
 11
242.02
 21
3.2
 31
0.0
  0
LINE
  5
31B
330
317
100
AcDbEntity
  8
0
 62
7
370
13
100
AcDbLine
 10
241.38000000000002
 20
5.800000000000001
 30
0.0
 11
242.02
 21
5.800000000000001
 31
0.0
  0
INSERT
  5
31C
330
317
100
AcDbEntity
  8
E-COTA
 62
7
100
AcDbBlockReference
  2
_OBLIQUE
 10
241.9
 20
3.2
 30
0.0
 41
0.2
 42
0.2
 50
90.0
  0
INSERT
  5
31E
330
317
100
AcDbEntity
  8
E-COTA
 62
7
100
AcDbBlockReference
  2
_OBLIQUE
 10
241.9
 20
5.800000000000001
 30
0.0
 41
0.2
 42
0.2
 50
90.0
  0
LINE
  5
320
330
317
100
AcDbEntity
  8
0
 62
7
370
13
100
AcDbLine
 10
241.9
 20
3.2
 30
0.0
 11
241.9
 21
5.800000000000001
 31
0.0
  0
MTEXT
  5
321
330
317
100
AcDbEntity
  8
E-COTA
 62
7
100
AcDbMText
 10
241.75
 20
4.5
 30
0.0
 40
0.18000000000000002
 71
5
  1
2.60
  7
ARIAL
 50
90.0
  0
POINT
  5
322
330
317
100
AcDbEntity
  8
Defpoints
100
AcDbPoint
 10
241.9
 20
3.2
 30
0.0
  0
POINT
  5
323
330
317
100
AcDbEntity
  8
Defpoints
100
AcDbPoint
 10
241.3
 20
3.2
 30
0.0
  0
POINT
  5
324
330
317
100
AcDbEntity
  8
Defpoints
100
AcDbPoint
 10
241.3
 20
5.800000000000001
 30
0.0
  0
ENDBLK
  5
319
330
317
100
AcDbEntity
  8
0
100
AcDbBlockEnd
  0
BLOCK
  5
327
330
326
100
AcDbEntity
  8
0
100
AcDbBlockBegin
  2
*D21
 70
1
 10
0.0
 20
0.0
 30
0.0
  3
*D21
  1

  0
LINE
  5
329
330
326
100
AcDbEntity
  8
0
 62
7
370
13
100
AcDbLine
 10
241.38000000000002
 20
5.800000000000001
 30
0.0
 11
242.02
 21
5.800000000000001
 31
0.0
  0
LINE
  5
32A
330
326
100
AcDbEntity
  8
0
 62
7
370
13
100
AcDbLine
 10
241.38000000000002
 20
8.4
 30
0.0
 11
242.02
 21
8.4
 31
0.0
  0
INSERT
  5
32B
330
326
100
AcDbEntity
  8
E-COTA
 62
7
100
AcDbBlockReference
  2
_OBLIQUE
 10
241.9
 20
5.800000000000001
 30
0.0
 41
0.2
 42
0.2
 50
90.0
  0
INSERT
  5
32D
330
326
100
AcDbEntity
  8
E-COTA
 62
7
100
AcDbBlockReference
  2
_OBLIQUE
 10
241.9
 20
8.4
 30
0.0
 41
0.2
 42
0.2
 50
90.0
  0
LINE
  5
32F
330
326
100
AcDbEntity
  8
0
 62
7
370
13
100
AcDbLine
 10
241.9
 20
5.800000000000001
 30
0.0
 11
241.9
 21
8.4
 31
0.0
  0
MTEXT
  5
330
330
326
100
AcDbEntity
  8
E-COTA
 62
7
100
AcDbMText
 10
241.75
 20
7.1000000000000005
 30
0.0
 40
0.18000000000000002
 71
5
  1
2.60
  7
ARIAL
 50
90.0
  0
POINT
  5
331
330
326
100
AcDbEntity
  8
Defpoints
100
AcDbPoint
 10
241.9
 20
5.800000000000001
 30
0.0
  0
POINT
  5
332
330
326
100
AcDbEntity
  8
Defpoints
100
AcDbPoint
 10
241.3
 20
5.800000000000001
 30
0.0
  0
POINT
  5
333
330
326
100
AcDbEntity
  8
Defpoints
100
AcDbPoint
 10
241.3
 20
8.4
 30
0.0
  0
ENDBLK
  5
328
330
326
100
AcDbEntity
  8
0
100
AcDbBlockEnd
  0
BLOCK
  5
336
330
335
100
AcDbEntity
  8
0
100
AcDbBlockBegin
  2
*D22
 70
1
 10
0.0
 20
0.0
 30
0.0
  3
*D22
  1

  0
LINE
  5
338
330
335
100
AcDbEntity
  8
0
 62
7
370
13
100
AcDbLine
 10
241.38000000000002
 20
8.4
 30
0.0
 11
242.02
 21
8.4
 31
0.0
  0
LINE
  5
339
330
335
100
AcDbEntity
  8
0
 62
7
370
13
100
AcDbLine
 10
241.38000000000002
 20
11.0
 30
0.0
 11
242.02
 21
11.0
 31
0.0
  0
INSERT
  5
33A
330
335
100
AcDbEntity
  8
E-COTA
 62
7
100
AcDbBlockReference
  2
_OBLIQUE
 10
241.9
 20
8.4
 30
0.0
 41
0.2
 42
0.2
 50
90.0
  0
INSERT
  5
33C
330
335
100
AcDbEntity
  8
E-COTA
 62
7
100
AcDbBlockReference
  2
_OBLIQUE
 10
241.9
 20
11.0
 30
0.0
 41
0.2
 42
0.2
 50
90.0
  0
LINE
  5
33E
330
335
100
AcDbEntity
  8
0
 62
7
370
13
100
AcDbLine
 10
241.9
 20
8.4
 30
0.0
 11
241.9
 21
11.0
 31
0.0
  0
MTEXT
  5
33F
330
335
100
AcDbEntity
  8
E-COTA
 62
7
100
AcDbMText
 10
241.75
 20
9.7
 30
0.0
 40
0.18000000000000002
 71
5
  1
2.60
  7
ARIAL
 50
90.0
  0
POINT
  5
340
330
335
100
AcDbEntity
  8
Defpoints
100
AcDbPoint
 10
241.9
 20
8.4
 30
0.0
  0
POINT
  5
341
330
335
100
AcDbEntity
  8
Defpoints
100
AcDbPoint
 10
241.3
 20
8.4
 30
0.0
  0
POINT
  5
342
330
335
100
AcDbEntity
  8
Defpoints
100
AcDbPoint
 10
241.3
 20
11.0
 30
0.0
  0
ENDBLK
  5
337
330
335
100
AcDbEntity
  8
0
100
AcDbBlockEnd
  0
ENDSEC
  0
SECTION
  2
ENTITIES
  0
LINE
  5
AD
330
17
100
AcDbEntity
  8
E-EJES
  6
EJE50
100
AcDbLine
 10
2.519676044985892e-14
 20
-1.35
 30
0.0
 11
2.519676044985892e-14
 21
11.35
 31
0.0
  0
CIRCLE
  5
AE
330
17
100
AcDbEntity
  8
E-EJES-ID
100
AcDbCircle
 10
2.519676044985892e-14
 20
11.6
 30
0.0
 40
0.25
  0
TEXT
  5
AF
330
17
100
AcDbEntity
  8
E-EJES-ID
100
AcDbText
 10
2.519676044985892e-14
 20
11.6
 30
0.0
 40
0.15000000000000002
  1
A-1
  7
ARIAL
 41
0.8
 72
1
 11
2.519676044985892e-14
 21
11.6
 31
0.0
100
AcDbText
 73
2
  0
CIRCLE
  5
B0
330
17
100
AcDbEntity
  8
E-EJES-ID
100
AcDbCircle
 10
2.519676044985892e-14
 20
-1.6
 30
0.0
 40
0.25
  0
TEXT
  5
B1
330
17
100
AcDbEntity
  8
E-EJES-ID
100
AcDbText
 10
2.519676044985892e-14
 20
-1.6
 30
0.0
 40
0.15000000000000002
  1
A-1
  7
ARIAL
 41
0.8
 72
1
 11
2.519676044985892e-14
 21
-1.6
 31
0.0
100
AcDbText
 73
2
  0
LINE
  5
B2
330
17
100
AcDbEntity
  8
E-EJES
  6
EJE50
100
AcDbLine
 10
6.3999999999999595
 20
-1.35
 30
0.0
 11
6.3999999999999595
 21
11.35
 31
0.0
  0
CIRCLE
  5
B3
330
17
100
AcDbEntity
  8
E-EJES-ID
100
AcDbCircle
 10
6.3999999999999595
 20
11.6
 30
0.0
 40
0.25
  0
TEXT
  5
B4
330
17
100
AcDbEntity
  8
E-EJES-ID
100
AcDbText
 10
6.3999999999999595
 20
11.6
 30
0.0
 40
0.15000000000000002
  1
A-2
  7
ARIAL
 41
0.8
 72
1
 11
6.3999999999999595
 21
11.6
 31
0.0
100
AcDbText
 73
2
  0
CIRCLE
  5
B5
330
17
100
AcDbEntity
  8
E-EJES-ID
100
AcDbCircle
 10
6.3999999999999595
 20
-1.6
 30
0.0
 40
0.25
  0
TEXT
  5
B6
330
17
100
AcDbEntity
  8
E-EJES-ID
100
AcDbText
 10
6.3999999999999595
 20
-1.6
 30
0.0
 40
0.15000000000000002
  1
A-2
  7
ARIAL
 41
0.8
 72
1
 11
6.3999999999999595
 21
-1.6
 31
0.0
100
AcDbText
 73
2
  0
LINE
  5
B7
330
17
100
AcDbEntity
  8
E-EJES
  6
EJE50
100
AcDbLine
 10
9.999999999999954
 20
-1.35
 30
0.0
 11
9.999999999999954
 21
11.35
 31
0.0
  0
CIRCLE
  5
B8
330
17
100
AcDbEntity
  8
E-EJES-ID
100
AcDbCircle
 10
9.999999999999954
 20
11.6
 30
0.0
 40
0.25
  0
TEXT
  5
B9
330
17
100
AcDbEntity
  8
E-EJES-ID
100
AcDbText
 10
9.999999999999954
 20
11.6
 30
0.0
 40
0.15000000000000002
  1
A-3
  7
ARIAL
 41
0.8
 72
1
 11
9.999999999999954
 21
11.6
 31
0.0
100
AcDbText
 73
2
  0
CIRCLE
  5
BA
330
17
100
AcDbEntity
  8
E-EJES-ID
100
AcDbCircle
 10
9.999999999999954
 20
-1.6
 30
0.0
 40
0.25
  0
TEXT
  5
BB
330
17
100
AcDbEntity
  8
E-EJES-ID
100
AcDbText
 10
9.999999999999954
 20
-1.6
 30
0.0
 40
0.15000000000000002
  1
A-3
  7
ARIAL
 41
0.8
 72
1
 11
9.999999999999954
 21
-1.6
 31
0.0
100
AcDbText
 73
2
  0
LINE
  5
BC
330
17
100
AcDbEntity
  8
E-EJES
  6
EJE50
100
AcDbLine
 10
3.200000000000016
 20
-1.35
 30
0.0
 11
3.200000000000016
 21
11.35
 31
0.0
  0
CIRCLE
  5
BD
330
17
100
AcDbEntity
  8
E-EJES-ID
100
AcDbCircle
 10
3.200000000000016
 20
11.6
 30
0.0
 40
0.25
  0
TEXT
  5
BE
330
17
100
AcDbEntity
  8
E-EJES-ID
100
AcDbText
 10
3.200000000000016
 20
11.6
 30
0.0
 40
0.15000000000000002
  1
A-4
  7
ARIAL
 41
0.8
 72
1
 11
3.200000000000016
 21
11.6
 31
0.0
100
AcDbText
 73
2
  0
CIRCLE
  5
BF
330
17
100
AcDbEntity
  8
E-EJES-ID
100
AcDbCircle
 10
3.200000000000016
 20
-1.6
 30
0.0
 40
0.25
  0
TEXT
  5
C0
330
17
100
AcDbEntity
  8
E-EJES-ID
100
AcDbText
 10
3.200000000000016
 20
-1.6
 30
0.0
 40
0.15000000000000002
  1
A-4
  7
ARIAL
 41
0.8
 72
1
 11
3.200000000000016
 21
-1.6
 31
0.0
100
AcDbText
 73
2
  0
LINE
  5
C1
330
17
100
AcDbEntity
  8
E-EJES
  6
EJE50
100
AcDbLine
 10
-1.35
 20
10.01495830078157
 30
0.0
 11
11.35
 21
10.01495830078157
 31
0.0
  0
CIRCLE
  5
C2
330
17
100
AcDbEntity
  8
E-EJES-ID
100
AcDbCircle
 10
-1.6
 20
10.01495830078157
 30
0.0
 40
0.25
  0
TEXT
  5
C3
330
17
100
AcDbEntity
  8
E-EJES-ID
100
AcDbText
 10
-1.6
 20
10.01495830078157
 30
0.0
 40
0.15000000000000002
  1
N-1
  7
ARIAL
 41
0.8
 72
1
 11
-1.6
 21
10.01495830078157
 31
0.0
100
AcDbText
 73
2
  0
CIRCLE
  5
C4
330
17
100
AcDbEntity
  8
E-EJES-ID
100
AcDbCircle
 10
11.6
 20
10.01495830078157
 30
0.0
 40
0.25
  0
TEXT
  5
C5
330
17
100
AcDbEntity
  8
E-EJES-ID
100
AcDbText
 10
11.6
 20
10.01495830078157
 30
0.0
 40
0.15000000000000002
  1
N-1
  7
ARIAL
 41
0.8
 72
1
 11
11.6
 21
10.01495830078157
 31
0.0
100
AcDbText
 73
2
  0
LINE
  5
C6
330
17
100
AcDbEntity
  8
E-EJES
  6
EJE50
100
AcDbLine
 10
-1.35
 20
6.264958300781569
 30
0.0
 11
11.35
 21
6.264958300781569
 31
0.0
  0
CIRCLE
  5
C7
330
17
100
AcDbEntity
  8
E-EJES-ID
100
AcDbCircle
 10
-1.6
 20
6.264958300781569
 30
0.0
 40
0.25
  0
TEXT
  5
C8
330
17
100
AcDbEntity
  8
E-EJES-ID
100
AcDbText
 10
-1.6
 20
6.264958300781569
 30
0.0
 40
0.15000000000000002
  1
N-2
  7
ARIAL
 41
0.8
 72
1
 11
-1.6
 21
6.264958300781569
 31
0.0
100
AcDbText
 73
2
  0
CIRCLE
  5
C9
330
17
100
AcDbEntity
  8
E-EJES-ID
100
AcDbCircle
 10
11.6
 20
6.264958300781569
 30
0.0
 40
0.25
  0
TEXT
  5
CA
330
17
100
AcDbEntity
  8
E-EJES-ID
100
AcDbText
 10
11.6
 20
6.264958300781569
 30
0.0
 40
0.15000000000000002
  1
N-2
  7
ARIAL
 41
0.8
 72
1
 11
11.6
 21
6.264958300781569
 31
0.0
100
AcDbText
 73
2
  0
LINE
  5
CB
330
17
100
AcDbEntity
  8
E-EJES
  6
EJE50
100
AcDbLine
 10
-1.35
 20
2.51495830078157
 30
0.0
 11
11.35
 21
2.51495830078157
 31
0.0
  0
CIRCLE
  5
CC
330
17
100
AcDbEntity
  8
E-EJES-ID
100
AcDbCircle
 10
-1.6
 20
2.51495830078157
 30
0.0
 40
0.25
  0
TEXT
  5
CD
330
17
100
AcDbEntity
  8
E-EJES-ID
100
AcDbText
 10
-1.6
 20
2.51495830078157
 30
0.0
 40
0.15000000000000002
  1
N-3
  7
ARIAL
 41
0.8
 72
1
 11
-1.6
 21
2.51495830078157
 31
0.0
100
AcDbText
 73
2
  0
CIRCLE
  5
CE
330
17
100
AcDbEntity
  8
E-EJES-ID
100
AcDbCircle
 10
11.6
 20
2.51495830078157
 30
0.0
 40
0.25
  0
TEXT
  5
CF
330
17
100
AcDbEntity
  8
E-EJES-ID
100
AcDbText
 10
11.6
 20
2.51495830078157
 30
0.0
 40
0.15000000000000002
  1
N-3
  7
ARIAL
 41
0.8
 72
1
 11
11.6
 21
2.51495830078157
 31
0.0
100
AcDbText
 73
2
  0
LINE
  5
D0
330
17
100
AcDbEntity
  8
E-EJES
  6
EJE50
100
AcDbLine
 10
-1.35
 20
3.8581546245602195e-16
 30
0.0
 11
11.35
 21
3.8581546245602195e-16
 31
0.0
  0
CIRCLE
  5
D1
330
17
100
AcDbEntity
  8
E-EJES-ID
100
AcDbCircle
 10
-1.6
 20
3.8581546245602195e-16
 30
0.0
 40
0.25
  0
TEXT
  5
D2
330
17
100
AcDbEntity
  8
E-EJES-ID
100
AcDbText
 10
-1.6
 20
3.8581546245602195e-16
 30
0.0
 40
0.15000000000000002
  1
N-4
  7
ARIAL
 41
0.8
 72
1
 11
-1.6
 21
3.8581546245602195e-16
 31
0.0
100
AcDbText
 73
2
  0
CIRCLE
  5
D3
330
17
100
AcDbEntity
  8
E-EJES-ID
100
AcDbCircle
 10
11.6
 20
3.8581546245602195e-16
 30
0.0
 40
0.25
  0
TEXT
  5
D4
330
17
100
AcDbEntity
  8
E-EJES-ID
100
AcDbText
 10
11.6
 20
3.8581546245602195e-16
 30
0.0
 40
0.15000000000000002
  1
N-4
  7
ARIAL
 41
0.8
 72
1
 11
11.6
 21
3.8581546245602195e-16
 31
0.0
100
AcDbText
 73
2
  0
LWPOLYLINE
  5
D5
330
17
100
AcDbEntity
  8
E-LIMITE
  6
LIMITE50
100
AcDbPolyline
 90
2
 70
0
 10
-0.04412514596418389
 20
0.02667748057780835
 10
-1.1164644272990687
 20
10.18996221316826
  0
LWPOLYLINE
  5
D6
330
17
100
AcDbEntity
  8
E-LIMITE
  6
LIMITE50
100
AcDbPolyline
 90
2
 70
0
 10
10.527987371482444
 20
0.3854979906498127
 10
-0.04412514596418389
 20
0.02667748057780835
  0
LWPOLYLINE
  5
D7
330
17
100
AcDbEntity
  8
E-LIMITE
  6
LIMITE50
100
AcDbPolyline
 90
2
 70
0
 10
11.307507215393732
 20
10.189958300781546
 10
10.527987371482444
 20
0.3854979906498127
  0
LWPOLYLINE
  5
D8
330
17
100
AcDbEntity
  8
E-LIMITE
  6
LIMITE50
100
AcDbPolyline
 90
2
 70
0
 10
-1.1164927846062527
 20
10.189958300781683
 10
11.307507215393732
 20
10.189958300781546
  0
LWPOLYLINE
  5
D9
330
17
100
AcDbEntity
  8
E-PROYECCION
  6
OCULTA50
100
AcDbPolyline
 90
7
 70
0
 10
-0.8500000052298083
 20
10.164957752908748
 10
10.149999607111337
 20
10.164957988729537
 10
10.149999607035033
 20
2.514958393148072
 10
6.100006077798244
 20
2.514957620448157
 10
6.099999893137329
 20
0.8649582977806403
 10
-0.14999999462078104
 20
0.864958294910878
 10
-0.8500000052298083
 20
10.164957752908748
  0
TEXT
  5
DA
330
17
100
AcDbEntity
  8
E-TEXTO
100
AcDbText
 10
4.8
 20
11.0
 30
0.0
 40
0.08000000000000002
  1
contorno de losa N2 (proyección)
  7
ARIAL
 41
0.9
 72
1
 11
4.8
 21
11.0
 31
0.0
100
AcDbText
 73
2
  0
HATCH
  5
DB
330
17
100
AcDbEntity
  8
E-COLUMNA-ACH
100
AcDbHatch
 10
0.0
 20
0.0
 30
0.0
210
0.0
220
0.0
230
1.0
  2
SOLID
 70
1
 71
0
 91
1
 92
3
 72
0
 73
1
 93
4
 10
6.0999999189912915
 20
9.864958773169882
 10
6.0999999156426625
 20
10.164957989188467
 10
6.699999797991492
 20
10.164957989678156
 10
6.6999997982550425
 20
9.864958774117197
 97
0
 75
0
 76
1
 98
0
  0
LWPOLYLINE
  5
DC
330
17
100
AcDbEntity
  8
E-COLUMNA
100
AcDbPolyline
 90
4
 70
1
 10
6.0999999189912915
 20
9.864958773169882
 10
6.0999999156426625
 20
10.164957989188467
 10
6.699999797991492
 20
10.164957989678156
 10
6.6999997982550425
 20
9.864958774117197
  0
HATCH
  5
DD
330
17
100
AcDbEntity
  8
E-COLUMNA-ACH
100
AcDbHatch
 10
0.0
 20
0.0
 30
0.0
210
0.0
220
0.0
230
1.0
  2
SOLID
 70
1
 71
0
 91
1
 92
3
 72
0
 73
1
 93
4
 10
6.099999914638712
 20
2.3649582939814673
 10
6.099999915642699
 20
2.6649582276070305
 10
6.699999799258974
 20
2.664958230905556
 10
6.699999798255006
 20
2.3649582972800545
 97
0
 75
0
 76
1
 98
0
  0
LWPOLYLINE
  5
DE
330
17
100
AcDbEntity
  8
E-COLUMNA
100
AcDbPolyline
 90
4
 70
1
 10
6.099999914638712
 20
2.3649582939814673
 10
6.099999915642699
 20
2.6649582276070305
 10
6.699999799258974
 20
2.664958230905556
 10
6.699999798255006
 20
2.3649582972800545
  0
HATCH
  5
DF
330
17
100
AcDbEntity
  8
E-COLUMNA-ACH
100
AcDbHatch
 10
0.0
 20
0.0
 30
0.0
210
0.0
220
0.0
230
1.0
  2
SOLID
 70
1
 71
0
 91
1
 92
3
 72
0
 73
1
 93
4
 10
-0.14999999496580932
 20
5.964958201928103
 10
-0.14999999545551457
 20
6.564958084276886
 10
0.14999999496580932
 20
6.564958084540403
 10
0.14999999545551457
 20
5.96495820219162
 97
0
 75
0
 76
1
 98
0
  0
LWPOLYLINE
  5
E0
330
17
100
AcDbEntity
  8
E-COLUMNA
100
AcDbPolyline
 90
4
 70
1
 10
-0.14999999496580932
 20
5.964958201928103
 10
-0.14999999545551457
 20
6.564958084276886
 10
0.14999999496580932
 20
6.564958084540403
 10
0.14999999545551457
 20
5.96495820219162
  0
HATCH
  5
E1
330
17
100
AcDbEntity
  8
E-COLUMNA-ACH
100
AcDbHatch
 10
0.0
 20
0.0
 30
0.0
210
0.0
220
0.0
230
1.0
  2
SOLID
 70
1
 71
0
 91
1
 92
3
 72
0
 73
1
 93
4
 10
9.850000392464365
 20
5.964958201928062
 10
9.850000391974678
 20
6.564958084276894
 10
10.149999607535635
 20
6.564958084540444
 10
10.149999608025322
 20
5.964958202191612
 97
0
 75
0
 76
1
 98
0
  0
LWPOLYLINE
  5
E2
330
17
100
AcDbEntity
  8
E-COLUMNA
100
AcDbPolyline
 90
4
 70
1
 10
9.850000392464365
 20
5.964958201928062
 10
9.850000391974678
 20
6.564958084276894
 10
10.149999607535635
 20
6.564958084540444
 10
10.149999608025322
 20
5.964958202191612
  0
HATCH
  5
E3
330
17
100
AcDbEntity
  8
E-COLUMNA-ACH
100
AcDbHatch
 10
0.0
 20
0.0
 30
0.0
210
0.0
220
0.0
230
1.0
  2
SOLID
 70
1
 71
0
 91
1
 92
3
 72
0
 73
1
 93
4
 10
6.2500000109946585
 20
5.964958201928112
 10
6.25000001050495
 20
6.564958084276885
 10
6.550000179740205
 20
6.564958084540394
 10
6.5500001802299135
 20
5.964958202191621
 97
0
 75
0
 76
1
 98
0
  0
LWPOLYLINE
  5
E4
330
17
100
AcDbEntity
  8
E-COLUMNA
100
AcDbPolyline
 90
4
 70
1
 10
6.2500000109946585
 20
5.964958201928112
 10
6.25000001050495
 20
6.564958084276885
 10
6.550000179740205
 20
6.564958084540394
 10
6.5500001802299135
 20
5.964958202191621
  0
HATCH
  5
E5
330
17
100
AcDbEntity
  8
E-COLUMNA-ACH
100
AcDbHatch
 10
0.0
 20
0.0
 30
0.0
210
0.0
220
0.0
230
1.0
  2
SOLID
 70
1
 71
0
 91
1
 92
3
 72
0
 73
1
 93
4
 10
6.100000050418581
 20
-0.15004169940948486
 10
6.099999916127808
 20
0.14995828611504305
 10
6.699999797769897
 20
0.14995828611504305
 10
6.699999799227609
 20
-0.15004168994179345
 97
0
 75
0
 76
1
 98
0
  0
LWPOLYLINE
  5
E6
330
17
100
AcDbEntity
  8
E-COLUMNA
100
AcDbPolyline
 90
4
 70
1
 10
6.100000050418581
 20
-0.15004169940948486
 10
6.099999916127808
 20
0.14995828611504305
 10
6.699999797769897
 20
0.14995828611504305
 10
6.699999799227609
 20
-0.15004168994179345
  0
HATCH
  5
E7
330
17
100
AcDbEntity
  8
E-COLUMNA-ACH
100
AcDbHatch
 10
0.0
 20
0.0
 30
0.0
210
0.0
220
0.0
230
1.0
  2
SOLID
 70
1
 71
0
 91
1
 92
3
 72
0
 73
1
 93
4
 10
9.550000205764864
 20
-0.15004168923079128
 10
9.550000202230104
 20
0.1499582861150431
 10
10.149999607308136
 20
0.14995828686085866
 10
10.149999607035033
 20
-0.15004168791424508
 97
0
 75
0
 76
1
 98
0
  0
LWPOLYLINE
  5
E8
330
17
100
AcDbEntity
  8
E-COLUMNA
100
AcDbPolyline
 90
4
 70
1
 10
9.550000205764864
 20
-0.15004168923079128
 10
9.550000202230104
 20
0.1499582861150431
 10
10.149999607308136
 20
0.14995828686085866
 10
10.149999607035033
 20
-0.15004168791424508
  0
HATCH
  5
E9
330
17
100
AcDbEntity
  8
E-COLUMNA-ACH
100
AcDbHatch
 10
0.0
 20
0.0
 30
0.0
210
0.0
220
0.0
230
1.0
  2
SOLID
 70
1
 71
0
 91
1
 92
3
 72
0
 73
1
 93
4
 10
2.900000109726178
 20
9.86495877316988
 10
2.9000001063775254
 20
10.164957989188467
 10
3.4999999887263558
 20
10.164957989678152
 10
3.4999999889899063
 20
9.864958774117197
 97
0
 75
0
 76
1
 98
0
  0
LWPOLYLINE
  5
EA
330
17
100
AcDbEntity
  8
E-COLUMNA
100
AcDbPolyline
 90
4
 70
1
 10
2.900000109726178
 20
9.86495877316988
 10
2.9000001063775254
 20
10.164957989188467
 10
3.4999999887263558
 20
10.164957989678152
 10
3.4999999889899063
 20
9.864958774117197
  0
HATCH
  5
EB
330
17
100
AcDbEntity
  8
E-COLUMNA-ACH
100
AcDbHatch
 10
0.0
 20
0.0
 30
0.0
210
0.0
220
0.0
230
1.0
  2
SOLID
 70
1
 71
0
 91
1
 92
3
 72
0
 73
1
 93
4
 10
3.0499999633109383
 20
5.9649582019281
 10
3.049999962821234
 20
6.564958084276887
 10
3.3499998936379143
 20
6.564958084540406
 10
3.3499998941276186
 20
5.964958202191619
 97
0
 75
0
 76
1
 98
0
  0
LWPOLYLINE
  5
EC
330
17
100
AcDbEntity
  8
E-COLUMNA
100
AcDbPolyline
 90
4
 70
1
 10
3.0499999633109383
 20
5.9649582019281
 10
3.049999962821234
 20
6.564958084276887
 10
3.3499998936379143
 20
6.564958084540406
 10
3.3499998941276186
 20
5.964958202191619
  0
HATCH
  5
ED
330
17
100
AcDbEntity
  8
E-COLUMNA-ACH
100
AcDbHatch
 10
0.0
 20
0.0
 30
0.0
210
0.0
220
0.0
230
1.0
  2
SOLID
 70
1
 71
0
 91
1
 92
3
 72
0
 73
1
 93
4
 10
2.9000001097252395
 20
2.3649582963328593
 10
2.9000001063775622
 20
2.6649582276070305
 10
3.4999999887263495
 20
2.6649582280967343
 10
3.4999999889898694
 20
2.3649582972800545
 97
0
 75
0
 76
1
 98
0
  0
LWPOLYLINE
  5
EE
330
17
100
AcDbEntity
  8
E-COLUMNA
100
AcDbPolyline
 90
4
 70
1
 10
2.9000001097252395
 20
2.3649582963328593
 10
2.9000001063775622
 20
2.6649582276070305
 10
3.4999999887263495
 20
2.6649582280967343
 10
3.4999999889898694
 20
2.3649582972800545
  0
HATCH
  5
EF
330
17
100
AcDbEntity
  8
E-COLUMNA-ACH
100
AcDbHatch
 10
0.0
 20
0.0
 30
0.0
210
0.0
220
0.0
230
1.0
  2
SOLID
 70
1
 71
0
 91
1
 92
3
 72
0
 73
1
 93
6
 10
-0.14999999446520118
 20
10.16495798868789
 10
0.44999997658384433
 20
10.164957988687853
 10
0.4499999765838313
 20
9.864958774617799
 10
0.15000293489265262
 20
9.86495583419037
 10
0.1499999944652247
 20
9.564958583882936
 10
-0.14999999446523005
 20
9.564958583882941
 97
0
 75
0
 76
1
 98
0
  0
LWPOLYLINE
  5
F0
330
17
100
AcDbEntity
  8
E-COLUMNA
100
AcDbPolyline
 90
6
 70
1
 10
-0.14999999446520118
 20
10.16495798868789
 10
0.44999997658384433
 20
10.164957988687853
 10
0.4499999765838313
 20
9.864958774617799
 10
0.15000293489265262
 20
9.86495583419037
 10
0.1499999944652247
 20
9.564958583882936
 10
-0.14999999446523005
 20
9.564958583882941
  0
HATCH
  5
F1
330
17
100
AcDbEntity
  8
E-COLUMNA-ACH
100
AcDbHatch
 10
0.0
 20
0.0
 30
0.0
210
0.0
220
0.0
230
1.0
  2
SOLID
 70
1
 71
0
 91
1
 92
3
 72
0
 73
1
 93
6
 10
9.550000202230132
 20
10.164957988687894
 10
10.149999607035033
 20
10.164957988687865
 10
10.149999607035028
 20
9.56495858388292
 10
9.850000392964967
 20
9.564958583882936
 10
9.849997452537538
 20
9.86495583419037
 10
9.550000202230104
 20
9.864958774617799
 97
0
 75
0
 76
1
 98
0
  0
LWPOLYLINE
  5
F2
330
17
100
AcDbEntity
  8
E-COLUMNA
100
AcDbPolyline
 90
6
 70
1
 10
9.550000202230132
 20
10.164957988687894
 10
10.149999607035033
 20
10.164957988687865
 10
10.149999607035028
 20
9.56495858388292
 10
9.850000392964967
 20
9.564958583882936
 10
9.849997452537538
 20
9.86495583419037
 10
9.550000202230104
 20
9.864958774617799
  0
HATCH
  5
F3
330
17
100
AcDbEntity
  8
E-COLUMNA-ACH
100
AcDbHatch
 10
0.0
 20
0.0
 30
0.0
210
0.0
220
0.0
230
1.0
  2
SOLID
 70
1
 71
0
 91
1
 92
3
 72
0
 73
1
 93
6
 10
-0.1499999944652229
 20
2.9649581794227307
 10
0.1499999944652247
 20
2.964958179422729
 10
0.15000293489265262
 20
2.664961167533873
 10
0.4499999765838313
 20
2.6649582271064447
 10
0.44999997658383034
 20
2.3649582977806394
 10
-0.14999999446522083
 20
2.3649582977805403
 97
0
 75
0
 76
1
 98
0
  0
LWPOLYLINE
  5
F4
330
17
100
AcDbEntity
  8
E-COLUMNA
100
AcDbPolyline
 90
6
 70
1
 10
-0.1499999944652229
 20
2.9649581794227307
 10
0.1499999944652247
 20
2.964958179422729
 10
0.15000293489265262
 20
2.664961167533873
 10
0.4499999765838313
 20
2.6649582271064447
 10
0.44999997658383034
 20
2.3649582977806394
 10
-0.14999999446522083
 20
2.3649582977805403
  0
HATCH
  5
F5
330
17
100
AcDbEntity
  8
E-COLUMNA-ACH
100
AcDbHatch
 10
0.0
 20
0.0
 30
0.0
210
0.0
220
0.0
230
1.0
  2
SOLID
 70
1
 71
0
 91
1
 92
3
 72
0
 73
1
 93
6
 10
9.5500002022301
 20
2.3649582977806443
 10
9.550000202230104
 20
2.6649582271064447
 10
9.849997452537538
 20
2.664961167533873
 10
9.850000392964967
 20
2.964958179422729
 10
10.149999607035054
 20
2.964958179422707
 10
10.149999607035022
 20
2.364958297780628
 97
0
 75
0
 76
1
 98
0
  0
LWPOLYLINE
  5
F6
330
17
100
AcDbEntity
  8
E-COLUMNA
100
AcDbPolyline
 90
6
 70
1
 10
9.5500002022301
 20
2.3649582977806443
 10
9.550000202230104
 20
2.6649582271064447
 10
9.849997452537538
 20
2.664961167533873
 10
9.850000392964967
 20
2.964958179422729
 10
10.149999607035054
 20
2.964958179422707
 10
10.149999607035022
 20
2.364958297780628
  0
DIMENSION
  5
F7
330
17
100
AcDbEntity
  8
E-COTA
100
AcDbDimension
280
0
  2
*D1
  3
COTA50
 10
-0.14999999545551457
 20
10.75
 30
0.0
 11
-0.07499999772774468
 21
10.885
 31
0.0
 70
32
 71
5
  1
<>
100
AcDbAlignedDimension
 13
-0.14999999545551457
 23
10.164957989678156
 33
0.0
 14
2.519676044985892e-14
 24
10.164957989678156
 34
0.0
 50
0.0
100
AcDbRotatedDimension
1001
ACAD
1000
DSTYLE
1002
{
1070
271
1070
2
1002
}
  0
DIMENSION
  5
10A
330
17
100
AcDbEntity
  8
E-COTA
100
AcDbDimension
280
0
  2
*D2
  3
COTA50
 10
2.519676044985892e-14
 20
10.75
 30
0.0
 11
1.6000000000000205
 21
10.825
 31
0.0
 70
32
 71
5
  1
<>
100
AcDbAlignedDimension
 13
2.519676044985892e-14
 23
10.164957989678156
 33
0.0
 14
3.200000000000016
 24
10.164957989678156
 34
0.0
 50
0.0
100
AcDbRotatedDimension
1001
ACAD
1000
DSTYLE
1002
{
1070
271
1070
2
1002
}
  0
DIMENSION
  5
119
330
17
100
AcDbEntity
  8
E-COTA
100
AcDbDimension
280
0
  2
*D3
  3
COTA50
 10
3.200000000000016
 20
10.75
 30
0.0
 11
4.799999999999988
 21
10.825
 31
0.0
 70
32
 71
5
  1
<>
100
AcDbAlignedDimension
 13
3.200000000000016
 23
10.164957989678156
 33
0.0
 14
6.3999999999999595
 24
10.164957989678156
 34
0.0
 50
0.0
100
AcDbRotatedDimension
1001
ACAD
1000
DSTYLE
1002
{
1070
271
1070
2
1002
}
  0
DIMENSION
  5
128
330
17
100
AcDbEntity
  8
E-COTA
100
AcDbDimension
280
0
  2
*D4
  3
COTA50
 10
6.3999999999999595
 20
10.75
 30
0.0
 11
8.199999999999957
 21
10.825
 31
0.0
 70
32
 71
5
  1
<>
100
AcDbAlignedDimension
 13
6.3999999999999595
 23
10.164957989678156
 33
0.0
 14
9.999999999999954
 24
10.164957989678156
 34
0.0
 50
0.0
100
AcDbRotatedDimension
1001
ACAD
1000
DSTYLE
1002
{
1070
271
1070
2
1002
}
  0
DIMENSION
  5
137
330
17
100
AcDbEntity
  8
E-COTA
100
AcDbDimension
280
0
  2
*D5
  3
COTA50
 10
9.999999999999954
 20
10.75
 30
0.0
 11
10.074999804012638
 21
10.885
 31
0.0
 70
32
 71
5
  1
<>
100
AcDbAlignedDimension
 13
9.999999999999954
 23
10.164957989678156
 33
0.0
 14
10.149999608025322
 24
10.164957989678156
 34
0.0
 50
0.0
100
AcDbRotatedDimension
1001
ACAD
1000
DSTYLE
1002
{
1070
271
1070
2
1002
}
  0
DIMENSION
  5
146
330
17
100
AcDbEntity
  8
E-COTA
100
AcDbDimension
280
0
  2
*D6
  3
COTA50
 10
-0.14999999545551457
 20
11.05
 30
0.0
 11
4.999999806284904
 21
11.125
 31
0.0
 70
32
 71
5
  1
<>
100
AcDbAlignedDimension
 13
-0.14999999545551457
 23
10.164957989678156
 33
0.0
 14
10.149999608025322
 24
10.164957989678156
 34
0.0
 50
0.0
100
AcDbRotatedDimension
1001
ACAD
1000
DSTYLE
1002
{
1070
271
1070
2
1002
}
  0
DIMENSION
  5
155
330
17
100
AcDbEntity
  8
E-COTA
100
AcDbDimension
280
0
  2
*D7
  3
COTA50
 10
-1.05
 20
-0.15004169940948486
 30
0.0
 11
-1.185
 21
-0.07502084970474224
 31
0.0
 70
32
 71
5
  1
0.15
100
AcDbAlignedDimension
 13
-0.14999999545551457
 23
-0.15004169940948486
 33
0.0
 14
-0.14999999545551457
 24
3.8581546245602195e-16
 34
0.0
 50
90.0
100
AcDbRotatedDimension
1001
ACAD
1000
DSTYLE
1002
{
1070
271
1070
2
1002
}
  0
DIMENSION
  5
164
330
17
100
AcDbEntity
  8
E-COTA
100
AcDbDimension
280
0
  2
*D8
  3
COTA50
 10
-1.05
 20
3.8581546245602195e-16
 30
0.0
 11
-1.125
 21
1.2574791503907852
 31
0.0
 70
32
 71
5
  1
2.515
100
AcDbAlignedDimension
 13
-0.14999999545551457
 23
3.8581546245602195e-16
 33
0.0
 14
-0.14999999545551457
 24
2.51495830078157
 34
0.0
 50
90.0
100
AcDbRotatedDimension
1001
ACAD
1000
DSTYLE
1002
{
1070
271
1070
2
1002
}
  0
DIMENSION
  5
173
330
17
100
AcDbEntity
  8
E-COTA
100
AcDbDimension
280
0
  2
*D9
  3
COTA50
 10
-1.05
 20
2.51495830078157
 30
0.0
 11
-1.125
 21
4.3899583007815695
 31
0.0
 70
32
 71
5
  1
3.75
100
AcDbAlignedDimension
 13
-0.14999999545551457
 23
2.51495830078157
 33
0.0
 14
-0.14999999545551457
 24
6.264958300781569
 34
0.0
 50
90.0
100
AcDbRotatedDimension
1001
ACAD
1000
DSTYLE
1002
{
1070
271
1070
2
1002
}
  0
DIMENSION
  5
182
330
17
100
AcDbEntity
  8
E-COTA
100
AcDbDimension
280
0
  2
*D10
  3
COTA50
 10
-1.05
 20
6.264958300781569
 30
0.0
 11
-1.125
 21
8.139958300781569
 31
0.0
 70
32
 71
5
  1
3.75
100
AcDbAlignedDimension
 13
-0.14999999545551457
 23
6.264958300781569
 33
0.0
 14
-0.14999999545551457
 24
10.01495830078157
 34
0.0
 50
90.0
100
AcDbRotatedDimension
1001
ACAD
1000
DSTYLE
1002
{
1070
271
1070
2
1002
}
  0
DIMENSION
  5
191
330
17
100
AcDbEntity
  8
E-COTA
100
AcDbDimension
280
0
  2
*D11
  3
COTA50
 10
-1.05
 20
10.01495830078157
 30
0.0
 11
-1.185
 21
10.089958145229863
 31
0.0
 70
32
 71
5
  1
0.15
100
AcDbAlignedDimension
 13
-0.14999999545551457
 23
10.01495830078157
 33
0.0
 14
-0.14999999545551457
 24
10.164957989678156
 34
0.0
 50
90.0
100
AcDbRotatedDimension
1001
ACAD
1000
DSTYLE
1002
{
1070
271
1070
2
1002
}
  0
DIMENSION
  5
1A0
330
17
100
AcDbEntity
  8
E-COTA
100
AcDbDimension
280
0
  2
*D12
  3
COTA50
 10
-1.35
 20
-0.15004169940948486
 30
0.0
 11
-1.425
 21
5.007458145134335
 31
0.0
 70
32
 71
5
  1
<>
100
AcDbAlignedDimension
 13
-0.14999999545551457
 23
-0.15004169940948486
 33
0.0
 14
-0.14999999545551457
 24
10.164957989678156
 34
0.0
 50
90.0
100
AcDbRotatedDimension
1001
ACAD
1000
DSTYLE
1002
{
1070
271
1070
3
1002
}
  0
TEXT
  5
1AF
330
17
100
AcDbEntity
  8
E-TITULO
100
AcDbText
 10
6.049999915642663
 20
10.224957989678156
 30
0.0
 40
0.11000000000000001
  1
C-1
  7
ARIAL
 41
0.9
 72
2
 11
6.049999915642663
 21
10.224957989678156
 31
0.0
100
AcDbText
 73
1
  0
TEXT
  5
1B0
330
17
100
AcDbEntity
  8
E-TITULO
100
AcDbText
 10
6.049999914638712
 20
2.724958230905556
 30
0.0
 40
0.11000000000000001
  1
C-1
  7
ARIAL
 41
0.9
 72
2
 11
6.049999914638712
 21
2.724958230905556
 31
0.0
100
AcDbText
 73
1
  0
TEXT
  5
1B1
330
17
100
AcDbEntity
  8
E-TITULO
100
AcDbText
 10
-0.19999999545551456
 20
6.624958084540403
 30
0.0
 40
0.11000000000000001
  1
C-1
  7
ARIAL
 41
0.9
 72
2
 11
-0.19999999545551456
 21
6.624958084540403
 31
0.0
100
AcDbText
 73
1
  0
TEXT
  5
1B2
330
17
100
AcDbEntity
  8
E-TITULO
100
AcDbText
 10
9.800000391974677
 20
6.624958084540443
 30
0.0
 40
0.11000000000000001
  1
C-1
  7
ARIAL
 41
0.9
 72
2
 11
9.800000391974677
 21
6.624958084540443
 31
0.0
100
AcDbText
 73
1
  0
TEXT
  5
1B3
330
17
100
AcDbEntity
  8
E-TITULO
100
AcDbText
 10
6.20000001050495
 20
6.624958084540394
 30
0.0
 40
0.11000000000000001
  1
C-1
  7
ARIAL
 41
0.9
 72
2
 11
6.20000001050495
 21
6.624958084540394
 31
0.0
100
AcDbText
 73
1
  0
TEXT
  5
1B4
330
17
100
AcDbEntity
  8
E-TITULO
100
AcDbText
 10
6.049999916127808
 20
0.20995828611504305
 30
0.0
 40
0.11000000000000001
  1
C-1
  7
ARIAL
 41
0.9
 72
2
 11
6.049999916127808
 21
0.20995828611504305
 31
0.0
100
AcDbText
 73
1
  0
TEXT
  5
1B5
330
17
100
AcDbEntity
  8
E-TITULO
100
AcDbText
 10
9.500000202230103
 20
0.20995828686085866
 30
0.0
 40
0.11000000000000001
  1
C-1
  7
ARIAL
 41
0.9
 72
2
 11
9.500000202230103
 21
0.20995828686085866
 31
0.0
100
AcDbText
 73
1
  0
TEXT
  5
1B6
330
17
100
AcDbEntity
  8
E-TITULO
100
AcDbText
 10
2.8500001063775255
 20
10.224957989678153
 30
0.0
 40
0.11000000000000001
  1
C-1
  7
ARIAL
 41
0.9
 72
2
 11
2.8500001063775255
 21
10.224957989678153
 31
0.0
100
AcDbText
 73
1
  0
TEXT
  5
1B7
330
17
100
AcDbEntity
  8
E-TITULO
100
AcDbText
 10
2.999999962821234
 20
6.624958084540405
 30
0.0
 40
0.11000000000000001
  1
C-1
  7
ARIAL
 41
0.9
 72
2
 11
2.999999962821234
 21
6.624958084540405
 31
0.0
100
AcDbText
 73
1
  0
TEXT
  5
1B8
330
17
100
AcDbEntity
  8
E-TITULO
100
AcDbText
 10
2.8500001063775624
 20
2.7249582280967344
 30
0.0
 40
0.11000000000000001
  1
C-1
  7
ARIAL
 41
0.9
 72
2
 11
2.8500001063775624
 21
2.7249582280967344
 31
0.0
100
AcDbText
 73
1
  0
TEXT
  5
1B9
330
17
100
AcDbEntity
  8
E-TITULO
100
AcDbText
 10
-0.19999999446523004
 20
10.22495798868789
 30
0.0
 40
0.11000000000000001
  1
C-2
  7
ARIAL
 41
0.9
 72
2
 11
-0.19999999446523004
 21
10.22495798868789
 31
0.0
100
AcDbText
 73
1
  0
TEXT
  5
1BA
330
17
100
AcDbEntity
  8
E-TITULO
100
AcDbText
 10
9.500000202230103
 20
10.224957988687894
 30
0.0
 40
0.11000000000000001
  1
C-2
  7
ARIAL
 41
0.9
 72
2
 11
9.500000202230103
 21
10.224957988687894
 31
0.0
100
AcDbText
 73
1
  0
TEXT
  5
1BB
330
17
100
AcDbEntity
  8
E-TITULO
100
AcDbText
 10
-0.19999999446522293
 20
3.0249581794227307
 30
0.0
 40
0.11000000000000001
  1
C-2
  7
ARIAL
 41
0.9
 72
2
 11
-0.19999999446522293
 21
3.0249581794227307
 31
0.0
100
AcDbText
 73
1
  0
TEXT
  5
1BC
330
17
100
AcDbEntity
  8
E-TITULO
100
AcDbText
 10
9.5000002022301
 20
3.024958179422729
 30
0.0
 40
0.11000000000000001
  1
C-2
  7
ARIAL
 41
0.9
 72
2
 11
9.5000002022301
 21
3.024958179422729
 31
0.0
100
AcDbText
 73
1
  0
HATCH
  5
1C1
330
17
100
AcDbEntity
  8
E-CORTE-ACH
100
AcDbHatch
 10
0.0
 20
0.0
 30
0.0
210
0.0
220
0.0
230
1.0
  2
SOLID
 70
1
 71
0
 91
1
 92
3
 72
0
 73
1
 93
12
 10
199.85
 20
1.349999
 10
199.85
 20
2.7
 10
199.85
 20
2.85
 10
199.85
 20
3.0
 10
200.0
 20
3.0
 10
200.15
 20
3.0
 10
200.15
 20
2.85
 10
200.15
 20
2.7
 10
200.15
 20
1.350001
 10
200.15
 20
0.0
 10
200.0
 20
0.0
 10
199.85
 20
0.0
 97
0
 75
0
 76
1
 98
0
  0
LWPOLYLINE
  5
1C2
330
17
100
AcDbEntity
  8
E-CORTE
100
AcDbPolyline
 90
13
 70
0
 10
199.85
 20
1.349999
 10
199.85
 20
2.7
 10
199.85
 20
2.85
 10
199.85
 20
3.0
 10
200.0
 20
3.0
 10
200.15
 20
3.0
 10
200.15
 20
2.85
 10
200.15
 20
2.7
 10
200.15
 20
1.350001
 10
200.15
 20
0.0
 10
200.0
 20
0.0
 10
199.85
 20
0.0
 10
199.85
 20
1.349999
  0
HATCH
  5
1C3
330
17
100
AcDbEntity
  8
E-CORTE-ACH
100
AcDbHatch
 10
0.0
 20
0.0
 30
0.0
210
0.0
220
0.0
230
1.0
  2
SOLID
 70
1
 71
0
 91
1
 92
3
 72
0
 73
1
 93
12
 10
209.85
 20
1.349999
 10
209.85
 20
2.7
 10
209.85
 20
2.85
 10
209.85
 20
3.0
 10
210.0
 20
3.0
 10
210.15
 20
3.0
 10
210.15
 20
2.85
 10
210.15
 20
2.7
 10
210.15
 20
1.350001
 10
210.15
 20
0.0
 10
210.0
 20
0.0
 10
209.85
 20
0.0
 97
0
 75
0
 76
1
 98
0
  0
LWPOLYLINE
  5
1C4
330
17
100
AcDbEntity
  8
E-CORTE
100
AcDbPolyline
 90
13
 70
0
 10
209.85
 20
1.349999
 10
209.85
 20
2.7
 10
209.85
 20
2.85
 10
209.85
 20
3.0
 10
210.0
 20
3.0
 10
210.15
 20
3.0
 10
210.15
 20
2.85
 10
210.15
 20
2.7
 10
210.15
 20
1.350001
 10
210.15
 20
0.0
 10
210.0
 20
0.0
 10
209.85
 20
0.0
 10
209.85
 20
1.349999
  0
HATCH
  5
1C5
330
17
100
AcDbEntity
  8
E-CORTE-ACH
100
AcDbHatch
 10
0.0
 20
0.0
 30
0.0
210
0.0
220
0.0
230
1.0
  2
SOLID
 70
1
 71
0
 91
1
 92
3
 72
0
 73
1
 93
12
 10
206.25
 20
1.349999
 10
206.25
 20
2.7
 10
206.25
 20
2.85
 10
206.25
 20
3.0
 10
206.4
 20
3.0
 10
206.55
 20
3.0
 10
206.55
 20
2.85
 10
206.55
 20
2.7
 10
206.55
 20
1.350001
 10
206.55
 20
0.0
 10
206.4
 20
0.0
 10
206.25
 20
0.0
 97
0
 75
0
 76
1
 98
0
  0
LWPOLYLINE
  5
1C6
330
17
100
AcDbEntity
  8
E-CORTE
100
AcDbPolyline
 90
13
 70
0
 10
206.25
 20
1.349999
 10
206.25
 20
2.7
 10
206.25
 20
2.85
 10
206.25
 20
3.0
 10
206.4
 20
3.0
 10
206.55
 20
3.0
 10
206.55
 20
2.85
 10
206.55
 20
2.7
 10
206.55
 20
1.350001
 10
206.55
 20
0.0
 10
206.4
 20
0.0
 10
206.25
 20
0.0
 10
206.25
 20
1.349999
  0
HATCH
  5
1C7
330
17
100
AcDbEntity
  8
E-CORTE-ACH
100
AcDbHatch
 10
0.0
 20
0.0
 30
0.0
210
0.0
220
0.0
230
1.0
  2
SOLID
 70
1
 71
0
 91
1
 92
3
 72
0
 73
1
 93
12
 10
199.85
 20
-0.725
 10
199.85
 20
0.0
 10
199.8625
 20
0.0
 10
199.875
 20
0.0
 10
200.069118
 20
0.0
 10
200.15
 20
0.0
 10
200.15
 20
-0.725
 10
200.15
 20
-1.45
 10
200.069118
 20
-1.45
 10
199.875
 20
-1.45
 10
199.8625
 20
-1.45
 10
199.85
 20
-1.45
 97
0
 75
0
 76
1
 98
0
  0
LWPOLYLINE
  5
1C8
330
17
100
AcDbEntity
  8
E-CORTE
100
AcDbPolyline
 90
13
 70
0
 10
199.85
 20
-0.725
 10
199.85
 20
0.0
 10
199.8625
 20
0.0
 10
199.875
 20
0.0
 10
200.069118
 20
0.0
 10
200.15
 20
0.0
 10
200.15
 20
-0.725
 10
200.15
 20
-1.45
 10
200.069118
 20
-1.45
 10
199.875
 20
-1.45
 10
199.8625
 20
-1.45
 10
199.85
 20
-1.45
 10
199.85
 20
-0.725
  0
HATCH
  5
1C9
330
17
100
AcDbEntity
  8
E-CORTE-ACH
100
AcDbHatch
 10
0.0
 20
0.0
 30
0.0
210
0.0
220
0.0
230
1.0
  2
SOLID
 70
1
 71
0
 91
1
 92
3
 72
0
 73
1
 93
12
 10
199.85
 20
4.25
 10
199.85
 20
5.3
 10
199.85
 20
5.45
 10
199.85
 20
5.6
 10
200.0
 20
5.6
 10
200.15
 20
5.6
 10
200.15
 20
5.45
 10
200.15
 20
5.3
 10
200.15
 20
4.250001
 10
200.15
 20
3.2
 10
200.0
 20
3.2
 10
199.85
 20
3.2
 97
0
 75
0
 76
1
 98
0
  0
LWPOLYLINE
  5
1CA
330
17
100
AcDbEntity
  8
E-CORTE
100
AcDbPolyline
 90
13
 70
0
 10
199.85
 20
4.25
 10
199.85
 20
5.3
 10
199.85
 20
5.45
 10
199.85
 20
5.6
 10
200.0
 20
5.6
 10
200.15
 20
5.6
 10
200.15
 20
5.45
 10
200.15
 20
5.3
 10
200.15
 20
4.250001
 10
200.15
 20
3.2
 10
200.0
 20
3.2
 10
199.85
 20
3.2
 10
199.85
 20
4.25
  0
HATCH
  5
1CB
330
17
100
AcDbEntity
  8
E-CORTE-ACH
100
AcDbHatch
 10
0.0
 20
0.0
 30
0.0
210
0.0
220
0.0
230
1.0
  2
SOLID
 70
1
 71
0
 91
1
 92
3
 72
0
 73
1
 93
12
 10
199.85
 20
6.85
 10
199.85
 20
7.9
 10
199.85
 20
8.05
 10
199.85
 20
8.2
 10
200.0
 20
8.2
 10
200.15
 20
8.2
 10
200.15
 20
8.05
 10
200.15
 20
7.9
 10
200.15
 20
6.850001
 10
200.15
 20
5.8
 10
200.0
 20
5.8
 10
199.85
 20
5.8
 97
0
 75
0
 76
1
 98
0
  0
LWPOLYLINE
  5
1CC
330
17
100
AcDbEntity
  8
E-CORTE
100
AcDbPolyline
 90
13
 70
0
 10
199.85
 20
6.85
 10
199.85
 20
7.9
 10
199.85
 20
8.05
 10
199.85
 20
8.2
 10
200.0
 20
8.2
 10
200.15
 20
8.2
 10
200.15
 20
8.05
 10
200.15
 20
7.9
 10
200.15
 20
6.850001
 10
200.15
 20
5.8
 10
200.0
 20
5.8
 10
199.85
 20
5.8
 10
199.85
 20
6.85
  0
HATCH
  5
1CD
330
17
100
AcDbEntity
  8
E-CORTE-ACH
100
AcDbHatch
 10
0.0
 20
0.0
 30
0.0
210
0.0
220
0.0
230
1.0
  2
SOLID
 70
1
 71
0
 91
1
 92
3
 72
0
 73
1
 93
12
 10
199.85
 20
9.449999
 10
199.85
 20
10.5
 10
199.85
 20
10.65
 10
199.85
 20
10.8
 10
200.0
 20
10.8
 10
200.15
 20
10.8
 10
200.15
 20
10.65
 10
200.15
 20
10.5
 10
200.15
 20
9.45
 10
200.15
 20
8.4
 10
200.0
 20
8.4
 10
199.85
 20
8.4
 97
0
 75
0
 76
1
 98
0
  0
LWPOLYLINE
  5
1CE
330
17
100
AcDbEntity
  8
E-CORTE
100
AcDbPolyline
 90
13
 70
0
 10
199.85
 20
9.449999
 10
199.85
 20
10.5
 10
199.85
 20
10.65
 10
199.85
 20
10.8
 10
200.0
 20
10.8
 10
200.15
 20
10.8
 10
200.15
 20
10.65
 10
200.15
 20
10.5
 10
200.15
 20
9.45
 10
200.15
 20
8.4
 10
200.0
 20
8.4
 10
199.85
 20
8.4
 10
199.85
 20
9.449999
  0
HATCH
  5
1CF
330
17
100
AcDbEntity
  8
E-CORTE-ACH
100
AcDbHatch
 10
0.0
 20
0.0
 30
0.0
210
0.0
220
0.0
230
1.0
  2
SOLID
 70
1
 71
0
 91
1
 92
3
 72
0
 73
1
 93
8
 10
206.25
 20
-0.725
 10
206.25
 20
0.0
 10
206.4
 20
0.0
 10
206.55
 20
0.0
 10
206.55
 20
-0.725
 10
206.55
 20
-1.45
 10
206.4
 20
-1.45
 10
206.25
 20
-1.45
 97
0
 75
0
 76
1
 98
0
  0
LWPOLYLINE
  5
1D0
330
17
100
AcDbEntity
  8
E-CORTE
100
AcDbPolyline
 90
9
 70
0
 10
206.25
 20
-0.725
 10
206.25
 20
0.0
 10
206.4
 20
0.0
 10
206.55
 20
0.0
 10
206.55
 20
-0.725
 10
206.55
 20
-1.45
 10
206.4
 20
-1.45
 10
206.25
 20
-1.45
 10
206.25
 20
-0.725
  0
HATCH
  5
1D1
330
17
100
AcDbEntity
  8
E-CORTE-ACH
100
AcDbHatch
 10
0.0
 20
0.0
 30
0.0
210
0.0
220
0.0
230
1.0
  2
SOLID
 70
1
 71
0
 91
1
 92
3
 72
0
 73
1
 93
12
 10
206.25
 20
4.25
 10
206.25
 20
5.3
 10
206.25
 20
5.45
 10
206.25
 20
5.6
 10
206.4
 20
5.6
 10
206.55
 20
5.6
 10
206.55
 20
5.45
 10
206.55
 20
5.3
 10
206.55
 20
4.250001
 10
206.55
 20
3.2
 10
206.4
 20
3.2
 10
206.25
 20
3.2
 97
0
 75
0
 76
1
 98
0
  0
LWPOLYLINE
  5
1D2
330
17
100
AcDbEntity
  8
E-CORTE
100
AcDbPolyline
 90
13
 70
0
 10
206.25
 20
4.25
 10
206.25
 20
5.3
 10
206.25
 20
5.45
 10
206.25
 20
5.6
 10
206.4
 20
5.6
 10
206.55
 20
5.6
 10
206.55
 20
5.45
 10
206.55
 20
5.3
 10
206.55
 20
4.250001
 10
206.55
 20
3.2
 10
206.4
 20
3.2
 10
206.25
 20
3.2
 10
206.25
 20
4.25
  0
HATCH
  5
1D3
330
17
100
AcDbEntity
  8
E-CORTE-ACH
100
AcDbHatch
 10
0.0
 20
0.0
 30
0.0
210
0.0
220
0.0
230
1.0
  2
SOLID
 70
1
 71
0
 91
1
 92
3
 72
0
 73
1
 93
12
 10
206.25
 20
6.85
 10
206.25
 20
7.9
 10
206.25
 20
8.05
 10
206.25
 20
8.2
 10
206.4
 20
8.2
 10
206.55
 20
8.2
 10
206.55
 20
8.05
 10
206.55
 20
7.9
 10
206.55
 20
6.850001
 10
206.55
 20
5.8
 10
206.4
 20
5.8
 10
206.25
 20
5.8
 97
0
 75
0
 76
1
 98
0
  0
LWPOLYLINE
  5
1D4
330
17
100
AcDbEntity
  8
E-CORTE
100
AcDbPolyline
 90
13
 70
0
 10
206.25
 20
6.85
 10
206.25
 20
7.9
 10
206.25
 20
8.05
 10
206.25
 20
8.2
 10
206.4
 20
8.2
 10
206.55
 20
8.2
 10
206.55
 20
8.05
 10
206.55
 20
7.9
 10
206.55
 20
6.850001
 10
206.55
 20
5.8
 10
206.4
 20
5.8
 10
206.25
 20
5.8
 10
206.25
 20
6.85
  0
HATCH
  5
1D5
330
17
100
AcDbEntity
  8
E-CORTE-ACH
100
AcDbHatch
 10
0.0
 20
0.0
 30
0.0
210
0.0
220
0.0
230
1.0
  2
SOLID
 70
1
 71
0
 91
1
 92
3
 72
0
 73
1
 93
12
 10
206.25
 20
9.449999
 10
206.25
 20
10.5
 10
206.25
 20
10.65
 10
206.25
 20
10.8
 10
206.4
 20
10.8
 10
206.55
 20
10.8
 10
206.55
 20
10.65
 10
206.55
 20
10.5
 10
206.55
 20
9.45
 10
206.55
 20
8.4
 10
206.4
 20
8.4
 10
206.25
 20
8.4
 97
0
 75
0
 76
1
 98
0
  0
LWPOLYLINE
  5
1D6
330
17
100
AcDbEntity
  8
E-CORTE
100
AcDbPolyline
 90
13
 70
0
 10
206.25
 20
9.449999
 10
206.25
 20
10.5
 10
206.25
 20
10.65
 10
206.25
 20
10.8
 10
206.4
 20
10.8
 10
206.55
 20
10.8
 10
206.55
 20
10.65
 10
206.55
 20
10.5
 10
206.55
 20
9.45
 10
206.55
 20
8.4
 10
206.4
 20
8.4
 10
206.25
 20
8.4
 10
206.25
 20
9.449999
  0
HATCH
  5
1D7
330
17
100
AcDbEntity
  8
E-CORTE-ACH
100
AcDbHatch
 10
0.0
 20
0.0
 30
0.0
210
0.0
220
0.0
230
1.0
  2
SOLID
 70
1
 71
0
 91
1
 92
3
 72
0
 73
1
 93
12
 10
209.85
 20
-0.725
 10
209.85
 20
0.0
 10
209.930883
 20
0.0
 10
210.125
 20
0.0
 10
210.1375
 20
0.0
 10
210.15
 20
0.0
 10
210.15
 20
-0.725
 10
210.15
 20
-1.45
 10
210.1375
 20
-1.45
 10
210.125
 20
-1.45
 10
209.930883
 20
-1.45
 10
209.85
 20
-1.45
 97
0
 75
0
 76
1
 98
0
  0
LWPOLYLINE
  5
1D8
330
17
100
AcDbEntity
  8
E-CORTE
100
AcDbPolyline
 90
13
 70
0
 10
209.85
 20
-0.725
 10
209.85
 20
0.0
 10
209.930883
 20
0.0
 10
210.125
 20
0.0
 10
210.1375
 20
0.0
 10
210.15
 20
0.0
 10
210.15
 20
-0.725
 10
210.15
 20
-1.45
 10
210.1375
 20
-1.45
 10
210.125
 20
-1.45
 10
209.930883
 20
-1.45
 10
209.85
 20
-1.45
 10
209.85
 20
-0.725
  0
HATCH
  5
1D9
330
17
100
AcDbEntity
  8
E-CORTE-ACH
100
AcDbHatch
 10
0.0
 20
0.0
 30
0.0
210
0.0
220
0.0
230
1.0
  2
SOLID
 70
1
 71
0
 91
1
 92
3
 72
0
 73
1
 93
12
 10
209.85
 20
4.25
 10
209.85
 20
5.3
 10
209.85
 20
5.45
 10
209.85
 20
5.6
 10
210.0
 20
5.6
 10
210.15
 20
5.6
 10
210.15
 20
5.45
 10
210.15
 20
5.3
 10
210.15
 20
4.250001
 10
210.15
 20
3.2
 10
210.0
 20
3.2
 10
209.85
 20
3.2
 97
0
 75
0
 76
1
 98
0
  0
LWPOLYLINE
  5
1DA
330
17
100
AcDbEntity
  8
E-CORTE
100
AcDbPolyline
 90
13
 70
0
 10
209.85
 20
4.25
 10
209.85
 20
5.3
 10
209.85
 20
5.45
 10
209.85
 20
5.6
 10
210.0
 20
5.6
 10
210.15
 20
5.6
 10
210.15
 20
5.45
 10
210.15
 20
5.3
 10
210.15
 20
4.250001
 10
210.15
 20
3.2
 10
210.0
 20
3.2
 10
209.85
 20
3.2
 10
209.85
 20
4.25
  0
HATCH
  5
1DB
330
17
100
AcDbEntity
  8
E-CORTE-ACH
100
AcDbHatch
 10
0.0
 20
0.0
 30
0.0
210
0.0
220
0.0
230
1.0
  2
SOLID
 70
1
 71
0
 91
1
 92
3
 72
0
 73
1
 93
12
 10
209.85
 20
6.85
 10
209.85
 20
7.9
 10
209.85
 20
8.05
 10
209.85
 20
8.2
 10
210.0
 20
8.2
 10
210.15
 20
8.2
 10
210.15
 20
8.05
 10
210.15
 20
7.9
 10
210.15
 20
6.850001
 10
210.15
 20
5.8
 10
210.0
 20
5.8
 10
209.85
 20
5.8
 97
0
 75
0
 76
1
 98
0
  0
LWPOLYLINE
  5
1DC
330
17
100
AcDbEntity
  8
E-CORTE
100
AcDbPolyline
 90
13
 70
0
 10
209.85
 20
6.85
 10
209.85
 20
7.9
 10
209.85
 20
8.05
 10
209.85
 20
8.2
 10
210.0
 20
8.2
 10
210.15
 20
8.2
 10
210.15
 20
8.05
 10
210.15
 20
7.9
 10
210.15
 20
6.850001
 10
210.15
 20
5.8
 10
210.0
 20
5.8
 10
209.85
 20
5.8
 10
209.85
 20
6.85
  0
HATCH
  5
1DD
330
17
100
AcDbEntity
  8
E-CORTE-ACH
100
AcDbHatch
 10
0.0
 20
0.0
 30
0.0
210
0.0
220
0.0
230
1.0
  2
SOLID
 70
1
 71
0
 91
1
 92
3
 72
0
 73
1
 93
12
 10
209.85
 20
9.449999
 10
209.85
 20
10.5
 10
209.85
 20
10.65
 10
209.85
 20
10.8
 10
210.0
 20
10.8
 10
210.15
 20
10.8
 10
210.15
 20
10.65
 10
210.15
 20
10.5
 10
210.15
 20
9.45
 10
210.15
 20
8.4
 10
210.0
 20
8.4
 10
209.85
 20
8.4
 97
0
 75
0
 76
1
 98
0
  0
LWPOLYLINE
  5
1DE
330
17
100
AcDbEntity
  8
E-CORTE
100
AcDbPolyline
 90
13
 70
0
 10
209.85
 20
9.449999
 10
209.85
 20
10.5
 10
209.85
 20
10.65
 10
209.85
 20
10.8
 10
210.0
 20
10.8
 10
210.15
 20
10.8
 10
210.15
 20
10.65
 10
210.15
 20
10.5
 10
210.15
 20
9.45
 10
210.15
 20
8.4
 10
210.0
 20
8.4
 10
209.85
 20
8.4
 10
209.85
 20
9.449999
  0
HATCH
  5
1DF
330
17
100
AcDbEntity
  8
E-CORTE-ACH
100
AcDbHatch
 10
0.0
 20
0.0
 30
0.0
210
0.0
220
0.0
230
1.0
  2
SOLID
 70
1
 71
0
 91
1
 92
3
 72
0
 73
1
 93
8
 10
203.05
 20
-0.725
 10
203.05
 20
0.0
 10
203.2
 20
0.0
 10
203.35
 20
0.0
 10
203.35
 20
-0.725
 10
203.35
 20
-1.45
 10
203.2
 20
-1.45
 10
203.05
 20
-1.45
 97
0
 75
0
 76
1
 98
0
  0
LWPOLYLINE
  5
1E0
330
17
100
AcDbEntity
  8
E-CORTE
100
AcDbPolyline
 90
9
 70
0
 10
203.05
 20
-0.725
 10
203.05
 20
0.0
 10
203.2
 20
0.0
 10
203.35
 20
0.0
 10
203.35
 20
-0.725
 10
203.35
 20
-1.45
 10
203.2
 20
-1.45
 10
203.05
 20
-1.45
 10
203.05
 20
-0.725
  0
HATCH
  5
1E1
330
17
100
AcDbEntity
  8
E-CORTE-ACH
100
AcDbHatch
 10
0.0
 20
0.0
 30
0.0
210
0.0
220
0.0
230
1.0
  2
SOLID
 70
1
 71
0
 91
1
 92
3
 72
0
 73
1
 93
12
 10
203.05
 20
1.349999
 10
203.05
 20
2.7
 10
203.05
 20
2.85
 10
203.05
 20
3.0
 10
203.2
 20
3.0
 10
203.35
 20
3.0
 10
203.35
 20
2.85
 10
203.35
 20
2.7
 10
203.35
 20
1.350001
 10
203.35
 20
0.0
 10
203.2
 20
0.0
 10
203.05
 20
0.0
 97
0
 75
0
 76
1
 98
0
  0
LWPOLYLINE
  5
1E2
330
17
100
AcDbEntity
  8
E-CORTE
100
AcDbPolyline
 90
13
 70
0
 10
203.05
 20
1.349999
 10
203.05
 20
2.7
 10
203.05
 20
2.85
 10
203.05
 20
3.0
 10
203.2
 20
3.0
 10
203.35
 20
3.0
 10
203.35
 20
2.85
 10
203.35
 20
2.7
 10
203.35
 20
1.350001
 10
203.35
 20
0.0
 10
203.2
 20
0.0
 10
203.05
 20
0.0
 10
203.05
 20
1.349999
  0
HATCH
  5
1E3
330
17
100
AcDbEntity
  8
E-CORTE-ACH
100
AcDbHatch
 10
0.0
 20
0.0
 30
0.0
210
0.0
220
0.0
230
1.0
  2
SOLID
 70
1
 71
0
 91
1
 92
3
 72
0
 73
1
 93
12
 10
203.05
 20
4.25
 10
203.05
 20
5.3
 10
203.05
 20
5.45
 10
203.05
 20
5.6
 10
203.2
 20
5.6
 10
203.35
 20
5.6
 10
203.35
 20
5.45
 10
203.35
 20
5.3
 10
203.35
 20
4.250001
 10
203.35
 20
3.2
 10
203.2
 20
3.2
 10
203.05
 20
3.2
 97
0
 75
0
 76
1
 98
0
  0
LWPOLYLINE
  5
1E4
330
17
100
AcDbEntity
  8
E-CORTE
100
AcDbPolyline
 90
13
 70
0
 10
203.05
 20
4.25
 10
203.05
 20
5.3
 10
203.05
 20
5.45
 10
203.05
 20
5.6
 10
203.2
 20
5.6
 10
203.35
 20
5.6
 10
203.35
 20
5.45
 10
203.35
 20
5.3
 10
203.35
 20
4.250001
 10
203.35
 20
3.2
 10
203.2
 20
3.2
 10
203.05
 20
3.2
 10
203.05
 20
4.25
  0
HATCH
  5
1E5
330
17
100
AcDbEntity
  8
E-CORTE-ACH
100
AcDbHatch
 10
0.0
 20
0.0
 30
0.0
210
0.0
220
0.0
230
1.0
  2
SOLID
 70
1
 71
0
 91
1
 92
3
 72
0
 73
1
 93
12
 10
203.05
 20
6.85
 10
203.05
 20
7.9
 10
203.05
 20
8.05
 10
203.05
 20
8.2
 10
203.2
 20
8.2
 10
203.35
 20
8.2
 10
203.35
 20
8.05
 10
203.35
 20
7.9
 10
203.35
 20
6.850001
 10
203.35
 20
5.8
 10
203.2
 20
5.8
 10
203.05
 20
5.8
 97
0
 75
0
 76
1
 98
0
  0
LWPOLYLINE
  5
1E6
330
17
100
AcDbEntity
  8
E-CORTE
100
AcDbPolyline
 90
13
 70
0
 10
203.05
 20
6.85
 10
203.05
 20
7.9
 10
203.05
 20
8.05
 10
203.05
 20
8.2
 10
203.2
 20
8.2
 10
203.35
 20
8.2
 10
203.35
 20
8.05
 10
203.35
 20
7.9
 10
203.35
 20
6.850001
 10
203.35
 20
5.8
 10
203.2
 20
5.8
 10
203.05
 20
5.8
 10
203.05
 20
6.85
  0
HATCH
  5
1E7
330
17
100
AcDbEntity
  8
E-CORTE-ACH
100
AcDbHatch
 10
0.0
 20
0.0
 30
0.0
210
0.0
220
0.0
230
1.0
  2
SOLID
 70
1
 71
0
 91
1
 92
3
 72
0
 73
1
 93
12
 10
203.05
 20
9.449999
 10
203.05
 20
10.5
 10
203.05
 20
10.65
 10
203.05
 20
10.8
 10
203.2
 20
10.8
 10
203.35
 20
10.8
 10
203.35
 20
10.65
 10
203.35
 20
10.5
 10
203.35
 20
9.45
 10
203.35
 20
8.4
 10
203.2
 20
8.4
 10
203.05
 20
8.4
 97
0
 75
0
 76
1
 98
0
  0
LWPOLYLINE
  5
1E8
330
17
100
AcDbEntity
  8
E-CORTE
100
AcDbPolyline
 90
13
 70
0
 10
203.05
 20
9.449999
 10
203.05
 20
10.5
 10
203.05
 20
10.65
 10
203.05
 20
10.8
 10
203.2
 20
10.8
 10
203.35
 20
10.8
 10
203.35
 20
10.65
 10
203.35
 20
10.5
 10
203.35
 20
9.45
 10
203.35
 20
8.4
 10
203.2
 20
8.4
 10
203.05
 20
8.4
 10
203.05
 20
9.449999
  0
HATCH
  5
1E9
330
17
100
AcDbEntity
  8
E-CORTE-ACH
100
AcDbHatch
 10
0.0
 20
0.0
 30
0.0
210
0.0
220
0.0
230
1.0
  2
SOLID
 70
1
 71
0
 91
1
 92
3
 72
0
 73
1
 93
8
 10
200.15
 20
-1.45
 10
200.15
 20
-1.25
 10
200.15
 20
-1.05
 10
201.599999
 20
-1.05
 10
203.05
 20
-1.05
 10
203.05
 20
-1.25
 10
203.05
 20
-1.45
 10
201.600001
 20
-1.45
 97
0
 75
0
 76
1
 98
0
  0
LWPOLYLINE
  5
1EA
330
17
100
AcDbEntity
  8
E-CORTE
100
AcDbPolyline
 90
9
 70
0
 10
200.15
 20
-1.45
 10
200.15
 20
-1.25
 10
200.15
 20
-1.05
 10
201.599999
 20
-1.05
 10
203.05
 20
-1.05
 10
203.05
 20
-1.25
 10
203.05
 20
-1.45
 10
201.600001
 20
-1.45
 10
200.15
 20
-1.45
  0
HATCH
  5
1EB
330
17
100
AcDbEntity
  8
E-CORTE-ACH
100
AcDbHatch
 10
0.0
 20
0.0
 30
0.0
210
0.0
220
0.0
230
1.0
  2
SOLID
 70
1
 71
0
 91
1
 92
3
 72
0
 73
1
 93
8
 10
203.35
 20
-1.45
 10
203.35
 20
-1.25
 10
203.35
 20
-1.05
 10
204.799999
 20
-1.05
 10
206.25
 20
-1.05
 10
206.25
 20
-1.25
 10
206.25
 20
-1.45
 10
204.800001
 20
-1.45
 97
0
 75
0
 76
1
 98
0
  0
LWPOLYLINE
  5
1EC
330
17
100
AcDbEntity
  8
E-CORTE
100
AcDbPolyline
 90
9
 70
0
 10
203.35
 20
-1.45
 10
203.35
 20
-1.25
 10
203.35
 20
-1.05
 10
204.799999
 20
-1.05
 10
206.25
 20
-1.05
 10
206.25
 20
-1.25
 10
206.25
 20
-1.45
 10
204.800001
 20
-1.45
 10
203.35
 20
-1.45
  0
HATCH
  5
1ED
330
17
100
AcDbEntity
  8
E-CORTE-ACH
100
AcDbHatch
 10
0.0
 20
0.0
 30
0.0
210
0.0
220
0.0
230
1.0
  2
SOLID
 70
1
 71
0
 91
1
 92
3
 72
0
 73
1
 93
8
 10
206.55
 20
-1.45
 10
206.55
 20
-1.25
 10
206.55
 20
-1.05
 10
208.199999
 20
-1.05
 10
209.85
 20
-1.05
 10
209.85
 20
-1.25
 10
209.85
 20
-1.45
 10
208.200001
 20
-1.45
 97
0
 75
0
 76
1
 98
0
  0
LWPOLYLINE
  5
1EE
330
17
100
AcDbEntity
  8
E-CORTE
100
AcDbPolyline
 90
9
 70
0
 10
206.55
 20
-1.45
 10
206.55
 20
-1.25
 10
206.55
 20
-1.05
 10
208.199999
 20
-1.05
 10
209.85
 20
-1.05
 10
209.85
 20
-1.25
 10
209.85
 20
-1.45
 10
208.200001
 20
-1.45
 10
206.55
 20
-1.45
  0
HATCH
  5
1EF
330
17
100
AcDbEntity
  8
E-CORTE-ACH
100
AcDbHatch
 10
0.0
 20
0.0
 30
0.0
210
0.0
220
0.0
230
1.0
  2
SOLID
 70
1
 71
0
 91
1
 92
3
 72
0
 73
1
 93
8
 10
200.15
 20
2.7
 10
200.15
 20
2.85
 10
200.15
 20
3.0
 10
201.599999
 20
3.0
 10
203.05
 20
3.0
 10
203.05
 20
2.85
 10
203.05
 20
2.7
 10
201.600001
 20
2.7
 97
0
 75
0
 76
1
 98
0
  0
LWPOLYLINE
  5
1F0
330
17
100
AcDbEntity
  8
E-CORTE
100
AcDbPolyline
 90
9
 70
0
 10
200.15
 20
2.7
 10
200.15
 20
2.85
 10
200.15
 20
3.0
 10
201.599999
 20
3.0
 10
203.05
 20
3.0
 10
203.05
 20
2.85
 10
203.05
 20
2.7
 10
201.600001
 20
2.7
 10
200.15
 20
2.7
  0
HATCH
  5
1F1
330
17
100
AcDbEntity
  8
E-CORTE-ACH
100
AcDbHatch
 10
0.0
 20
0.0
 30
0.0
210
0.0
220
0.0
230
1.0
  2
SOLID
 70
1
 71
0
 91
1
 92
3
 72
0
 73
1
 93
8
 10
203.35
 20
2.7
 10
203.35
 20
2.85
 10
203.35
 20
3.0
 10
204.799999
 20
3.0
 10
206.25
 20
3.0
 10
206.25
 20
2.85
 10
206.25
 20
2.7
 10
204.800001
 20
2.7
 97
0
 75
0
 76
1
 98
0
  0
LWPOLYLINE
  5
1F2
330
17
100
AcDbEntity
  8
E-CORTE
100
AcDbPolyline
 90
9
 70
0
 10
203.35
 20
2.7
 10
203.35
 20
2.85
 10
203.35
 20
3.0
 10
204.799999
 20
3.0
 10
206.25
 20
3.0
 10
206.25
 20
2.85
 10
206.25
 20
2.7
 10
204.800001
 20
2.7
 10
203.35
 20
2.7
  0
HATCH
  5
1F3
330
17
100
AcDbEntity
  8
E-CORTE-ACH
100
AcDbHatch
 10
0.0
 20
0.0
 30
0.0
210
0.0
220
0.0
230
1.0
  2
SOLID
 70
1
 71
0
 91
1
 92
3
 72
0
 73
1
 93
8
 10
206.55
 20
2.7
 10
206.55
 20
2.85
 10
206.55
 20
3.0
 10
208.199999
 20
3.0
 10
209.85
 20
3.0
 10
209.85
 20
2.85
 10
209.85
 20
2.7
 10
208.200001
 20
2.7
 97
0
 75
0
 76
1
 98
0
  0
LWPOLYLINE
  5
1F4
330
17
100
AcDbEntity
  8
E-CORTE
100
AcDbPolyline
 90
9
 70
0
 10
206.55
 20
2.7
 10
206.55
 20
2.85
 10
206.55
 20
3.0
 10
208.199999
 20
3.0
 10
209.85
 20
3.0
 10
209.85
 20
2.85
 10
209.85
 20
2.7
 10
208.200001
 20
2.7
 10
206.55
 20
2.7
  0
HATCH
  5
1F5
330
17
100
AcDbEntity
  8
E-CORTE-ACH
100
AcDbHatch
 10
0.0
 20
0.0
 30
0.0
210
0.0
220
0.0
230
1.0
  2
SOLID
 70
1
 71
0
 91
1
 92
3
 72
0
 73
1
 93
8
 10
200.15
 20
5.3
 10
200.15
 20
5.45
 10
200.15
 20
5.6
 10
201.599999
 20
5.6
 10
203.05
 20
5.6
 10
203.05
 20
5.45
 10
203.05
 20
5.3
 10
201.600001
 20
5.3
 97
0
 75
0
 76
1
 98
0
  0
LWPOLYLINE
  5
1F6
330
17
100
AcDbEntity
  8
E-CORTE
100
AcDbPolyline
 90
9
 70
0
 10
200.15
 20
5.3
 10
200.15
 20
5.45
 10
200.15
 20
5.6
 10
201.599999
 20
5.6
 10
203.05
 20
5.6
 10
203.05
 20
5.45
 10
203.05
 20
5.3
 10
201.600001
 20
5.3
 10
200.15
 20
5.3
  0
HATCH
  5
1F7
330
17
100
AcDbEntity
  8
E-CORTE-ACH
100
AcDbHatch
 10
0.0
 20
0.0
 30
0.0
210
0.0
220
0.0
230
1.0
  2
SOLID
 70
1
 71
0
 91
1
 92
3
 72
0
 73
1
 93
8
 10
203.35
 20
5.3
 10
203.35
 20
5.45
 10
203.35
 20
5.6
 10
204.799999
 20
5.6
 10
206.25
 20
5.6
 10
206.25
 20
5.45
 10
206.25
 20
5.3
 10
204.800001
 20
5.3
 97
0
 75
0
 76
1
 98
0
  0
LWPOLYLINE
  5
1F8
330
17
100
AcDbEntity
  8
E-CORTE
100
AcDbPolyline
 90
9
 70
0
 10
203.35
 20
5.3
 10
203.35
 20
5.45
 10
203.35
 20
5.6
 10
204.799999
 20
5.6
 10
206.25
 20
5.6
 10
206.25
 20
5.45
 10
206.25
 20
5.3
 10
204.800001
 20
5.3
 10
203.35
 20
5.3
  0
HATCH
  5
1F9
330
17
100
AcDbEntity
  8
E-CORTE-ACH
100
AcDbHatch
 10
0.0
 20
0.0
 30
0.0
210
0.0
220
0.0
230
1.0
  2
SOLID
 70
1
 71
0
 91
1
 92
3
 72
0
 73
1
 93
8
 10
206.55
 20
5.3
 10
206.55
 20
5.45
 10
206.55
 20
5.6
 10
208.199999
 20
5.6
 10
209.85
 20
5.6
 10
209.85
 20
5.45
 10
209.85
 20
5.3
 10
208.200001
 20
5.3
 97
0
 75
0
 76
1
 98
0
  0
LWPOLYLINE
  5
1FA
330
17
100
AcDbEntity
  8
E-CORTE
100
AcDbPolyline
 90
9
 70
0
 10
206.55
 20
5.3
 10
206.55
 20
5.45
 10
206.55
 20
5.6
 10
208.199999
 20
5.6
 10
209.85
 20
5.6
 10
209.85
 20
5.45
 10
209.85
 20
5.3
 10
208.200001
 20
5.3
 10
206.55
 20
5.3
  0
HATCH
  5
1FB
330
17
100
AcDbEntity
  8
E-CORTE-ACH
100
AcDbHatch
 10
0.0
 20
0.0
 30
0.0
210
0.0
220
0.0
230
1.0
  2
SOLID
 70
1
 71
0
 91
1
 92
3
 72
0
 73
1
 93
8
 10
200.15
 20
7.9
 10
200.15
 20
8.05
 10
200.15
 20
8.2
 10
201.599999
 20
8.2
 10
203.05
 20
8.2
 10
203.05
 20
8.05
 10
203.05
 20
7.9
 10
201.600001
 20
7.9
 97
0
 75
0
 76
1
 98
0
  0
LWPOLYLINE
  5
1FC
330
17
100
AcDbEntity
  8
E-CORTE
100
AcDbPolyline
 90
9
 70
0
 10
200.15
 20
7.9
 10
200.15
 20
8.05
 10
200.15
 20
8.2
 10
201.599999
 20
8.2
 10
203.05
 20
8.2
 10
203.05
 20
8.05
 10
203.05
 20
7.9
 10
201.600001
 20
7.9
 10
200.15
 20
7.9
  0
HATCH
  5
1FD
330
17
100
AcDbEntity
  8
E-CORTE-ACH
100
AcDbHatch
 10
0.0
 20
0.0
 30
0.0
210
0.0
220
0.0
230
1.0
  2
SOLID
 70
1
 71
0
 91
1
 92
3
 72
0
 73
1
 93
8
 10
203.35
 20
7.9
 10
203.35
 20
8.05
 10
203.35
 20
8.2
 10
204.799999
 20
8.2
 10
206.25
 20
8.2
 10
206.25
 20
8.05
 10
206.25
 20
7.9
 10
204.800001
 20
7.9
 97
0
 75
0
 76
1
 98
0
  0
LWPOLYLINE
  5
1FE
330
17
100
AcDbEntity
  8
E-CORTE
100
AcDbPolyline
 90
9
 70
0
 10
203.35
 20
7.9
 10
203.35
 20
8.05
 10
203.35
 20
8.2
 10
204.799999
 20
8.2
 10
206.25
 20
8.2
 10
206.25
 20
8.05
 10
206.25
 20
7.9
 10
204.800001
 20
7.9
 10
203.35
 20
7.9
  0
HATCH
  5
1FF
330
17
100
AcDbEntity
  8
E-CORTE-ACH
100
AcDbHatch
 10
0.0
 20
0.0
 30
0.0
210
0.0
220
0.0
230
1.0
  2
SOLID
 70
1
 71
0
 91
1
 92
3
 72
0
 73
1
 93
8
 10
206.55
 20
7.9
 10
206.55
 20
8.05
 10
206.55
 20
8.2
 10
208.199999
 20
8.2
 10
209.85
 20
8.2
 10
209.85
 20
8.05
 10
209.85
 20
7.9
 10
208.200001
 20
7.9
 97
0
 75
0
 76
1
 98
0
  0
LWPOLYLINE
  5
200
330
17
100
AcDbEntity
  8
E-CORTE
100
AcDbPolyline
 90
9
 70
0
 10
206.55
 20
7.9
 10
206.55
 20
8.05
 10
206.55
 20
8.2
 10
208.199999
 20
8.2
 10
209.85
 20
8.2
 10
209.85
 20
8.05
 10
209.85
 20
7.9
 10
208.200001
 20
7.9
 10
206.55
 20
7.9
  0
HATCH
  5
201
330
17
100
AcDbEntity
  8
E-CORTE-ACH
100
AcDbHatch
 10
0.0
 20
0.0
 30
0.0
210
0.0
220
0.0
230
1.0
  2
SOLID
 70
1
 71
0
 91
1
 92
3
 72
0
 73
1
 93
8
 10
200.15
 20
10.5
 10
200.15
 20
10.65
 10
200.15
 20
10.8
 10
201.599999
 20
10.8
 10
203.05
 20
10.8
 10
203.05
 20
10.65
 10
203.05
 20
10.5
 10
201.600001
 20
10.5
 97
0
 75
0
 76
1
 98
0
  0
LWPOLYLINE
  5
202
330
17
100
AcDbEntity
  8
E-CORTE
100
AcDbPolyline
 90
9
 70
0
 10
200.15
 20
10.5
 10
200.15
 20
10.65
 10
200.15
 20
10.8
 10
201.599999
 20
10.8
 10
203.05
 20
10.8
 10
203.05
 20
10.65
 10
203.05
 20
10.5
 10
201.600001
 20
10.5
 10
200.15
 20
10.5
  0
HATCH
  5
203
330
17
100
AcDbEntity
  8
E-CORTE-ACH
100
AcDbHatch
 10
0.0
 20
0.0
 30
0.0
210
0.0
220
0.0
230
1.0
  2
SOLID
 70
1
 71
0
 91
1
 92
3
 72
0
 73
1
 93
8
 10
203.35
 20
10.5
 10
203.35
 20
10.65
 10
203.35
 20
10.8
 10
204.799999
 20
10.8
 10
206.25
 20
10.8
 10
206.25
 20
10.65
 10
206.25
 20
10.5
 10
204.800001
 20
10.5
 97
0
 75
0
 76
1
 98
0
  0
LWPOLYLINE
  5
204
330
17
100
AcDbEntity
  8
E-CORTE
100
AcDbPolyline
 90
9
 70
0
 10
203.35
 20
10.5
 10
203.35
 20
10.65
 10
203.35
 20
10.8
 10
204.799999
 20
10.8
 10
206.25
 20
10.8
 10
206.25
 20
10.65
 10
206.25
 20
10.5
 10
204.800001
 20
10.5
 10
203.35
 20
10.5
  0
HATCH
  5
205
330
17
100
AcDbEntity
  8
E-CORTE-ACH
100
AcDbHatch
 10
0.0
 20
0.0
 30
0.0
210
0.0
220
0.0
230
1.0
  2
SOLID
 70
1
 71
0
 91
1
 92
3
 72
0
 73
1
 93
8
 10
206.55
 20
10.5
 10
206.55
 20
10.65
 10
206.55
 20
10.8
 10
208.199999
 20
10.8
 10
209.85
 20
10.8
 10
209.85
 20
10.65
 10
209.85
 20
10.5
 10
208.200001
 20
10.5
 97
0
 75
0
 76
1
 98
0
  0
LWPOLYLINE
  5
206
330
17
100
AcDbEntity
  8
E-CORTE
100
AcDbPolyline
 90
9
 70
0
 10
206.55
 20
10.5
 10
206.55
 20
10.65
 10
206.55
 20
10.8
 10
208.199999
 20
10.8
 10
209.85
 20
10.8
 10
209.85
 20
10.65
 10
209.85
 20
10.5
 10
208.200001
 20
10.5
 10
206.55
 20
10.5
  0
HATCH
  5
207
330
17
100
AcDbEntity
  8
E-CORTE-ACH
100
AcDbHatch
 10
0.0
 20
0.0
 30
0.0
210
0.0
220
0.0
230
1.0
  2
SOLID
 70
1
 71
0
 91
1
 92
3
 72
0
 73
1
 93
8
 10
199.85
 20
-1.725
 10
199.85
 20
-1.45
 10
200.85
 20
-1.45
 10
201.85
 20
-1.45
 10
201.85
 20
-1.725
 10
201.85
 20
-2.0
 10
200.85
 20
-2.0
 10
199.85
 20
-2.0
 97
0
 75
0
 76
1
 98
0
  0
LWPOLYLINE
  5
208
330
17
100
AcDbEntity
  8
E-CORTE
100
AcDbPolyline
 90
9
 70
0
 10
199.85
 20
-1.725
 10
199.85
 20
-1.45
 10
200.85
 20
-1.45
 10
201.85
 20
-1.45
 10
201.85
 20
-1.725
 10
201.85
 20
-2.0
 10
200.85
 20
-2.0
 10
199.85
 20
-2.0
 10
199.85
 20
-1.725
  0
HATCH
  5
209
330
17
100
AcDbEntity
  8
E-CORTE-ACH
100
AcDbHatch
 10
0.0
 20
0.0
 30
0.0
210
0.0
220
0.0
230
1.0
  2
SOLID
 70
1
 71
0
 91
1
 92
3
 72
0
 73
1
 93
8
 10
202.2
 20
-1.725
 10
202.2
 20
-1.45
 10
203.2
 20
-1.45
 10
204.2
 20
-1.45
 10
204.2
 20
-1.725
 10
204.2
 20
-2.0
 10
203.2
 20
-2.0
 10
202.2
 20
-2.0
 97
0
 75
0
 76
1
 98
0
  0
LWPOLYLINE
  5
20A
330
17
100
AcDbEntity
  8
E-CORTE
100
AcDbPolyline
 90
9
 70
0
 10
202.2
 20
-1.725
 10
202.2
 20
-1.45
 10
203.2
 20
-1.45
 10
204.2
 20
-1.45
 10
204.2
 20
-1.725
 10
204.2
 20
-2.0
 10
203.2
 20
-2.0
 10
202.2
 20
-2.0
 10
202.2
 20
-1.725
  0
HATCH
  5
20B
330
17
100
AcDbEntity
  8
E-CORTE-ACH
100
AcDbHatch
 10
0.0
 20
0.0
 30
0.0
210
0.0
220
0.0
230
1.0
  2
SOLID
 70
1
 71
0
 91
1
 92
3
 72
0
 73
1
 93
8
 10
205.4
 20
-1.725
 10
205.4
 20
-1.45
 10
206.4
 20
-1.45
 10
207.4
 20
-1.45
 10
207.4
 20
-1.725
 10
207.4
 20
-2.0
 10
206.4
 20
-2.0
 10
205.4
 20
-2.0
 97
0
 75
0
 76
1
 98
0
  0
LWPOLYLINE
  5
20C
330
17
100
AcDbEntity
  8
E-CORTE
100
AcDbPolyline
 90
9
 70
0
 10
205.4
 20
-1.725
 10
205.4
 20
-1.45
 10
206.4
 20
-1.45
 10
207.4
 20
-1.45
 10
207.4
 20
-1.725
 10
207.4
 20
-2.0
 10
206.4
 20
-2.0
 10
205.4
 20
-2.0
 10
205.4
 20
-1.725
  0
HATCH
  5
20D
330
17
100
AcDbEntity
  8
E-CORTE-ACH
100
AcDbHatch
 10
0.0
 20
0.0
 30
0.0
210
0.0
220
0.0
230
1.0
  2
SOLID
 70
1
 71
0
 91
1
 92
3
 72
0
 73
1
 93
8
 10
208.35
 20
-1.725
 10
208.35
 20
-1.45
 10
209.25
 20
-1.45
 10
210.15
 20
-1.45
 10
210.15
 20
-1.725
 10
210.15
 20
-2.0
 10
209.25
 20
-2.0
 10
208.35
 20
-2.0
 97
0
 75
0
 76
1
 98
0
  0
LWPOLYLINE
  5
20E
330
17
100
AcDbEntity
  8
E-CORTE
100
AcDbPolyline
 90
9
 70
0
 10
208.35
 20
-1.725
 10
208.35
 20
-1.45
 10
209.25
 20
-1.45
 10
210.15
 20
-1.45
 10
210.15
 20
-1.725
 10
210.15
 20
-2.0
 10
209.25
 20
-2.0
 10
208.35
 20
-2.0
 10
208.35
 20
-1.725
  0
HATCH
  5
20F
330
17
100
AcDbEntity
  8
E-CORTE-ACH
100
AcDbHatch
 10
0.0
 20
0.0
 30
0.0
210
0.0
220
0.0
230
1.0
  2
SOLID
 70
1
 71
0
 91
1
 92
3
 72
0
 73
1
 93
10
 10
210.15
 20
3.101961
 10
210.15
 20
3.0
 10
208.085294
 20
3.0
 10
202.693137
 20
3.0
 10
199.443548
 20
3.0
 10
199.443548
 20
3.116129
 10
199.443548
 20
3.2
 10
202.693137
 20
3.2
 10
208.085294
 20
3.2
 10
210.15
 20
3.2
 97
0
 75
0
 76
1
 98
0
  0
LWPOLYLINE
  5
210
330
17
100
AcDbEntity
  8
E-CORTE
100
AcDbPolyline
 90
11
 70
0
 10
210.15
 20
3.101961
 10
210.15
 20
3.0
 10
208.085294
 20
3.0
 10
202.693137
 20
3.0
 10
199.443548
 20
3.0
 10
199.443548
 20
3.116129
 10
199.443548
 20
3.2
 10
202.693137
 20
3.2
 10
208.085294
 20
3.2
 10
210.15
 20
3.2
 10
210.15
 20
3.101961
  0
HATCH
  5
211
330
17
100
AcDbEntity
  8
E-CORTE-ACH
100
AcDbHatch
 10
0.0
 20
0.0
 30
0.0
210
0.0
220
0.0
230
1.0
  2
SOLID
 70
1
 71
0
 91
1
 92
3
 72
0
 73
1
 93
10
 10
210.15
 20
5.701961
 10
210.15
 20
5.6
 10
208.085294
 20
5.6
 10
202.693137
 20
5.6
 10
199.443548
 20
5.6
 10
199.443548
 20
5.716129
 10
199.443548
 20
5.8
 10
202.693137
 20
5.8
 10
208.085294
 20
5.8
 10
210.15
 20
5.8
 97
0
 75
0
 76
1
 98
0
  0
LWPOLYLINE
  5
212
330
17
100
AcDbEntity
  8
E-CORTE
100
AcDbPolyline
 90
11
 70
0
 10
210.15
 20
5.701961
 10
210.15
 20
5.6
 10
208.085294
 20
5.6
 10
202.693137
 20
5.6
 10
199.443548
 20
5.6
 10
199.443548
 20
5.716129
 10
199.443548
 20
5.8
 10
202.693137
 20
5.8
 10
208.085294
 20
5.8
 10
210.15
 20
5.8
 10
210.15
 20
5.701961
  0
HATCH
  5
213
330
17
100
AcDbEntity
  8
E-CORTE-ACH
100
AcDbHatch
 10
0.0
 20
0.0
 30
0.0
210
0.0
220
0.0
230
1.0
  2
SOLID
 70
1
 71
0
 91
1
 92
3
 72
0
 73
1
 93
10
 10
210.15
 20
8.30196
 10
210.15
 20
8.2
 10
208.085294
 20
8.2
 10
202.693137
 20
8.2
 10
199.443548
 20
8.2
 10
199.443548
 20
8.316129
 10
199.443548
 20
8.4
 10
202.693137
 20
8.4
 10
208.085294
 20
8.4
 10
210.15
 20
8.4
 97
0
 75
0
 76
1
 98
0
  0
LWPOLYLINE
  5
214
330
17
100
AcDbEntity
  8
E-CORTE
100
AcDbPolyline
 90
11
 70
0
 10
210.15
 20
8.30196
 10
210.15
 20
8.2
 10
208.085294
 20
8.2
 10
202.693137
 20
8.2
 10
199.443548
 20
8.2
 10
199.443548
 20
8.316129
 10
199.443548
 20
8.4
 10
202.693137
 20
8.4
 10
208.085294
 20
8.4
 10
210.15
 20
8.4
 10
210.15
 20
8.30196
  0
HATCH
  5
215
330
17
100
AcDbEntity
  8
E-CORTE-ACH
100
AcDbHatch
 10
0.0
 20
0.0
 30
0.0
210
0.0
220
0.0
230
1.0
  2
SOLID
 70
1
 71
0
 91
1
 92
3
 72
0
 73
1
 93
10
 10
210.15
 20
10.901961
 10
210.15
 20
10.8
 10
208.085294
 20
10.8
 10
202.693137
 20
10.8
 10
199.443548
 20
10.8
 10
199.443548
 20
10.916129
 10
199.443548
 20
11.0
 10
202.693137
 20
11.0
 10
208.085294
 20
11.0
 10
210.15
 20
11.0
 97
0
 75
0
 76
1
 98
0
  0
LWPOLYLINE
  5
216
330
17
100
AcDbEntity
  8
E-CORTE
100
AcDbPolyline
 90
11
 70
0
 10
210.15
 20
10.901961
 10
210.15
 20
10.8
 10
208.085294
 20
10.8
 10
202.693137
 20
10.8
 10
199.443548
 20
10.8
 10
199.443548
 20
10.916129
 10
199.443548
 20
11.0
 10
202.693137
 20
11.0
 10
208.085294
 20
11.0
 10
210.15
 20
11.0
 10
210.15
 20
10.901961
  0
HATCH
  5
217
330
17
100
AcDbEntity
  8
E-CORTE-ACH
100
AcDbHatch
 10
0.0
 20
0.0
 30
0.0
210
0.0
220
0.0
230
1.0
  2
SOLID
 70
1
 71
0
 91
1
 92
3
 72
0
 73
1
 93
10
 10
210.15
 20
-0.062191
 10
210.15
 20
-0.1
 10
208.125
 20
-0.1
 10
202.975
 20
-0.1
 10
199.85
 20
-0.1
 10
199.85
 20
-0.05
 10
199.85
 20
0.0
 10
202.975
 20
0.0
 10
208.125
 20
0.0
 10
210.15
 20
0.0
 97
0
 75
0
 76
1
 98
0
  0
LWPOLYLINE
  5
218
330
17
100
AcDbEntity
  8
E-CORTE
100
AcDbPolyline
 90
11
 70
0
 10
210.15
 20
-0.062191
 10
210.15
 20
-0.1
 10
208.125
 20
-0.1
 10
202.975
 20
-0.1
 10
199.85
 20
-0.1
 10
199.85
 20
-0.05
 10
199.85
 20
0.0
 10
202.975
 20
0.0
 10
208.125
 20
0.0
 10
210.15
 20
0.0
 10
210.15
 20
-0.062191
  0
LINE
  5
219
330
17
100
AcDbEntity
  8
E-EJES
  6
EJE100
100
AcDbLine
 10
200.00000000000003
 20
-2.4
 30
0.0
 11
200.00000000000003
 21
11.9
 31
0.0
  0
CIRCLE
  5
21A
330
17
100
AcDbEntity
  8
E-EJES-ID
100
AcDbCircle
 10
200.00000000000003
 20
-2.8
 30
0.0
 40
0.4
  0
TEXT
  5
21B
330
17
100
AcDbEntity
  8
E-EJES-ID
100
AcDbText
 10
200.00000000000003
 20
-2.8
 30
0.0
 40
0.30000000000000004
  1
A-1
  7
ARIAL
 41
0.8
 72
1
 11
200.00000000000003
 21
-2.8
 31
0.0
100
AcDbText
 73
2
  0
LINE
  5
21C
330
17
100
AcDbEntity
  8
E-EJES
  6
EJE100
100
AcDbLine
 10
203.20000000000002
 20
-2.4
 30
0.0
 11
203.20000000000002
 21
11.9
 31
0.0
  0
CIRCLE
  5
21D
330
17
100
AcDbEntity
  8
E-EJES-ID
100
AcDbCircle
 10
203.20000000000002
 20
-2.8
 30
0.0
 40
0.4
  0
TEXT
  5
21E
330
17
100
AcDbEntity
  8
E-EJES-ID
100
AcDbText
 10
203.20000000000002
 20
-2.8
 30
0.0
 40
0.30000000000000004
  1
A-4
  7
ARIAL
 41
0.8
 72
1
 11
203.20000000000002
 21
-2.8
 31
0.0
100
AcDbText
 73
2
  0
LINE
  5
21F
330
17
100
AcDbEntity
  8
E-EJES
  6
EJE100
100
AcDbLine
 10
206.39999999999995
 20
-2.4
 30
0.0
 11
206.39999999999995
 21
11.9
 31
0.0
  0
CIRCLE
  5
220
330
17
100
AcDbEntity
  8
E-EJES-ID
100
AcDbCircle
 10
206.39999999999995
 20
-2.8
 30
0.0
 40
0.4
  0
TEXT
  5
221
330
17
100
AcDbEntity
  8
E-EJES-ID
100
AcDbText
 10
206.39999999999995
 20
-2.8
 30
0.0
 40
0.30000000000000004
  1
A-2
  7
ARIAL
 41
0.8
 72
1
 11
206.39999999999995
 21
-2.8
 31
0.0
100
AcDbText
 73
2
  0
LINE
  5
222
330
17
100
AcDbEntity
  8
E-EJES
  6
EJE100
100
AcDbLine
 10
209.99999999999994
 20
-2.4
 30
0.0
 11
209.99999999999994
 21
11.9
 31
0.0
  0
CIRCLE
  5
223
330
17
100
AcDbEntity
  8
E-EJES-ID
100
AcDbCircle
 10
209.99999999999994
 20
-2.8
 30
0.0
 40
0.4
  0
TEXT
  5
224
330
17
100
AcDbEntity
  8
E-EJES-ID
100
AcDbText
 10
209.99999999999994
 20
-2.8
 30
0.0
 40
0.30000000000000004
  1
A-3
  7
ARIAL
 41
0.8
 72
1
 11
209.99999999999994
 21
-2.8
 31
0.0
100
AcDbText
 73
2
  0
DIMENSION
  5
225
330
17
100
AcDbEntity
  8
E-COTA
100
AcDbDimension
280
0
  2
*D13
  3
COTA100
 10
212.1
 20
-1.9999999999999998
 30
0.0
 11
211.95
 21
-0.9999999999999999
 31
0.0
 70
32
 71
5
  1
<>
100
AcDbAlignedDimension
 13
211.5
 23
-1.9999999999999998
 33
0.0
 14
211.5
 24
0.0
 34
0.0
 50
90.0
100
AcDbRotatedDimension
1001
ACAD
1000
DSTYLE
1002
{
1070
271
1070
2
1002
}
  0
DIMENSION
  5
234
330
17
100
AcDbEntity
  8
E-COTA
100
AcDbDimension
280
0
  2
*D14
  3
COTA100
 10
212.1
 20
0.0
 30
0.0
 11
211.95
 21
1.6
 31
0.0
 70
32
 71
5
  1
<>
100
AcDbAlignedDimension
 13
211.5
 23
0.0
 33
0.0
 14
211.5
 24
3.2
 34
0.0
 50
90.0
100
AcDbRotatedDimension
1001
ACAD
1000
DSTYLE
1002
{
1070
271
1070
2
1002
}
  0
DIMENSION
  5
243
330
17
100
AcDbEntity
  8
E-COTA
100
AcDbDimension
280
0
  2
*D15
  3
COTA100
 10
212.1
 20
3.2
 30
0.0
 11
211.95
 21
4.5
 31
0.0
 70
32
 71
5
  1
<>
100
AcDbAlignedDimension
 13
211.5
 23
3.2
 33
0.0
 14
211.5
 24
5.800000000000001
 34
0.0
 50
90.0
100
AcDbRotatedDimension
1001
ACAD
1000
DSTYLE
1002
{
1070
271
1070
2
1002
}
  0
DIMENSION
  5
252
330
17
100
AcDbEntity
  8
E-COTA
100
AcDbDimension
280
0
  2
*D16
  3
COTA100
 10
212.1
 20
5.800000000000001
 30
0.0
 11
211.95
 21
7.1000000000000005
 31
0.0
 70
32
 71
5
  1
<>
100
AcDbAlignedDimension
 13
211.5
 23
5.800000000000001
 33
0.0
 14
211.5
 24
8.4
 34
0.0
 50
90.0
100
AcDbRotatedDimension
1001
ACAD
1000
DSTYLE
1002
{
1070
271
1070
2
1002
}
  0
DIMENSION
  5
261
330
17
100
AcDbEntity
  8
E-COTA
100
AcDbDimension
280
0
  2
*D17
  3
COTA100
 10
212.1
 20
8.4
 30
0.0
 11
211.95
 21
9.7
 31
0.0
 70
32
 71
5
  1
<>
100
AcDbAlignedDimension
 13
211.5
 23
8.4
 33
0.0
 14
211.5
 24
11.0
 34
0.0
 50
90.0
100
AcDbRotatedDimension
1001
ACAD
1000
DSTYLE
1002
{
1070
271
1070
2
1002
}
  0
LWPOLYLINE
  5
270
330
17
100
AcDbEntity
  8
E-NIVEL
100
AcDbPolyline
 90
3
 70
1
 10
199.2
 20
-1.9999999999999998
 10
199.04
 20
-1.7439999999999998
 10
199.36
 20
-1.7439999999999998
  0
HATCH
  5
271
330
17
100
AcDbEntity
  8
E-NIVEL
 62
7
100
AcDbHatch
 10
0.0
 20
0.0
 30
0.0
210
0.0
220
0.0
230
1.0
  2
SOLID
 70
1
 71
0
 91
1
 92
3
 72
0
 73
1
 93
3
 10
199.2
 20
-1.9999999999999998
 10
199.04
 20
-1.7439999999999998
 10
199.2
 20
-1.7439999999999998
 97
0
 75
0
 76
1
 98
0
  0
LINE
  5
272
330
17
100
AcDbEntity
  8
E-NIVEL
100
AcDbLine
 10
198.1
 20
-1.7439999999999998
 30
0.0
 11
199.36
 21
-1.7439999999999998
 31
0.0
  0
TEXT
  5
273
330
17
100
AcDbEntity
  8
E-NIVEL
100
AcDbText
 10
198.15
 20
-1.6639999999999997
 30
0.0
 40
0.2
  1
NFZ -2.00
  7
ARIAL
 41
0.9
 11
198.15
 21
-1.6639999999999997
 31
0.0
100
AcDbText
 73
1
  0
LWPOLYLINE
  5
274
330
17
100
AcDbEntity
  8
E-NIVEL
100
AcDbPolyline
 90
3
 70
1
 10
199.2
 20
0.0
 10
199.04
 20
0.25600000000000006
 10
199.36
 20
0.25600000000000006
  0
HATCH
  5
275
330
17
100
AcDbEntity
  8
E-NIVEL
 62
7
100
AcDbHatch
 10
0.0
 20
0.0
 30
0.0
210
0.0
220
0.0
230
1.0
  2
SOLID
 70
1
 71
0
 91
1
 92
3
 72
0
 73
1
 93
3
 10
199.2
 20
0.0
 10
199.04
 20
0.25600000000000006
 10
199.2
 20
0.25600000000000006
 97
0
 75
0
 76
1
 98
0
  0
LINE
  5
276
330
17
100
AcDbEntity
  8
E-NIVEL
100
AcDbLine
 10
198.1
 20
0.25600000000000006
 30
0.0
 11
199.36
 21
0.25600000000000006
 31
0.0
  0
TEXT
  5
277
330
17
100
AcDbEntity
  8
E-NIVEL
100
AcDbText
 10
198.15
 20
0.3360000000000001
 30
0.0
 40
0.2
  1
NPT ±0.00  NIVEL 1
  7
ARIAL
 41
0.9
 11
198.15
 21
0.3360000000000001
 31
0.0
100
AcDbText
 73
1
  0
LWPOLYLINE
  5
278
330
17
100
AcDbEntity
  8
E-NIVEL
100
AcDbPolyline
 90
3
 70
1
 10
199.2
 20
3.2
 10
199.04
 20
3.4560000000000004
 10
199.36
 20
3.4560000000000004
  0
HATCH
  5
279
330
17
100
AcDbEntity
  8
E-NIVEL
 62
7
100
AcDbHatch
 10
0.0
 20
0.0
 30
0.0
210
0.0
220
0.0
230
1.0
  2
SOLID
 70
1
 71
0
 91
1
 92
3
 72
0
 73
1
 93
3
 10
199.2
 20
3.2
 10
199.04
 20
3.4560000000000004
 10
199.2
 20
3.4560000000000004
 97
0
 75
0
 76
1
 98
0
  0
LINE
  5
27A
330
17
100
AcDbEntity
  8
E-NIVEL
100
AcDbLine
 10
198.1
 20
3.4560000000000004
 30
0.0
 11
199.36
 21
3.4560000000000004
 31
0.0
  0
TEXT
  5
27B
330
17
100
AcDbEntity
  8
E-NIVEL
100
AcDbText
 10
198.15
 20
3.5360000000000005
 30
0.0
 40
0.2
  1
NPT +3.20  NIVEL 2
  7
ARIAL
 41
0.9
 11
198.15
 21
3.5360000000000005
 31
0.0
100
AcDbText
 73
1
  0
LWPOLYLINE
  5
27C
330
17
100
AcDbEntity
  8
E-NIVEL
100
AcDbPolyline
 90
3
 70
1
 10
199.2
 20
5.800000000000001
 10
199.04
 20
6.056000000000001
 10
199.36
 20
6.056000000000001
  0
HATCH
  5
27D
330
17
100
AcDbEntity
  8
E-NIVEL
 62
7
100
AcDbHatch
 10
0.0
 20
0.0
 30
0.0
210
0.0
220
0.0
230
1.0
  2
SOLID
 70
1
 71
0
 91
1
 92
3
 72
0
 73
1
 93
3
 10
199.2
 20
5.800000000000001
 10
199.04
 20
6.056000000000001
 10
199.2
 20
6.056000000000001
 97
0
 75
0
 76
1
 98
0
  0
LINE
  5
27E
330
17
100
AcDbEntity
  8
E-NIVEL
100
AcDbLine
 10
198.1
 20
6.056000000000001
 30
0.0
 11
199.36
 21
6.056000000000001
 31
0.0
  0
TEXT
  5
27F
330
17
100
AcDbEntity
  8
E-NIVEL
100
AcDbText
 10
198.15
 20
6.136000000000001
 30
0.0
 40
0.2
  1
NPT +5.80  NIVEL 3
  7
ARIAL
 41
0.9
 11
198.15
 21
6.136000000000001
 31
0.0
100
AcDbText
 73
1
  0
LWPOLYLINE
  5
280
330
17
100
AcDbEntity
  8
E-NIVEL
100
AcDbPolyline
 90
3
 70
1
 10
199.2
 20
8.4
 10
199.04
 20
8.656
 10
199.36
 20
8.656
  0
HATCH
  5
281
330
17
100
AcDbEntity
  8
E-NIVEL
 62
7
100
AcDbHatch
 10
0.0
 20
0.0
 30
0.0
210
0.0
220
0.0
230
1.0
  2
SOLID
 70
1
 71
0
 91
1
 92
3
 72
0
 73
1
 93
3
 10
199.2
 20
8.4
 10
199.04
 20
8.656
 10
199.2
 20
8.656
 97
0
 75
0
 76
1
 98
0
  0
LINE
  5
282
330
17
100
AcDbEntity
  8
E-NIVEL
100
AcDbLine
 10
198.1
 20
8.656
 30
0.0
 11
199.36
 21
8.656
 31
0.0
  0
TEXT
  5
283
330
17
100
AcDbEntity
  8
E-NIVEL
100
AcDbText
 10
198.15
 20
8.736
 30
0.0
 40
0.2
  1
NPT +8.40  NIVEL 4
  7
ARIAL
 41
0.9
 11
198.15
 21
8.736
 31
0.0
100
AcDbText
 73
1
  0
LWPOLYLINE
  5
284
330
17
100
AcDbEntity
  8
E-NIVEL
100
AcDbPolyline
 90
3
 70
1
 10
199.2
 20
11.0
 10
199.04
 20
11.256
 10
199.36
 20
11.256
  0
HATCH
  5
285
330
17
100
AcDbEntity
  8
E-NIVEL
 62
7
100
AcDbHatch
 10
0.0
 20
0.0
 30
0.0
210
0.0
220
0.0
230
1.0
  2
SOLID
 70
1
 71
0
 91
1
 92
3
 72
0
 73
1
 93
3
 10
199.2
 20
11.0
 10
199.04
 20
11.256
 10
199.2
 20
11.256
 97
0
 75
0
 76
1
 98
0
  0
LINE
  5
286
330
17
100
AcDbEntity
  8
E-NIVEL
100
AcDbLine
 10
198.1
 20
11.256
 30
0.0
 11
199.36
 21
11.256
 31
0.0
  0
TEXT
  5
287
330
17
100
AcDbEntity
  8
E-NIVEL
100
AcDbText
 10
198.15
 20
11.336
 30
0.0
 40
0.2
  1
NPT +11.00  NIVEL 5
  7
ARIAL
 41
0.9
 11
198.15
 21
11.336
 31
0.0
100
AcDbText
 73
1
  0
HATCH
  5
288
330
17
100
AcDbEntity
  8
E-CORTE-ACH
100
AcDbHatch
 10
0.0
 20
0.0
 30
0.0
210
0.0
220
0.0
230
1.0
  2
SOLID
 70
1
 71
0
 91
1
 92
3
 72
0
 73
1
 93
12
 10
240.164958
 20
0.0
 10
240.014958
 20
0.0
 10
239.864959
 20
0.0
 10
239.864959
 20
1.350001
 10
239.864959
 20
2.7
 10
239.864959
 20
2.85
 10
239.864959
 20
3.0
 10
240.014958
 20
3.0
 10
240.164958
 20
3.0
 10
240.164958
 20
2.85
 10
240.164958
 20
2.7
 10
240.164958
 20
1.349999
 97
0
 75
0
 76
1
 98
0
  0
LWPOLYLINE
  5
289
330
17
100
AcDbEntity
  8
E-CORTE
100
AcDbPolyline
 90
13
 70
0
 10
240.164958
 20
0.0
 10
240.014958
 20
0.0
 10
239.864959
 20
0.0
 10
239.864959
 20
1.350001
 10
239.864959
 20
2.7
 10
239.864959
 20
2.85
 10
239.864959
 20
3.0
 10
240.014958
 20
3.0
 10
240.164958
 20
3.0
 10
240.164958
 20
2.85
 10
240.164958
 20
2.7
 10
240.164958
 20
1.349999
 10
240.164958
 20
0.0
  0
HATCH
  5
28A
330
17
100
AcDbEntity
  8
E-CORTE-ACH
100
AcDbHatch
 10
0.0
 20
0.0
 30
0.0
210
0.0
220
0.0
230
1.0
  2
SOLID
 70
1
 71
0
 91
1
 92
3
 72
0
 73
1
 93
20
 10
232.664958
 20
0.0
 10
232.514958
 20
0.0
 10
232.364958
 20
0.0
 10
232.364958
 20
1.350001
 10
232.364958
 20
2.7
 10
232.364958
 20
2.85
 10
232.364958
 20
3.0
 10
232.364958
 20
3.025
 10
232.364958
 20
3.05
 10
232.364958
 20
3.125
 10
232.364958
 20
3.2
 10
232.439958
 20
3.2
 10
232.514958
 20
3.2
 10
232.514958
 20
3.1
 10
232.514958
 20
3.0
 10
232.589958
 20
3.0
 10
232.664958
 20
3.0
 10
232.664958
 20
2.85
 10
232.664958
 20
2.7
 10
232.664958
 20
1.349999
 97
0
 75
0
 76
1
 98
0
  0
LWPOLYLINE
  5
28B
330
17
100
AcDbEntity
  8
E-CORTE
100
AcDbPolyline
 90
21
 70
0
 10
232.664958
 20
0.0
 10
232.514958
 20
0.0
 10
232.364958
 20
0.0
 10
232.364958
 20
1.350001
 10
232.364958
 20
2.7
 10
232.364958
 20
2.85
 10
232.364958
 20
3.0
 10
232.364958
 20
3.025
 10
232.364958
 20
3.05
 10
232.364958
 20
3.125
 10
232.364958
 20
3.2
 10
232.439958
 20
3.2
 10
232.514958
 20
3.2
 10
232.514958
 20
3.1
 10
232.514958
 20
3.0
 10
232.589958
 20
3.0
 10
232.664958
 20
3.0
 10
232.664958
 20
2.85
 10
232.664958
 20
2.7
 10
232.664958
 20
1.349999
 10
232.664958
 20
0.0
  0
HATCH
  5
28C
330
17
100
AcDbEntity
  8
E-CORTE-ACH
100
AcDbHatch
 10
0.0
 20
0.0
 30
0.0
210
0.0
220
0.0
230
1.0
  2
SOLID
 70
1
 71
0
 91
1
 92
3
 72
0
 73
1
 93
12
 10
236.264958
 20
3.0
 10
236.564958
 20
3.0
 10
236.564958
 20
2.85
 10
236.564958
 20
2.7
 10
236.564958
 20
1.349999
 10
236.564958
 20
0.0
 10
236.264958
 20
0.0
 10
235.964958
 20
0.0
 10
235.964958
 20
1.349999
 10
235.964958
 20
2.7
 10
235.964958
 20
2.85
 10
235.964958
 20
3.0
 97
0
 75
0
 76
1
 98
0
  0
LWPOLYLINE
  5
28D
330
17
100
AcDbEntity
  8
E-CORTE
100
AcDbPolyline
 90
13
 70
0
 10
236.264958
 20
3.0
 10
236.564958
 20
3.0
 10
236.564958
 20
2.85
 10
236.564958
 20
2.7
 10
236.564958
 20
1.349999
 10
236.564958
 20
0.0
 10
236.264958
 20
0.0
 10
235.964958
 20
0.0
 10
235.964958
 20
1.349999
 10
235.964958
 20
2.7
 10
235.964958
 20
2.85
 10
235.964958
 20
3.0
 10
236.264958
 20
3.0
  0
HATCH
  5
28E
330
17
100
AcDbEntity
  8
E-CORTE-ACH
100
AcDbHatch
 10
0.0
 20
0.0
 30
0.0
210
0.0
220
0.0
230
1.0
  2
SOLID
 70
1
 71
0
 91
1
 92
3
 72
0
 73
1
 93
12
 10
240.164958
 20
-1.45
 10
240.152458
 20
-1.45
 10
240.139958
 20
-1.45
 10
239.945841
 20
-1.45
 10
239.864959
 20
-1.45
 10
239.864959
 20
-0.724999
 10
239.864959
 20
0.0
 10
239.945841
 20
0.0
 10
240.139958
 20
0.0
 10
240.152458
 20
0.0
 10
240.164958
 20
0.0
 10
240.164958
 20
-0.725
 97
0
 75
0
 76
1
 98
0
  0
LWPOLYLINE
  5
28F
330
17
100
AcDbEntity
  8
E-CORTE
100
AcDbPolyline
 90
13
 70
0
 10
240.164958
 20
-1.45
 10
240.152458
 20
-1.45
 10
240.139958
 20
-1.45
 10
239.945841
 20
-1.45
 10
239.864959
 20
-1.45
 10
239.864959
 20
-0.724999
 10
239.864959
 20
0.0
 10
239.945841
 20
0.0
 10
240.139958
 20
0.0
 10
240.152458
 20
0.0
 10
240.164958
 20
0.0
 10
240.164958
 20
-0.725
 10
240.164958
 20
-1.45
  0
HATCH
  5
290
330
17
100
AcDbEntity
  8
E-CORTE-ACH
100
AcDbHatch
 10
0.0
 20
0.0
 30
0.0
210
0.0
220
0.0
230
1.0
  2
SOLID
 70
1
 71
0
 91
1
 92
3
 72
0
 73
1
 93
12
 10
240.164958
 20
3.2
 10
240.014958
 20
3.2
 10
239.864959
 20
3.2
 10
239.864959
 20
4.250001
 10
239.864959
 20
5.3
 10
239.864959
 20
5.45
 10
239.864959
 20
5.6
 10
240.014958
 20
5.6
 10
240.164958
 20
5.6
 10
240.164958
 20
5.45
 10
240.164958
 20
5.3
 10
240.164958
 20
4.25
 97
0
 75
0
 76
1
 98
0
  0
LWPOLYLINE
  5
291
330
17
100
AcDbEntity
  8
E-CORTE
100
AcDbPolyline
 90
13
 70
0
 10
240.164958
 20
3.2
 10
240.014958
 20
3.2
 10
239.864959
 20
3.2
 10
239.864959
 20
4.250001
 10
239.864959
 20
5.3
 10
239.864959
 20
5.45
 10
239.864959
 20
5.6
 10
240.014958
 20
5.6
 10
240.164958
 20
5.6
 10
240.164958
 20
5.45
 10
240.164958
 20
5.3
 10
240.164958
 20
4.25
 10
240.164958
 20
3.2
  0
HATCH
  5
292
330
17
100
AcDbEntity
  8
E-CORTE-ACH
100
AcDbHatch
 10
0.0
 20
0.0
 30
0.0
210
0.0
220
0.0
230
1.0
  2
SOLID
 70
1
 71
0
 91
1
 92
3
 72
0
 73
1
 93
12
 10
240.164958
 20
5.8
 10
240.014958
 20
5.8
 10
239.864959
 20
5.8
 10
239.864959
 20
6.850001
 10
239.864959
 20
7.9
 10
239.864959
 20
8.05
 10
239.864959
 20
8.2
 10
240.014958
 20
8.2
 10
240.164958
 20
8.2
 10
240.164958
 20
8.05
 10
240.164958
 20
7.9
 10
240.164958
 20
6.85
 97
0
 75
0
 76
1
 98
0
  0
LWPOLYLINE
  5
293
330
17
100
AcDbEntity
  8
E-CORTE
100
AcDbPolyline
 90
13
 70
0
 10
240.164958
 20
5.8
 10
240.014958
 20
5.8
 10
239.864959
 20
5.8
 10
239.864959
 20
6.850001
 10
239.864959
 20
7.9
 10
239.864959
 20
8.05
 10
239.864959
 20
8.2
 10
240.014958
 20
8.2
 10
240.164958
 20
8.2
 10
240.164958
 20
8.05
 10
240.164958
 20
7.9
 10
240.164958
 20
6.85
 10
240.164958
 20
5.8
  0
HATCH
  5
294
330
17
100
AcDbEntity
  8
E-CORTE-ACH
100
AcDbHatch
 10
0.0
 20
0.0
 30
0.0
210
0.0
220
0.0
230
1.0
  2
SOLID
 70
1
 71
0
 91
1
 92
3
 72
0
 73
1
 93
12
 10
240.164958
 20
8.4
 10
240.014958
 20
8.4
 10
239.864959
 20
8.4
 10
239.864959
 20
9.45
 10
239.864959
 20
10.5
 10
239.864959
 20
10.65
 10
239.864959
 20
10.8
 10
240.014958
 20
10.8
 10
240.164958
 20
10.8
 10
240.164958
 20
10.65
 10
240.164958
 20
10.5
 10
240.164958
 20
9.449999
 97
0
 75
0
 76
1
 98
0
  0
LWPOLYLINE
  5
295
330
17
100
AcDbEntity
  8
E-CORTE
100
AcDbPolyline
 90
13
 70
0
 10
240.164958
 20
8.4
 10
240.014958
 20
8.4
 10
239.864959
 20
8.4
 10
239.864959
 20
9.45
 10
239.864959
 20
10.5
 10
239.864959
 20
10.65
 10
239.864959
 20
10.8
 10
240.014958
 20
10.8
 10
240.164958
 20
10.8
 10
240.164958
 20
10.65
 10
240.164958
 20
10.5
 10
240.164958
 20
9.449999
 10
240.164958
 20
8.4
  0
HATCH
  5
296
330
17
100
AcDbEntity
  8
E-CORTE-ACH
100
AcDbHatch
 10
0.0
 20
0.0
 30
0.0
210
0.0
220
0.0
230
1.0
  2
SOLID
 70
1
 71
0
 91
1
 92
3
 72
0
 73
1
 93
16
 10
236.564958
 20
-1.45
 10
236.485413
 20
-1.45
 10
236.389958
 20
-1.45
 10
236.264958
 20
-1.45
 10
236.139958
 20
-1.45
 10
236.044504
 20
-1.45
 10
235.964958
 20
-1.45
 10
235.964958
 20
-0.724999
 10
235.964958
 20
0.0
 10
236.044504
 20
0.0
 10
236.139958
 20
0.0
 10
236.264958
 20
0.0
 10
236.389958
 20
0.0
 10
236.485413
 20
0.0
 10
236.564958
 20
0.0
 10
236.564958
 20
-0.725001
 97
0
 75
0
 76
1
 98
0
  0
LWPOLYLINE
  5
297
330
17
100
AcDbEntity
  8
E-CORTE
100
AcDbPolyline
 90
17
 70
0
 10
236.564958
 20
-1.45
 10
236.485413
 20
-1.45
 10
236.389958
 20
-1.45
 10
236.264958
 20
-1.45
 10
236.139958
 20
-1.45
 10
236.044504
 20
-1.45
 10
235.964958
 20
-1.45
 10
235.964958
 20
-0.724999
 10
235.964958
 20
0.0
 10
236.044504
 20
0.0
 10
236.139958
 20
0.0
 10
236.264958
 20
0.0
 10
236.389958
 20
0.0
 10
236.485413
 20
0.0
 10
236.564958
 20
0.0
 10
236.564958
 20
-0.725001
 10
236.564958
 20
-1.45
  0
HATCH
  5
298
330
17
100
AcDbEntity
  8
E-CORTE-ACH
100
AcDbHatch
 10
0.0
 20
0.0
 30
0.0
210
0.0
220
0.0
230
1.0
  2
SOLID
 70
1
 71
0
 91
1
 92
3
 72
0
 73
1
 93
12
 10
236.264958
 20
5.6
 10
236.564958
 20
5.6
 10
236.564958
 20
5.45
 10
236.564958
 20
5.3
 10
236.564958
 20
4.249999
 10
236.564958
 20
3.2
 10
236.264958
 20
3.2
 10
235.964958
 20
3.2
 10
235.964958
 20
4.249999
 10
235.964958
 20
5.3
 10
235.964958
 20
5.45
 10
235.964958
 20
5.6
 97
0
 75
0
 76
1
 98
0
  0
LWPOLYLINE
  5
299
330
17
100
AcDbEntity
  8
E-CORTE
100
AcDbPolyline
 90
13
 70
0
 10
236.264958
 20
5.6
 10
236.564958
 20
5.6
 10
236.564958
 20
5.45
 10
236.564958
 20
5.3
 10
236.564958
 20
4.249999
 10
236.564958
 20
3.2
 10
236.264958
 20
3.2
 10
235.964958
 20
3.2
 10
235.964958
 20
4.249999
 10
235.964958
 20
5.3
 10
235.964958
 20
5.45
 10
235.964958
 20
5.6
 10
236.264958
 20
5.6
  0
HATCH
  5
29A
330
17
100
AcDbEntity
  8
E-CORTE-ACH
100
AcDbHatch
 10
0.0
 20
0.0
 30
0.0
210
0.0
220
0.0
230
1.0
  2
SOLID
 70
1
 71
0
 91
1
 92
3
 72
0
 73
1
 93
12
 10
236.264958
 20
8.2
 10
236.564958
 20
8.2
 10
236.564958
 20
8.05
 10
236.564958
 20
7.9
 10
236.564958
 20
6.849999
 10
236.564958
 20
5.8
 10
236.264958
 20
5.8
 10
235.964958
 20
5.8
 10
235.964958
 20
6.849999
 10
235.964958
 20
7.9
 10
235.964958
 20
8.05
 10
235.964958
 20
8.2
 97
0
 75
0
 76
1
 98
0
  0
LWPOLYLINE
  5
29B
330
17
100
AcDbEntity
  8
E-CORTE
100
AcDbPolyline
 90
13
 70
0
 10
236.264958
 20
8.2
 10
236.564958
 20
8.2
 10
236.564958
 20
8.05
 10
236.564958
 20
7.9
 10
236.564958
 20
6.849999
 10
236.564958
 20
5.8
 10
236.264958
 20
5.8
 10
235.964958
 20
5.8
 10
235.964958
 20
6.849999
 10
235.964958
 20
7.9
 10
235.964958
 20
8.05
 10
235.964958
 20
8.2
 10
236.264958
 20
8.2
  0
HATCH
  5
29C
330
17
100
AcDbEntity
  8
E-CORTE-ACH
100
AcDbHatch
 10
0.0
 20
0.0
 30
0.0
210
0.0
220
0.0
230
1.0
  2
SOLID
 70
1
 71
0
 91
1
 92
3
 72
0
 73
1
 93
12
 10
236.264958
 20
10.8
 10
236.564958
 20
10.8
 10
236.564958
 20
10.65
 10
236.564958
 20
10.5
 10
236.564958
 20
9.449999
 10
236.564958
 20
8.4
 10
236.264958
 20
8.4
 10
235.964958
 20
8.4
 10
235.964958
 20
9.449999
 10
235.964958
 20
10.5
 10
235.964958
 20
10.65
 10
235.964958
 20
10.8
 97
0
 75
0
 76
1
 98
0
  0
LWPOLYLINE
  5
29D
330
17
100
AcDbEntity
  8
E-CORTE
100
AcDbPolyline
 90
13
 70
0
 10
236.264958
 20
10.8
 10
236.564958
 20
10.8
 10
236.564958
 20
10.65
 10
236.564958
 20
10.5
 10
236.564958
 20
9.449999
 10
236.564958
 20
8.4
 10
236.264958
 20
8.4
 10
235.964958
 20
8.4
 10
235.964958
 20
9.449999
 10
235.964958
 20
10.5
 10
235.964958
 20
10.65
 10
235.964958
 20
10.8
 10
236.264958
 20
10.8
  0
HATCH
  5
29E
330
17
100
AcDbEntity
  8
E-CORTE-ACH
100
AcDbHatch
 10
0.0
 20
0.0
 30
0.0
210
0.0
220
0.0
230
1.0
  2
SOLID
 70
1
 71
0
 91
1
 92
3
 72
0
 73
1
 93
12
 10
232.664958
 20
-1.45
 10
232.584076
 20
-1.45
 10
232.389958
 20
-1.45
 10
232.377458
 20
-1.45
 10
232.364958
 20
-1.45
 10
232.364958
 20
-0.725
 10
232.364958
 20
0.0
 10
232.377458
 20
0.0
 10
232.389958
 20
0.0
 10
232.584076
 20
0.0
 10
232.664958
 20
0.0
 10
232.664958
 20
-0.725001
 97
0
 75
0
 76
1
 98
0
  0
LWPOLYLINE
  5
29F
330
17
100
AcDbEntity
  8
E-CORTE
100
AcDbPolyline
 90
13
 70
0
 10
232.664958
 20
-1.45
 10
232.584076
 20
-1.45
 10
232.389958
 20
-1.45
 10
232.377458
 20
-1.45
 10
232.364958
 20
-1.45
 10
232.364958
 20
-0.725
 10
232.364958
 20
0.0
 10
232.377458
 20
0.0
 10
232.389958
 20
0.0
 10
232.584076
 20
0.0
 10
232.664958
 20
0.0
 10
232.664958
 20
-0.725001
 10
232.664958
 20
-1.45
  0
HATCH
  5
2A0
330
17
100
AcDbEntity
  8
E-CORTE-ACH
100
AcDbHatch
 10
0.0
 20
0.0
 30
0.0
210
0.0
220
0.0
230
1.0
  2
SOLID
 70
1
 71
0
 91
1
 92
3
 72
0
 73
1
 93
20
 10
232.664958
 20
3.2
 10
232.514958
 20
3.2
 10
232.364958
 20
3.2
 10
232.364958
 20
4.250001
 10
232.364958
 20
5.3
 10
232.364958
 20
5.45
 10
232.364958
 20
5.6
 10
232.364958
 20
5.625
 10
232.364958
 20
5.65
 10
232.364958
 20
5.725
 10
232.364958
 20
5.8
 10
232.439958
 20
5.8
 10
232.514958
 20
5.8
 10
232.514958
 20
5.7
 10
232.514958
 20
5.6
 10
232.589958
 20
5.6
 10
232.664958
 20
5.6
 10
232.664958
 20
5.45
 10
232.664958
 20
5.3
 10
232.664958
 20
4.25
 97
0
 75
0
 76
1
 98
0
  0
LWPOLYLINE
  5
2A1
330
17
100
AcDbEntity
  8
E-CORTE
100
AcDbPolyline
 90
21
 70
0
 10
232.664958
 20
3.2
 10
232.514958
 20
3.2
 10
232.364958
 20
3.2
 10
232.364958
 20
4.250001
 10
232.364958
 20
5.3
 10
232.364958
 20
5.45
 10
232.364958
 20
5.6
 10
232.364958
 20
5.625
 10
232.364958
 20
5.65
 10
232.364958
 20
5.725
 10
232.364958
 20
5.8
 10
232.439958
 20
5.8
 10
232.514958
 20
5.8
 10
232.514958
 20
5.7
 10
232.514958
 20
5.6
 10
232.589958
 20
5.6
 10
232.664958
 20
5.6
 10
232.664958
 20
5.45
 10
232.664958
 20
5.3
 10
232.664958
 20
4.25
 10
232.664958
 20
3.2
  0
HATCH
  5
2A2
330
17
100
AcDbEntity
  8
E-CORTE-ACH
100
AcDbHatch
 10
0.0
 20
0.0
 30
0.0
210
0.0
220
0.0
230
1.0
  2
SOLID
 70
1
 71
0
 91
1
 92
3
 72
0
 73
1
 93
20
 10
232.664958
 20
5.8
 10
232.514958
 20
5.8
 10
232.364958
 20
5.8
 10
232.364958
 20
6.850001
 10
232.364958
 20
7.9
 10
232.364958
 20
8.05
 10
232.364958
 20
8.2
 10
232.364958
 20
8.225
 10
232.364958
 20
8.25
 10
232.364958
 20
8.325
 10
232.364958
 20
8.4
 10
232.439958
 20
8.4
 10
232.514958
 20
8.4
 10
232.514958
 20
8.3
 10
232.514958
 20
8.2
 10
232.589958
 20
8.2
 10
232.664958
 20
8.2
 10
232.664958
 20
8.05
 10
232.664958
 20
7.9
 10
232.664958
 20
6.85
 97
0
 75
0
 76
1
 98
0
  0
LWPOLYLINE
  5
2A3
330
17
100
AcDbEntity
  8
E-CORTE
100
AcDbPolyline
 90
21
 70
0
 10
232.664958
 20
5.8
 10
232.514958
 20
5.8
 10
232.364958
 20
5.8
 10
232.364958
 20
6.850001
 10
232.364958
 20
7.9
 10
232.364958
 20
8.05
 10
232.364958
 20
8.2
 10
232.364958
 20
8.225
 10
232.364958
 20
8.25
 10
232.364958
 20
8.325
 10
232.364958
 20
8.4
 10
232.439958
 20
8.4
 10
232.514958
 20
8.4
 10
232.514958
 20
8.3
 10
232.514958
 20
8.2
 10
232.589958
 20
8.2
 10
232.664958
 20
8.2
 10
232.664958
 20
8.05
 10
232.664958
 20
7.9
 10
232.664958
 20
6.85
 10
232.664958
 20
5.8
  0
HATCH
  5
2A4
330
17
100
AcDbEntity
  8
E-CORTE-ACH
100
AcDbHatch
 10
0.0
 20
0.0
 30
0.0
210
0.0
220
0.0
230
1.0
  2
SOLID
 70
1
 71
0
 91
1
 92
3
 72
0
 73
1
 93
20
 10
232.664958
 20
8.4
 10
232.514958
 20
8.4
 10
232.364958
 20
8.4
 10
232.364958
 20
9.45
 10
232.364958
 20
10.5
 10
232.364958
 20
10.65
 10
232.364958
 20
10.8
 10
232.364958
 20
10.825
 10
232.364958
 20
10.85
 10
232.364958
 20
10.925
 10
232.364958
 20
11.0
 10
232.439958
 20
11.0
 10
232.514958
 20
11.0
 10
232.514958
 20
10.9
 10
232.514958
 20
10.8
 10
232.589958
 20
10.8
 10
232.664958
 20
10.8
 10
232.664958
 20
10.65
 10
232.664958
 20
10.5
 10
232.664958
 20
9.449999
 97
0
 75
0
 76
1
 98
0
  0
LWPOLYLINE
  5
2A5
330
17
100
AcDbEntity
  8
E-CORTE
100
AcDbPolyline
 90
21
 70
0
 10
232.664958
 20
8.4
 10
232.514958
 20
8.4
 10
232.364958
 20
8.4
 10
232.364958
 20
9.45
 10
232.364958
 20
10.5
 10
232.364958
 20
10.65
 10
232.364958
 20
10.8
 10
232.364958
 20
10.825
 10
232.364958
 20
10.85
 10
232.364958
 20
10.925
 10
232.364958
 20
11.0
 10
232.439958
 20
11.0
 10
232.514958
 20
11.0
 10
232.514958
 20
10.9
 10
232.514958
 20
10.8
 10
232.589958
 20
10.8
 10
232.664958
 20
10.8
 10
232.664958
 20
10.65
 10
232.664958
 20
10.5
 10
232.664958
 20
9.449999
 10
232.664958
 20
8.4
  0
HATCH
  5
2A6
330
17
100
AcDbEntity
  8
E-CORTE-ACH
100
AcDbHatch
 10
0.0
 20
0.0
 30
0.0
210
0.0
220
0.0
230
1.0
  2
SOLID
 70
1
 71
0
 91
1
 92
3
 72
0
 73
1
 93
8
 10
230.149958
 20
8.4
 10
229.999958
 20
8.4
 10
229.849958
 20
8.4
 10
229.849958
 20
9.699999
 10
229.849958
 20
11.0
 10
229.999958
 20
11.0
 10
230.149958
 20
11.0
 10
230.149958
 20
9.7
 97
0
 75
0
 76
1
 98
0
  0
LWPOLYLINE
  5
2A7
330
17
100
AcDbEntity
  8
E-CORTE
100
AcDbPolyline
 90
9
 70
0
 10
230.149958
 20
8.4
 10
229.999958
 20
8.4
 10
229.849958
 20
8.4
 10
229.849958
 20
9.699999
 10
229.849958
 20
11.0
 10
229.999958
 20
11.0
 10
230.149958
 20
11.0
 10
230.149958
 20
9.7
 10
230.149958
 20
8.4
  0
HATCH
  5
2A8
330
17
100
AcDbEntity
  8
E-CORTE-ACH
100
AcDbHatch
 10
0.0
 20
0.0
 30
0.0
210
0.0
220
0.0
230
1.0
  2
SOLID
 70
1
 71
0
 91
1
 92
3
 72
0
 73
1
 93
8
 10
230.149958
 20
-1.5
 10
229.999958
 20
-1.5
 10
229.849958
 20
-1.5
 10
229.849958
 20
-0.75
 10
229.849958
 20
0.0
 10
229.999958
 20
0.0
 10
230.149958
 20
0.0
 10
230.149958
 20
-0.75
 97
0
 75
0
 76
1
 98
0
  0
LWPOLYLINE
  5
2A9
330
17
100
AcDbEntity
  8
E-CORTE
100
AcDbPolyline
 90
9
 70
0
 10
230.149958
 20
-1.5
 10
229.999958
 20
-1.5
 10
229.849958
 20
-1.5
 10
229.849958
 20
-0.75
 10
229.849958
 20
0.0
 10
229.999958
 20
0.0
 10
230.149958
 20
0.0
 10
230.149958
 20
-0.75
 10
230.149958
 20
-1.5
  0
HATCH
  5
2AA
330
17
100
AcDbEntity
  8
E-CORTE-ACH
100
AcDbHatch
 10
0.0
 20
0.0
 30
0.0
210
0.0
220
0.0
230
1.0
  2
SOLID
 70
1
 71
0
 91
1
 92
3
 72
0
 73
1
 93
8
 10
230.149958
 20
0.0
 10
230.124212
 20
0.0
 10
229.849958
 20
0.0
 10
229.849958
 20
1.599999
 10
229.849958
 20
3.2
 10
230.124212
 20
3.2
 10
230.149958
 20
3.2
 10
230.149958
 20
0.274632
 97
0
 75
0
 76
1
 98
0
  0
LWPOLYLINE
  5
2AB
330
17
100
AcDbEntity
  8
E-CORTE
100
AcDbPolyline
 90
9
 70
0
 10
230.149958
 20
0.0
 10
230.124212
 20
0.0
 10
229.849958
 20
0.0
 10
229.849958
 20
1.599999
 10
229.849958
 20
3.2
 10
230.124212
 20
3.2
 10
230.149958
 20
3.2
 10
230.149958
 20
0.274632
 10
230.149958
 20
0.0
  0
HATCH
  5
2AC
330
17
100
AcDbEntity
  8
E-CORTE-ACH
100
AcDbHatch
 10
0.0
 20
0.0
 30
0.0
210
0.0
220
0.0
230
1.0
  2
SOLID
 70
1
 71
0
 91
1
 92
3
 72
0
 73
1
 93
8
 10
230.149958
 20
3.2
 10
229.999958
 20
3.2
 10
229.849958
 20
3.2
 10
229.849958
 20
4.499999
 10
229.849958
 20
5.8
 10
229.999958
 20
5.8
 10
230.149958
 20
5.8
 10
230.149958
 20
4.500001
 97
0
 75
0
 76
1
 98
0
  0
LWPOLYLINE
  5
2AD
330
17
100
AcDbEntity
  8
E-CORTE
100
AcDbPolyline
 90
9
 70
0
 10
230.149958
 20
3.2
 10
229.999958
 20
3.2
 10
229.849958
 20
3.2
 10
229.849958
 20
4.499999
 10
229.849958
 20
5.8
 10
229.999958
 20
5.8
 10
230.149958
 20
5.8
 10
230.149958
 20
4.500001
 10
230.149958
 20
3.2
  0
HATCH
  5
2AE
330
17
100
AcDbEntity
  8
E-CORTE-ACH
100
AcDbHatch
 10
0.0
 20
0.0
 30
0.0
210
0.0
220
0.0
230
1.0
  2
SOLID
 70
1
 71
0
 91
1
 92
3
 72
0
 73
1
 93
8
 10
230.149958
 20
5.8
 10
229.999958
 20
5.8
 10
229.849958
 20
5.8
 10
229.849958
 20
7.099999
 10
229.849958
 20
8.4
 10
229.999958
 20
8.4
 10
230.149958
 20
8.4
 10
230.149958
 20
7.100001
 97
0
 75
0
 76
1
 98
0
  0
LWPOLYLINE
  5
2AF
330
17
100
AcDbEntity
  8
E-CORTE
100
AcDbPolyline
 90
9
 70
0
 10
230.149958
 20
5.8
 10
229.999958
 20
5.8
 10
229.849958
 20
5.8
 10
229.849958
 20
7.099999
 10
229.849958
 20
8.4
 10
229.999958
 20
8.4
 10
230.149958
 20
8.4
 10
230.149958
 20
7.100001
 10
230.149958
 20
5.8
  0
HATCH
  5
2B0
330
17
100
AcDbEntity
  8
E-CORTE-ACH
100
AcDbHatch
 10
0.0
 20
0.0
 30
0.0
210
0.0
220
0.0
230
1.0
  2
SOLID
 70
1
 71
0
 91
1
 92
3
 72
0
 73
1
 93
8
 10
238.214957
 20
-1.45
 10
236.564958
 20
-1.45
 10
236.564958
 20
-1.25
 10
236.564958
 20
-1.05
 10
238.21496
 20
-1.05
 10
239.864959
 20
-1.05
 10
239.864959
 20
-1.25
 10
239.864959
 20
-1.45
 97
0
 75
0
 76
1
 98
0
  0
LWPOLYLINE
  5
2B1
330
17
100
AcDbEntity
  8
E-CORTE
100
AcDbPolyline
 90
9
 70
0
 10
238.214957
 20
-1.45
 10
236.564958
 20
-1.45
 10
236.564958
 20
-1.25
 10
236.564958
 20
-1.05
 10
238.21496
 20
-1.05
 10
239.864959
 20
-1.05
 10
239.864959
 20
-1.25
 10
239.864959
 20
-1.45
 10
238.214957
 20
-1.45
  0
HATCH
  5
2B2
330
17
100
AcDbEntity
  8
E-CORTE-ACH
100
AcDbHatch
 10
0.0
 20
0.0
 30
0.0
210
0.0
220
0.0
230
1.0
  2
SOLID
 70
1
 71
0
 91
1
 92
3
 72
0
 73
1
 93
8
 10
234.314957
 20
-1.45
 10
232.664958
 20
-1.45
 10
232.664958
 20
-1.25
 10
232.664958
 20
-1.05
 10
234.314959
 20
-1.05
 10
235.964958
 20
-1.05
 10
235.964958
 20
-1.25
 10
235.964958
 20
-1.45
 97
0
 75
0
 76
1
 98
0
  0
LWPOLYLINE
  5
2B3
330
17
100
AcDbEntity
  8
E-CORTE
100
AcDbPolyline
 90
9
 70
0
 10
234.314957
 20
-1.45
 10
232.664958
 20
-1.45
 10
232.664958
 20
-1.25
 10
232.664958
 20
-1.05
 10
234.314959
 20
-1.05
 10
235.964958
 20
-1.05
 10
235.964958
 20
-1.25
 10
235.964958
 20
-1.45
 10
234.314957
 20
-1.45
  0
HATCH
  5
2B4
330
17
100
AcDbEntity
  8
E-CORTE-ACH
100
AcDbHatch
 10
0.0
 20
0.0
 30
0.0
210
0.0
220
0.0
230
1.0
  2
SOLID
 70
1
 71
0
 91
1
 92
3
 72
0
 73
1
 93
8
 10
238.214957
 20
2.7
 10
236.564958
 20
2.7
 10
236.564958
 20
2.85
 10
236.564958
 20
3.0
 10
238.214959
 20
3.0
 10
239.864959
 20
3.0
 10
239.864959
 20
2.85
 10
239.864959
 20
2.7
 97
0
 75
0
 76
1
 98
0
  0
LWPOLYLINE
  5
2B5
330
17
100
AcDbEntity
  8
E-CORTE
100
AcDbPolyline
 90
9
 70
0
 10
238.214957
 20
2.7
 10
236.564958
 20
2.7
 10
236.564958
 20
2.85
 10
236.564958
 20
3.0
 10
238.214959
 20
3.0
 10
239.864959
 20
3.0
 10
239.864959
 20
2.85
 10
239.864959
 20
2.7
 10
238.214957
 20
2.7
  0
HATCH
  5
2B6
330
17
100
AcDbEntity
  8
E-CORTE-ACH
100
AcDbHatch
 10
0.0
 20
0.0
 30
0.0
210
0.0
220
0.0
230
1.0
  2
SOLID
 70
1
 71
0
 91
1
 92
3
 72
0
 73
1
 93
8
 10
234.314957
 20
2.7
 10
232.664958
 20
2.7
 10
232.664958
 20
2.85
 10
232.664958
 20
3.0
 10
234.314959
 20
3.0
 10
235.964958
 20
3.0
 10
235.964958
 20
2.85
 10
235.964958
 20
2.7
 97
0
 75
0
 76
1
 98
0
  0
LWPOLYLINE
  5
2B7
330
17
100
AcDbEntity
  8
E-CORTE
100
AcDbPolyline
 90
9
 70
0
 10
234.314957
 20
2.7
 10
232.664958
 20
2.7
 10
232.664958
 20
2.85
 10
232.664958
 20
3.0
 10
234.314959
 20
3.0
 10
235.964958
 20
3.0
 10
235.964958
 20
2.85
 10
235.964958
 20
2.7
 10
234.314957
 20
2.7
  0
HATCH
  5
2B8
330
17
100
AcDbEntity
  8
E-CORTE-ACH
100
AcDbHatch
 10
0.0
 20
0.0
 30
0.0
210
0.0
220
0.0
230
1.0
  2
SOLID
 70
1
 71
0
 91
1
 92
3
 72
0
 73
1
 93
8
 10
231.257458
 20
2.7
 10
230.149958
 20
2.7
 10
230.149958
 20
2.875
 10
230.149958
 20
3.05
 10
231.257459
 20
3.05
 10
232.364958
 20
3.05
 10
232.364958
 20
2.875
 10
232.364958
 20
2.7
 97
0
 75
0
 76
1
 98
0
  0
LWPOLYLINE
  5
2B9
330
17
100
AcDbEntity
  8
E-CORTE
100
AcDbPolyline
 90
9
 70
0
 10
231.257458
 20
2.7
 10
230.149958
 20
2.7
 10
230.149958
 20
2.875
 10
230.149958
 20
3.05
 10
231.257459
 20
3.05
 10
232.364958
 20
3.05
 10
232.364958
 20
2.875
 10
232.364958
 20
2.7
 10
231.257458
 20
2.7
  0
HATCH
  5
2BA
330
17
100
AcDbEntity
  8
E-CORTE-ACH
100
AcDbHatch
 10
0.0
 20
0.0
 30
0.0
210
0.0
220
0.0
230
1.0
  2
SOLID
 70
1
 71
0
 91
1
 92
3
 72
0
 73
1
 93
8
 10
238.214957
 20
5.3
 10
236.564958
 20
5.3
 10
236.564958
 20
5.45
 10
236.564958
 20
5.6
 10
238.214959
 20
5.6
 10
239.864959
 20
5.6
 10
239.864959
 20
5.45
 10
239.864959
 20
5.3
 97
0
 75
0
 76
1
 98
0
  0
LWPOLYLINE
  5
2BB
330
17
100
AcDbEntity
  8
E-CORTE
100
AcDbPolyline
 90
9
 70
0
 10
238.214957
 20
5.3
 10
236.564958
 20
5.3
 10
236.564958
 20
5.45
 10
236.564958
 20
5.6
 10
238.214959
 20
5.6
 10
239.864959
 20
5.6
 10
239.864959
 20
5.45
 10
239.864959
 20
5.3
 10
238.214957
 20
5.3
  0
HATCH
  5
2BC
330
17
100
AcDbEntity
  8
E-CORTE-ACH
100
AcDbHatch
 10
0.0
 20
0.0
 30
0.0
210
0.0
220
0.0
230
1.0
  2
SOLID
 70
1
 71
0
 91
1
 92
3
 72
0
 73
1
 93
8
 10
234.314957
 20
5.3
 10
232.664958
 20
5.3
 10
232.664958
 20
5.45
 10
232.664958
 20
5.6
 10
234.314959
 20
5.6
 10
235.964958
 20
5.6
 10
235.964958
 20
5.45
 10
235.964958
 20
5.3
 97
0
 75
0
 76
1
 98
0
  0
LWPOLYLINE
  5
2BD
330
17
100
AcDbEntity
  8
E-CORTE
100
AcDbPolyline
 90
9
 70
0
 10
234.314957
 20
5.3
 10
232.664958
 20
5.3
 10
232.664958
 20
5.45
 10
232.664958
 20
5.6
 10
234.314959
 20
5.6
 10
235.964958
 20
5.6
 10
235.964958
 20
5.45
 10
235.964958
 20
5.3
 10
234.314957
 20
5.3
  0
HATCH
  5
2BE
330
17
100
AcDbEntity
  8
E-CORTE-ACH
100
AcDbHatch
 10
0.0
 20
0.0
 30
0.0
210
0.0
220
0.0
230
1.0
  2
SOLID
 70
1
 71
0
 91
1
 92
3
 72
0
 73
1
 93
8
 10
231.257458
 20
5.3
 10
230.149958
 20
5.3
 10
230.149958
 20
5.475
 10
230.149958
 20
5.65
 10
231.257459
 20
5.65
 10
232.364958
 20
5.65
 10
232.364958
 20
5.475
 10
232.364958
 20
5.3
 97
0
 75
0
 76
1
 98
0
  0
LWPOLYLINE
  5
2BF
330
17
100
AcDbEntity
  8
E-CORTE
100
AcDbPolyline
 90
9
 70
0
 10
231.257458
 20
5.3
 10
230.149958
 20
5.3
 10
230.149958
 20
5.475
 10
230.149958
 20
5.65
 10
231.257459
 20
5.65
 10
232.364958
 20
5.65
 10
232.364958
 20
5.475
 10
232.364958
 20
5.3
 10
231.257458
 20
5.3
  0
HATCH
  5
2C0
330
17
100
AcDbEntity
  8
E-CORTE-ACH
100
AcDbHatch
 10
0.0
 20
0.0
 30
0.0
210
0.0
220
0.0
230
1.0
  2
SOLID
 70
1
 71
0
 91
1
 92
3
 72
0
 73
1
 93
8
 10
238.214957
 20
7.9
 10
236.564958
 20
7.9
 10
236.564958
 20
8.05
 10
236.564958
 20
8.2
 10
238.214959
 20
8.2
 10
239.864959
 20
8.2
 10
239.864959
 20
8.05
 10
239.864959
 20
7.9
 97
0
 75
0
 76
1
 98
0
  0
LWPOLYLINE
  5
2C1
330
17
100
AcDbEntity
  8
E-CORTE
100
AcDbPolyline
 90
9
 70
0
 10
238.214957
 20
7.9
 10
236.564958
 20
7.9
 10
236.564958
 20
8.05
 10
236.564958
 20
8.2
 10
238.214959
 20
8.2
 10
239.864959
 20
8.2
 10
239.864959
 20
8.05
 10
239.864959
 20
7.9
 10
238.214957
 20
7.9
  0
HATCH
  5
2C2
330
17
100
AcDbEntity
  8
E-CORTE-ACH
100
AcDbHatch
 10
0.0
 20
0.0
 30
0.0
210
0.0
220
0.0
230
1.0
  2
SOLID
 70
1
 71
0
 91
1
 92
3
 72
0
 73
1
 93
8
 10
234.314957
 20
7.9
 10
232.664958
 20
7.9
 10
232.664958
 20
8.05
 10
232.664958
 20
8.2
 10
234.314959
 20
8.2
 10
235.964958
 20
8.2
 10
235.964958
 20
8.05
 10
235.964958
 20
7.9
 97
0
 75
0
 76
1
 98
0
  0
LWPOLYLINE
  5
2C3
330
17
100
AcDbEntity
  8
E-CORTE
100
AcDbPolyline
 90
9
 70
0
 10
234.314957
 20
7.9
 10
232.664958
 20
7.9
 10
232.664958
 20
8.05
 10
232.664958
 20
8.2
 10
234.314959
 20
8.2
 10
235.964958
 20
8.2
 10
235.964958
 20
8.05
 10
235.964958
 20
7.9
 10
234.314957
 20
7.9
  0
HATCH
  5
2C4
330
17
100
AcDbEntity
  8
E-CORTE-ACH
100
AcDbHatch
 10
0.0
 20
0.0
 30
0.0
210
0.0
220
0.0
230
1.0
  2
SOLID
 70
1
 71
0
 91
1
 92
3
 72
0
 73
1
 93
8
 10
231.257458
 20
7.9
 10
230.149958
 20
7.9
 10
230.149958
 20
8.075
 10
230.149958
 20
8.25
 10
231.257459
 20
8.25
 10
232.364958
 20
8.25
 10
232.364958
 20
8.075
 10
232.364958
 20
7.9
 97
0
 75
0
 76
1
 98
0
  0
LWPOLYLINE
  5
2C5
330
17
100
AcDbEntity
  8
E-CORTE
100
AcDbPolyline
 90
9
 70
0
 10
231.257458
 20
7.9
 10
230.149958
 20
7.9
 10
230.149958
 20
8.075
 10
230.149958
 20
8.25
 10
231.257459
 20
8.25
 10
232.364958
 20
8.25
 10
232.364958
 20
8.075
 10
232.364958
 20
7.9
 10
231.257458
 20
7.9
  0
HATCH
  5
2C6
330
17
100
AcDbEntity
  8
E-CORTE-ACH
100
AcDbHatch
 10
0.0
 20
0.0
 30
0.0
210
0.0
220
0.0
230
1.0
  2
SOLID
 70
1
 71
0
 91
1
 92
3
 72
0
 73
1
 93
8
 10
238.214957
 20
10.5
 10
236.564958
 20
10.5
 10
236.564958
 20
10.65
 10
236.564958
 20
10.8
 10
238.214959
 20
10.8
 10
239.864959
 20
10.8
 10
239.864959
 20
10.65
 10
239.864959
 20
10.5
 97
0
 75
0
 76
1
 98
0
  0
LWPOLYLINE
  5
2C7
330
17
100
AcDbEntity
  8
E-CORTE
100
AcDbPolyline
 90
9
 70
0
 10
238.214957
 20
10.5
 10
236.564958
 20
10.5
 10
236.564958
 20
10.65
 10
236.564958
 20
10.8
 10
238.214959
 20
10.8
 10
239.864959
 20
10.8
 10
239.864959
 20
10.65
 10
239.864959
 20
10.5
 10
238.214957
 20
10.5
  0
HATCH
  5
2C8
330
17
100
AcDbEntity
  8
E-CORTE-ACH
100
AcDbHatch
 10
0.0
 20
0.0
 30
0.0
210
0.0
220
0.0
230
1.0
  2
SOLID
 70
1
 71
0
 91
1
 92
3
 72
0
 73
1
 93
8
 10
234.314957
 20
10.5
 10
232.664958
 20
10.5
 10
232.664958
 20
10.65
 10
232.664958
 20
10.8
 10
234.314959
 20
10.8
 10
235.964958
 20
10.8
 10
235.964958
 20
10.65
 10
235.964958
 20
10.5
 97
0
 75
0
 76
1
 98
0
  0
LWPOLYLINE
  5
2C9
330
17
100
AcDbEntity
  8
E-CORTE
100
AcDbPolyline
 90
9
 70
0
 10
234.314957
 20
10.5
 10
232.664958
 20
10.5
 10
232.664958
 20
10.65
 10
232.664958
 20
10.8
 10
234.314959
 20
10.8
 10
235.964958
 20
10.8
 10
235.964958
 20
10.65
 10
235.964958
 20
10.5
 10
234.314957
 20
10.5
  0
HATCH
  5
2CA
330
17
100
AcDbEntity
  8
E-CORTE-ACH
100
AcDbHatch
 10
0.0
 20
0.0
 30
0.0
210
0.0
220
0.0
230
1.0
  2
SOLID
 70
1
 71
0
 91
1
 92
3
 72
0
 73
1
 93
8
 10
231.257458
 20
10.5
 10
230.149958
 20
10.5
 10
230.149958
 20
10.675
 10
230.149958
 20
10.85
 10
231.257459
 20
10.85
 10
232.364958
 20
10.85
 10
232.364958
 20
10.675
 10
232.364958
 20
10.5
 97
0
 75
0
 76
1
 98
0
  0
LWPOLYLINE
  5
2CB
330
17
100
AcDbEntity
  8
E-CORTE
100
AcDbPolyline
 90
9
 70
0
 10
231.257458
 20
10.5
 10
230.149958
 20
10.5
 10
230.149958
 20
10.675
 10
230.149958
 20
10.85
 10
231.257459
 20
10.85
 10
232.364958
 20
10.85
 10
232.364958
 20
10.675
 10
232.364958
 20
10.5
 10
231.257458
 20
10.5
  0
HATCH
  5
2CC
330
17
100
AcDbEntity
  8
E-CORTE-ACH
100
AcDbHatch
 10
0.0
 20
0.0
 30
0.0
210
0.0
220
0.0
230
1.0
  2
SOLID
 70
1
 71
0
 91
1
 92
3
 72
0
 73
1
 93
8
 10
240.164958
 20
-2.0
 10
239.264958
 20
-2.0
 10
238.364959
 20
-2.0
 10
238.364959
 20
-1.725
 10
238.364959
 20
-1.45
 10
239.264958
 20
-1.45
 10
240.164958
 20
-1.45
 10
240.164958
 20
-1.725
 97
0
 75
0
 76
1
 98
0
  0
LWPOLYLINE
  5
2CD
330
17
100
AcDbEntity
  8
E-CORTE
100
AcDbPolyline
 90
9
 70
0
 10
240.164958
 20
-2.0
 10
239.264958
 20
-2.0
 10
238.364959
 20
-2.0
 10
238.364959
 20
-1.725
 10
238.364959
 20
-1.45
 10
239.264958
 20
-1.45
 10
240.164958
 20
-1.45
 10
240.164958
 20
-1.725
 10
240.164958
 20
-2.0
  0
HATCH
  5
2CE
330
17
100
AcDbEntity
  8
E-CORTE-ACH
100
AcDbHatch
 10
0.0
 20
0.0
 30
0.0
210
0.0
220
0.0
230
1.0
  2
SOLID
 70
1
 71
0
 91
1
 92
3
 72
0
 73
1
 93
8
 10
230.599958
 20
-2.0
 10
229.999958
 20
-2.0
 10
229.399958
 20
-2.0
 10
229.399958
 20
-1.75
 10
229.399958
 20
-1.5
 10
229.999958
 20
-1.5
 10
230.599958
 20
-1.5
 10
230.599958
 20
-1.75
 97
0
 75
0
 76
1
 98
0
  0
LWPOLYLINE
  5
2CF
330
17
100
AcDbEntity
  8
E-CORTE
100
AcDbPolyline
 90
9
 70
0
 10
230.599958
 20
-2.0
 10
229.999958
 20
-2.0
 10
229.399958
 20
-2.0
 10
229.399958
 20
-1.75
 10
229.399958
 20
-1.5
 10
229.999958
 20
-1.5
 10
230.599958
 20
-1.5
 10
230.599958
 20
-1.75
 10
230.599958
 20
-2.0
  0
HATCH
  5
2D0
330
17
100
AcDbEntity
  8
E-CORTE-ACH
100
AcDbHatch
 10
0.0
 20
0.0
 30
0.0
210
0.0
220
0.0
230
1.0
  2
SOLID
 70
1
 71
0
 91
1
 92
3
 72
0
 73
1
 93
8
 10
230.149958
 20
-0.8
 10
230.149958
 20
0.0
 10
231.149958
 20
0.0
 10
231.399958
 20
0.0
 10
231.399958
 20
-0.2
 10
231.399958
 20
-1.0
 10
231.149958
 20
-1.0
 10
230.149958
 20
-1.0
 97
0
 75
0
 76
1
 98
0
  0
LWPOLYLINE
  5
2D1
330
17
100
AcDbEntity
  8
E-CORTE
100
AcDbPolyline
 90
9
 70
0
 10
230.149958
 20
-0.8
 10
230.149958
 20
0.0
 10
231.149958
 20
0.0
 10
231.399958
 20
0.0
 10
231.399958
 20
-0.2
 10
231.399958
 20
-1.0
 10
231.149958
 20
-1.0
 10
230.149958
 20
-1.0
 10
230.149958
 20
-0.8
  0
HATCH
  5
2D2
330
17
100
AcDbEntity
  8
E-CORTE-ACH
100
AcDbHatch
 10
0.0
 20
0.0
 30
0.0
210
0.0
220
0.0
230
1.0
  2
SOLID
 70
1
 71
0
 91
1
 92
3
 72
0
 73
1
 93
8
 10
237.264958
 20
-2.0
 10
236.264958
 20
-2.0
 10
235.264958
 20
-2.0
 10
235.264958
 20
-1.725
 10
235.264958
 20
-1.45
 10
236.264958
 20
-1.45
 10
237.264958
 20
-1.45
 10
237.264958
 20
-1.725
 97
0
 75
0
 76
1
 98
0
  0
LWPOLYLINE
  5
2D3
330
17
100
AcDbEntity
  8
E-CORTE
100
AcDbPolyline
 90
9
 70
0
 10
237.264958
 20
-2.0
 10
236.264958
 20
-2.0
 10
235.264958
 20
-2.0
 10
235.264958
 20
-1.725
 10
235.264958
 20
-1.45
 10
236.264958
 20
-1.45
 10
237.264958
 20
-1.45
 10
237.264958
 20
-1.725
 10
237.264958
 20
-2.0
  0
HATCH
  5
2D4
330
17
100
AcDbEntity
  8
E-CORTE-ACH
100
AcDbHatch
 10
0.0
 20
0.0
 30
0.0
210
0.0
220
0.0
230
1.0
  2
SOLID
 70
1
 71
0
 91
1
 92
3
 72
0
 73
1
 93
8
 10
234.364958
 20
-2.0
 10
233.364958
 20
-2.0
 10
232.364958
 20
-2.0
 10
232.364958
 20
-1.725
 10
232.364958
 20
-1.45
 10
233.364958
 20
-1.45
 10
234.364958
 20
-1.45
 10
234.364958
 20
-1.725
 97
0
 75
0
 76
1
 98
0
  0
LWPOLYLINE
  5
2D5
330
17
100
AcDbEntity
  8
E-CORTE
100
AcDbPolyline
 90
9
 70
0
 10
234.364958
 20
-2.0
 10
233.364958
 20
-2.0
 10
232.364958
 20
-2.0
 10
232.364958
 20
-1.725
 10
232.364958
 20
-1.45
 10
233.364958
 20
-1.45
 10
234.364958
 20
-1.45
 10
234.364958
 20
-1.725
 10
234.364958
 20
-2.0
  0
HATCH
  5
2D6
330
17
100
AcDbEntity
  8
E-CORTE-ACH
100
AcDbHatch
 10
0.0
 20
0.0
 30
0.0
210
0.0
220
0.0
230
1.0
  2
SOLID
 70
1
 71
0
 91
1
 92
3
 72
0
 73
1
 93
8
 10
232.514958
 20
3.2
 10
233.081625
 20
3.2
 10
240.164958
 20
3.2
 10
240.164958
 20
3.131818
 10
240.164958
 20
3.0
 10
233.081625
 20
3.0
 10
232.514958
 20
3.0
 10
232.514958
 20
3.185185
 97
0
 75
0
 76
1
 98
0
  0
LWPOLYLINE
  5
2D7
330
17
100
AcDbEntity
  8
E-CORTE
100
AcDbPolyline
 90
9
 70
0
 10
232.514958
 20
3.2
 10
233.081625
 20
3.2
 10
240.164958
 20
3.2
 10
240.164958
 20
3.131818
 10
240.164958
 20
3.0
 10
233.081625
 20
3.0
 10
232.514958
 20
3.0
 10
232.514958
 20
3.185185
 10
232.514958
 20
3.2
  0
HATCH
  5
2D8
330
17
100
AcDbEntity
  8
E-CORTE-ACH
100
AcDbHatch
 10
0.0
 20
0.0
 30
0.0
210
0.0
220
0.0
230
1.0
  2
SOLID
 70
1
 71
0
 91
1
 92
3
 72
0
 73
1
 93
8
 10
232.514958
 20
5.8
 10
233.081625
 20
5.8
 10
240.164958
 20
5.8
 10
240.164958
 20
5.731818
 10
240.164958
 20
5.6
 10
233.081625
 20
5.6
 10
232.514958
 20
5.6
 10
232.514958
 20
5.785185
 97
0
 75
0
 76
1
 98
0
  0
LWPOLYLINE
  5
2D9
330
17
100
AcDbEntity
  8
E-CORTE
100
AcDbPolyline
 90
9
 70
0
 10
232.514958
 20
5.8
 10
233.081625
 20
5.8
 10
240.164958
 20
5.8
 10
240.164958
 20
5.731818
 10
240.164958
 20
5.6
 10
233.081625
 20
5.6
 10
232.514958
 20
5.6
 10
232.514958
 20
5.785185
 10
232.514958
 20
5.8
  0
HATCH
  5
2DA
330
17
100
AcDbEntity
  8
E-CORTE-ACH
100
AcDbHatch
 10
0.0
 20
0.0
 30
0.0
210
0.0
220
0.0
230
1.0
  2
SOLID
 70
1
 71
0
 91
1
 92
3
 72
0
 73
1
 93
8
 10
232.514958
 20
8.4
 10
233.081625
 20
8.4
 10
240.164958
 20
8.4
 10
240.164958
 20
8.331818
 10
240.164958
 20
8.2
 10
233.081625
 20
8.2
 10
232.514958
 20
8.2
 10
232.514958
 20
8.385185
 97
0
 75
0
 76
1
 98
0
  0
LWPOLYLINE
  5
2DB
330
17
100
AcDbEntity
  8
E-CORTE
100
AcDbPolyline
 90
9
 70
0
 10
232.514958
 20
8.4
 10
233.081625
 20
8.4
 10
240.164958
 20
8.4
 10
240.164958
 20
8.331818
 10
240.164958
 20
8.2
 10
233.081625
 20
8.2
 10
232.514958
 20
8.2
 10
232.514958
 20
8.385185
 10
232.514958
 20
8.4
  0
HATCH
  5
2DC
330
17
100
AcDbEntity
  8
E-CORTE-ACH
100
AcDbHatch
 10
0.0
 20
0.0
 30
0.0
210
0.0
220
0.0
230
1.0
  2
SOLID
 70
1
 71
0
 91
1
 92
3
 72
0
 73
1
 93
8
 10
232.514958
 20
11.0
 10
233.081625
 20
11.0
 10
240.164958
 20
11.0
 10
240.164958
 20
10.931818
 10
240.164958
 20
10.8
 10
233.081625
 20
10.8
 10
232.514958
 20
10.8
 10
232.514958
 20
10.985185
 97
0
 75
0
 76
1
 98
0
  0
LWPOLYLINE
  5
2DD
330
17
100
AcDbEntity
  8
E-CORTE
100
AcDbPolyline
 90
9
 70
0
 10
232.514958
 20
11.0
 10
233.081625
 20
11.0
 10
240.164958
 20
11.0
 10
240.164958
 20
10.931818
 10
240.164958
 20
10.8
 10
233.081625
 20
10.8
 10
232.514958
 20
10.8
 10
232.514958
 20
10.985185
 10
232.514958
 20
11.0
  0
HATCH
  5
2DE
330
17
100
AcDbEntity
  8
E-CORTE-ACH
100
AcDbHatch
 10
0.0
 20
0.0
 30
0.0
210
0.0
220
0.0
230
1.0
  2
SOLID
 70
1
 71
0
 91
1
 92
3
 72
0
 73
1
 93
10
 10
229.849958
 20
0.0
 10
232.178662
 20
0.0
 10
232.942736
 20
0.0
 10
240.164958
 20
0.0
 10
240.164958
 20
-0.036408
 10
240.164958
 20
-0.1
 10
232.942736
 20
-0.1
 10
232.178662
 20
-0.1
 10
229.849958
 20
-0.1
 10
229.849958
 20
-0.007407
 97
0
 75
0
 76
1
 98
0
  0
LWPOLYLINE
  5
2DF
330
17
100
AcDbEntity
  8
E-CORTE
100
AcDbPolyline
 90
11
 70
0
 10
229.849958
 20
0.0
 10
232.178662
 20
0.0
 10
232.942736
 20
0.0
 10
240.164958
 20
0.0
 10
240.164958
 20
-0.036408
 10
240.164958
 20
-0.1
 10
232.942736
 20
-0.1
 10
232.178662
 20
-0.1
 10
229.849958
 20
-0.1
 10
229.849958
 20
-0.007407
 10
229.849958
 20
0.0
  0
HATCH
  5
2E0
330
17
100
AcDbEntity
  8
E-CORTE-ACH
100
AcDbHatch
 10
0.0
 20
0.0
 30
0.0
210
0.0
220
0.0
230
1.0
  2
SOLID
 70
1
 71
0
 91
1
 92
3
 72
0
 73
1
 93
8
 10
230.149958
 20
0.179225
 10
230.149958
 20
0.198496
 10
230.267815
 20
0.198496
 10
231.249958
 20
0.198496
 10
231.249958
 20
0.179225
 10
231.249958
 20
0.018635
 10
230.267815
 20
0.018635
 10
230.149958
 20
0.018635
 97
0
 75
0
 76
1
 98
0
  0
LWPOLYLINE
  5
2E1
330
17
100
AcDbEntity
  8
E-CORTE
100
AcDbPolyline
 90
9
 70
0
 10
230.149958
 20
0.179225
 10
230.149958
 20
0.198496
 10
230.267815
 20
0.198496
 10
231.249958
 20
0.198496
 10
231.249958
 20
0.179225
 10
231.249958
 20
0.018635
 10
230.267815
 20
0.018635
 10
230.149958
 20
0.018635
 10
230.149958
 20
0.179225
  0
HATCH
  5
2E2
330
17
100
AcDbEntity
  8
E-CORTE-ACH
100
AcDbHatch
 10
0.0
 20
0.0
 30
0.0
210
0.0
220
0.0
230
1.0
  2
SOLID
 70
1
 71
0
 91
1
 92
3
 72
0
 73
1
 93
8
 10
230.149958
 20
3.2
 10
231.811208
 20
3.2
 10
232.364958
 20
3.2
 10
232.364958
 20
3.0875
 10
232.364958
 20
3.05
 10
231.811208
 20
3.05
 10
230.149958
 20
3.05
 10
230.149958
 20
3.1625
 97
0
 75
0
 76
1
 98
0
  0
LWPOLYLINE
  5
2E3
330
17
100
AcDbEntity
  8
E-CORTE
100
AcDbPolyline
 90
9
 70
0
 10
230.149958
 20
3.2
 10
231.811208
 20
3.2
 10
232.364958
 20
3.2
 10
232.364958
 20
3.0875
 10
232.364958
 20
3.05
 10
231.811208
 20
3.05
 10
230.149958
 20
3.05
 10
230.149958
 20
3.1625
 10
230.149958
 20
3.2
  0
HATCH
  5
2E4
330
17
100
AcDbEntity
  8
E-CORTE-ACH
100
AcDbHatch
 10
0.0
 20
0.0
 30
0.0
210
0.0
220
0.0
230
1.0
  2
SOLID
 70
1
 71
0
 91
1
 92
3
 72
0
 73
1
 93
8
 10
230.149958
 20
5.8
 10
231.811208
 20
5.8
 10
232.364958
 20
5.8
 10
232.364958
 20
5.6875
 10
232.364958
 20
5.65
 10
231.811208
 20
5.65
 10
230.149958
 20
5.65
 10
230.149958
 20
5.7625
 97
0
 75
0
 76
1
 98
0
  0
LWPOLYLINE
  5
2E5
330
17
100
AcDbEntity
  8
E-CORTE
100
AcDbPolyline
 90
9
 70
0
 10
230.149958
 20
5.8
 10
231.811208
 20
5.8
 10
232.364958
 20
5.8
 10
232.364958
 20
5.6875
 10
232.364958
 20
5.65
 10
231.811208
 20
5.65
 10
230.149958
 20
5.65
 10
230.149958
 20
5.7625
 10
230.149958
 20
5.8
  0
HATCH
  5
2E6
330
17
100
AcDbEntity
  8
E-CORTE-ACH
100
AcDbHatch
 10
0.0
 20
0.0
 30
0.0
210
0.0
220
0.0
230
1.0
  2
SOLID
 70
1
 71
0
 91
1
 92
3
 72
0
 73
1
 93
8
 10
230.149958
 20
8.4
 10
231.811208
 20
8.4
 10
232.364958
 20
8.4
 10
232.364958
 20
8.2875
 10
232.364958
 20
8.25
 10
231.811208
 20
8.25
 10
230.149958
 20
8.25
 10
230.149958
 20
8.3625
 97
0
 75
0
 76
1
 98
0
  0
LWPOLYLINE
  5
2E7
330
17
100
AcDbEntity
  8
E-CORTE
100
AcDbPolyline
 90
9
 70
0
 10
230.149958
 20
8.4
 10
231.811208
 20
8.4
 10
232.364958
 20
8.4
 10
232.364958
 20
8.2875
 10
232.364958
 20
8.25
 10
231.811208
 20
8.25
 10
230.149958
 20
8.25
 10
230.149958
 20
8.3625
 10
230.149958
 20
8.4
  0
HATCH
  5
2E8
330
17
100
AcDbEntity
  8
E-CORTE-ACH
100
AcDbHatch
 10
0.0
 20
0.0
 30
0.0
210
0.0
220
0.0
230
1.0
  2
SOLID
 70
1
 71
0
 91
1
 92
3
 72
0
 73
1
 93
8
 10
230.149958
 20
11.0
 10
231.811208
 20
11.0
 10
232.364958
 20
11.0
 10
232.364958
 20
10.8875
 10
232.364958
 20
10.85
 10
231.811208
 20
10.85
 10
230.149958
 20
10.85
 10
230.149958
 20
10.9625
 97
0
 75
0
 76
1
 98
0
  0
LWPOLYLINE
  5
2E9
330
17
100
AcDbEntity
  8
E-CORTE
100
AcDbPolyline
 90
9
 70
0
 10
230.149958
 20
11.0
 10
231.811208
 20
11.0
 10
232.364958
 20
11.0
 10
232.364958
 20
10.8875
 10
232.364958
 20
10.85
 10
231.811208
 20
10.85
 10
230.149958
 20
10.85
 10
230.149958
 20
10.9625
 10
230.149958
 20
11.0
  0
HATCH
  5
2EA
330
17
100
AcDbEntity
  8
E-CORTE-ACH
100
AcDbHatch
 10
0.0
 20
0.0
 30
0.0
210
0.0
220
0.0
230
1.0
  2
SOLID
 70
1
 71
0
 91
1
 92
3
 72
0
 73
1
 93
16
 10
231.05353
 20
0.336842
 10
231.249958
 20
0.336842
 10
231.249958
 20
0.198496
 10
231.249958
 20
0.190282
 10
231.249958
 20
0.186353
 10
231.249958
 20
0.184389
 10
231.249958
 20
0.183211
 10
231.249958
 20
0.178496
 10
231.132101
 20
0.178496
 10
230.149958
 20
0.178496
 10
230.149958
 20
0.183211
 10
230.149958
 20
0.184389
 10
230.149958
 20
0.186353
 10
230.149958
 20
0.190282
 10
230.149958
 20
0.198496
 10
230.149958
 20
0.336842
 97
0
 75
0
 76
1
 98
0
  0
LWPOLYLINE
  5
2EB
330
17
100
AcDbEntity
  8
E-CORTE
100
AcDbPolyline
 90
17
 70
0
 10
231.05353
 20
0.336842
 10
231.249958
 20
0.336842
 10
231.249958
 20
0.198496
 10
231.249958
 20
0.190282
 10
231.249958
 20
0.186353
 10
231.249958
 20
0.184389
 10
231.249958
 20
0.183211
 10
231.249958
 20
0.178496
 10
231.132101
 20
0.178496
 10
230.149958
 20
0.178496
 10
230.149958
 20
0.183211
 10
230.149958
 20
0.184389
 10
230.149958
 20
0.186353
 10
230.149958
 20
0.190282
 10
230.149958
 20
0.198496
 10
230.149958
 20
0.336842
 10
231.05353
 20
0.336842
  0
LINE
  5
2EC
330
17
100
AcDbEntity
  8
E-EJES
  6
EJE100
100
AcDbLine
 10
230.0
 20
-2.4
 30
0.0
 11
230.0
 21
11.9
 31
0.0
  0
CIRCLE
  5
2ED
330
17
100
AcDbEntity
  8
E-EJES-ID
100
AcDbCircle
 10
230.0
 20
-2.8
 30
0.0
 40
0.4
  0
TEXT
  5
2EE
330
17
100
AcDbEntity
  8
E-EJES-ID
100
AcDbText
 10
230.0
 20
-2.8
 30
0.0
 40
0.30000000000000004
  1
N-4
  7
ARIAL
 41
0.8
 72
1
 11
230.0
 21
-2.8
 31
0.0
100
AcDbText
 73
2
  0
LINE
  5
2EF
330
17
100
AcDbEntity
  8
E-EJES
  6
EJE100
100
AcDbLine
 10
232.51495830078156
 20
-2.4
 30
0.0
 11
232.51495830078156
 21
11.9
 31
0.0
  0
CIRCLE
  5
2F0
330
17
100
AcDbEntity
  8
E-EJES-ID
100
AcDbCircle
 10
232.51495830078156
 20
-2.8
 30
0.0
 40
0.4
  0
TEXT
  5
2F1
330
17
100
AcDbEntity
  8
E-EJES-ID
100
AcDbText
 10
232.51495830078156
 20
-2.8
 30
0.0
 40
0.30000000000000004
  1
N-3
  7
ARIAL
 41
0.8
 72
1
 11
232.51495830078156
 21
-2.8
 31
0.0
100
AcDbText
 73
2
  0
LINE
  5
2F2
330
17
100
AcDbEntity
  8
E-EJES
  6
EJE100
100
AcDbLine
 10
236.26495830078156
 20
-2.4
 30
0.0
 11
236.26495830078156
 21
11.9
 31
0.0
  0
CIRCLE
  5
2F3
330
17
100
AcDbEntity
  8
E-EJES-ID
100
AcDbCircle
 10
236.26495830078156
 20
-2.8
 30
0.0
 40
0.4
  0
TEXT
  5
2F4
330
17
100
AcDbEntity
  8
E-EJES-ID
100
AcDbText
 10
236.26495830078156
 20
-2.8
 30
0.0
 40
0.30000000000000004
  1
N-2
  7
ARIAL
 41
0.8
 72
1
 11
236.26495830078156
 21
-2.8
 31
0.0
100
AcDbText
 73
2
  0
LINE
  5
2F5
330
17
100
AcDbEntity
  8
E-EJES
  6
EJE100
100
AcDbLine
 10
240.01495830078156
 20
-2.4
 30
0.0
 11
240.01495830078156
 21
11.9
 31
0.0
  0
CIRCLE
  5
2F6
330
17
100
AcDbEntity
  8
E-EJES-ID
100
AcDbCircle
 10
240.01495830078156
 20
-2.8
 30
0.0
 40
0.4
  0
TEXT
  5
2F7
330
17
100
AcDbEntity
  8
E-EJES-ID
100
AcDbText
 10
240.01495830078156
 20
-2.8
 30
0.0
 40
0.30000000000000004
  1
N-1
  7
ARIAL
 41
0.8
 72
1
 11
240.01495830078156
 21
-2.8
 31
0.0
100
AcDbText
 73
2
  0
DIMENSION
  5
2F8
330
17
100
AcDbEntity
  8
E-COTA
100
AcDbDimension
280
0
  2
*D18
  3
COTA100
 10
241.9
 20
-1.9999999999999998
 30
0.0
 11
241.75
 21
-0.9999999999999999
 31
0.0
 70
32
 71
5
  1
<>
100
AcDbAlignedDimension
 13
241.3
 23
-1.9999999999999998
 33
0.0
 14
241.3
 24
0.0
 34
0.0
 50
90.0
100
AcDbRotatedDimension
1001
ACAD
1000
DSTYLE
1002
{
1070
271
1070
2
1002
}
  0
DIMENSION
  5
307
330
17
100
AcDbEntity
  8
E-COTA
100
AcDbDimension
280
0
  2
*D19
  3
COTA100
 10
241.9
 20
0.0
 30
0.0
 11
241.75
 21
1.6
 31
0.0
 70
32
 71
5
  1
<>
100
AcDbAlignedDimension
 13
241.3
 23
0.0
 33
0.0
 14
241.3
 24
3.2
 34
0.0
 50
90.0
100
AcDbRotatedDimension
1001
ACAD
1000
DSTYLE
1002
{
1070
271
1070
2
1002
}
  0
DIMENSION
  5
316
330
17
100
AcDbEntity
  8
E-COTA
100
AcDbDimension
280
0
  2
*D20
  3
COTA100
 10
241.9
 20
3.2
 30
0.0
 11
241.75
 21
4.5
 31
0.0
 70
32
 71
5
  1
<>
100
AcDbAlignedDimension
 13
241.3
 23
3.2
 33
0.0
 14
241.3
 24
5.800000000000001
 34
0.0
 50
90.0
100
AcDbRotatedDimension
1001
ACAD
1000
DSTYLE
1002
{
1070
271
1070
2
1002
}
  0
DIMENSION
  5
325
330
17
100
AcDbEntity
  8
E-COTA
100
AcDbDimension
280
0
  2
*D21
  3
COTA100
 10
241.9
 20
5.800000000000001
 30
0.0
 11
241.75
 21
7.1000000000000005
 31
0.0
 70
32
 71
5
  1
<>
100
AcDbAlignedDimension
 13
241.3
 23
5.800000000000001
 33
0.0
 14
241.3
 24
8.4
 34
0.0
 50
90.0
100
AcDbRotatedDimension
1001
ACAD
1000
DSTYLE
1002
{
1070
271
1070
2
1002
}
  0
DIMENSION
  5
334
330
17
100
AcDbEntity
  8
E-COTA
100
AcDbDimension
280
0
  2
*D22
  3
COTA100
 10
241.9
 20
8.4
 30
0.0
 11
241.75
 21
9.7
 31
0.0
 70
32
 71
5
  1
<>
100
AcDbAlignedDimension
 13
241.3
 23
8.4
 33
0.0
 14
241.3
 24
11.0
 34
0.0
 50
90.0
100
AcDbRotatedDimension
1001
ACAD
1000
DSTYLE
1002
{
1070
271
1070
2
1002
}
  0
LWPOLYLINE
  5
343
330
17
100
AcDbEntity
  8
E-NIVEL
100
AcDbPolyline
 90
3
 70
1
 10
229.2
 20
-1.9999999999999998
 10
229.04
 20
-1.7439999999999998
 10
229.36
 20
-1.7439999999999998
  0
HATCH
  5
344
330
17
100
AcDbEntity
  8
E-NIVEL
 62
7
100
AcDbHatch
 10
0.0
 20
0.0
 30
0.0
210
0.0
220
0.0
230
1.0
  2
SOLID
 70
1
 71
0
 91
1
 92
3
 72
0
 73
1
 93
3
 10
229.2
 20
-1.9999999999999998
 10
229.04
 20
-1.7439999999999998
 10
229.2
 20
-1.7439999999999998
 97
0
 75
0
 76
1
 98
0
  0
LINE
  5
345
330
17
100
AcDbEntity
  8
E-NIVEL
100
AcDbLine
 10
228.1
 20
-1.7439999999999998
 30
0.0
 11
229.36
 21
-1.7439999999999998
 31
0.0
  0
TEXT
  5
346
330
17
100
AcDbEntity
  8
E-NIVEL
100
AcDbText
 10
228.15
 20
-1.6639999999999997
 30
0.0
 40
0.2
  1
NFZ -2.00
  7
ARIAL
 41
0.9
 11
228.15
 21
-1.6639999999999997
 31
0.0
100
AcDbText
 73
1
  0
LWPOLYLINE
  5
347
330
17
100
AcDbEntity
  8
E-NIVEL
100
AcDbPolyline
 90
3
 70
1
 10
229.2
 20
0.0
 10
229.04
 20
0.25600000000000006
 10
229.36
 20
0.25600000000000006
  0
HATCH
  5
348
330
17
100
AcDbEntity
  8
E-NIVEL
 62
7
100
AcDbHatch
 10
0.0
 20
0.0
 30
0.0
210
0.0
220
0.0
230
1.0
  2
SOLID
 70
1
 71
0
 91
1
 92
3
 72
0
 73
1
 93
3
 10
229.2
 20
0.0
 10
229.04
 20
0.25600000000000006
 10
229.2
 20
0.25600000000000006
 97
0
 75
0
 76
1
 98
0
  0
LINE
  5
349
330
17
100
AcDbEntity
  8
E-NIVEL
100
AcDbLine
 10
228.1
 20
0.25600000000000006
 30
0.0
 11
229.36
 21
0.25600000000000006
 31
0.0
  0
TEXT
  5
34A
330
17
100
AcDbEntity
  8
E-NIVEL
100
AcDbText
 10
228.15
 20
0.3360000000000001
 30
0.0
 40
0.2
  1
NPT ±0.00  NIVEL 1
  7
ARIAL
 41
0.9
 11
228.15
 21
0.3360000000000001
 31
0.0
100
AcDbText
 73
1
  0
LWPOLYLINE
  5
34B
330
17
100
AcDbEntity
  8
E-NIVEL
100
AcDbPolyline
 90
3
 70
1
 10
229.2
 20
3.2
 10
229.04
 20
3.4560000000000004
 10
229.36
 20
3.4560000000000004
  0
HATCH
  5
34C
330
17
100
AcDbEntity
  8
E-NIVEL
 62
7
100
AcDbHatch
 10
0.0
 20
0.0
 30
0.0
210
0.0
220
0.0
230
1.0
  2
SOLID
 70
1
 71
0
 91
1
 92
3
 72
0
 73
1
 93
3
 10
229.2
 20
3.2
 10
229.04
 20
3.4560000000000004
 10
229.2
 20
3.4560000000000004
 97
0
 75
0
 76
1
 98
0
  0
LINE
  5
34D
330
17
100
AcDbEntity
  8
E-NIVEL
100
AcDbLine
 10
228.1
 20
3.4560000000000004
 30
0.0
 11
229.36
 21
3.4560000000000004
 31
0.0
  0
TEXT
  5
34E
330
17
100
AcDbEntity
  8
E-NIVEL
100
AcDbText
 10
228.15
 20
3.5360000000000005
 30
0.0
 40
0.2
  1
NPT +3.20  NIVEL 2
  7
ARIAL
 41
0.9
 11
228.15
 21
3.5360000000000005
 31
0.0
100
AcDbText
 73
1
  0
LWPOLYLINE
  5
34F
330
17
100
AcDbEntity
  8
E-NIVEL
100
AcDbPolyline
 90
3
 70
1
 10
229.2
 20
5.800000000000001
 10
229.04
 20
6.056000000000001
 10
229.36
 20
6.056000000000001
  0
HATCH
  5
350
330
17
100
AcDbEntity
  8
E-NIVEL
 62
7
100
AcDbHatch
 10
0.0
 20
0.0
 30
0.0
210
0.0
220
0.0
230
1.0
  2
SOLID
 70
1
 71
0
 91
1
 92
3
 72
0
 73
1
 93
3
 10
229.2
 20
5.800000000000001
 10
229.04
 20
6.056000000000001
 10
229.2
 20
6.056000000000001
 97
0
 75
0
 76
1
 98
0
  0
LINE
  5
351
330
17
100
AcDbEntity
  8
E-NIVEL
100
AcDbLine
 10
228.1
 20
6.056000000000001
 30
0.0
 11
229.36
 21
6.056000000000001
 31
0.0
  0
TEXT
  5
352
330
17
100
AcDbEntity
  8
E-NIVEL
100
AcDbText
 10
228.15
 20
6.136000000000001
 30
0.0
 40
0.2
  1
NPT +5.80  NIVEL 3
  7
ARIAL
 41
0.9
 11
228.15
 21
6.136000000000001
 31
0.0
100
AcDbText
 73
1
  0
LWPOLYLINE
  5
353
330
17
100
AcDbEntity
  8
E-NIVEL
100
AcDbPolyline
 90
3
 70
1
 10
229.2
 20
8.4
 10
229.04
 20
8.656
 10
229.36
 20
8.656
  0
HATCH
  5
354
330
17
100
AcDbEntity
  8
E-NIVEL
 62
7
100
AcDbHatch
 10
0.0
 20
0.0
 30
0.0
210
0.0
220
0.0
230
1.0
  2
SOLID
 70
1
 71
0
 91
1
 92
3
 72
0
 73
1
 93
3
 10
229.2
 20
8.4
 10
229.04
 20
8.656
 10
229.2
 20
8.656
 97
0
 75
0
 76
1
 98
0
  0
LINE
  5
355
330
17
100
AcDbEntity
  8
E-NIVEL
100
AcDbLine
 10
228.1
 20
8.656
 30
0.0
 11
229.36
 21
8.656
 31
0.0
  0
TEXT
  5
356
330
17
100
AcDbEntity
  8
E-NIVEL
100
AcDbText
 10
228.15
 20
8.736
 30
0.0
 40
0.2
  1
NPT +8.40  NIVEL 4
  7
ARIAL
 41
0.9
 11
228.15
 21
8.736
 31
0.0
100
AcDbText
 73
1
  0
LWPOLYLINE
  5
357
330
17
100
AcDbEntity
  8
E-NIVEL
100
AcDbPolyline
 90
3
 70
1
 10
229.2
 20
11.0
 10
229.04
 20
11.256
 10
229.36
 20
11.256
  0
HATCH
  5
358
330
17
100
AcDbEntity
  8
E-NIVEL
 62
7
100
AcDbHatch
 10
0.0
 20
0.0
 30
0.0
210
0.0
220
0.0
230
1.0
  2
SOLID
 70
1
 71
0
 91
1
 92
3
 72
0
 73
1
 93
3
 10
229.2
 20
11.0
 10
229.04
 20
11.256
 10
229.2
 20
11.256
 97
0
 75
0
 76
1
 98
0
  0
LINE
  5
359
330
17
100
AcDbEntity
  8
E-NIVEL
100
AcDbLine
 10
228.1
 20
11.256
 30
0.0
 11
229.36
 21
11.256
 31
0.0
  0
TEXT
  5
35A
330
17
100
AcDbEntity
  8
E-NIVEL
100
AcDbText
 10
228.15
 20
11.336
 30
0.0
 40
0.2
  1
NPT +11.00  NIVEL 5
  7
ARIAL
 41
0.9
 11
228.15
 21
11.336
 31
0.0
100
AcDbText
 73
1
  0
ENDSEC
  0
SECTION
  2
OBJECTS
  0
DICTIONARY
  5
A
330
0
100
AcDbDictionary
281
1
  3
ACAD_COLOR
350
B
  3
ACAD_GROUP
350
C
  3
ACAD_LAYOUT
350
D
  3
ACAD_MATERIAL
350
E
  3
ACAD_MLEADERSTYLE
350
F
  3
ACAD_MLINESTYLE
350
10
  3
ACAD_PLOTSETTINGS
350
11
  3
ACAD_PLOTSTYLENAME
350
12
  3
ACAD_SCALELIST
350
14
  3
ACAD_TABLESTYLE
350
15
  3
ACAD_VISUALSTYLE
350
16
  3
EZDXF_META
350
2D
  0
DICTIONARY
  5
B
330
A
100
AcDbDictionary
281
1
  0
DICTIONARY
  5
C
330
A
100
AcDbDictionary
281
1
  0
DICTIONARY
  5
D
330
A
100
AcDbDictionary
281
1
  3
Model
350
1A
  3
Layout1
350
1E
  3
E-02
350
A5
  0
DICTIONARY
  5
E
330
A
100
AcDbDictionary
281
1
  3
ByBlock
350
1F
  3
ByLayer
350
20
  3
Global
350
21
  0
DICTIONARY
  5
F
330
A
100
AcDbDictionary
281
1
  3
Standard
350
2C
  0
DICTIONARY
  5
10
330
A
100
AcDbDictionary
281
1
  3
Standard
350
22
  0
DICTIONARY
  5
11
330
A
100
AcDbDictionary
281
1
  0
ACDBDICTIONARYWDFLT
  5
12
330
A
100
AcDbDictionary
281
1
  3
Normal
350
13
100
AcDbDictionaryWithDefault
340
13
  0
ACDBPLACEHOLDER
  5
13
330
12
  0
DICTIONARY
  5
14
330
A
100
AcDbDictionary
281
1
  0
DICTIONARY
  5
15
330
A
100
AcDbDictionary
281
1
  0
DICTIONARY
  5
16
330
A
100
AcDbDictionary
281
1
  3
2dWireframe
350
5A
  3
Basic
350
5B
  3
Brighten
350
5C
  3
ColorChange
350
5D
  3
Conceptual
350
5E
  3
Dim
350
5F
  3
EdgeColorOff
350
60
  3
Facepattern
350
61
  3
Flat
350
62
  3
FlatWithEdges
350
63
  3
Gouraud
350
64
  3
GouraudWithEdges
350
65
  3
Hidden
350
66
  3
JitterOff
350
67
  3
Linepattern
350
68
  3
Modeling
350
69
  3
OverhangOff
350
6A
  3
Realistic
350
6B
  3
Shaded
350
6C
  3
Shaded with edges
350
6D
  3
Shades of Gray
350
6E
  3
Sketchy
350
6F
  3
Thicken
350
70
  3
Wireframe
350
71
  3
X-Ray
350
72
  0
LAYOUT
  5
1A
330
D
100
AcDbPlotSettings
  1

  4
A3
  6

 40
7.5
 41
20.0
 42
7.5
 43
20.0
 44
420.0
 45
297.0
 46
0.0
 47
0.0
 48
0.0
 49
0.0
140
0.0
141
0.0
142
1.0
143
1.0
 70
1024
 72
1
 73
0
 74
5
  7

 75
16
 76
0
 77
2
 78
300
147
1.0
148
0.0
149
0.0
100
AcDbLayout
  1
Model
 70
1
 71
0
 10
0.0
 20
0.0
 11
420.0
 21
297.0
 12
0.0
 22
0.0
 32
0.0
 14
1e+20
 24
1e+20
 34
1e+20
 15
-1e+20
 25
-1e+20
 35
-1e+20
146
0.0
 13
0.0
 23
0.0
 33
0.0
 16
1.0
 26
0.0
 36
0.0
 17
0.0
 27
1.0
 37
0.0
 76
1
330
17
  0
LAYOUT
  5
1E
330
D
100
AcDbPlotSettings
  1

  4
A3
  6

 40
7.5
 41
20.0
 42
7.5
 43
20.0
 44
420.0
 45
297.0
 46
0.0
 47
0.0
 48
0.0
 49
0.0
140
0.0
141
0.0
142
1.0
143
1.0
 70
0
 72
1
 73
0
 74
5
  7

 75
16
 76
0
 77
2
 78
300
147
1.0
148
0.0
149
0.0
100
AcDbLayout
  1
Layout1
 70
1
 71
1
 10
0.0
 20
0.0
 11
420.0
 21
297.0
 12
0.0
 22
0.0
 32
0.0
 14
1e+20
 24
1e+20
 34
1e+20
 15
-1e+20
 25
-1e+20
 35
-1e+20
146
0.0
 13
0.0
 23
0.0
 33
0.0
 16
1.0
 26
0.0
 36
0.0
 17
0.0
 27
1.0
 37
0.0
 76
1
330
1B
  0
MATERIAL
  5
1F
102
{ACAD_REACTORS
330
E
102
}
330
E
100
AcDbMaterial
  1
ByBlock
  2

 70
0
 40
1.0
 71
1
 41
1.0
 91
-1023410177
 42
1.0
 72
1
  3

 73
1
 74
1
 75
1
 44
0.5
 73
0
 45
1.0
 46
1.0
 77
1
  4

 78
1
 79
1
170
1
 48
1.0
171
1
  6

172
1
173
1
174
1
140
1.0
141
1.0
175
1
  7

176
1
177
1
178
1
143
1.0
179
1
  8

270
1
271
1
272
1
145
1.0
146
1.0
273
1
  9

274
1
275
1
276
1
 42
1.0
 72
1
  3

 73
1
 74
1
 75
1
 94
63
  0
MATERIAL
  5
20
102
{ACAD_REACTORS
330
E
102
}
330
E
100
AcDbMaterial
  1
ByLayer
  2

 70
0
 40
1.0
 71
1
 41
1.0
 91
-1023410177
 42
1.0
 72
1
  3

 73
1
 74
1
 75
1
 44
0.5
 73
0
 45
1.0
 46
1.0
 77
1
  4

 78
1
 79
1
170
1
 48
1.0
171
1
  6

172
1
173
1
174
1
140
1.0
141
1.0
175
1
  7

176
1
177
1
178
1
143
1.0
179
1
  8

270
1
271
1
272
1
145
1.0
146
1.0
273
1
  9

274
1
275
1
276
1
 42
1.0
 72
1
  3

 73
1
 74
1
 75
1
 94
63
  0
MATERIAL
  5
21
102
{ACAD_REACTORS
330
E
102
}
330
E
100
AcDbMaterial
  1
Global
  2

 70
0
 40
1.0
 71
1
 41
1.0
 91
-1023410177
 42
1.0
 72
1
  3

 73
1
 74
1
 75
1
 44
0.5
 73
0
 45
1.0
 46
1.0
 77
1
  4

 78
1
 79
1
170
1
 48
1.0
171
1
  6

172
1
173
1
174
1
140
1.0
141
1.0
175
1
  7

176
1
177
1
178
1
143
1.0
179
1
  8

270
1
271
1
272
1
145
1.0
146
1.0
273
1
  9

274
1
275
1
276
1
 42
1.0
 72
1
  3

 73
1
 74
1
 75
1
 94
63
  0
MLINESTYLE
  5
22
102
{ACAD_REACTORS
330
10
102
}
330
10
100
AcDbMlineStyle
  2
Standard
 70
0
  3

 62
256
 51
90.0
 52
90.0
 71
2
 49
0.5
 62
256
  6
BYLAYER
 49
-0.5
 62
256
  6
BYLAYER
  0
MLEADERSTYLE
  5
2C
102
{ACAD_REACTORS
330
F
102
}
330
F
100
AcDbMLeaderStyle
179
2
170
2
171
1
172
0
 90
2
 40
0.0
 41
0.0
173
1
 91
-1056964608
 92
-2
290
1
 42
2.0
291
1
 43
8.0
  3
Standard
 44
4.0
300

342
29
174
1
175
1
176
0
178
1
 93
-1056964608
 45
4.0
292
0
297
0
 46
4.0
 94
-1056964608
 47
1.0
 49
1.0
140
1.0
294
1
141
0.0
177
0
142
1.0
295
0
296
0
143
3.75
271
0
272
9
273
9
  0
DICTIONARY
  5
2D
330
A
100
AcDbDictionary
280
1
281
1
  3
CREATED_BY_EZDXF
350
2E
  3
WRITTEN_BY_EZDXF
350
443
  0
DICTIONARYVAR
  5
2E
330
2D
100
DictionaryVariables
280
0
  1
1.4.4 @ 2026-09-28T01:31:02.376019+00:00
  0
VISUALSTYLE
  5
5A
102
{ACAD_REACTORS
330
16
102
}
330
16
100
AcDbVisualStyle
  2
2dWireframe
 70
4
177
3
291
0
 70
58
 90
2
176
1
 90
2
176
1
 90
0
176
1
 90
0
176
1
 40
0.6
176
1
 40
30.0
176
1
 62
7
420
16777215
176
1
 90
1
176
1
 90
4
176
1
 62
7
176
1
 62
257
176
1
 90
1
176
1
 90
1
176
1
 40
1.0
176
1
 90
8
176
1
 62
7
176
1
 40
1.0
176
1
 90
1
176
1
 90
6
176
1
 90
2
176
1
 62
7
176
1
 90
5
176
1
 90
0
176
1
 90
0
176
1
290
0
176
1
 90
1
176
1
 40
0.0
176
1
 90
0
176
1
290
1
176
1
290
1
176
1
290
0
176
1
290
0
176
1
290
0
176
1
290
0
176
1
290
0
176
1
290
0
176
1
290
0
176
1
 90
50
176
1
 40
0.0
176
1
 40
1.0
176
1
 90
0
176
1
 62
18
420
0
176
1
 90
50
176
1
 90
3
176
1
 62
5
420
255
176
1
290
0
176
1
 90
50
176
1
 90
50
176
1
 90
50
176
1
290
0
176
1
 90
50
176
1
 62
256
176
0
 40
1.0
176
0
 90
2
176
1
  1
strokes_ogs.tif
176
1
290
0
176
1
 40
1.0
176
1
 40
1.0
176
1
  0
VISUALSTYLE
  5
5B
102
{ACAD_REACTORS
330
16
102
}
330
16
100
AcDbVisualStyle
  2
Basic
 70
7
177
3
291
1
 70
58
 90
2
176
1
 90
2
176
1
 90
0
176
1
 90
1
176
1
 40
0.6
176
1
 40
30.0
176
1
 62
7
420
16777215
176
1
 90
1
176
1
 90
4
176
1
 62
7
176
1
 62
257
176
1
 90
1
176
1
 90
1
176
1
 40
1.0
176
1
 90
8
176
1
 62
7
176
1
 40
1.0
176
1
 90
1
176
1
 90
6
176
1
 90
2
176
1
 62
7
176
1
 90
5
176
1
 90
0
176
1
 90
0
176
1
290
0
176
1
 90
1
176
1
 40
0.0
176
1
 90
0
176
1
290
0
176
1
290
1
176
1
290
1
176
1
290
0
176
1
290
0
176
1
290
0
176
1
290
0
176
1
290
0
176
1
290
0
176
1
 90
50
176
1
 40
0.0
176
1
 40
1.0
176
1
 90
0
176
1
 62
18
420
0
176
1
 90
50
176
1
 90
3
176
1
 62
5
420
255
176
1
290
0
176
1
 90
50
176
1
 90
50
176
1
 90
50
176
1
290
0
176
1
 90
50
176
1
 62
256
176
0
 40
1.0
176
0
 90
2
176
1
  1
strokes_ogs.tif
176
1
290
0
176
1
 40
1.0
176
1
 40
1.0
176
1
  0
VISUALSTYLE
  5
5C
102
{ACAD_REACTORS
330
16
102
}
330
16
100
AcDbVisualStyle
  2
Brighten
 70
12
177
3
291
1
 70
58
 90
2
176
1
 90
2
176
1
 90
0
176
1
 90
2
176
1
 40
0.6
176
1
 40
30.0
176
1
 62
7
420
16777215
176
1
 90
1
176
1
 90
4
176
1
 62
7
176
1
 62
257
176
1
 90
1
176
1
 90
1
176
1
 40
1.0
176
1
 90
8
176
1
 62
7
176
1
 40
1.0
176
1
 90
1
176
1
 90
6
176
1
 90
2
176
1
 62
7
176
1
 90
5
176
1
 90
0
176
1
 90
0
176
1
290
0
176
1
 90
1
176
1
 40
0.0
176
1
 90
0
176
1
290
0
176
1
290
1
176
1
290
1
176
1
290
0
176
1
290
0
176
1
290
0
176
1
290
0
176
1
290
0
176
1
290
0
176
1
 90
50
176
1
 40
0.0
176
1
 40
1.0
176
1
 90
0
176
1
 62
18
420
0
176
1
 90
50
176
1
 90
3
176
1
 62
5
420
255
176
1
290
0
176
1
 90
50
176
1
 90
50
176
1
 90
50
176
1
290
0
176
1
 90
50
176
1
 62
256
176
0
 40
1.0
176
0
 90
2
176
1
  1
strokes_ogs.tif
176
1
290
0
176
1
 40
1.0
176
1
 40
1.0
176
1
  0
VISUALSTYLE
  5
5D
102
{ACAD_REACTORS
330
16
102
}
330
16
100
AcDbVisualStyle
  2
ColorChange
 70
16
177
3
291
1
 70
58
 90
2
176
1
 90
2
176
1
 90
0
176
1
 90
2
176
1
 40
0.6
176
1
 40
30.0
176
1
 62
7
420
16777215
176
1
 90
1
176
1
 90
4
176
1
 62
7
176
1
 62
257
176
1
 90
1
176
1
 90
1
176
1
 40
1.0
176
1
 90
8
176
1
 62
7
176
1
 40
1.0
176
1
 90
1
176
1
 90
6
176
1
 90
2
176
1
 62
7
176
1
 90
5
176
1
 90
0
176
1
 90
0
176
1
290
0
176
1
 90
1
176
1
 40
0.0
176
1
 90
0
176
1
290
0
176
1
290
1
176
1
290
1
176
1
290
0
176
1
290
0
176
1
290
0
176
1
290
0
176
1
290
0
176
1
290
0
176
1
 90
50
176
1
 40
0.0
176
1
 40
1.0
176
1
 90
0
176
1
 62
18
420
0
176
1
 90
50
176
1
 90
3
176
1
 62
5
420
255
176
1
290
0
176
1
 90
50
176
1
 90
50
176
1
 90
50
176
1
290
0
176
1
 90
50
176
1
 62
256
176
0
 40
1.0
176
0
 90
2
176
1
  1
strokes_ogs.tif
176
1
290
0
176
1
 40
1.0
176
1
 40
1.0
176
1
  0
VISUALSTYLE
  5
5E
102
{ACAD_REACTORS
330
16
102
}
330
16
100
AcDbVisualStyle
  2
Conceptual
 70
9
177
3
291
0
 70
58
 90
2
176
1
 90
2
176
1
 90
0
176
1
 90
3
176
1
 40
0.6
176
1
 40
30.0
176
1
 62
7
420
16777215
176
1
 90
1
176
1
 90
4
176
1
 62
7
176
1
 62
257
176
1
 90
1
176
1
 90
1
176
1
 40
1.0
176
1
 90
8
176
1
 62
7
176
1
 40
1.0
176
1
 90
1
176
1
 90
6
176
1
 90
2
176
1
 62
7
176
1
 90
5
176
1
 90
0
176
1
 90
0
176
1
290
0
176
1
 90
1
176
1
 40
0.0
176
1
 90
0
176
1
290
0
176
1
290
1
176
1
290
1
176
1
290
0
176
1
290
0
176
1
290
0
176
1
290
0
176
1
290
0
176
1
290
0
176
1
 90
50
176
1
 40
0.0
176
1
 40
1.0
176
1
 90
0
176
1
 62
18
420
0
176
1
 90
50
176
1
 90
3
176
1
 62
5
420
255
176
1
290
0
176
1
 90
50
176
1
 90
50
176
1
 90
50
176
1
290
0
176
1
 90
50
176
1
 62
256
176
0
 40
1.0
176
0
 90
2
176
1
  1
strokes_ogs.tif
176
1
290
0
176
1
 40
1.0
176
1
 40
1.0
176
1
  0
VISUALSTYLE
  5
5F
102
{ACAD_REACTORS
330
16
102
}
330
16
100
AcDbVisualStyle
  2
Dim
 70
11
177
3
291
1
 70
58
 90
2
176
1
 90
2
176
1
 90
0
176
1
 90
2
176
1
 40
0.6
176
1
 40
30.0
176
1
 62
7
420
16777215
176
1
 90
1
176
1
 90
4
176
1
 62
7
176
1
 62
257
176
1
 90
1
176
1
 90
1
176
1
 40
1.0
176
1
 90
8
176
1
 62
7
176
1
 40
1.0
176
1
 90
1
176
1
 90
6
176
1
 90
2
176
1
 62
7
176
1
 90
5
176
1
 90
0
176
1
 90
0
176
1
290
0
176
1
 90
1
176
1
 40
0.0
176
1
 90
0
176
1
290
0
176
1
290
1
176
1
290
1
176
1
290
0
176
1
290
0
176
1
290
0
176
1
290
0
176
1
290
0
176
1
290
0
176
1
 90
50
176
1
 40
0.0
176
1
 40
1.0
176
1
 90
0
176
1
 62
18
420
0
176
1
 90
50
176
1
 90
3
176
1
 62
5
420
255
176
1
290
0
176
1
 90
50
176
1
 90
50
176
1
 90
50
176
1
290
0
176
1
 90
50
176
1
 62
256
176
0
 40
1.0
176
0
 90
2
176
1
  1
strokes_ogs.tif
176
1
290
0
176
1
 40
1.0
176
1
 40
1.0
176
1
  0
VISUALSTYLE
  5
60
102
{ACAD_REACTORS
330
16
102
}
330
16
100
AcDbVisualStyle
  2
EdgeColorOff
 70
22
177
3
291
1
 70
58
 90
2
176
1
 90
2
176
1
 90
0
176
1
 90
2
176
1
 40
0.6
176
1
 40
30.0
176
1
 62
7
420
16777215
176
1
 90
1
176
1
 90
4
176
1
 62
7
176
1
 62
257
176
1
 90
1
176
1
 90
1
176
1
 40
1.0
176
1
 90
8
176
1
 62
7
176
1
 40
1.0
176
1
 90
1
176
1
 90
6
176
1
 90
2
176
1
 62
7
176
1
 90
5
176
1
 90
0
176
1
 90
0
176
1
290
0
176
1
 90
1
176
1
 40
0.0
176
1
 90
0
176
1
290
0
176
1
290
1
176
1
290
1
176
1
290
0
176
1
290
0
176
1
290
0
176
1
290
0
176
1
290
0
176
1
290
0
176
1
 90
50
176
1
 40
0.0
176
1
 40
1.0
176
1
 90
0
176
1
 62
18
420
0
176
1
 90
50
176
1
 90
3
176
1
 62
5
420
255
176
1
290
0
176
1
 90
50
176
1
 90
50
176
1
 90
50
176
1
290
0
176
1
 90
50
176
1
 62
256
176
0
 40
1.0
176
0
 90
2
176
1
  1
strokes_ogs.tif
176
1
290
0
176
1
 40
1.0
176
1
 40
1.0
176
1
  0
VISUALSTYLE
  5
61
102
{ACAD_REACTORS
330
16
102
}
330
16
100
AcDbVisualStyle
  2
Facepattern
 70
15
177
3
291
1
 70
58
 90
2
176
1
 90
2
176
1
 90
0
176
1
 90
2
176
1
 40
0.6
176
1
 40
30.0
176
1
 62
7
420
16777215
176
1
 90
1
176
1
 90
4
176
1
 62
7
176
1
 62
257
176
1
 90
1
176
1
 90
1
176
1
 40
1.0
176
1
 90
8
176
1
 62
7
176
1
 40
1.0
176
1
 90
1
176
1
 90
6
176
1
 90
2
176
1
 62
7
176
1
 90
5
176
1
 90
0
176
1
 90
0
176
1
290
0
176
1
 90
1
176
1
 40
0.0
176
1
 90
0
176
1
290
0
176
1
290
1
176
1
290
1
176
1
290
0
176
1
290
0
176
1
290
0
176
1
290
0
176
1
290
0
176
1
290
0
176
1
 90
50
176
1
 40
0.0
176
1
 40
1.0
176
1
 90
0
176
1
 62
18
420
0
176
1
 90
50
176
1
 90
3
176
1
 62
5
420
255
176
1
290
0
176
1
 90
50
176
1
 90
50
176
1
 90
50
176
1
290
0
176
1
 90
50
176
1
 62
256
176
0
 40
1.0
176
0
 90
2
176
1
  1
strokes_ogs.tif
176
1
290
0
176
1
 40
1.0
176
1
 40
1.0
176
1
  0
VISUALSTYLE
  5
62
102
{ACAD_REACTORS
330
16
102
}
330
16
100
AcDbVisualStyle
  2
Flat
 70
0
177
3
291
1
 70
58
 90
2
176
1
 90
2
176
1
 90
0
176
1
 90
2
176
1
 40
0.6
176
1
 40
30.0
176
1
 62
7
420
16777215
176
1
 90
1
176
1
 90
4
176
1
 62
7
176
1
 62
257
176
1
 90
1
176
1
 90
1
176
1
 40
1.0
176
1
 90
8
176
1
 62
7
176
1
 40
1.0
176
1
 90
1
176
1
 90
6
176
1
 90
2
176
1
 62
7
176
1
 90
5
176
1
 90
0
176
1
 90
0
176
1
290
0
176
1
 90
1
176
1
 40
0.0
176
1
 90
0
176
1
290
0
176
1
290
1
176
1
290
1
176
1
290
0
176
1
290
0
176
1
290
0
176
1
290
0
176
1
290
0
176
1
290
0
176
1
 90
50
176
1
 40
0.0
176
1
 40
1.0
176
1
 90
0
176
1
 62
18
420
0
176
1
 90
50
176
1
 90
3
176
1
 62
5
420
255
176
1
290
0
176
1
 90
50
176
1
 90
50
176
1
 90
50
176
1
290
0
176
1
 90
50
176
1
 62
256
176
0
 40
1.0
176
0
 90
2
176
1
  1
strokes_ogs.tif
176
1
290
0
176
1
 40
1.0
176
1
 40
1.0
176
1
  0
VISUALSTYLE
  5
63
102
{ACAD_REACTORS
330
16
102
}
330
16
100
AcDbVisualStyle
  2
FlatWithEdges
 70
1
177
3
291
1
 70
58
 90
2
176
1
 90
2
176
1
 90
0
176
1
 90
2
176
1
 40
0.6
176
1
 40
30.0
176
1
 62
7
420
16777215
176
1
 90
1
176
1
 90
4
176
1
 62
7
176
1
 62
257
176
1
 90
1
176
1
 90
1
176
1
 40
1.0
176
1
 90
8
176
1
 62
7
176
1
 40
1.0
176
1
 90
1
176
1
 90
6
176
1
 90
2
176
1
 62
7
176
1
 90
5
176
1
 90
0
176
1
 90
0
176
1
290
0
176
1
 90
1
176
1
 40
0.0
176
1
 90
0
176
1
290
0
176
1
290
1
176
1
290
1
176
1
290
0
176
1
290
0
176
1
290
0
176
1
290
0
176
1
290
0
176
1
290
0
176
1
 90
50
176
1
 40
0.0
176
1
 40
1.0
176
1
 90
0
176
1
 62
18
420
0
176
1
 90
50
176
1
 90
3
176
1
 62
5
420
255
176
1
290
0
176
1
 90
50
176
1
 90
50
176
1
 90
50
176
1
290
0
176
1
 90
50
176
1
 62
256
176
0
 40
1.0
176
0
 90
2
176
1
  1
strokes_ogs.tif
176
1
290
0
176
1
 40
1.0
176
1
 40
1.0
176
1
  0
VISUALSTYLE
  5
64
102
{ACAD_REACTORS
330
16
102
}
330
16
100
AcDbVisualStyle
  2
Gouraud
 70
2
177
3
291
1
 70
58
 90
2
176
1
 90
2
176
1
 90
0
176
1
 90
2
176
1
 40
0.6
176
1
 40
30.0
176
1
 62
7
420
16777215
176
1
 90
1
176
1
 90
4
176
1
 62
7
176
1
 62
257
176
1
 90
1
176
1
 90
1
176
1
 40
1.0
176
1
 90
8
176
1
 62
7
176
1
 40
1.0
176
1
 90
1
176
1
 90
6
176
1
 90
2
176
1
 62
7
176
1
 90
5
176
1
 90
0
176
1
 90
0
176
1
290
0
176
1
 90
1
176
1
 40
0.0
176
1
 90
0
176
1
290
0
176
1
290
1
176
1
290
1
176
1
290
0
176
1
290
0
176
1
290
0
176
1
290
0
176
1
290
0
176
1
290
0
176
1
 90
50
176
1
 40
0.0
176
1
 40
1.0
176
1
 90
0
176
1
 62
18
420
0
176
1
 90
50
176
1
 90
3
176
1
 62
5
420
255
176
1
290
0
176
1
 90
50
176
1
 90
50
176
1
 90
50
176
1
290
0
176
1
 90
50
176
1
 62
256
176
0
 40
1.0
176
0
 90
2
176
1
  1
strokes_ogs.tif
176
1
290
0
176
1
 40
1.0
176
1
 40
1.0
176
1
  0
VISUALSTYLE
  5
65
102
{ACAD_REACTORS
330
16
102
}
330
16
100
AcDbVisualStyle
  2
GouraudWithEdges
 70
3
177
3
291
1
 70
58
 90
2
176
1
 90
2
176
1
 90
0
176
1
 90
2
176
1
 40
0.6
176
1
 40
30.0
176
1
 62
7
420
16777215
176
1
 90
1
176
1
 90
4
176
1
 62
7
176
1
 62
257
176
1
 90
1
176
1
 90
1
176
1
 40
1.0
176
1
 90
8
176
1
 62
7
176
1
 40
1.0
176
1
 90
1
176
1
 90
6
176
1
 90
2
176
1
 62
7
176
1
 90
5
176
1
 90
0
176
1
 90
0
176
1
290
0
176
1
 90
1
176
1
 40
0.0
176
1
 90
0
176
1
290
0
176
1
290
1
176
1
290
1
176
1
290
0
176
1
290
0
176
1
290
0
176
1
290
0
176
1
290
0
176
1
290
0
176
1
 90
50
176
1
 40
0.0
176
1
 40
1.0
176
1
 90
0
176
1
 62
18
420
0
176
1
 90
50
176
1
 90
3
176
1
 62
5
420
255
176
1
290
0
176
1
 90
50
176
1
 90
50
176
1
 90
50
176
1
290
0
176
1
 90
50
176
1
 62
256
176
0
 40
1.0
176
0
 90
2
176
1
  1
strokes_ogs.tif
176
1
290
0
176
1
 40
1.0
176
1
 40
1.0
176
1
  0
VISUALSTYLE
  5
66
102
{ACAD_REACTORS
330
16
102
}
330
16
100
AcDbVisualStyle
  2
Hidden
 70
6
177
3
291
0
 70
58
 90
2
176
1
 90
2
176
1
 90
0
176
1
 90
1
176
1
 40
0.6
176
1
 40
30.0
176
1
 62
7
420
16777215
176
1
 90
1
176
1
 90
4
176
1
 62
7
176
1
 62
257
176
1
 90
1
176
1
 90
1
176
1
 40
1.0
176
1
 90
8
176
1
 62
7
176
1
 40
1.0
176
1
 90
1
176
1
 90
6
176
1
 90
2
176
1
 62
7
176
1
 90
5
176
1
 90
0
176
1
 90
0
176
1
290
0
176
1
 90
1
176
1
 40
0.0
176
1
 90
0
176
1
290
0
176
1
290
1
176
1
290
1
176
1
290
0
176
1
290
0
176
1
290
0
176
1
290
0
176
1
290
0
176
1
290
0
176
1
 90
50
176
1
 40
0.0
176
1
 40
1.0
176
1
 90
0
176
1
 62
18
420
0
176
1
 90
50
176
1
 90
3
176
1
 62
5
420
255
176
1
290
0
176
1
 90
50
176
1
 90
50
176
1
 90
50
176
1
290
0
176
1
 90
50
176
1
 62
256
176
0
 40
1.0
176
0
 90
2
176
1
  1
strokes_ogs.tif
176
1
290
0
176
1
 40
1.0
176
1
 40
1.0
176
1
  0
VISUALSTYLE
  5
67
102
{ACAD_REACTORS
330
16
102
}
330
16
100
AcDbVisualStyle
  2
JitterOff
 70
20
177
3
291
1
 70
58
 90
2
176
1
 90
2
176
1
 90
0
176
1
 90
2
176
1
 40
0.6
176
1
 40
30.0
176
1
 62
7
420
16777215
176
1
 90
1
176
1
 90
4
176
1
 62
7
176
1
 62
257
176
1
 90
1
176
1
 90
1
176
1
 40
1.0
176
1
 90
8
176
1
 62
7
176
1
 40
1.0
176
1
 90
1
176
1
 90
6
176
1
 90
2
176
1
 62
7
176
1
 90
5
176
1
 90
0
176
1
 90
0
176
1
290
0
176
1
 90
1
176
1
 40
0.0
176
1
 90
0
176
1
290
0
176
1
290
1
176
1
290
1
176
1
290
0
176
1
290
0
176
1
290
0
176
1
290
0
176
1
290
0
176
1
290
0
176
1
 90
50
176
1
 40
0.0
176
1
 40
1.0
176
1
 90
0
176
1
 62
18
420
0
176
1
 90
50
176
1
 90
3
176
1
 62
5
420
255
176
1
290
0
176
1
 90
50
176
1
 90
50
176
1
 90
50
176
1
290
0
176
1
 90
50
176
1
 62
256
176
0
 40
1.0
176
0
 90
2
176
1
  1
strokes_ogs.tif
176
1
290
0
176
1
 40
1.0
176
1
 40
1.0
176
1
  0
VISUALSTYLE
  5
68
102
{ACAD_REACTORS
330
16
102
}
330
16
100
AcDbVisualStyle
  2
Linepattern
 70
14
177
3
291
1
 70
58
 90
2
176
1
 90
2
176
1
 90
0
176
1
 90
2
176
1
 40
0.6
176
1
 40
30.0
176
1
 62
7
420
16777215
176
1
 90
1
176
1
 90
4
176
1
 62
7
176
1
 62
257
176
1
 90
1
176
1
 90
1
176
1
 40
1.0
176
1
 90
8
176
1
 62
7
176
1
 40
1.0
176
1
 90
1
176
1
 90
6
176
1
 90
2
176
1
 62
7
176
1
 90
5
176
1
 90
0
176
1
 90
0
176
1
290
0
176
1
 90
1
176
1
 40
0.0
176
1
 90
0
176
1
290
0
176
1
290
1
176
1
290
1
176
1
290
0
176
1
290
0
176
1
290
0
176
1
290
0
176
1
290
0
176
1
290
0
176
1
 90
50
176
1
 40
0.0
176
1
 40
1.0
176
1
 90
0
176
1
 62
18
420
0
176
1
 90
50
176
1
 90
3
176
1
 62
5
420
255
176
1
290
0
176
1
 90
50
176
1
 90
50
176
1
 90
50
176
1
290
0
176
1
 90
50
176
1
 62
256
176
0
 40
1.0
176
0
 90
2
176
1
  1
strokes_ogs.tif
176
1
290
0
176
1
 40
1.0
176
1
 40
1.0
176
1
  0
VISUALSTYLE
  5
69
102
{ACAD_REACTORS
330
16
102
}
330
16
100
AcDbVisualStyle
  2
Modeling
 70
10
177
3
291
0
 70
58
 90
2
176
1
 90
2
176
1
 90
0
176
1
 90
2
176
1
 40
0.6
176
1
 40
30.0
176
1
 62
7
420
16777215
176
1
 90
1
176
1
 90
4
176
1
 62
7
176
1
 62
257
176
1
 90
1
176
1
 90
1
176
1
 40
1.0
176
1
 90
8
176
1
 62
7
176
1
 40
1.0
176
1
 90
1
176
1
 90
6
176
1
 90
2
176
1
 62
7
176
1
 90
5
176
1
 90
0
176
1
 90
0
176
1
290
0
176
1
 90
1
176
1
 40
0.0
176
1
 90
0
176
1
290
0
176
1
290
1
176
1
290
1
176
1
290
0
176
1
290
0
176
1
290
0
176
1
290
0
176
1
290
0
176
1
290
0
176
1
 90
50
176
1
 40
0.0
176
1
 40
1.0
176
1
 90
0
176
1
 62
18
420
0
176
1
 90
50
176
1
 90
3
176
1
 62
5
420
255
176
1
290
0
176
1
 90
50
176
1
 90
50
176
1
 90
50
176
1
290
0
176
1
 90
50
176
1
 62
256
176
0
 40
1.0
176
0
 90
2
176
1
  1
strokes_ogs.tif
176
1
290
0
176
1
 40
1.0
176
1
 40
1.0
176
1
  0
VISUALSTYLE
  5
6A
102
{ACAD_REACTORS
330
16
102
}
330
16
100
AcDbVisualStyle
  2
OverhangOff
 70
21
177
3
291
1
 70
58
 90
2
176
1
 90
2
176
1
 90
0
176
1
 90
2
176
1
 40
0.6
176
1
 40
30.0
176
1
 62
7
420
16777215
176
1
 90
1
176
1
 90
4
176
1
 62
7
176
1
 62
257
176
1
 90
1
176
1
 90
1
176
1
 40
1.0
176
1
 90
8
176
1
 62
7
176
1
 40
1.0
176
1
 90
1
176
1
 90
6
176
1
 90
2
176
1
 62
7
176
1
 90
5
176
1
 90
0
176
1
 90
0
176
1
290
0
176
1
 90
1
176
1
 40
0.0
176
1
 90
0
176
1
290
0
176
1
290
1
176
1
290
1
176
1
290
0
176
1
290
0
176
1
290
0
176
1
290
0
176
1
290
0
176
1
290
0
176
1
 90
50
176
1
 40
0.0
176
1
 40
1.0
176
1
 90
0
176
1
 62
18
420
0
176
1
 90
50
176
1
 90
3
176
1
 62
5
420
255
176
1
290
0
176
1
 90
50
176
1
 90
50
176
1
 90
50
176
1
290
0
176
1
 90
50
176
1
 62
256
176
0
 40
1.0
176
0
 90
2
176
1
  1
strokes_ogs.tif
176
1
290
0
176
1
 40
1.0
176
1
 40
1.0
176
1
  0
VISUALSTYLE
  5
6B
102
{ACAD_REACTORS
330
16
102
}
330
16
100
AcDbVisualStyle
  2
Realistic
 70
8
177
3
291
0
 70
58
 90
2
176
1
 90
2
176
1
 90
0
176
1
 90
2
176
1
 40
0.6
176
1
 40
30.0
176
1
 62
7
420
16777215
176
1
 90
1
176
1
 90
4
176
1
 62
7
176
1
 62
257
176
1
 90
1
176
1
 90
1
176
1
 40
1.0
176
1
 90
8
176
1
 62
7
176
1
 40
1.0
176
1
 90
1
176
1
 90
6
176
1
 90
2
176
1
 62
7
176
1
 90
5
176
1
 90
0
176
1
 90
0
176
1
290
0
176
1
 90
1
176
1
 40
0.0
176
1
 90
0
176
1
290
0
176
1
290
1
176
1
290
1
176
1
290
0
176
1
290
0
176
1
290
0
176
1
290
0
176
1
290
0
176
1
290
0
176
1
 90
50
176
1
 40
0.0
176
1
 40
1.0
176
1
 90
0
176
1
 62
18
420
0
176
1
 90
50
176
1
 90
3
176
1
 62
5
420
255
176
1
290
0
176
1
 90
50
176
1
 90
50
176
1
 90
50
176
1
290
0
176
1
 90
50
176
1
 62
256
176
0
 40
1.0
176
0
 90
2
176
1
  1
strokes_ogs.tif
176
1
290
0
176
1
 40
1.0
176
1
 40
1.0
176
1
  0
VISUALSTYLE
  5
6C
102
{ACAD_REACTORS
330
16
102
}
330
16
100
AcDbVisualStyle
  2
Shaded
 70
27
177
3
291
0
 70
58
 90
2
176
1
 90
2
176
1
 90
0
176
1
 90
2
176
1
 40
0.6
176
1
 40
30.0
176
1
 62
7
420
16777215
176
1
 90
1
176
1
 90
4
176
1
 62
7
176
1
 62
257
176
1
 90
1
176
1
 90
1
176
1
 40
1.0
176
1
 90
8
176
1
 62
7
176
1
 40
1.0
176
1
 90
1
176
1
 90
6
176
1
 90
2
176
1
 62
7
176
1
 90
5
176
1
 90
0
176
1
 90
0
176
1
290
0
176
1
 90
1
176
1
 40
0.0
176
1
 90
0
176
1
290
0
176
1
290
1
176
1
290
1
176
1
290
0
176
1
290
0
176
1
290
0
176
1
290
0
176
1
290
0
176
1
290
0
176
1
 90
50
176
1
 40
0.0
176
1
 40
1.0
176
1
 90
0
176
1
 62
18
420
0
176
1
 90
50
176
1
 90
3
176
1
 62
5
420
255
176
1
290
0
176
1
 90
50
176
1
 90
50
176
1
 90
50
176
1
290
0
176
1
 90
50
176
1
 62
256
176
0
 40
1.0
176
0
 90
2
176
1
  1
strokes_ogs.tif
176
1
290
0
176
1
 40
1.0
176
1
 40
1.0
176
1
  0
VISUALSTYLE
  5
6D
102
{ACAD_REACTORS
330
16
102
}
330
16
100
AcDbVisualStyle
  2
Shaded with edges
 70
26
177
3
291
0
 70
58
 90
2
176
1
 90
2
176
1
 90
0
176
1
 90
2
176
1
 40
0.6
176
1
 40
30.0
176
1
 62
7
420
16777215
176
1
 90
1
176
1
 90
4
176
1
 62
7
176
1
 62
257
176
1
 90
1
176
1
 90
1
176
1
 40
1.0
176
1
 90
8
176
1
 62
7
176
1
 40
1.0
176
1
 90
1
176
1
 90
6
176
1
 90
2
176
1
 62
7
176
1
 90
5
176
1
 90
0
176
1
 90
0
176
1
290
0
176
1
 90
1
176
1
 40
0.0
176
1
 90
0
176
1
290
0
176
1
290
1
176
1
290
1
176
1
290
0
176
1
290
0
176
1
290
0
176
1
290
0
176
1
290
0
176
1
290
0
176
1
 90
50
176
1
 40
0.0
176
1
 40
1.0
176
1
 90
0
176
1
 62
18
420
0
176
1
 90
50
176
1
 90
3
176
1
 62
5
420
255
176
1
290
0
176
1
 90
50
176
1
 90
50
176
1
 90
50
176
1
290
0
176
1
 90
50
176
1
 62
256
176
0
 40
1.0
176
0
 90
2
176
1
  1
strokes_ogs.tif
176
1
290
0
176
1
 40
1.0
176
1
 40
1.0
176
1
  0
VISUALSTYLE
  5
6E
102
{ACAD_REACTORS
330
16
102
}
330
16
100
AcDbVisualStyle
  2
Shades of Gray
 70
23
177
3
291
0
 70
58
 90
2
176
1
 90
2
176
1
 90
0
176
1
 90
2
176
1
 40
0.6
176
1
 40
30.0
176
1
 62
7
420
16777215
176
1
 90
1
176
1
 90
4
176
1
 62
7
176
1
 62
257
176
1
 90
1
176
1
 90
1
176
1
 40
1.0
176
1
 90
8
176
1
 62
7
176
1
 40
1.0
176
1
 90
1
176
1
 90
6
176
1
 90
2
176
1
 62
7
176
1
 90
5
176
1
 90
0
176
1
 90
0
176
1
290
0
176
1
 90
1
176
1
 40
0.0
176
1
 90
0
176
1
290
0
176
1
290
1
176
1
290
1
176
1
290
0
176
1
290
0
176
1
290
0
176
1
290
0
176
1
290
0
176
1
290
0
176
1
 90
50
176
1
 40
0.0
176
1
 40
1.0
176
1
 90
0
176
1
 62
18
420
0
176
1
 90
50
176
1
 90
3
176
1
 62
5
420
255
176
1
290
0
176
1
 90
50
176
1
 90
50
176
1
 90
50
176
1
290
0
176
1
 90
50
176
1
 62
256
176
0
 40
1.0
176
0
 90
2
176
1
  1
strokes_ogs.tif
176
1
290
0
176
1
 40
1.0
176
1
 40
1.0
176
1
  0
VISUALSTYLE
  5
6F
102
{ACAD_REACTORS
330
16
102
}
330
16
100
AcDbVisualStyle
  2
Sketchy
 70
24
177
3
291
0
 70
58
 90
2
176
1
 90
2
176
1
 90
0
176
1
 90
1
176
1
 40
0.6
176
1
 40
30.0
176
1
 62
7
420
16777215
176
1
 90
1
176
1
 90
4
176
1
 62
7
176
1
 62
257
176
1
 90
1
176
1
 90
1
176
1
 40
1.0
176
1
 90
8
176
1
 62
7
176
1
 40
1.0
176
1
 90
1
176
1
 90
6
176
1
 90
2
176
1
 62
7
176
1
 90
5
176
1
 90
0
176
1
 90
0
176
1
290
0
176
1
 90
1
176
1
 40
0.0
176
1
 90
0
176
1
290
0
176
1
290
1
176
1
290
1
176
1
290
0
176
1
290
0
176
1
290
0
176
1
290
0
176
1
290
0
176
1
290
0
176
1
 90
50
176
1
 40
0.0
176
1
 40
1.0
176
1
 90
0
176
1
 62
18
420
0
176
1
 90
50
176
1
 90
3
176
1
 62
5
420
255
176
1
290
0
176
1
 90
50
176
1
 90
50
176
1
 90
50
176
1
290
0
176
1
 90
50
176
1
 62
256
176
0
 40
1.0
176
0
 90
2
176
1
  1
strokes_ogs.tif
176
1
290
0
176
1
 40
1.0
176
1
 40
1.0
176
1
  0
VISUALSTYLE
  5
70
102
{ACAD_REACTORS
330
16
102
}
330
16
100
AcDbVisualStyle
  2
Thicken
 70
13
177
3
291
1
 70
58
 90
2
176
1
 90
2
176
1
 90
0
176
1
 90
2
176
1
 40
0.6
176
1
 40
30.0
176
1
 62
7
420
16777215
176
1
 90
1
176
1
 90
4
176
1
 62
7
176
1
 62
257
176
1
 90
1
176
1
 90
1
176
1
 40
1.0
176
1
 90
8
176
1
 62
7
176
1
 40
1.0
176
1
 90
1
176
1
 90
6
176
1
 90
2
176
1
 62
7
176
1
 90
5
176
1
 90
0
176
1
 90
0
176
1
290
0
176
1
 90
1
176
1
 40
0.0
176
1
 90
0
176
1
290
0
176
1
290
1
176
1
290
1
176
1
290
0
176
1
290
0
176
1
290
0
176
1
290
0
176
1
290
0
176
1
290
0
176
1
 90
50
176
1
 40
0.0
176
1
 40
1.0
176
1
 90
0
176
1
 62
18
420
0
176
1
 90
50
176
1
 90
3
176
1
 62
5
420
255
176
1
290
0
176
1
 90
50
176
1
 90
50
176
1
 90
50
176
1
290
0
176
1
 90
50
176
1
 62
256
176
0
 40
1.0
176
0
 90
2
176
1
  1
strokes_ogs.tif
176
1
290
0
176
1
 40
1.0
176
1
 40
1.0
176
1
  0
VISUALSTYLE
  5
71
102
{ACAD_REACTORS
330
16
102
}
330
16
100
AcDbVisualStyle
  2
Wireframe
 70
5
177
3
291
0
 70
58
 90
2
176
1
 90
2
176
1
 90
0
176
1
 90
0
176
1
 40
0.6
176
1
 40
30.0
176
1
 62
7
420
16777215
176
1
 90
1
176
1
 90
4
176
1
 62
7
176
1
 62
257
176
1
 90
1
176
1
 90
1
176
1
 40
1.0
176
1
 90
8
176
1
 62
7
176
1
 40
1.0
176
1
 90
1
176
1
 90
6
176
1
 90
2
176
1
 62
7
176
1
 90
5
176
1
 90
0
176
1
 90
0
176
1
290
0
176
1
 90
1
176
1
 40
0.0
176
1
 90
0
176
1
290
0
176
1
290
1
176
1
290
1
176
1
290
0
176
1
290
0
176
1
290
0
176
1
290
0
176
1
290
0
176
1
290
0
176
1
 90
50
176
1
 40
0.0
176
1
 40
1.0
176
1
 90
0
176
1
 62
18
420
0
176
1
 90
50
176
1
 90
3
176
1
 62
5
420
255
176
1
290
0
176
1
 90
50
176
1
 90
50
176
1
 90
50
176
1
290
0
176
1
 90
50
176
1
 62
256
176
0
 40
1.0
176
0
 90
2
176
1
  1
strokes_ogs.tif
176
1
290
0
176
1
 40
1.0
176
1
 40
1.0
176
1
  0
VISUALSTYLE
  5
72
102
{ACAD_REACTORS
330
16
102
}
330
16
100
AcDbVisualStyle
  2
X-Ray
 70
25
177
3
291
0
 70
58
 90
2
176
1
 90
2
176
1
 90
0
176
1
 90
2
176
1
 40
0.5
176
1
 40
30.0
176
1
 62
7
420
16777215
176
1
 90
1
176
1
 90
4
176
1
 62
7
176
1
 62
257
176
1
 90
1
176
1
 90
1
176
1
 40
1.0
176
1
 90
8
176
1
 62
7
176
1
 40
1.0
176
1
 90
1
176
1
 90
6
176
1
 90
2
176
1
 62
7
176
1
 90
5
176
1
 90
0
176
1
 90
0
176
1
290
0
176
1
 90
1
176
1
 40
0.0
176
1
 90
0
176
1
290
0
176
1
290
1
176
1
290
1
176
1
290
0
176
1
290
0
176
1
290
0
176
1
290
0
176
1
290
0
176
1
290
0
176
1
 90
50
176
1
 40
0.0
176
1
 40
1.0
176
1
 90
0
176
1
 62
18
420
0
176
1
 90
50
176
1
 90
3
176
1
 62
5
420
255
176
1
290
0
176
1
 90
50
176
1
 90
50
176
1
 90
50
176
1
290
0
176
1
 90
50
176
1
 62
256
176
0
 40
1.0
176
0
 90
2
176
1
  1
strokes_ogs.tif
176
1
290
0
176
1
 40
1.0
176
1
 40
1.0
176
1
  0
LAYOUT
  5
A5
330
D
100
AcDbPlotSettings
  1

  2
DWG to PDF.pc3
  4
ezdxf_(841.00_x_594.00_MM)
  6

 40
0.0
 41
0.0
 42
0.0
 43
0.0
 44
841.0
 45
594.0
 46
0.0
 47
0.0
 48
0.0
 49
0.0
140
0.0
141
0.0
142
1.0
143
1.0
 70
672
 72
1
 73
0
 74
5
  7

 75
16
 76
0
 77
2
 78
300
147
1.0
148
0.0
149
0.0
100
AcDbLayout
  1
E-02
 70
1
 71
3
 10
-0.0
 20
-0.0
 11
841.0
 21
594.0
 12
0.0
 22
0.0
 32
0.0
 14
1e+20
 24
1e+20
 34
1e+20
 15
-1e+20
 25
-1e+20
 35
-1e+20
146
0.0
 13
0.0
 23
0.0
 33
0.0
 16
1.0
 26
0.0
 36
0.0
 17
0.0
 27
1.0
 37
0.0
 76
1
330
A2
331
A6
  0
DICTIONARYVAR
  5
443
330
2D
100
DictionaryVariables
280
0
  1
1.4.4 @ 2026-09-28T01:31:02.510462+00:00
  0
ENDSEC
  0
EOF
