  0
SECTION
  2
HEADER
  9
$ACADVER
  1
AC1032
  9
$ACADMAINTVER
 90
4
  9
$DWGCODEPAGE
  3
ANSI_1252
  9
$LASTSAVEDBY
  1
ezdxf
  9
$REQUIREDVERSIONS
160
0
  9
$INSBASE
 10
0.0
 20
0.0
 30
0.0
  9
$EXTMIN
 10
1e+20
 20
1e+20
 30
1e+20
  9
$EXTMAX
 10
-1e+20
 20
-1e+20
 30
-1e+20
  9
$LIMMIN
 10
0.0
 20
0.0
  9
$LIMMAX
 10
420.0
 20
297.0
  9
$ORTHOMODE
 70
0
  9
$REGENMODE
 70
1
  9
$FILLMODE
 70
1
  9
$QTEXTMODE
 70
0
  9
$MIRRTEXT
 70
1
  9
$LTSCALE
 40
1.0
  9
$ATTMODE
 70
1
  9
$TEXTSIZE
 40
2.5
  9
$TRACEWID
 40
1.0
  9
$TEXTSTYLE
  7
OpenSans
  9
$CLAYER
  8
0
  9
$CELTYPE
  6
ByLayer
  9
$CECOLOR
 62
256
  9
$CELTSCALE
 40
1.0
  9
$DISPSILH
 70
0
  9
$DIMSCALE
 40
1.0
  9
$DIMASZ
 40
0.175
  9
$DIMEXO
 40
0.125
  9
$DIMDLI
 40
3.75
  9
$DIMRND
 40
0.0
  9
$DIMDLE
 40
0.0
  9
$DIMEXE
 40
0.375
  9
$DIMTP
 40
0.0
  9
$DIMTM
 40
0.0
  9
$DIMTXT
 40
0.25
  9
$DIMCEN
 40
2.5
  9
$DIMTSZ
 40
0.0
  9
$DIMTOL
 70
0
  9
$DIMLIM
 70
0
  9
$DIMTIH
 70
0
  9
$DIMTOH
 70
0
  9
$DIMSE1
 70
0
  9
$DIMSE2
 70
0
  9
$DIMTAD
 70
1
  9
$DIMZIN
 70
12
  9
$DIMBLK
  1
ARCHTICK
  9
$DIMASO
 70
1
  9
$DIMSHO
 70
1
  9
$DIMPOST
  1

  9
$DIMAPOST
  1

  9
$DIMALT
 70
0
  9
$DIMALTD
 70
3
  9
$DIMALTF
 40
0.03937007874
  9
$DIMLFAC
 40
100.0
  9
$DIMTOFL
 70
1
  9
$DIMTVP
 40
0.0
  9
$DIMTIX
 70
0
  9
$DIMSOXD
 70
0
  9
$DIMSAH
 70
0
  9
$DIMBLK1
  1

  9
$DIMBLK2
  1

  9
$DIMSTYLE
  2
EZDXF
  9
$DIMCLRD
 70
0
  9
$DIMCLRE
 70
0
  9
$DIMCLRT
 70
0
  9
$DIMTFAC
 40
0.5
  9
$DIMGAP
 40
0.1
  9
$DIMJUST
 70
0
  9
$DIMSD1
 70
0
  9
$DIMSD2
 70
0
  9
$DIMTOLJ
 70
0
  9
$DIMTZIN
 70
8
  9
$DIMALTZ
 70
0
  9
$DIMALTTZ
 70
0
  9
$DIMUPT
 70
1
  9
$DIMDEC
 70
2
  9
$DIMTDEC
 70
2
  9
$DIMALTU
 70
2
  9
$DIMALTTD
 70
3
  9
$DIMTXSTY
  7
OpenSansCondensed-Light
  9
$DIMAUNIT
 70
0
  9
$DIMADEC
 70
2
  9
$DIMALTRND
 40
0.0
  9
$DIMAZIN
 70
3
  9
$DIMDSEP
 70
46
  9
$DIMATFIT
 70
3
  9
$DIMFRAC
 70
0
  9
$DIMLDRBLK
  1

  9
$DIMLUNIT
 70
2
  9
$DIMLWD
 70
-2
  9
$DIMLWE
 70
-2
  9
$DIMTMOVE
 70
2
  9
$DIMFXL
 40
1.0
  9
$DIMFXLON
 70
0
  9
$DIMJOGANG
 40
0.785398163397
  9
$DIMTFILL
 70
0
  9
$DIMTFILLCLR
 70
0
  9
$DIMARCSYM
 70
0
  9
$DIMLTYPE
  6

  9
$DIMLTEX1
  6

  9
$DIMLTEX2
  6

  9
$DIMTXTDIRECTION
 70
0
  9
$LUNITS
 70
2
  9
$LUPREC
 70
3
  9
$SKETCHINC
 40
1.0
  9
$FILLETRAD
 40
10.0
  9
$AUNITS
 70
0
  9
$AUPREC
 70
2
  9
$MENU
  1
.
  9
$ELEVATION
 40
0.0
  9
$PELEVATION
 40
0.0
  9
$THICKNESS
 40
0.0
  9
$LIMCHECK
 70
0
  9
$CHAMFERA
 40
0.0
  9
$CHAMFERB
 40
0.0
  9
$CHAMFERC
 40
0.0
  9
$CHAMFERD
 40
0.0
  9
$SKPOLY
 70
0
  9
$TDCREATE
 40
2461312.0639351853
  9
$TDUCREATE
 40
2458532.153996898
  9
$TDUPDATE
 40
2461312.0639351853
  9
$TDUUPDATE
 40
2458532.1544311
  9
$TDINDWG
 40
0.0
  9
$TDUSRTIMER
 40
0.0
  9
$USRTIMER
 70
1
  9
$ANGBASE
 50
0.0
  9
$ANGDIR
 70
0
  9
$PDMODE
 70
0
  9
$PDSIZE
 40
0.0
  9
$PLINEWID
 40
0.0
  9
$SPLFRAME
 70
0
  9
$SPLINETYPE
 70
6
  9
$SPLINESEGS
 70
8
  9
$HANDSEED
  5
E78
  9
$SURFTAB1
 70
6
  9
$SURFTAB2
 70
6
  9
$SURFTYPE
 70
6
  9
$SURFU
 70
6
  9
$SURFV
 70
6
  9
$UCSBASE
  2

  9
$UCSNAME
  2

  9
$UCSORG
 10
0.0
 20
0.0
 30
0.0
  9
$UCSXDIR
 10
1.0
 20
0.0
 30
0.0
  9
$UCSYDIR
 10
0.0
 20
1.0
 30
0.0
  9
$UCSORTHOREF
  2

  9
$UCSORTHOVIEW
 70
0
  9
$UCSORGTOP
 10
0.0
 20
0.0
 30
0.0
  9
$UCSORGBOTTOM
 10
0.0
 20
0.0
 30
0.0
  9
$UCSORGLEFT
 10
0.0
 20
0.0
 30
0.0
  9
$UCSORGRIGHT
 10
0.0
 20
0.0
 30
0.0
  9
$UCSORGFRONT
 10
0.0
 20
0.0
 30
0.0
  9
$UCSORGBACK
 10
0.0
 20
0.0
 30
0.0
  9
$PUCSBASE
  2

  9
$PUCSNAME
  2

  9
$PUCSORG
 10
0.0
 20
0.0
 30
0.0
  9
$PUCSXDIR
 10
1.0
 20
0.0
 30
0.0
  9
$PUCSYDIR
 10
0.0
 20
1.0
 30
0.0
  9
$PUCSORTHOREF
  2

  9
$PUCSORTHOVIEW
 70
0
  9
$PUCSORGTOP
 10
0.0
 20
0.0
 30
0.0
  9
$PUCSORGBOTTOM
 10
0.0
 20
0.0
 30
0.0
  9
$PUCSORGLEFT
 10
0.0
 20
0.0
 30
0.0
  9
$PUCSORGRIGHT
 10
0.0
 20
0.0
 30
0.0
  9
$PUCSORGFRONT
 10
0.0
 20
0.0
 30
0.0
  9
$PUCSORGBACK
 10
0.0
 20
0.0
 30
0.0
  9
$USERI1
 70
0
  9
$USERI2
 70
0
  9
$USERI3
 70
0
  9
$USERI4
 70
0
  9
$USERI5
 70
0
  9
$USERR1
 40
0.0
  9
$USERR2
 40
0.0
  9
$USERR3
 40
0.0
  9
$USERR4
 40
0.0
  9
$USERR5
 40
0.0
  9
$WORLDVIEW
 70
1
  9
$SHADEDGE
 70
3
  9
$SHADEDIF
 70
70
  9
$TILEMODE
 70
1
  9
$MAXACTVP
 70
64
  9
$PINSBASE
 10
0.0
 20
0.0
 30
0.0
  9
$PLIMCHECK
 70
0
  9
$PEXTMIN
 10
1e+20
 20
1e+20
 30
1e+20
  9
$PEXTMAX
 10
-1e+20
 20
-1e+20
 30
-1e+20
  9
$PLIMMIN
 10
0.0
 20
0.0
  9
$PLIMMAX
 10
420.0
 20
297.0
  9
$UNITMODE
 70
0
  9
$VISRETAIN
 70
1
  9
$PLINEGEN
 70
0
  9
$PSLTSCALE
 70
0
  9
$TREEDEPTH
 70
3020
  9
$CMLSTYLE
  2
Standard
  9
$CMLJUST
 70
0
  9
$CMLSCALE
 40
20.0
  9
$PROXYGRAPHICS
 70
1
  9
$MEASUREMENT
 70
1
  9
$CELWEIGHT
370
-1
  9
$ENDCAPS
280
0
  9
$JOINSTYLE
280
0
  9
$LWDISPLAY
290
0
  9
$INSUNITS
 70
6
  9
$HYPERLINKBASE
  1

  9
$STYLESHEET
  1

  9
$XEDIT
290
1
  9
$CEPSNTYPE
380
0
  9
$PSTYLEMODE
290
1
  9
$FINGERPRINTGUID
  2
{D6AADC74-5D1E-44C6-BA4E-123076A52798}
  9
$VERSIONGUID
  2
{83171D4C-1711-42B4-8CA5-230029FA5C7D}
  9
$EXTNAMES
290
1
  9
$PSVPSCALE
 40
0.0
  9
$OLESTARTUP
290
0
  9
$SORTENTS
280
127
  9
$INDEXCTL
280
0
  9
$HIDETEXT
280
1
  9
$XCLIPFRAME
280
1
  9
$HALOGAP
280
0
  9
$OBSCOLOR
 70
257
  9
$OBSLTYPE
280
0
  9
$INTERSECTIONDISPLAY
280
0
  9
$INTERSECTIONCOLOR
 70
257
  9
$DIMASSOC
280
2
  9
$PROJECTNAME
  1

  9
$CAMERADISPLAY
290
0
  9
$LENSLENGTH
 40
50.0
  9
$CAMERAHEIGHT
 40
0.0
  9
$STEPSPERSEC
 40
24.0
  9
$STEPSIZE
 40
100.0
  9
$3DDWFPREC
 40
2.0
  9
$PSOLWIDTH
 40
0.005
  9
$PSOLHEIGHT
 40
0.08
  9
$LOFTANG1
 40
1.570796326795
  9
$LOFTANG2
 40
1.570796326795
  9
$LOFTMAG1
 40
0.0
  9
$LOFTMAG2
 40
0.0
  9
$LOFTPARAM
 70
7
  9
$LOFTNORMALS
280
1
  9
$LATITUDE
 40
37.795
  9
$LONGITUDE
 40
-122.394
  9
$NORTHDIRECTION
 40
0.0
  9
$TIMEZONE
 70
-8000
  9
$LIGHTGLYPHDISPLAY
280
1
  9
$TILEMODELIGHTSYNCH
280
1
  9
$CMATERIAL
347
20
  9
$SOLIDHIST
280
0
  9
$SHOWHIST
280
1
  9
$DWFFRAME
280
2
  9
$DGNFRAME
280
2
  9
$REALWORLDSCALE
290
1
  9
$INTERFERECOLOR
 62
256
  9
$CSHADOW
280
0
  9
$SHADOWPLANELOCATION
 40
0.0
  0
ENDSEC
  0
SECTION
  2
CLASSES
  0
CLASS
  1
ACDBDICTIONARYWDFLT
  2
AcDbDictionaryWithDefault
  3
ObjectDBX Classes
 90
0
 91
0
280
0
281
0
  0
CLASS
  1
SUN
  2
AcDbSun
  3
SCENEOE
 90
1153
 91
0
280
0
281
0
  0
CLASS
  1
VISUALSTYLE
  2
AcDbVisualStyle
  3
ObjectDBX Classes
 90
4095
 91
0
280
0
281
0
  0
CLASS
  1
MATERIAL
  2
AcDbMaterial
  3
ObjectDBX Classes
 90
1153
 91
0
280
0
281
0
  0
CLASS
  1
SCALE
  2
AcDbScale
  3
ObjectDBX Classes
 90
1153
 91
0
280
0
281
0
  0
CLASS
  1
TABLESTYLE
  2
AcDbTableStyle
  3
ObjectDBX Classes
 90
4095
 91
0
280
0
281
0
  0
CLASS
  1
MLEADERSTYLE
  2
AcDbMLeaderStyle
  3
ACDB_MLEADERSTYLE_CLASS
 90
4095
 91
0
280
0
281
0
  0
CLASS
  1
DICTIONARYVAR
  2
AcDbDictionaryVar
  3
ObjectDBX Classes
 90
0
 91
0
280
0
281
0
  0
CLASS
  1
CELLSTYLEMAP
  2
AcDbCellStyleMap
  3
ObjectDBX Classes
 90
1152
 91
0
280
0
281
0
  0
CLASS
  1
MENTALRAYRENDERSETTINGS
  2
AcDbMentalRayRenderSettings
  3
SCENEOE
 90
1024
 91
0
280
0
281
0
  0
CLASS
  1
ACDBDETAILVIEWSTYLE
  2
AcDbDetailViewStyle
  3
ObjectDBX Classes
 90
1025
 91
0
280
0
281
0
  0
CLASS
  1
ACDBSECTIONVIEWSTYLE
  2
AcDbSectionViewStyle
  3
ObjectDBX Classes
 90
1025
 91
0
280
0
281
0
  0
CLASS
  1
RASTERVARIABLES
  2
AcDbRasterVariables
  3
ISM
 90
0
 91
0
280
0
281
0
  0
CLASS
  1
LAYOUT
  2
AcDbLayout
  3
ObjectDBX Classes
 90
0
 91
0
280
0
281
0
  0
CLASS
  1
ACDBPLACEHOLDER
  2
AcDbPlaceHolder
  3
ObjectDBX Classes
 90
0
 91
0
280
0
281
0
  0
ENDSEC
  0
SECTION
  2
TABLES
  0
TABLE
  2
VPORT
  5
8
330
0
100
AcDbSymbolTable
 70
1
  0
VPORT
  5
E74
330
8
100
AcDbSymbolTableRecord
100
AcDbViewportTableRecord
  2
*Active
 70
0
 10
0.0
 20
0.0
 11
1.0
 21
1.0
 12
5.0
 22
5.0
 13
0.0
 23
0.0
 14
0.5
 24
0.5
 15
0.5
 25
0.5
 16
0.0
 26
0.0
 36
1.0
 17
0.0
 27
0.0
 37
0.0
 40
20.0
 41
1.34
 42
50.0
 43
0.0
 44
0.0
 50
0.0
 51
0.0
 71
0
 72
1000
 73
1
 74
3
 75
0
 76
0
 77
0
 78
0
281
0
 65
1
110
0.0
120
0.0
130
0.0
111
1.0
121
0.0
131
0.0
112
0.0
122
1.0
132
0.0
 79
0
146
0.0
  0
ENDTAB
  0
TABLE
  2
LTYPE
  5
2
330
0
100
AcDbSymbolTable
 70
30
  0
LTYPE
  5
24
330
2
100
AcDbSymbolTableRecord
100
AcDbLinetypeTableRecord
  2
ByBlock
 70
0
  3

 72
65
 73
0
 40
0.0
  0
LTYPE
  5
25
330
2
100
AcDbSymbolTableRecord
100
AcDbLinetypeTableRecord
  2
ByLayer
 70
0
  3

 72
65
 73
0
 40
0.0
  0
LTYPE
  5
26
330
2
100
AcDbSymbolTableRecord
100
AcDbLinetypeTableRecord
  2
Continuous
 70
0
  3

 72
65
 73
0
 40
0.0
  0
LTYPE
  5
2F
330
2
100
AcDbSymbolTableRecord
100
AcDbLinetypeTableRecord
  2
CENTER
 70
0
  3
Center ____ _ ____ _ ____ _ ____ _ ____ _ ____
 72
65
 73
4
 40
5.08
 49
3.175
 74
0
 49
-0.635
 74
0
 49
0.635
 74
0
 49
-0.635
 74
0
  0
LTYPE
  5
30
330
2
100
AcDbSymbolTableRecord
100
AcDbLinetypeTableRecord
  2
CENTERX2
 70
0
  3
Center (2x) ________  __  ________  __  ________
 72
65
 73
4
 40
8.89
 49
6.35
 74
0
 49
-0.635
 74
0
 49
1.27
 74
0
 49
-0.635
 74
0
  0
LTYPE
  5
31
330
2
100
AcDbSymbolTableRecord
100
AcDbLinetypeTableRecord
  2
CENTER2
 70
0
  3
Center (.5x) ____ _ ____ _ ____ _ ____ _ ____
 72
65
 73
4
 40
2.54
 49
1.587
 74
0
 49
-0.318
 74
0
 49
0.318
 74
0
 49
-0.318
 74
0
  0
LTYPE
  5
32
330
2
100
AcDbSymbolTableRecord
100
AcDbLinetypeTableRecord
  2
DASHED
 70
0
  3
Dashed __ __ __ __ __ __ __ __ __ __ __ __ __ _
 72
65
 73
2
 40
1.524
 49
1.27
 74
0
 49
-0.254
 74
0
  0
LTYPE
  5
33
330
2
100
AcDbSymbolTableRecord
100
AcDbLinetypeTableRecord
  2
DASHEDX2
 70
0
  3
Dashed (2x) ____  ____  ____  ____  ____  ____
 72
65
 73
2
 40
3.048
 49
2.54
 74
0
 49
-0.508
 74
0
  0
LTYPE
  5
34
330
2
100
AcDbSymbolTableRecord
100
AcDbLinetypeTableRecord
  2
DASHED2
 70
0
  3
Dashed (.5x) _ _ _ _ _ _ _ _ _ _ _ _ _ _
 72
65
 73
2
 40
0.762
 49
0.635
 74
0
 49
-0.127
 74
0
  0
LTYPE
  5
35
330
2
100
AcDbSymbolTableRecord
100
AcDbLinetypeTableRecord
  2
PHANTOM
 70
0
  3
Phantom ______  __  __  ______  __  __  ______
 72
65
 73
6
 40
6.35
 49
3.175
 74
0
 49
-0.635
 74
0
 49
0.635
 74
0
 49
-0.635
 74
0
 49
0.635
 74
0
 49
-0.635
 74
0
  0
LTYPE
  5
36
330
2
100
AcDbSymbolTableRecord
100
AcDbLinetypeTableRecord
  2
PHANTOMX2
 70
0
  3
Phantom (2x)____________    ____    ____    ____________
 72
65
 73
6
 40
10.795
 49
6.35
 74
0
 49
-0.635
 74
0
 49
1.27
 74
0
 49
-0.635
 74
0
 49
1.27
 74
0
 49
-0.635
 74
0
  0
LTYPE
  5
37
330
2
100
AcDbSymbolTableRecord
100
AcDbLinetypeTableRecord
  2
PHANTOM2
 70
0
  3
Phantom (.5x) ___ _ _ ___ _ _ ___ _ _ ___ _ _ ___
 72
65
 73
6
 40
3.175
 49
1.587
 74
0
 49
-0.318
 74
0
 49
0.318
 74
0
 49
-0.318
 74
0
 49
0.318
 74
0
 49
-0.318
 74
0
  0
LTYPE
  5
38
330
2
100
AcDbSymbolTableRecord
100
AcDbLinetypeTableRecord
  2
DASHDOT
 70
0
  3
Dash dot __ . __ . __ . __ . __ . __ . __ . __
 72
65
 73
4
 40
3.556
 49
2.54
 74
0
 49
-0.508
 74
0
 49
0.0
 74
0
 49
-0.508
 74
0
  0
LTYPE
  5
39
330
2
100
AcDbSymbolTableRecord
100
AcDbLinetypeTableRecord
  2
DASHDOTX2
 70
0
  3
Dash dot (2x) ____  .  ____  .  ____  .  ____
 72
65
 73
4
 40
6.096
 49
5.08
 74
0
 49
-0.508
 74
0
 49
0.0
 74
0
 49
-0.508
 74
0
  0
LTYPE
  5
3A
330
2
100
AcDbSymbolTableRecord
100
AcDbLinetypeTableRecord
  2
DASHDOT2
 70
0
  3
Dash dot (.5x) _ . _ . _ . _ . _ . _ . _ . _
 72
65
 73
4
 40
1.778
 49
1.27
 74
0
 49
-0.254
 74
0
 49
0.0
 74
0
 49
-0.254
 74
0
  0
LTYPE
  5
3B
330
2
100
AcDbSymbolTableRecord
100
AcDbLinetypeTableRecord
  2
DOT
 70
0
  3
Dot .  .  .  .  .  .  .  .  .  .  .  .  .  .  .  .
 72
65
 73
2
 40
0.508
 49
0.0
 74
0
 49
-0.508
 74
0
  0
LTYPE
  5
3C
330
2
100
AcDbSymbolTableRecord
100
AcDbLinetypeTableRecord
  2
DOTX2
 70
0
  3
Dot (2x) .    .    .    .    .    .    .    . 
 72
65
 73
2
 40
1.016
 49
0.0
 74
0
 49
-1.016
 74
0
  0
LTYPE
  5
3D
330
2
100
AcDbSymbolTableRecord
100
AcDbLinetypeTableRecord
  2
DOT2
 70
0
  3
Dot (.5) . . . . . . . . . . . . . . . . . . . 
 72
65
 73
2
 40
0.254
 49
0.0
 74
0
 49
-0.254
 74
0
  0
LTYPE
  5
3E
330
2
100
AcDbSymbolTableRecord
100
AcDbLinetypeTableRecord
  2
DIVIDE
 70
0
  3
Divide __ . . __ . . __ . . __ . . __ . . __
 72
65
 73
6
 40
4.064
 49
2.54
 74
0
 49
-0.508
 74
0
 49
0.0
 74
0
 49
-0.508
 74
0
 49
0.0
 74
0
 49
-0.508
 74
0
  0
LTYPE
  5
3F
330
2
100
AcDbSymbolTableRecord
100
AcDbLinetypeTableRecord
  2
DIVIDEX2
 70
0
  3
Divide (2x) ____  . .  ____  . .  ____  . .  ____
 72
65
 73
6
 40
6.604
 49
5.08
 74
0
 49
-0.508
 74
0
 49
0.0
 74
0
 49
-0.508
 74
0
 49
0.0
 74
0
 49
-0.508
 74
0
  0
LTYPE
  5
40
330
2
100
AcDbSymbolTableRecord
100
AcDbLinetypeTableRecord
  2
DIVIDE2
 70
0
  3
Divide(.5x) _ . _ . _ . _ . _ . _ . _ . _
 72
65
 73
6
 40
2.032
 49
1.27
 74
0
 49
-0.254
 74
0
 49
0.0
 74
0
 49
-0.254
 74
0
 49
0.0
 74
0
 49
-0.254
 74
0
  0
LTYPE
  5
A2
330
2
100
AcDbSymbolTableRecord
100
AcDbLinetypeTableRecord
  2
EJE50
 70
0
  3
EJE50
 72
65
 73
4
 40
0.8750000000000001
 49
0.6000000000000001
 74
0
 49
-0.1
 74
0
 49
0.07500000000000001
 74
0
 49
-0.1
 74
0
  0
LTYPE
  5
A3
330
2
100
AcDbSymbolTableRecord
100
AcDbLinetypeTableRecord
  2
OCULTA50
 70
0
  3
OCULTA50
 72
65
 73
2
 40
0.22500000000000003
 49
0.15000000000000002
 74
0
 49
-0.07500000000000001
 74
0
  0
LTYPE
  5
A4
330
2
100
AcDbSymbolTableRecord
100
AcDbLinetypeTableRecord
  2
LIMITE50
 70
0
  3
LIMITE50
 72
65
 73
6
 40
1.2000000000000002
 49
0.75
 74
0
 49
-0.1
 74
0
 49
0.07500000000000001
 74
0
 49
-0.1
 74
0
 49
0.07500000000000001
 74
0
 49
-0.1
 74
0
  0
LTYPE
  5
59D
330
2
100
AcDbSymbolTableRecord
100
AcDbLinetypeTableRecord
  2
EJE25
 70
0
  3
EJE25
 72
65
 73
4
 40
0.43750000000000006
 49
0.30000000000000004
 74
0
 49
-0.05
 74
0
 49
0.037500000000000006
 74
0
 49
-0.05
 74
0
  0
LTYPE
  5
59E
330
2
100
AcDbSymbolTableRecord
100
AcDbLinetypeTableRecord
  2
OCULTA25
 70
0
  3
OCULTA25
 72
65
 73
2
 40
0.11250000000000002
 49
0.07500000000000001
 74
0
 49
-0.037500000000000006
 74
0
  0
LTYPE
  5
59F
330
2
100
AcDbSymbolTableRecord
100
AcDbLinetypeTableRecord
  2
LIMITE25
 70
0
  3
LIMITE25
 72
65
 73
6
 40
0.6000000000000001
 49
0.375
 74
0
 49
-0.05
 74
0
 49
0.037500000000000006
 74
0
 49
-0.05
 74
0
 49
0.037500000000000006
 74
0
 49
-0.05
 74
0
  0
LTYPE
  5
860
330
2
100
AcDbSymbolTableRecord
100
AcDbLinetypeTableRecord
  2
EJE20
 70
0
  3
EJE20
 72
65
 73
4
 40
0.3499999999999999
 49
0.24
 74
0
 49
-0.04
 74
0
 49
0.03
 74
0
 49
-0.04
 74
0
  0
LTYPE
  5
861
330
2
100
AcDbSymbolTableRecord
100
AcDbLinetypeTableRecord
  2
OCULTA20
 70
0
  3
OCULTA20
 72
65
 73
2
 40
0.09
 49
0.06
 74
0
 49
-0.03
 74
0
  0
LTYPE
  5
862
330
2
100
AcDbSymbolTableRecord
100
AcDbLinetypeTableRecord
  2
LIMITE20
 70
0
  3
LIMITE20
 72
65
 73
6
 40
0.4799999999999999
 49
0.3
 74
0
 49
-0.04
 74
0
 49
0.03
 74
0
 49
-0.04
 74
0
 49
0.03
 74
0
 49
-0.04
 74
0
  0
ENDTAB
  0
TABLE
  2
LAYER
  5
1
330
0
100
AcDbSymbolTable
 70
25
  0
LAYER
  5
27
330
1
100
AcDbSymbolTableRecord
100
AcDbLayerTableRecord
  2
0
 70
0
 62
7
  6
Continuous
370
-3
390
13
347
21
  0
LAYER
  5
28
330
1
100
AcDbSymbolTableRecord
100
AcDbLayerTableRecord
  2
Defpoints
 70
0
 62
7
  6
Continuous
290
0
370
-3
390
13
347
21
  0
LAYER
  5
8B
330
1
100
AcDbSymbolTableRecord
100
AcDbLayerTableRecord
  2
E-EJES
 70
0
 62
1
  6
Continuous
370
18
390
13
347
21
  0
LAYER
  5
8C
330
1
100
AcDbSymbolTableRecord
100
AcDbLayerTableRecord
  2
E-EJES-ID
 70
0
 62
7
  6
Continuous
370
25
390
13
347
21
  0
LAYER
  5
8D
330
1
100
AcDbSymbolTableRecord
100
AcDbLayerTableRecord
  2
E-ZAPATA
 70
0
 62
7
  6
Continuous
370
40
390
13
347
21
  0
LAYER
  5
8E
330
1
100
AcDbSymbolTableRecord
100
AcDbLayerTableRecord
  2
E-COLUMNA
 70
0
 62
7
  6
Continuous
370
50
390
13
347
21
  0
LAYER
  5
8F
330
1
100
AcDbSymbolTableRecord
100
AcDbLayerTableRecord
  2
E-COLUMNA-ACH
 70
0
 62
252
  6
Continuous
370
0
390
13
347
21
  0
LAYER
  5
90
330
1
100
AcDbSymbolTableRecord
100
AcDbLayerTableRecord
  2
E-VIGA
 70
0
 62
7
  6
Continuous
370
30
390
13
347
21
  0
LAYER
  5
91
330
1
100
AcDbSymbolTableRecord
100
AcDbLayerTableRecord
  2
E-OCULTO
 70
0
 62
8
  6
Continuous
370
18
390
13
347
21
  0
LAYER
  5
92
330
1
100
AcDbSymbolTableRecord
100
AcDbLayerTableRecord
  2
E-CORTE
 70
0
 62
7
  6
Continuous
370
50
390
13
347
21
  0
LAYER
  5
93
330
1
100
AcDbSymbolTableRecord
100
AcDbLayerTableRecord
  2
E-CORTE-ACH
 70
0
 62
254
  6
Continuous
370
0
390
13
347
21
  0
LAYER
  5
94
330
1
100
AcDbSymbolTableRecord
100
AcDbLayerTableRecord
  2
E-PROYECCION
 70
0
 62
8
  6
Continuous
370
18
390
13
347
21
  0
LAYER
  5
95
330
1
100
AcDbSymbolTableRecord
100
AcDbLayerTableRecord
  2
E-ACERO
 70
0
 62
1
  6
Continuous
370
35
390
13
347
21
  0
LAYER
  5
96
330
1
100
AcDbSymbolTableRecord
100
AcDbLayerTableRecord
  2
E-ACERO-TXT
 70
0
 62
7
  6
Continuous
370
18
390
13
347
21
  0
LAYER
  5
97
330
1
100
AcDbSymbolTableRecord
100
AcDbLayerTableRecord
  2
E-COTA
 70
0
 62
7
  6
Continuous
370
13
390
13
347
21
  0
LAYER
  5
98
330
1
100
AcDbSymbolTableRecord
100
AcDbLayerTableRecord
  2
E-TEXTO
 70
0
 62
7
  6
Continuous
370
18
390
13
347
21
  0
LAYER
  5
99
330
1
100
AcDbSymbolTableRecord
100
AcDbLayerTableRecord
  2
E-TITULO
 70
0
 62
7
  6
Continuous
370
35
390
13
347
21
  0
LAYER
  5
9A
330
1
100
AcDbSymbolTableRecord
100
AcDbLayerTableRecord
  2
E-NIVEL
 70
0
 62
7
  6
Continuous
370
18
390
13
347
21
  0
LAYER
  5
9B
330
1
100
AcDbSymbolTableRecord
100
AcDbLayerTableRecord
  2
E-LIMITE
 70
0
 62
94
  6
Continuous
370
25
390
13
347
21
  0
LAYER
  5
9C
330
1
100
AcDbSymbolTableRecord
100
AcDbLayerTableRecord
  2
E-TERRENO
 70
0
 62
8
  6
Continuous
370
13
390
13
347
21
  0
LAYER
  5
9D
330
1
100
AcDbSymbolTableRecord
100
AcDbLayerTableRecord
  2
E-SECCION
 70
0
 62
7
  6
Continuous
370
35
390
13
347
21
  0
LAYER
  5
9E
330
1
100
AcDbSymbolTableRecord
100
AcDbLayerTableRecord
  2
E-TABLA
 70
0
 62
7
  6
Continuous
370
18
390
13
347
21
  0
LAYER
  5
9F
330
1
100
AcDbSymbolTableRecord
100
AcDbLayerTableRecord
  2
E-MARCO
 70
0
 62
7
  6
Continuous
370
50
390
13
347
21
  0
LAYER
  5
A0
330
1
100
AcDbSymbolTableRecord
100
AcDbLayerTableRecord
  2
E-VPORT
 70
0
 62
7
  6
Continuous
290
0
370
13
390
13
347
21
  0
LAYER
  5
A1
330
1
100
AcDbSymbolTableRecord
100
AcDbLayerTableRecord
  2
E-HOJA
 70
0
 62
7
  6
Continuous
370
0
390
13
347
21
  0
ENDTAB
  0
TABLE
  2
STYLE
  5
5
330
0
100
AcDbSymbolTable
 70
27
  0
STYLE
  5
29
330
5
100
AcDbSymbolTableRecord
100
AcDbTextStyleTableRecord
  2
Standard
 70
0
 40
0.0
 41
1.0
 50
0.0
 71
0
 42
2.5
  3
txt
  4

  0
STYLE
  5
41
330
5
100
AcDbSymbolTableRecord
100
AcDbTextStyleTableRecord
  2
OpenSans-Light
 70
0
 40
0.0
 41
1.0
 50
0.0
 71
0
 42
2.5
  3
OpenSans-Light.ttf
  4

  0
STYLE
  5
42
330
5
100
AcDbSymbolTableRecord
100
AcDbTextStyleTableRecord
  2
OpenSans-Light-Italic
 70
0
 40
0.0
 41
1.0
 50
0.0
 71
0
 42
2.5
  3
OpenSans-LightItalic.ttf
  4

  0
STYLE
  5
43
330
5
100
AcDbSymbolTableRecord
100
AcDbTextStyleTableRecord
  2
OpenSans
 70
0
 40
0.0
 41
1.0
 50
0.0
 71
0
 42
2.5
  3
OpenSans-Regular.ttf
  4

  0
STYLE
  5
44
330
5
100
AcDbSymbolTableRecord
100
AcDbTextStyleTableRecord
  2
OpenSans-Italic
 70
0
 40
0.0
 41
1.0
 50
0.0
 71
0
 42
2.5
  3
OpenSans-Italic.ttf
  4

  0
STYLE
  5
45
330
5
100
AcDbSymbolTableRecord
100
AcDbTextStyleTableRecord
  2
OpenSans-SemiBold
 70
0
 40
0.0
 41
1.0
 50
0.0
 71
0
 42
2.5
  3
OpenSans-SemiBold.ttf
  4

  0
STYLE
  5
46
330
5
100
AcDbSymbolTableRecord
100
AcDbTextStyleTableRecord
  2
OpenSans-SemiBoldItalic
 70
0
 40
0.0
 41
1.0
 50
0.0
 71
0
 42
2.5
  3
OpenSans-SemiBoldItalic.ttf
  4

  0
STYLE
  5
47
330
5
100
AcDbSymbolTableRecord
100
AcDbTextStyleTableRecord
  2
OpenSans-Bold
 70
0
 40
0.0
 41
1.0
 50
0.0
 71
0
 42
2.5
  3
OpenSans-Bold.ttf
  4

  0
STYLE
  5
48
330
5
100
AcDbSymbolTableRecord
100
AcDbTextStyleTableRecord
  2
OpenSans-BoldItalic
 70
0
 40
0.0
 41
1.0
 50
0.0
 71
0
 42
2.5
  3
OpenSans-BoldItalic.ttf
  4

  0
STYLE
  5
49
330
5
100
AcDbSymbolTableRecord
100
AcDbTextStyleTableRecord
  2
OpenSans-ExtraBold
 70
0
 40
0.0
 41
1.0
 50
0.0
 71
0
 42
2.5
  3
OpenSans-ExtraBold.ttf
  4

  0
STYLE
  5
4A
330
5
100
AcDbSymbolTableRecord
100
AcDbTextStyleTableRecord
  2
OpenSans-ExtraBoldItalic
 70
0
 40
0.0
 41
1.0
 50
0.0
 71
0
 42
2.5
  3
OpenSans-ExtraBoldItalic.ttf
  4

  0
STYLE
  5
4B
330
5
100
AcDbSymbolTableRecord
100
AcDbTextStyleTableRecord
  2
OpenSansCondensed-Bold
 70
0
 40
0.0
 41
1.0
 50
0.0
 71
0
 42
2.5
  3
OpenSansCondensed-Bold.ttf
  4

  0
STYLE
  5
4C
330
5
100
AcDbSymbolTableRecord
100
AcDbTextStyleTableRecord
  2
OpenSansCondensed-Light
 70
0
 40
0.0
 41
1.0
 50
0.0
 71
0
 42
2.5
  3
OpenSansCondensed-Light.ttf
  4

  0
STYLE
  5
4D
330
5
100
AcDbSymbolTableRecord
100
AcDbTextStyleTableRecord
  2
OpenSansCondensed-Italic
 70
0
 40
0.0
 41
1.0
 50
0.0
 71
0
 42
2.5
  3
OpenSansCondensed-LightItalic.ttf
  4

  0
STYLE
  5
4E
330
5
100
AcDbSymbolTableRecord
100
AcDbTextStyleTableRecord
  2
LiberationSans
 70
0
 40
0.0
 41
1.0
 50
0.0
 71
0
 42
2.5
  3
LiberationSans-Regular.ttf
  4

  0
STYLE
  5
4F
330
5
100
AcDbSymbolTableRecord
100
AcDbTextStyleTableRecord
  2
LiberationSans-Bold
 70
0
 40
0.0
 41
1.0
 50
0.0
 71
0
 42
2.5
  3
LiberationSans-Bold.ttf
  4

  0
STYLE
  5
50
330
5
100
AcDbSymbolTableRecord
100
AcDbTextStyleTableRecord
  2
LiberationSans-BoldItalic
 70
0
 40
0.0
 41
1.0
 50
0.0
 71
0
 42
2.5
  3
LiberationSans-BoldItalic.ttf
  4

  0
STYLE
  5
51
330
5
100
AcDbSymbolTableRecord
100
AcDbTextStyleTableRecord
  2
LiberationSans-Italic
 70
0
 40
0.0
 41
1.0
 50
0.0
 71
0
 42
2.5
  3
LiberationSans-Italic.ttf
  4

  0
STYLE
  5
52
330
5
100
AcDbSymbolTableRecord
100
AcDbTextStyleTableRecord
  2
LiberationSerif
 70
0
 40
0.0
 41
1.0
 50
0.0
 71
0
 42
2.5
  3
LiberationSerif-Regular.ttf
  4

  0
STYLE
  5
53
330
5
100
AcDbSymbolTableRecord
100
AcDbTextStyleTableRecord
  2
LiberationSerif-Bold
 70
0
 40
0.0
 41
1.0
 50
0.0
 71
0
 42
2.5
  3
LiberationSerif-Bold.ttf
  4

  0
STYLE
  5
54
330
5
100
AcDbSymbolTableRecord
100
AcDbTextStyleTableRecord
  2
LiberationSerif-BoldItalic
 70
0
 40
0.0
 41
1.0
 50
0.0
 71
0
 42
2.5
  3
LiberationSerif-BoldItalic.ttf
  4

  0
STYLE
  5
55
330
5
100
AcDbSymbolTableRecord
100
AcDbTextStyleTableRecord
  2
LiberationSerif-Italic
 70
0
 40
0.0
 41
1.0
 50
0.0
 71
0
 42
2.5
  3
LiberationSerif-Italic.ttf
  4

  0
STYLE
  5
56
330
5
100
AcDbSymbolTableRecord
100
AcDbTextStyleTableRecord
  2
LiberationMono
 70
0
 40
0.0
 41
1.0
 50
0.0
 71
0
 42
2.5
  3
LiberationMono-Regular.ttf
  4

  0
STYLE
  5
57
330
5
100
AcDbSymbolTableRecord
100
AcDbTextStyleTableRecord
  2
LiberationMono-Bold
 70
0
 40
0.0
 41
1.0
 50
0.0
 71
0
 42
2.5
  3
LiberationMono-Bold.ttf
  4

  0
STYLE
  5
58
330
5
100
AcDbSymbolTableRecord
100
AcDbTextStyleTableRecord
  2
LiberationMono-BoldItalic
 70
0
 40
0.0
 41
1.0
 50
0.0
 71
0
 42
2.5
  3
LiberationMono-BoldItalic.ttf
  4

  0
STYLE
  5
59
330
5
100
AcDbSymbolTableRecord
100
AcDbTextStyleTableRecord
  2
LiberationMono-Italic
 70
0
 40
0.0
 41
1.0
 50
0.0
 71
0
 42
2.5
  3
LiberationMono-Italic.ttf
  4

  0
STYLE
  5
8A
330
5
100
AcDbSymbolTableRecord
100
AcDbTextStyleTableRecord
  2
ARIAL
 70
0
 40
0.0
 41
1.0
 50
0.0
 71
0
 42
2.5
  3
arial.ttf
  4

  0
ENDTAB
  0
TABLE
  2
VIEW
  5
7
330
0
100
AcDbSymbolTable
 70
0
  0
ENDTAB
  0
TABLE
  2
UCS
  5
6
330
0
100
AcDbSymbolTable
 70
0
  0
ENDTAB
  0
TABLE
  2
APPID
  5
3
330
0
100
AcDbSymbolTable
 70
3
  0
APPID
  5
2A
330
3
100
AcDbSymbolTableRecord
100
AcDbRegAppTableRecord
  2
ACAD
 70
0
  0
APPID
  5
E75
330
3
100
AcDbSymbolTableRecord
100
AcDbRegAppTableRecord
  2
HATCHBACKGROUNDCOLOR
 70
0
  0
APPID
  5
E76
330
3
100
AcDbSymbolTableRecord
100
AcDbRegAppTableRecord
  2
EZDXF
 70
0
  0
ENDTAB
  0
TABLE
  2
DIMSTYLE
  5
4
330
0
100
AcDbSymbolTable
 70
17
100
AcDbDimStyleTable
  0
DIMSTYLE
105
2B
330
4
100
AcDbSymbolTableRecord
100
AcDbDimStyleTableRecord
  2
Standard
 70
0
 40
1.0
 41
2.5
 42
0.625
 43
3.75
 44
1.25
 45
0.0
 46
0.0
 47
0.0
 48
0.0
 49
2.5
140
2.5
141
2.5
142
0.0
143
0.03937007874
144
1.0
145
0.0
146
1.0
147
0.625
148
0.0
 69
0
 70
0
 71
0
 72
0
 73
0
 74
0
 75
0
 76
0
 77
1
 78
8
 79
3
170
0
171
3
172
1
173
0
174
0
175
0
176
0
177
0
178
0
179
2
271
2
272
2
273
2
274
3
275
0
276
0
277
2
278
44
279
0
280
0
281
0
282
0
283
0
284
8
285
0
286
0
288
0
289
3
290
0
371
-2
372
-2
  0
DIMSTYLE
105
73
330
4
100
AcDbSymbolTableRecord
100
AcDbDimStyleTableRecord
  2
EZDXF
 70
0
 40
1.0
 41
0.175
 42
0.125
 43
3.75
 44
0.375
 45
0.0
 46
0.0
 47
0.0
 48
0.0
 49
2.5
140
0.25
141
2.5
142
0.0
143
0.03937007874
144
100.0
145
0.0
146
0.5
147
0.1
148
0.0
 69
0
 70
0
 71
0
 72
0
 73
0
 74
0
 75
0
 76
0
 77
1
 78
12
 79
3
170
0
171
3
172
1
173
0
174
0
175
0
176
0
177
0
178
0
179
2
271
2
272
2
273
2
274
3
275
0
276
0
277
2
278
46
279
2
280
0
281
0
282
0
283
0
284
8
285
0
286
0
288
1
289
3
290
0
340
4C
342
74
371
-2
372
-2
  0
DIMSTYLE
105
7C
330
4
100
AcDbSymbolTableRecord
100
AcDbDimStyleTableRecord
  2
EZ_M_100_H25_CM
 70
0
 40
1.0
 41
0.25
 42
0.125
 43
3.75
 44
0.375
 45
0.0
 46
0.0
 47
0.0
 48
0.0
 49
2.5
140
0.25
141
2.5
142
0.125
143
0.03937007874
144
100.0
145
0.0
146
0.5
147
0.1
148
0.0
 69
0
 70
0
 71
0
 72
0
 73
0
 74
0
 75
0
 76
0
 77
1
 78
12
 79
3
170
0
171
3
172
1
173
0
174
0
175
0
176
0
177
0
178
0
179
2
271
2
272
2
273
2
274
3
275
0
276
0
277
2
278
46
279
2
280
0
281
0
282
0
283
0
284
8
285
0
286
0
288
1
289
3
290
0
340
4C
371
-2
372
-2
  0
DIMSTYLE
105
7D
330
4
100
AcDbSymbolTableRecord
100
AcDbDimStyleTableRecord
  2
EZ_M_50_H25_CM
 70
0
 40
1.0
 41
0.125
 42
0.0625
 43
3.75
 44
0.1875
 45
0.0
 46
0.0
 47
0.0
 48
0.0
 49
2.5
140
0.125
141
2.5
142
0.0625
143
0.03937007874
144
100.0
145
0.0
146
0.5
147
0.05
148
0.0
 69
0
 70
0
 71
0
 72
0
 73
0
 74
0
 75
0
 76
0
 77
1
 78
12
 79
3
170
0
171
3
172
1
173
0
174
0
175
0
176
0
177
0
178
0
179
2
271
2
272
2
273
2
274
3
275
0
276
0
277
2
278
46
279
2
280
0
281
0
282
0
283
0
284
8
285
0
286
0
288
1
289
3
290
0
340
4C
371
-2
372
-2
  0
DIMSTYLE
105
7E
330
4
100
AcDbSymbolTableRecord
100
AcDbDimStyleTableRecord
  2
EZ_M_25_H25_CM
 70
0
 40
1.0
 41
0.0625
 42
0.03125
 43
3.75
 44
0.09375
 45
0.0
 46
0.0
 47
0.0
 48
0.0
 49
2.5
140
0.0625
141
2.5
142
0.03125
143
0.03937007874
144
100.0
145
0.0
146
0.5
147
0.025
148
0.0
 69
0
 70
0
 71
0
 72
0
 73
0
 74
0
 75
0
 76
0
 77
1
 78
12
 79
3
170
0
171
3
172
1
173
0
174
0
175
0
176
0
177
0
178
0
179
2
271
2
272
2
273
2
274
3
275
0
276
0
277
2
278
46
279
2
280
0
281
0
282
0
283
0
284
8
285
0
286
0
288
1
289
3
290
0
340
4C
371
-2
372
-2
  0
DIMSTYLE
105
7F
330
4
100
AcDbSymbolTableRecord
100
AcDbDimStyleTableRecord
  2
EZ_M_20_H25_CM
 70
0
 40
1.0
 41
0.05
 42
0.025
 43
3.75
 44
0.07500000000000001
 45
0.0
 46
0.0
 47
0.0
 48
0.0
 49
2.5
140
0.05
141
2.5
142
0.025
143
0.03937007874
144
100.0
145
0.0
146
0.5
147
0.020000000000000004
148
0.0
 69
0
 70
0
 71
0
 72
0
 73
0
 74
0
 75
0
 76
0
 77
1
 78
12
 79
3
170
0
171
3
172
1
173
0
174
0
175
0
176
0
177
0
178
0
179
2
271
2
272
2
273
2
274
3
275
0
276
0
277
2
278
46
279
2
280
0
281
0
282
0
283
0
284
8
285
0
286
0
288
1
289
3
290
0
340
4C
371
-2
372
-2
  0
DIMSTYLE
105
80
330
4
100
AcDbSymbolTableRecord
100
AcDbDimStyleTableRecord
  2
EZ_M_10_H25_CM
 70
0
 40
1.0
 41
0.025
 42
0.0125
 43
3.75
 44
0.037500000000000006
 45
0.0
 46
0.0
 47
0.0
 48
0.0
 49
2.5
140
0.025
141
2.5
142
0.0125
143
0.03937007874
144
100.0
145
0.0
146
0.5
147
0.010000000000000002
148
0.0
 69
0
 70
0
 71
0
 72
0
 73
0
 74
0
 75
0
 76
0
 77
1
 78
12
 79
3
170
0
171
3
172
1
173
0
174
0
175
0
176
0
177
0
178
0
179
2
271
2
272
2
273
2
274
3
275
0
276
0
277
2
278
46
279
2
280
0
281
0
282
0
283
0
284
8
285
0
286
0
288
1
289
3
290
0
340
4C
371
-2
372
-2
  0
DIMSTYLE
105
81
330
4
100
AcDbSymbolTableRecord
100
AcDbDimStyleTableRecord
  2
EZ_M_5_H25_CM
 70
0
 40
1.0
 41
0.0125
 42
0.00625
 43
3.75
 44
0.018750000000000003
 45
0.0
 46
0.0
 47
0.0
 48
0.0
 49
2.5
140
0.0125
141
2.5
142
0.00625
143
0.03937007874
144
100.0
145
0.0
146
0.5
147
0.005000000000000001
148
0.0
 69
0
 70
0
 71
0
 72
0
 73
0
 74
0
 75
0
 76
0
 77
1
 78
12
 79
3
170
0
171
3
172
1
173
0
174
0
175
0
176
0
177
0
178
0
179
2
271
2
272
2
273
2
274
3
275
0
276
0
277
2
278
46
279
2
280
0
281
0
282
0
283
0
284
8
285
0
286
0
288
1
289
3
290
0
340
4C
371
-2
372
-2
  0
DIMSTYLE
105
82
330
4
100
AcDbSymbolTableRecord
100
AcDbDimStyleTableRecord
  2
EZ_M_1_H25_CM
 70
0
 40
1.0
 41
0.0025
 42
0.00125
 43
3.75
 44
0.00375
 45
0.0
 46
0.0
 47
0.0
 48
0.0
 49
2.5
140
0.0025
141
2.5
142
0.00125
143
0.03937007874
144
100.0
145
0.0
146
0.5
147
0.001
148
0.0
 69
0
 70
0
 71
0
 72
0
 73
0
 74
0
 75
0
 76
0
 77
1
 78
12
 79
3
170
0
171
3
172
1
173
0
174
0
175
0
176
0
177
0
178
0
179
2
271
2
272
2
273
2
274
3
275
0
276
0
277
2
278
46
279
2
280
0
281
0
282
0
283
0
284
8
285
0
286
0
288
1
289
3
290
0
340
4C
371
-2
372
-2
  0
DIMSTYLE
105
83
330
4
100
AcDbSymbolTableRecord
100
AcDbDimStyleTableRecord
  2
EZ_RADIUS
 70
0
 40
1.0
 41
0.25
 42
0.125
 43
3.75
 44
0.375
 45
0.0
 46
0.0
 47
0.0
 48
0.0
 49
2.5
140
0.25
141
0.0
142
0.0
143
0.03937007874
144
100.0
145
0.0
146
0.5
147
0.1
148
0.0
 69
0
 70
0
 71
0
 72
0
 73
0
 74
0
 75
0
 76
0
 77
1
 78
12
 79
3
170
0
171
3
172
0
173
0
174
0
175
0
176
0
177
0
178
0
179
2
271
2
272
2
273
2
274
3
275
0
276
0
277
2
278
46
279
1
280
0
281
0
282
0
283
0
284
8
285
0
286
0
288
1
289
3
290
0
340
4C
342
84
371
-2
372
-2
  0
DIMSTYLE
105
88
330
4
100
AcDbSymbolTableRecord
100
AcDbDimStyleTableRecord
  2
EZ_RADIUS_INSIDE
 70
0
 40
1.0
 41
0.25
 42
0.125
 43
3.75
 44
0.375
 45
0.0
 46
0.0
 47
0.0
 48
0.0
 49
2.5
140
0.25
141
0.0
142
0.0
143
0.03937007874
144
100.0
145
0.0
146
0.5
147
0.1
148
0.0
 69
0
 70
0
 71
0
 72
0
 73
0
 74
0
 75
0
 76
0
 77
0
 78
12
 79
3
170
0
171
3
172
0
173
0
174
1
175
0
176
0
177
0
178
0
179
2
271
2
272
2
273
2
274
3
275
0
276
0
277
2
278
46
279
0
280
0
281
0
282
0
283
0
284
8
285
0
286
0
288
1
289
0
290
0
340
4C
342
84
371
-2
372
-2
  0
DIMSTYLE
105
89
330
4
100
AcDbSymbolTableRecord
100
AcDbDimStyleTableRecord
  2
EZ_CURVED
 70
0
 40
1.0
 41
0.25
 42
0.125
 43
3.75
 44
0.375
 45
0.0
 46
0.0
 47
0.0
 48
0.0
 49
2.5
140
0.25
141
2.5
142
0.0
143
0.03937007874
144
100.0
145
0.0
146
0.5
147
0.1
148
0.0
 69
0
 70
0
 71
0
 72
0
 73
0
 74
0
 75
0
 76
0
 77
1
 78
12
 79
2
 90
2
170
0
171
3
172
1
173
0
174
0
175
0
176
0
177
0
178
0
179
2
271
2
272
2
273
2
274
3
275
0
276
0
277
2
278
46
279
2
280
0
281
0
282
0
283
0
284
8
285
0
286
0
288
1
289
3
290
0
340
4C
371
-2
372
-2
  0
DIMSTYLE
105
A5
330
4
100
AcDbSymbolTableRecord
100
AcDbDimStyleTableRecord
  2
COTA50
 70
0
 40
1.0
 41
0.06
 42
0.04000000000000001
 43
3.75
 44
0.06
 45
0.0
 46
0.0
 47
0.0
 48
0.0
 49
2.5
140
0.09000000000000001
141
2.5
142
0.05
143
0.03937007874
144
1.0
145
0.0
146
1.0
147
0.03
148
0.0
 69
0
 70
0
 71
0
 72
0
 73
0
 74
0
 75
0
 76
0
 77
1
 78
0
 79
3
170
0
171
3
172
1
173
0
174
0
175
0
176
7
177
7
178
7
179
2
271
2
272
2
273
2
274
3
275
0
276
0
277
2
278
46
279
2
280
0
281
0
282
0
283
0
284
8
285
0
286
0
288
0
289
3
290
0
340
8A
371
13
372
13
  0
DIMSTYLE
105
5A0
330
4
100
AcDbSymbolTableRecord
100
AcDbDimStyleTableRecord
  2
COTA25
 70
0
 40
1.0
 41
0.03
 42
0.020000000000000004
 43
3.75
 44
0.03
 45
0.0
 46
0.0
 47
0.0
 48
0.0
 49
2.5
140
0.045000000000000005
141
2.5
142
0.025
143
0.03937007874
144
1.0
145
0.0
146
1.0
147
0.015
148
0.0
 69
0
 70
0
 71
0
 72
0
 73
0
 74
0
 75
0
 76
0
 77
1
 78
0
 79
3
170
0
171
3
172
1
173
0
174
0
175
0
176
7
177
7
178
7
179
2
271
2
272
2
273
2
274
3
275
0
276
0
277
2
278
46
279
2
280
0
281
0
282
0
283
0
284
8
285
0
286
0
288
0
289
3
290
0
340
8A
371
13
372
13
  0
DIMSTYLE
105
863
330
4
100
AcDbSymbolTableRecord
100
AcDbDimStyleTableRecord
  2
COTA20
 70
0
 40
1.0
 41
0.024
 42
0.016
 43
3.75
 44
0.024
 45
0.0
 46
0.0
 47
0.0
 48
0.0
 49
2.5
140
0.036000000000000004
141
2.5
142
0.02
143
0.03937007874
144
1.0
145
0.0
146
1.0
147
0.012
148
0.0
 69
0
 70
0
 71
0
 72
0
 73
0
 74
0
 75
0
 76
0
 77
1
 78
0
 79
3
170
0
171
3
172
1
173
0
174
0
175
0
176
7
177
7
178
7
179
2
271
2
272
2
273
2
274
3
275
0
276
0
277
2
278
46
279
2
280
0
281
0
282
0
283
0
284
8
285
0
286
0
288
0
289
3
290
0
340
8A
371
13
372
13
  0
DIMSTYLE
105
BD8
330
4
100
AcDbSymbolTableRecord
100
AcDbDimStyleTableRecord
  2
COTA10
 70
0
 40
1.0
 41
0.012
 42
0.008
 43
3.75
 44
0.012
 45
0.0
 46
0.0
 47
0.0
 48
0.0
 49
2.5
140
0.018000000000000002
141
2.5
142
0.01
143
0.03937007874
144
1.0
145
0.0
146
1.0
147
0.006
148
0.0
 69
0
 70
0
 71
0
 72
0
 73
0
 74
0
 75
0
 76
0
 77
1
 78
0
 79
3
170
0
171
3
172
1
173
0
174
0
175
0
176
7
177
7
178
7
179
2
271
2
272
2
273
2
274
3
275
0
276
0
277
2
278
46
279
2
280
0
281
0
282
0
283
0
284
8
285
0
286
0
288
0
289
3
290
0
340
8A
371
13
372
13
  0
DIMSTYLE
105
C45
330
4
100
AcDbSymbolTableRecord
100
AcDbDimStyleTableRecord
  2
COTA15
 70
0
 40
1.0
 41
0.018
 42
0.012
 43
3.75
 44
0.018
 45
0.0
 46
0.0
 47
0.0
 48
0.0
 49
2.5
140
0.027
141
2.5
142
0.015
143
0.03937007874
144
1.0
145
0.0
146
1.0
147
0.009
148
0.0
 69
0
 70
0
 71
0
 72
0
 73
0
 74
0
 75
0
 76
0
 77
1
 78
0
 79
3
170
0
171
3
172
1
173
0
174
0
175
0
176
7
177
7
178
7
179
2
271
2
272
2
273
2
274
3
275
0
276
0
277
2
278
46
279
2
280
0
281
0
282
0
283
0
284
8
285
0
286
0
288
0
289
3
290
0
340
8A
371
13
372
13
  0
ENDTAB
  0
TABLE
  2
BLOCK_RECORD
  5
9
330
0
100
AcDbSymbolTable
 70
110
  0
BLOCK_RECORD
  5
17
330
9
100
AcDbSymbolTableRecord
100
AcDbBlockTableRecord
  2
*Model_Space
340
1A
 70
0
280
1
281
0
  0
BLOCK_RECORD
  5
1B
330
9
100
AcDbSymbolTableRecord
100
AcDbBlockTableRecord
  2
*Paper_Space
340
1E
 70
0
280
1
281
0
  0
BLOCK_RECORD
  5
74
330
9
100
AcDbSymbolTableRecord
100
AcDbBlockTableRecord
  2
_ARCHTICK
340
0
 70
0
280
1
281
0
  0
BLOCK_RECORD
  5
78
330
9
100
AcDbSymbolTableRecord
100
AcDbBlockTableRecord
  2
_CLOSEDFILLED
340
0
 70
0
280
1
281
0
  0
BLOCK_RECORD
  5
84
330
9
100
AcDbSymbolTableRecord
100
AcDbBlockTableRecord
  2
_CLOSEDBLANK
340
0
 70
0
280
1
281
0
  0
BLOCK_RECORD
  5
1F7
330
9
100
AcDbSymbolTableRecord
100
AcDbBlockTableRecord
  2
*D1
340
0
 70
0
280
1
281
0
  0
BLOCK_RECORD
  5
1FC
330
9
100
AcDbSymbolTableRecord
100
AcDbBlockTableRecord
  2
_OBLIQUE
340
0
 70
0
280
1
281
0
  0
BLOCK_RECORD
  5
20D
330
9
100
AcDbSymbolTableRecord
100
AcDbBlockTableRecord
  2
*D2
340
0
 70
0
280
1
281
0
  0
BLOCK_RECORD
  5
21C
330
9
100
AcDbSymbolTableRecord
100
AcDbBlockTableRecord
  2
*D3
340
0
 70
0
280
1
281
0
  0
BLOCK_RECORD
  5
22B
330
9
100
AcDbSymbolTableRecord
100
AcDbBlockTableRecord
  2
*D4
340
0
 70
0
280
1
281
0
  0
BLOCK_RECORD
  5
23C
330
9
100
AcDbSymbolTableRecord
100
AcDbBlockTableRecord
  2
*D5
340
0
 70
0
280
1
281
0
  0
BLOCK_RECORD
  5
24B
330
9
100
AcDbSymbolTableRecord
100
AcDbBlockTableRecord
  2
*D6
340
0
 70
0
280
1
281
0
  0
BLOCK_RECORD
  5
25A
330
9
100
AcDbSymbolTableRecord
100
AcDbBlockTableRecord
  2
*D7
340
0
 70
0
280
1
281
0
  0
BLOCK_RECORD
  5
26B
330
9
100
AcDbSymbolTableRecord
100
AcDbBlockTableRecord
  2
*D8
340
0
 70
0
280
1
281
0
  0
BLOCK_RECORD
  5
27A
330
9
100
AcDbSymbolTableRecord
100
AcDbBlockTableRecord
  2
*D9
340
0
 70
0
280
1
281
0
  0
BLOCK_RECORD
  5
289
330
9
100
AcDbSymbolTableRecord
100
AcDbBlockTableRecord
  2
*D10
340
0
 70
0
280
1
281
0
  0
BLOCK_RECORD
  5
29B
330
9
100
AcDbSymbolTableRecord
100
AcDbBlockTableRecord
  2
*D11
340
0
 70
0
280
1
281
0
  0
BLOCK_RECORD
  5
2AA
330
9
100
AcDbSymbolTableRecord
100
AcDbBlockTableRecord
  2
*D12
340
0
 70
0
280
1
281
0
  0
BLOCK_RECORD
  5
2BE
330
9
100
AcDbSymbolTableRecord
100
AcDbBlockTableRecord
  2
*D13
340
0
 70
0
280
1
281
0
  0
BLOCK_RECORD
  5
2D0
330
9
100
AcDbSymbolTableRecord
100
AcDbBlockTableRecord
  2
*D14
340
0
 70
0
280
1
281
0
  0
BLOCK_RECORD
  5
2DF
330
9
100
AcDbSymbolTableRecord
100
AcDbBlockTableRecord
  2
*D15
340
0
 70
0
280
1
281
0
  0
BLOCK_RECORD
  5
2EE
330
9
100
AcDbSymbolTableRecord
100
AcDbBlockTableRecord
  2
*D16
340
0
 70
0
280
1
281
0
  0
BLOCK_RECORD
  5
2FF
330
9
100
AcDbSymbolTableRecord
100
AcDbBlockTableRecord
  2
*D17
340
0
 70
0
280
1
281
0
  0
BLOCK_RECORD
  5
30E
330
9
100
AcDbSymbolTableRecord
100
AcDbBlockTableRecord
  2
*D18
340
0
 70
0
280
1
281
0
  0
BLOCK_RECORD
  5
31D
330
9
100
AcDbSymbolTableRecord
100
AcDbBlockTableRecord
  2
*D19
340
0
 70
0
280
1
281
0
  0
BLOCK_RECORD
  5
32E
330
9
100
AcDbSymbolTableRecord
100
AcDbBlockTableRecord
  2
*D20
340
0
 70
0
280
1
281
0
  0
BLOCK_RECORD
  5
33D
330
9
100
AcDbSymbolTableRecord
100
AcDbBlockTableRecord
  2
*D21
340
0
 70
0
280
1
281
0
  0
BLOCK_RECORD
  5
34C
330
9
100
AcDbSymbolTableRecord
100
AcDbBlockTableRecord
  2
*D22
340
0
 70
0
280
1
281
0
  0
BLOCK_RECORD
  5
35E
330
9
100
AcDbSymbolTableRecord
100
AcDbBlockTableRecord
  2
*D23
340
0
 70
0
280
1
281
0
  0
BLOCK_RECORD
  5
36D
330
9
100
AcDbSymbolTableRecord
100
AcDbBlockTableRecord
  2
*D24
340
0
 70
0
280
1
281
0
  0
BLOCK_RECORD
  5
383
330
9
100
AcDbSymbolTableRecord
100
AcDbBlockTableRecord
  2
*D25
340
0
 70
0
280
1
281
0
  0
BLOCK_RECORD
  5
392
330
9
100
AcDbSymbolTableRecord
100
AcDbBlockTableRecord
  2
*D26
340
0
 70
0
280
1
281
0
  0
BLOCK_RECORD
  5
3A1
330
9
100
AcDbSymbolTableRecord
100
AcDbBlockTableRecord
  2
*D27
340
0
 70
0
280
1
281
0
  0
BLOCK_RECORD
  5
3B0
330
9
100
AcDbSymbolTableRecord
100
AcDbBlockTableRecord
  2
*D28
340
0
 70
0
280
1
281
0
  0
BLOCK_RECORD
  5
3C5
330
9
100
AcDbSymbolTableRecord
100
AcDbBlockTableRecord
  2
*D29
340
0
 70
0
280
1
281
0
  0
BLOCK_RECORD
  5
3D4
330
9
100
AcDbSymbolTableRecord
100
AcDbBlockTableRecord
  2
*D30
340
0
 70
0
280
1
281
0
  0
BLOCK_RECORD
  5
3E3
330
9
100
AcDbSymbolTableRecord
100
AcDbBlockTableRecord
  2
*D31
340
0
 70
0
280
1
281
0
  0
BLOCK_RECORD
  5
3F8
330
9
100
AcDbSymbolTableRecord
100
AcDbBlockTableRecord
  2
*D32
340
0
 70
0
280
1
281
0
  0
BLOCK_RECORD
  5
407
330
9
100
AcDbSymbolTableRecord
100
AcDbBlockTableRecord
  2
*D33
340
0
 70
0
280
1
281
0
  0
BLOCK_RECORD
  5
416
330
9
100
AcDbSymbolTableRecord
100
AcDbBlockTableRecord
  2
*D34
340
0
 70
0
280
1
281
0
  0
BLOCK_RECORD
  5
443
330
9
100
AcDbSymbolTableRecord
100
AcDbBlockTableRecord
  2
*D35
340
0
 70
0
280
1
281
0
  0
BLOCK_RECORD
  5
452
330
9
100
AcDbSymbolTableRecord
100
AcDbBlockTableRecord
  2
*D36
340
0
 70
0
280
1
281
0
  0
BLOCK_RECORD
  5
461
330
9
100
AcDbSymbolTableRecord
100
AcDbBlockTableRecord
  2
*D37
340
0
 70
0
280
1
281
0
  0
BLOCK_RECORD
  5
470
330
9
100
AcDbSymbolTableRecord
100
AcDbBlockTableRecord
  2
*D38
340
0
 70
0
280
1
281
0
  0
BLOCK_RECORD
  5
47F
330
9
100
AcDbSymbolTableRecord
100
AcDbBlockTableRecord
  2
*D39
340
0
 70
0
280
1
281
0
  0
BLOCK_RECORD
  5
48E
330
9
100
AcDbSymbolTableRecord
100
AcDbBlockTableRecord
  2
*D40
340
0
 70
0
280
1
281
0
  0
BLOCK_RECORD
  5
49D
330
9
100
AcDbSymbolTableRecord
100
AcDbBlockTableRecord
  2
*D41
340
0
 70
0
280
1
281
0
  0
BLOCK_RECORD
  5
4AC
330
9
100
AcDbSymbolTableRecord
100
AcDbBlockTableRecord
  2
*D42
340
0
 70
0
280
1
281
0
  0
BLOCK_RECORD
  5
4BB
330
9
100
AcDbSymbolTableRecord
100
AcDbBlockTableRecord
  2
*D43
340
0
 70
0
280
1
281
0
  0
BLOCK_RECORD
  5
4CA
330
9
100
AcDbSymbolTableRecord
100
AcDbBlockTableRecord
  2
*D44
340
0
 70
0
280
1
281
0
  0
BLOCK_RECORD
  5
4D9
330
9
100
AcDbSymbolTableRecord
100
AcDbBlockTableRecord
  2
*D45
340
0
 70
0
280
1
281
0
  0
BLOCK_RECORD
  5
4E8
330
9
100
AcDbSymbolTableRecord
100
AcDbBlockTableRecord
  2
*D46
340
0
 70
0
280
1
281
0
  0
BLOCK_RECORD
  5
4F7
330
9
100
AcDbSymbolTableRecord
100
AcDbBlockTableRecord
  2
*D47
340
0
 70
0
280
1
281
0
  0
BLOCK_RECORD
  5
507
330
9
100
AcDbSymbolTableRecord
100
AcDbBlockTableRecord
  2
*D48
340
0
 70
0
280
1
281
0
  0
BLOCK_RECORD
  5
517
330
9
100
AcDbSymbolTableRecord
100
AcDbBlockTableRecord
  2
*D49
340
0
 70
0
280
1
281
0
  0
BLOCK_RECORD
  5
526
330
9
100
AcDbSymbolTableRecord
100
AcDbBlockTableRecord
  2
*D50
340
0
 70
0
280
1
281
0
  0
BLOCK_RECORD
  5
535
330
9
100
AcDbSymbolTableRecord
100
AcDbBlockTableRecord
  2
*D51
340
0
 70
0
280
1
281
0
  0
BLOCK_RECORD
  5
544
330
9
100
AcDbSymbolTableRecord
100
AcDbBlockTableRecord
  2
*D52
340
0
 70
0
280
1
281
0
  0
BLOCK_RECORD
  5
553
330
9
100
AcDbSymbolTableRecord
100
AcDbBlockTableRecord
  2
*D53
340
0
 70
0
280
1
281
0
  0
BLOCK_RECORD
  5
562
330
9
100
AcDbSymbolTableRecord
100
AcDbBlockTableRecord
  2
*D54
340
0
 70
0
280
1
281
0
  0
BLOCK_RECORD
  5
721
330
9
100
AcDbSymbolTableRecord
100
AcDbBlockTableRecord
  2
*D55
340
0
 70
0
280
1
281
0
  0
BLOCK_RECORD
  5
730
330
9
100
AcDbSymbolTableRecord
100
AcDbBlockTableRecord
  2
*D56
340
0
 70
0
280
1
281
0
  0
BLOCK_RECORD
  5
73F
330
9
100
AcDbSymbolTableRecord
100
AcDbBlockTableRecord
  2
*D57
340
0
 70
0
280
1
281
0
  0
BLOCK_RECORD
  5
74E
330
9
100
AcDbSymbolTableRecord
100
AcDbBlockTableRecord
  2
*D58
340
0
 70
0
280
1
281
0
  0
BLOCK_RECORD
  5
75D
330
9
100
AcDbSymbolTableRecord
100
AcDbBlockTableRecord
  2
*D59
340
0
 70
0
280
1
281
0
  0
BLOCK_RECORD
  5
76C
330
9
100
AcDbSymbolTableRecord
100
AcDbBlockTableRecord
  2
*D60
340
0
 70
0
280
1
281
0
  0
BLOCK_RECORD
  5
77B
330
9
100
AcDbSymbolTableRecord
100
AcDbBlockTableRecord
  2
*D61
340
0
 70
0
280
1
281
0
  0
BLOCK_RECORD
  5
78A
330
9
100
AcDbSymbolTableRecord
100
AcDbBlockTableRecord
  2
*D62
340
0
 70
0
280
1
281
0
  0
BLOCK_RECORD
  5
799
330
9
100
AcDbSymbolTableRecord
100
AcDbBlockTableRecord
  2
*D63
340
0
 70
0
280
1
281
0
  0
BLOCK_RECORD
  5
7A8
330
9
100
AcDbSymbolTableRecord
100
AcDbBlockTableRecord
  2
*D64
340
0
 70
0
280
1
281
0
  0
BLOCK_RECORD
  5
7B8
330
9
100
AcDbSymbolTableRecord
100
AcDbBlockTableRecord
  2
*D65
340
0
 70
0
280
1
281
0
  0
BLOCK_RECORD
  5
7C7
330
9
100
AcDbSymbolTableRecord
100
AcDbBlockTableRecord
  2
*D66
340
0
 70
0
280
1
281
0
  0
BLOCK_RECORD
  5
7D6
330
9
100
AcDbSymbolTableRecord
100
AcDbBlockTableRecord
  2
*D67
340
0
 70
0
280
1
281
0
  0
BLOCK_RECORD
  5
7E6
330
9
100
AcDbSymbolTableRecord
100
AcDbBlockTableRecord
  2
*D68
340
0
 70
0
280
1
281
0
  0
BLOCK_RECORD
  5
7F5
330
9
100
AcDbSymbolTableRecord
100
AcDbBlockTableRecord
  2
*D69
340
0
 70
0
280
1
281
0
  0
BLOCK_RECORD
  5
804
330
9
100
AcDbSymbolTableRecord
100
AcDbBlockTableRecord
  2
*D70
340
0
 70
0
280
1
281
0
  0
BLOCK_RECORD
  5
814
330
9
100
AcDbSymbolTableRecord
100
AcDbBlockTableRecord
  2
*D71
340
0
 70
0
280
1
281
0
  0
BLOCK_RECORD
  5
823
330
9
100
AcDbSymbolTableRecord
100
AcDbBlockTableRecord
  2
*D72
340
0
 70
0
280
1
281
0
  0
BLOCK_RECORD
  5
832
330
9
100
AcDbSymbolTableRecord
100
AcDbBlockTableRecord
  2
*D73
340
0
 70
0
280
1
281
0
  0
BLOCK_RECORD
  5
84E
330
9
100
AcDbSymbolTableRecord
100
AcDbBlockTableRecord
  2
*D74
340
0
 70
0
280
1
281
0
  0
BLOCK_RECORD
  5
93B
330
9
100
AcDbSymbolTableRecord
100
AcDbBlockTableRecord
  2
*D75
340
0
 70
0
280
1
281
0
  0
BLOCK_RECORD
  5
94A
330
9
100
AcDbSymbolTableRecord
100
AcDbBlockTableRecord
  2
*D76
340
0
 70
0
280
1
281
0
  0
BLOCK_RECORD
  5
959
330
9
100
AcDbSymbolTableRecord
100
AcDbBlockTableRecord
  2
*D77
340
0
 70
0
280
1
281
0
  0
BLOCK_RECORD
  5
968
330
9
100
AcDbSymbolTableRecord
100
AcDbBlockTableRecord
  2
*D78
340
0
 70
0
280
1
281
0
  0
BLOCK_RECORD
  5
977
330
9
100
AcDbSymbolTableRecord
100
AcDbBlockTableRecord
  2
*D79
340
0
 70
0
280
1
281
0
  0
BLOCK_RECORD
  5
986
330
9
100
AcDbSymbolTableRecord
100
AcDbBlockTableRecord
  2
*D80
340
0
 70
0
280
1
281
0
  0
BLOCK_RECORD
  5
A6E
330
9
100
AcDbSymbolTableRecord
100
AcDbBlockTableRecord
  2
*D81
340
0
 70
0
280
1
281
0
  0
BLOCK_RECORD
  5
A7D
330
9
100
AcDbSymbolTableRecord
100
AcDbBlockTableRecord
  2
*D82
340
0
 70
0
280
1
281
0
  0
BLOCK_RECORD
  5
A8C
330
9
100
AcDbSymbolTableRecord
100
AcDbBlockTableRecord
  2
*D83
340
0
 70
0
280
1
281
0
  0
BLOCK_RECORD
  5
A9B
330
9
100
AcDbSymbolTableRecord
100
AcDbBlockTableRecord
  2
*D84
340
0
 70
0
280
1
281
0
  0
BLOCK_RECORD
  5
AAA
330
9
100
AcDbSymbolTableRecord
100
AcDbBlockTableRecord
  2
*D85
340
0
 70
0
280
1
281
0
  0
BLOCK_RECORD
  5
ACB
330
9
100
AcDbSymbolTableRecord
100
AcDbBlockTableRecord
  2
*D86
340
0
 70
0
280
1
281
0
  0
BLOCK_RECORD
  5
B91
330
9
100
AcDbSymbolTableRecord
100
AcDbBlockTableRecord
  2
*D87
340
0
 70
0
280
1
281
0
  0
BLOCK_RECORD
  5
BA0
330
9
100
AcDbSymbolTableRecord
100
AcDbBlockTableRecord
  2
*D88
340
0
 70
0
280
1
281
0
  0
BLOCK_RECORD
  5
BAF
330
9
100
AcDbSymbolTableRecord
100
AcDbBlockTableRecord
  2
*D89
340
0
 70
0
280
1
281
0
  0
BLOCK_RECORD
  5
BBE
330
9
100
AcDbSymbolTableRecord
100
AcDbBlockTableRecord
  2
*D90
340
0
 70
0
280
1
281
0
  0
BLOCK_RECORD
  5
BFE
330
9
100
AcDbSymbolTableRecord
100
AcDbBlockTableRecord
  2
*D91
340
0
 70
0
280
1
281
0
  0
BLOCK_RECORD
  5
C0D
330
9
100
AcDbSymbolTableRecord
100
AcDbBlockTableRecord
  2
*D92
340
0
 70
0
280
1
281
0
  0
BLOCK_RECORD
  5
C1C
330
9
100
AcDbSymbolTableRecord
100
AcDbBlockTableRecord
  2
*D93
340
0
 70
0
280
1
281
0
  0
BLOCK_RECORD
  5
C2B
330
9
100
AcDbSymbolTableRecord
100
AcDbBlockTableRecord
  2
*D94
340
0
 70
0
280
1
281
0
  0
BLOCK_RECORD
  5
C68
330
9
100
AcDbSymbolTableRecord
100
AcDbBlockTableRecord
  2
*D95
340
0
 70
0
280
1
281
0
  0
BLOCK_RECORD
  5
C77
330
9
100
AcDbSymbolTableRecord
100
AcDbBlockTableRecord
  2
*D96
340
0
 70
0
280
1
281
0
  0
BLOCK_RECORD
  5
C86
330
9
100
AcDbSymbolTableRecord
100
AcDbBlockTableRecord
  2
*D97
340
0
 70
0
280
1
281
0
  0
BLOCK_RECORD
  5
C95
330
9
100
AcDbSymbolTableRecord
100
AcDbBlockTableRecord
  2
*D98
340
0
 70
0
280
1
281
0
  0
BLOCK_RECORD
  5
CA4
330
9
100
AcDbSymbolTableRecord
100
AcDbBlockTableRecord
  2
*D99
340
0
 70
0
280
1
281
0
  0
BLOCK_RECORD
  5
CB3
330
9
100
AcDbSymbolTableRecord
100
AcDbBlockTableRecord
  2
*D100
340
0
 70
0
280
1
281
0
  0
BLOCK_RECORD
  5
CF0
330
9
100
AcDbSymbolTableRecord
100
AcDbBlockTableRecord
  2
*D101
340
0
 70
0
280
1
281
0
  0
BLOCK_RECORD
  5
CFF
330
9
100
AcDbSymbolTableRecord
100
AcDbBlockTableRecord
  2
*D102
340
0
 70
0
280
1
281
0
  0
BLOCK_RECORD
  5
D0E
330
9
100
AcDbSymbolTableRecord
100
AcDbBlockTableRecord
  2
*D103
340
0
 70
0
280
1
281
0
  0
BLOCK_RECORD
  5
D27
330
9
100
AcDbSymbolTableRecord
100
AcDbBlockTableRecord
  2
*Paper_Space0
340
D2A
 70
0
280
1
281
0
  0
ENDTAB
  0
ENDSEC
  0
SECTION
  2
BLOCKS
  0
BLOCK
  5
18
330
17
100
AcDbEntity
  8
0
100
AcDbBlockBegin
  2
*Model_Space
 70
0
 10
0.0
 20
0.0
 30
0.0
  3
*Model_Space
  1

  0
ENDBLK
  5
19
330
17
100
AcDbEntity
  8
0
100
AcDbBlockEnd
  0
BLOCK
  5
1C
330
1B
100
AcDbEntity
  8
0
100
AcDbBlockBegin
  2
*Paper_Space
 70
0
 10
0.0
 20
0.0
 30
0.0
  3
*Paper_Space
  1

  0
ENDBLK
  5
1D
330
1B
100
AcDbEntity
  8
0
100
AcDbBlockEnd
  0
BLOCK
  5
75
330
74
100
AcDbEntity
  8
0
100
AcDbBlockBegin
  2
_ARCHTICK
 70
0
 10
0.0
 20
0.0
 30
0.0
  3
_ARCHTICK
  1

  0
LWPOLYLINE
  5
77
330
74
100
AcDbEntity
  8
0
  6
BYBLOCK
 62
0
100
AcDbPolyline
 90
2
 70
0
 43
0.15
 10
-0.5
 20
-0.5
 10
0.5
 20
0.5
  0
ENDBLK
  5
76
330
74
100
AcDbEntity
  8
0
100
AcDbBlockEnd
  0
BLOCK
  5
79
330
78
100
AcDbEntity
  8
0
100
AcDbBlockBegin
  2
_CLOSEDFILLED
 70
0
 10
0.0
 20
0.0
 30
0.0
  3
_CLOSEDFILLED
  1

  0
SOLID
  5
7B
330
78
100
AcDbEntity
  8
0
  6
BYBLOCK
 62
0
100
AcDbTrace
 10
-1.0
 20
0.16439898372402537
 30
0.0
 11
0.0
 21
0.0
 31
0.0
 12
-1.0
 22
-0.16439898372402537
 32
0.0
 13
-1.0
 23
-0.16439898372402537
 33
0.0
  0
ENDBLK
  5
7A
330
78
100
AcDbEntity
  8
0
100
AcDbBlockEnd
  0
BLOCK
  5
85
330
84
100
AcDbEntity
  8
0
100
AcDbBlockBegin
  2
_CLOSEDBLANK
 70
0
 10
0.0
 20
0.0
 30
0.0
  3
_CLOSEDBLANK
  1

  0
LWPOLYLINE
  5
87
330
84
100
AcDbEntity
  8
0
  6
BYBLOCK
 62
0
100
AcDbPolyline
 90
3
 70
1
 10
-1.0
 20
0.16439898372402537
 10
0.0
 20
0.0
 10
-1.0
 20
-0.16439898372402537
  0
ENDBLK
  5
86
330
84
100
AcDbEntity
  8
0
100
AcDbBlockEnd
  0
BLOCK
  5
1F8
330
1F7
100
AcDbEntity
  8
0
100
AcDbBlockBegin
  2
*D1
 70
1
 10
0.0
 20
0.0
 30
0.0
  3
*D1
  1

  0
LINE
  5
1FA
330
1F7
100
AcDbEntity
  8
0
 62
7
370
13
100
AcDbLine
 10
6.099999904632568
 20
4.855
 30
0.0
 11
6.099999904632568
 21
5.035
 31
0.0
  0
LINE
  5
1FB
330
1F7
100
AcDbEntity
  8
0
 62
7
370
13
100
AcDbLine
 10
6.699999809265137
 20
4.855
 30
0.0
 11
6.699999809265137
 21
5.035
 31
0.0
  0
INSERT
  5
200
330
1F7
100
AcDbEntity
  8
E-COTA
 62
7
100
AcDbBlockReference
  2
_OBLIQUE
 10
6.099999904632568
 20
4.9750000000000005
 30
0.0
 41
0.1
 42
0.1
  0
INSERT
  5
202
330
1F7
100
AcDbEntity
  8
E-COTA
 62
7
100
AcDbBlockReference
  2
_OBLIQUE
 10
6.699999809265137
 20
4.9750000000000005
 30
0.0
 41
0.1
 42
0.1
  0
LINE
  5
204
330
1F7
100
AcDbEntity
  8
0
 62
7
370
13
100
AcDbLine
 10
6.099999904632568
 20
4.9750000000000005
 30
0.0
 11
6.699999809265137
 21
4.9750000000000005
 31
0.0
  0
MTEXT
  5
205
330
1F7
100
AcDbEntity
  8
E-COTA
 62
7
100
AcDbMText
 10
6.3999998569488525
 20
5.11
 30
0.0
 40
0.09000000000000001
 71
5
  1
trasl. 0.60
  7
ARIAL
  0
POINT
  5
206
330
1F7
100
AcDbEntity
  8
Defpoints
100
AcDbPoint
 10
6.099999904632568
 20
4.9750000000000005
 30
0.0
  0
POINT
  5
207
330
1F7
100
AcDbEntity
  8
Defpoints
100
AcDbPoint
 10
6.099999904632568
 20
4.815
 30
0.0
  0
POINT
  5
208
330
1F7
100
AcDbEntity
  8
Defpoints
100
AcDbPoint
 10
6.699999809265137
 20
4.815
 30
0.0
  0
ENDBLK
  5
1F9
330
1F7
100
AcDbEntity
  8
0
100
AcDbBlockEnd
  0
BLOCK
  5
1FD
330
1FC
100
AcDbEntity
  8
0
100
AcDbBlockBegin
  2
_OBLIQUE
 70
0
 10
0.0
 20
0.0
 30
0.0
  3
_OBLIQUE
  1

  0
LINE
  5
1FF
330
1FC
100
AcDbEntity
  8
0
  6
BYBLOCK
 62
0
100
AcDbLine
 10
-0.5
 20
-0.5
 30
0.0
 11
0.5
 21
0.5
 31
0.0
  0
ENDBLK
  5
1FE
330
1FC
100
AcDbEntity
  8
0
100
AcDbBlockEnd
  0
BLOCK
  5
20E
330
20D
100
AcDbEntity
  8
0
100
AcDbBlockBegin
  2
*D2
 70
1
 10
0.0
 20
0.0
 30
0.0
  3
*D2
  1

  0
LINE
  5
210
330
20D
100
AcDbEntity
  8
0
 62
7
370
13
100
AcDbLine
 10
-0.4761
 20
5.655
 30
0.0
 11
-0.4761
 21
5.865
 31
0.0
  0
LINE
  5
211
330
20D
100
AcDbEntity
  8
0
 62
7
370
13
100
AcDbLine
 10
-0.15
 20
5.655
 30
0.0
 11
-0.15
 21
5.865
 31
0.0
  0
INSERT
  5
212
330
20D
100
AcDbEntity
  8
E-COTA
 62
7
100
AcDbBlockReference
  2
_OBLIQUE
 10
-0.4761
 20
5.805000000000001
 30
0.0
 41
0.1
 42
0.1
  0
INSERT
  5
214
330
20D
100
AcDbEntity
  8
E-COTA
 62
7
100
AcDbBlockReference
  2
_OBLIQUE
 10
-0.15
 20
5.805000000000001
 30
0.0
 41
0.1
 42
0.1
  0
LINE
  5
216
330
20D
100
AcDbEntity
  8
0
 62
7
370
13
100
AcDbLine
 10
-0.4761
 20
5.805000000000001
 30
0.0
 11
-0.15
 21
5.805000000000001
 31
0.0
  0
MTEXT
  5
217
330
20D
100
AcDbEntity
  8
E-COTA
 62
7
100
AcDbMText
 10
-0.31305
 20
5.94
 30
0.0
 40
0.09000000000000001
 71
5
  1
0.33
  7
ARIAL
  0
POINT
  5
218
330
20D
100
AcDbEntity
  8
Defpoints
100
AcDbPoint
 10
-0.4761
 20
5.805000000000001
 30
0.0
  0
POINT
  5
219
330
20D
100
AcDbEntity
  8
Defpoints
100
AcDbPoint
 10
-0.4761
 20
5.615
 30
0.0
  0
POINT
  5
21A
330
20D
100
AcDbEntity
  8
Defpoints
100
AcDbPoint
 10
-0.15
 20
5.615
 30
0.0
  0
ENDBLK
  5
20F
330
20D
100
AcDbEntity
  8
0
100
AcDbBlockEnd
  0
BLOCK
  5
21D
330
21C
100
AcDbEntity
  8
0
100
AcDbBlockBegin
  2
*D3
 70
1
 10
0.0
 20
0.0
 30
0.0
  3
*D3
  1

  0
LINE
  5
21F
330
21C
100
AcDbEntity
  8
0
 62
7
370
13
100
AcDbLine
 10
-0.15
 20
5.655
 30
0.0
 11
-0.15
 21
5.865
 31
0.0
  0
LINE
  5
220
330
21C
100
AcDbEntity
  8
0
 62
7
370
13
100
AcDbLine
 10
0.15
 20
5.655
 30
0.0
 11
0.15
 21
5.865
 31
0.0
  0
INSERT
  5
221
330
21C
100
AcDbEntity
  8
E-COTA
 62
7
100
AcDbBlockReference
  2
_OBLIQUE
 10
-0.15
 20
5.805000000000001
 30
0.0
 41
0.1
 42
0.1
  0
INSERT
  5
223
330
21C
100
AcDbEntity
  8
E-COTA
 62
7
100
AcDbBlockReference
  2
_OBLIQUE
 10
0.15
 20
5.805000000000001
 30
0.0
 41
0.1
 42
0.1
  0
LINE
  5
225
330
21C
100
AcDbEntity
  8
0
 62
7
370
13
100
AcDbLine
 10
-0.15
 20
5.805000000000001
 30
0.0
 11
0.15
 21
5.805000000000001
 31
0.0
  0
MTEXT
  5
226
330
21C
100
AcDbEntity
  8
E-COTA
 62
7
100
AcDbMText
 10
0.0
 20
5.94
 30
0.0
 40
0.09000000000000001
 71
5
  1
0.30
  7
ARIAL
  0
POINT
  5
227
330
21C
100
AcDbEntity
  8
Defpoints
100
AcDbPoint
 10
-0.15
 20
5.805000000000001
 30
0.0
  0
POINT
  5
228
330
21C
100
AcDbEntity
  8
Defpoints
100
AcDbPoint
 10
-0.15
 20
5.615
 30
0.0
  0
POINT
  5
229
330
21C
100
AcDbEntity
  8
Defpoints
100
AcDbPoint
 10
0.15
 20
5.615
 30
0.0
  0
ENDBLK
  5
21E
330
21C
100
AcDbEntity
  8
0
100
AcDbBlockEnd
  0
BLOCK
  5
22C
330
22B
100
AcDbEntity
  8
0
100
AcDbBlockBegin
  2
*D4
 70
1
 10
0.0
 20
0.0
 30
0.0
  3
*D4
  1

  0
LINE
  5
22E
330
22B
100
AcDbEntity
  8
0
 62
7
370
13
100
AcDbLine
 10
0.15
 20
5.655
 30
0.0
 11
0.15
 21
5.865
 31
0.0
  0
LINE
  5
22F
330
22B
100
AcDbEntity
  8
0
 62
7
370
13
100
AcDbLine
 10
1.1167
 20
5.655
 30
0.0
 11
1.1167
 21
5.865
 31
0.0
  0
INSERT
  5
230
330
22B
100
AcDbEntity
  8
E-COTA
 62
7
100
AcDbBlockReference
  2
_OBLIQUE
 10
0.15
 20
5.805000000000001
 30
0.0
 41
0.1
 42
0.1
  0
INSERT
  5
232
330
22B
100
AcDbEntity
  8
E-COTA
 62
7
100
AcDbBlockReference
  2
_OBLIQUE
 10
1.1167
 20
5.805000000000001
 30
0.0
 41
0.1
 42
0.1
  0
LINE
  5
234
330
22B
100
AcDbEntity
  8
0
 62
7
370
13
100
AcDbLine
 10
0.15
 20
5.805000000000001
 30
0.0
 11
1.1167
 21
5.805000000000001
 31
0.0
  0
MTEXT
  5
235
330
22B
100
AcDbEntity
  8
E-COTA
 62
7
100
AcDbMText
 10
0.63335
 20
5.880000000000001
 30
0.0
 40
0.09000000000000001
 71
5
  1
0.97
  7
ARIAL
  0
POINT
  5
236
330
22B
100
AcDbEntity
  8
Defpoints
100
AcDbPoint
 10
0.15
 20
5.805000000000001
 30
0.0
  0
POINT
  5
237
330
22B
100
AcDbEntity
  8
Defpoints
100
AcDbPoint
 10
0.15
 20
5.615
 30
0.0
  0
POINT
  5
238
330
22B
100
AcDbEntity
  8
Defpoints
100
AcDbPoint
 10
1.1167
 20
5.615
 30
0.0
  0
ENDBLK
  5
22D
330
22B
100
AcDbEntity
  8
0
100
AcDbBlockEnd
  0
BLOCK
  5
23D
330
23C
100
AcDbEntity
  8
0
100
AcDbBlockBegin
  2
*D5
 70
1
 10
0.0
 20
0.0
 30
0.0
  3
*D5
  1

  0
LINE
  5
23F
330
23C
100
AcDbEntity
  8
0
 62
7
370
13
100
AcDbLine
 10
5.2833
 20
5.655
 30
0.0
 11
5.2833
 21
5.865
 31
0.0
  0
LINE
  5
240
330
23C
100
AcDbEntity
  8
0
 62
7
370
13
100
AcDbLine
 10
6.25
 20
5.655
 30
0.0
 11
6.25
 21
5.865
 31
0.0
  0
INSERT
  5
241
330
23C
100
AcDbEntity
  8
E-COTA
 62
7
100
AcDbBlockReference
  2
_OBLIQUE
 10
5.2833
 20
5.805000000000001
 30
0.0
 41
0.1
 42
0.1
  0
INSERT
  5
243
330
23C
100
AcDbEntity
  8
E-COTA
 62
7
100
AcDbBlockReference
  2
_OBLIQUE
 10
6.25
 20
5.805000000000001
 30
0.0
 41
0.1
 42
0.1
  0
LINE
  5
245
330
23C
100
AcDbEntity
  8
0
 62
7
370
13
100
AcDbLine
 10
5.2833
 20
5.805000000000001
 30
0.0
 11
6.25
 21
5.805000000000001
 31
0.0
  0
MTEXT
  5
246
330
23C
100
AcDbEntity
  8
E-COTA
 62
7
100
AcDbMText
 10
5.76665
 20
5.880000000000001
 30
0.0
 40
0.09000000000000001
 71
5
  1
0.97
  7
ARIAL
  0
POINT
  5
247
330
23C
100
AcDbEntity
  8
Defpoints
100
AcDbPoint
 10
5.2833
 20
5.805000000000001
 30
0.0
  0
POINT
  5
248
330
23C
100
AcDbEntity
  8
Defpoints
100
AcDbPoint
 10
5.2833
 20
5.615
 30
0.0
  0
POINT
  5
249
330
23C
100
AcDbEntity
  8
Defpoints
100
AcDbPoint
 10
6.25
 20
5.615
 30
0.0
  0
ENDBLK
  5
23E
330
23C
100
AcDbEntity
  8
0
100
AcDbBlockEnd
  0
BLOCK
  5
24C
330
24B
100
AcDbEntity
  8
0
100
AcDbBlockBegin
  2
*D6
 70
1
 10
0.0
 20
0.0
 30
0.0
  3
*D6
  1

  0
LINE
  5
24E
330
24B
100
AcDbEntity
  8
0
 62
7
370
13
100
AcDbLine
 10
6.25
 20
5.655
 30
0.0
 11
6.25
 21
5.865
 31
0.0
  0
LINE
  5
24F
330
24B
100
AcDbEntity
  8
0
 62
7
370
13
100
AcDbLine
 10
6.55
 20
5.655
 30
0.0
 11
6.55
 21
5.865
 31
0.0
  0
INSERT
  5
250
330
24B
100
AcDbEntity
  8
E-COTA
 62
7
100
AcDbBlockReference
  2
_OBLIQUE
 10
6.25
 20
5.805000000000001
 30
0.0
 41
0.1
 42
0.1
  0
INSERT
  5
252
330
24B
100
AcDbEntity
  8
E-COTA
 62
7
100
AcDbBlockReference
  2
_OBLIQUE
 10
6.55
 20
5.805000000000001
 30
0.0
 41
0.1
 42
0.1
  0
LINE
  5
254
330
24B
100
AcDbEntity
  8
0
 62
7
370
13
100
AcDbLine
 10
6.25
 20
5.805000000000001
 30
0.0
 11
6.55
 21
5.805000000000001
 31
0.0
  0
MTEXT
  5
255
330
24B
100
AcDbEntity
  8
E-COTA
 62
7
100
AcDbMText
 10
6.4
 20
5.94
 30
0.0
 40
0.09000000000000001
 71
5
  1
0.30
  7
ARIAL
  0
POINT
  5
256
330
24B
100
AcDbEntity
  8
Defpoints
100
AcDbPoint
 10
6.25
 20
5.805000000000001
 30
0.0
  0
POINT
  5
257
330
24B
100
AcDbEntity
  8
Defpoints
100
AcDbPoint
 10
6.25
 20
5.615
 30
0.0
  0
POINT
  5
258
330
24B
100
AcDbEntity
  8
Defpoints
100
AcDbPoint
 10
6.55
 20
5.615
 30
0.0
  0
ENDBLK
  5
24D
330
24B
100
AcDbEntity
  8
0
100
AcDbBlockEnd
  0
BLOCK
  5
25B
330
25A
100
AcDbEntity
  8
0
100
AcDbBlockBegin
  2
*D7
 70
1
 10
0.0
 20
0.0
 30
0.0
  3
*D7
  1

  0
LINE
  5
25D
330
25A
100
AcDbEntity
  8
0
 62
7
370
13
100
AcDbLine
 10
6.55
 20
5.655
 30
0.0
 11
6.55
 21
5.865
 31
0.0
  0
LINE
  5
25E
330
25A
100
AcDbEntity
  8
0
 62
7
370
13
100
AcDbLine
 10
7.65
 20
5.655
 30
0.0
 11
7.65
 21
5.865
 31
0.0
  0
INSERT
  5
25F
330
25A
100
AcDbEntity
  8
E-COTA
 62
7
100
AcDbBlockReference
  2
_OBLIQUE
 10
6.55
 20
5.805000000000001
 30
0.0
 41
0.1
 42
0.1
  0
INSERT
  5
261
330
25A
100
AcDbEntity
  8
E-COTA
 62
7
100
AcDbBlockReference
  2
_OBLIQUE
 10
7.65
 20
5.805000000000001
 30
0.0
 41
0.1
 42
0.1
  0
LINE
  5
263
330
25A
100
AcDbEntity
  8
0
 62
7
370
13
100
AcDbLine
 10
6.55
 20
5.805000000000001
 30
0.0
 11
7.65
 21
5.805000000000001
 31
0.0
  0
MTEXT
  5
264
330
25A
100
AcDbEntity
  8
E-COTA
 62
7
100
AcDbMText
 10
7.1
 20
5.880000000000001
 30
0.0
 40
0.09000000000000001
 71
5
  1
1.10
  7
ARIAL
  0
POINT
  5
265
330
25A
100
AcDbEntity
  8
Defpoints
100
AcDbPoint
 10
6.55
 20
5.805000000000001
 30
0.0
  0
POINT
  5
266
330
25A
100
AcDbEntity
  8
Defpoints
100
AcDbPoint
 10
6.55
 20
5.615
 30
0.0
  0
POINT
  5
267
330
25A
100
AcDbEntity
  8
Defpoints
100
AcDbPoint
 10
7.65
 20
5.615
 30
0.0
  0
ENDBLK
  5
25C
330
25A
100
AcDbEntity
  8
0
100
AcDbBlockEnd
  0
BLOCK
  5
26C
330
26B
100
AcDbEntity
  8
0
100
AcDbBlockBegin
  2
*D8
 70
1
 10
0.0
 20
0.0
 30
0.0
  3
*D8
  1

  0
LINE
  5
26E
330
26B
100
AcDbEntity
  8
0
 62
7
370
13
100
AcDbLine
 10
2.0833
 20
5.655
 30
0.0
 11
2.0833
 21
5.865
 31
0.0
  0
LINE
  5
26F
330
26B
100
AcDbEntity
  8
0
 62
7
370
13
100
AcDbLine
 10
3.05
 20
5.655
 30
0.0
 11
3.05
 21
5.865
 31
0.0
  0
INSERT
  5
270
330
26B
100
AcDbEntity
  8
E-COTA
 62
7
100
AcDbBlockReference
  2
_OBLIQUE
 10
2.0833
 20
5.805000000000001
 30
0.0
 41
0.1
 42
0.1
  0
INSERT
  5
272
330
26B
100
AcDbEntity
  8
E-COTA
 62
7
100
AcDbBlockReference
  2
_OBLIQUE
 10
3.05
 20
5.805000000000001
 30
0.0
 41
0.1
 42
0.1
  0
LINE
  5
274
330
26B
100
AcDbEntity
  8
0
 62
7
370
13
100
AcDbLine
 10
2.0833
 20
5.805000000000001
 30
0.0
 11
3.05
 21
5.805000000000001
 31
0.0
  0
MTEXT
  5
275
330
26B
100
AcDbEntity
  8
E-COTA
 62
7
100
AcDbMText
 10
2.56665
 20
5.880000000000001
 30
0.0
 40
0.09000000000000001
 71
5
  1
0.97
  7
ARIAL
  0
POINT
  5
276
330
26B
100
AcDbEntity
  8
Defpoints
100
AcDbPoint
 10
2.0833
 20
5.805000000000001
 30
0.0
  0
POINT
  5
277
330
26B
100
AcDbEntity
  8
Defpoints
100
AcDbPoint
 10
2.0833
 20
5.615
 30
0.0
  0
POINT
  5
278
330
26B
100
AcDbEntity
  8
Defpoints
100
AcDbPoint
 10
3.05
 20
5.615
 30
0.0
  0
ENDBLK
  5
26D
330
26B
100
AcDbEntity
  8
0
100
AcDbBlockEnd
  0
BLOCK
  5
27B
330
27A
100
AcDbEntity
  8
0
100
AcDbBlockBegin
  2
*D9
 70
1
 10
0.0
 20
0.0
 30
0.0
  3
*D9
  1

  0
LINE
  5
27D
330
27A
100
AcDbEntity
  8
0
 62
7
370
13
100
AcDbLine
 10
3.05
 20
5.655
 30
0.0
 11
3.05
 21
5.865
 31
0.0
  0
LINE
  5
27E
330
27A
100
AcDbEntity
  8
0
 62
7
370
13
100
AcDbLine
 10
3.35
 20
5.655
 30
0.0
 11
3.35
 21
5.865
 31
0.0
  0
INSERT
  5
27F
330
27A
100
AcDbEntity
  8
E-COTA
 62
7
100
AcDbBlockReference
  2
_OBLIQUE
 10
3.05
 20
5.805000000000001
 30
0.0
 41
0.1
 42
0.1
  0
INSERT
  5
281
330
27A
100
AcDbEntity
  8
E-COTA
 62
7
100
AcDbBlockReference
  2
_OBLIQUE
 10
3.35
 20
5.805000000000001
 30
0.0
 41
0.1
 42
0.1
  0
LINE
  5
283
330
27A
100
AcDbEntity
  8
0
 62
7
370
13
100
AcDbLine
 10
3.05
 20
5.805000000000001
 30
0.0
 11
3.35
 21
5.805000000000001
 31
0.0
  0
MTEXT
  5
284
330
27A
100
AcDbEntity
  8
E-COTA
 62
7
100
AcDbMText
 10
3.2
 20
5.94
 30
0.0
 40
0.09000000000000001
 71
5
  1
0.30
  7
ARIAL
  0
POINT
  5
285
330
27A
100
AcDbEntity
  8
Defpoints
100
AcDbPoint
 10
3.05
 20
5.805000000000001
 30
0.0
  0
POINT
  5
286
330
27A
100
AcDbEntity
  8
Defpoints
100
AcDbPoint
 10
3.05
 20
5.615
 30
0.0
  0
POINT
  5
287
330
27A
100
AcDbEntity
  8
Defpoints
100
AcDbPoint
 10
3.35
 20
5.615
 30
0.0
  0
ENDBLK
  5
27C
330
27A
100
AcDbEntity
  8
0
100
AcDbBlockEnd
  0
BLOCK
  5
28A
330
289
100
AcDbEntity
  8
0
100
AcDbBlockBegin
  2
*D10
 70
1
 10
0.0
 20
0.0
 30
0.0
  3
*D10
  1

  0
LINE
  5
28C
330
289
100
AcDbEntity
  8
0
 62
7
370
13
100
AcDbLine
 10
3.35
 20
5.655
 30
0.0
 11
3.35
 21
5.865
 31
0.0
  0
LINE
  5
28D
330
289
100
AcDbEntity
  8
0
 62
7
370
13
100
AcDbLine
 10
4.3167
 20
5.655
 30
0.0
 11
4.3167
 21
5.865
 31
0.0
  0
INSERT
  5
28E
330
289
100
AcDbEntity
  8
E-COTA
 62
7
100
AcDbBlockReference
  2
_OBLIQUE
 10
3.35
 20
5.805000000000001
 30
0.0
 41
0.1
 42
0.1
  0
INSERT
  5
290
330
289
100
AcDbEntity
  8
E-COTA
 62
7
100
AcDbBlockReference
  2
_OBLIQUE
 10
4.3167
 20
5.805000000000001
 30
0.0
 41
0.1
 42
0.1
  0
LINE
  5
292
330
289
100
AcDbEntity
  8
0
 62
7
370
13
100
AcDbLine
 10
3.35
 20
5.805000000000001
 30
0.0
 11
4.3167
 21
5.805000000000001
 31
0.0
  0
MTEXT
  5
293
330
289
100
AcDbEntity
  8
E-COTA
 62
7
100
AcDbMText
 10
3.8333500000000003
 20
5.880000000000001
 30
0.0
 40
0.09000000000000001
 71
5
  1
0.97
  7
ARIAL
  0
POINT
  5
294
330
289
100
AcDbEntity
  8
Defpoints
100
AcDbPoint
 10
3.35
 20
5.805000000000001
 30
0.0
  0
POINT
  5
295
330
289
100
AcDbEntity
  8
Defpoints
100
AcDbPoint
 10
3.35
 20
5.615
 30
0.0
  0
POINT
  5
296
330
289
100
AcDbEntity
  8
Defpoints
100
AcDbPoint
 10
4.3167
 20
5.615
 30
0.0
  0
ENDBLK
  5
28B
330
289
100
AcDbEntity
  8
0
100
AcDbBlockEnd
  0
BLOCK
  5
29C
330
29B
100
AcDbEntity
  8
0
100
AcDbBlockBegin
  2
*D11
 70
1
 10
0.0
 20
0.0
 30
0.0
  3
*D11
  1

  0
LINE
  5
29E
330
29B
100
AcDbEntity
  8
0
 62
7
370
13
100
AcDbLine
 10
9.19
 20
5.655
 30
0.0
 11
9.19
 21
5.865
 31
0.0
  0
LINE
  5
29F
330
29B
100
AcDbEntity
  8
0
 62
7
370
13
100
AcDbLine
 10
9.85
 20
5.655
 30
0.0
 11
9.85
 21
5.865
 31
0.0
  0
INSERT
  5
2A0
330
29B
100
AcDbEntity
  8
E-COTA
 62
7
100
AcDbBlockReference
  2
_OBLIQUE
 10
9.19
 20
5.805000000000001
 30
0.0
 41
0.1
 42
0.1
  0
INSERT
  5
2A2
330
29B
100
AcDbEntity
  8
E-COTA
 62
7
100
AcDbBlockReference
  2
_OBLIQUE
 10
9.85
 20
5.805000000000001
 30
0.0
 41
0.1
 42
0.1
  0
LINE
  5
2A4
330
29B
100
AcDbEntity
  8
0
 62
7
370
13
100
AcDbLine
 10
9.19
 20
5.805000000000001
 30
0.0
 11
9.85
 21
5.805000000000001
 31
0.0
  0
MTEXT
  5
2A5
330
29B
100
AcDbEntity
  8
E-COTA
 62
7
100
AcDbMText
 10
9.52
 20
5.880000000000001
 30
0.0
 40
0.09000000000000001
 71
5
  1
0.66
  7
ARIAL
  0
POINT
  5
2A6
330
29B
100
AcDbEntity
  8
Defpoints
100
AcDbPoint
 10
9.19
 20
5.805000000000001
 30
0.0
  0
POINT
  5
2A7
330
29B
100
AcDbEntity
  8
Defpoints
100
AcDbPoint
 10
9.19
 20
5.615
 30
0.0
  0
POINT
  5
2A8
330
29B
100
AcDbEntity
  8
Defpoints
100
AcDbPoint
 10
9.85
 20
5.615
 30
0.0
  0
ENDBLK
  5
29D
330
29B
100
AcDbEntity
  8
0
100
AcDbBlockEnd
  0
BLOCK
  5
2AB
330
2AA
100
AcDbEntity
  8
0
100
AcDbBlockBegin
  2
*D12
 70
1
 10
0.0
 20
0.0
 30
0.0
  3
*D12
  1

  0
LINE
  5
2AD
330
2AA
100
AcDbEntity
  8
0
 62
7
370
13
100
AcDbLine
 10
9.85
 20
5.655
 30
0.0
 11
9.85
 21
5.865
 31
0.0
  0
LINE
  5
2AE
330
2AA
100
AcDbEntity
  8
0
 62
7
370
13
100
AcDbLine
 10
10.11
 20
5.655
 30
0.0
 11
10.11
 21
5.865
 31
0.0
  0
INSERT
  5
2AF
330
2AA
100
AcDbEntity
  8
E-COTA
 62
7
100
AcDbBlockReference
  2
_OBLIQUE
 10
9.85
 20
5.805000000000001
 30
0.0
 41
0.1
 42
0.1
  0
INSERT
  5
2B1
330
2AA
100
AcDbEntity
  8
E-COTA
 62
7
100
AcDbBlockReference
  2
_OBLIQUE
 10
10.11
 20
5.805000000000001
 30
0.0
 41
0.1
 42
0.1
  0
LINE
  5
2B3
330
2AA
100
AcDbEntity
  8
0
 62
7
370
13
100
AcDbLine
 10
9.85
 20
5.805000000000001
 30
0.0
 11
10.11
 21
5.805000000000001
 31
0.0
  0
MTEXT
  5
2B4
330
2AA
100
AcDbEntity
  8
E-COTA
 62
7
100
AcDbMText
 10
9.98
 20
5.94
 30
0.0
 40
0.09000000000000001
 71
5
  1
0.26
  7
ARIAL
  0
POINT
  5
2B5
330
2AA
100
AcDbEntity
  8
Defpoints
100
AcDbPoint
 10
9.85
 20
5.805000000000001
 30
0.0
  0
POINT
  5
2B6
330
2AA
100
AcDbEntity
  8
Defpoints
100
AcDbPoint
 10
9.85
 20
5.615
 30
0.0
  0
POINT
  5
2B7
330
2AA
100
AcDbEntity
  8
Defpoints
100
AcDbPoint
 10
10.11
 20
5.615
 30
0.0
  0
ENDBLK
  5
2AC
330
2AA
100
AcDbEntity
  8
0
100
AcDbBlockEnd
  0
BLOCK
  5
2BF
330
2BE
100
AcDbEntity
  8
0
100
AcDbBlockBegin
  2
*D13
 70
1
 10
0.0
 20
0.0
 30
0.0
  3
*D13
  1

  0
LINE
  5
2C1
330
2BE
100
AcDbEntity
  8
0
 62
7
370
13
100
AcDbLine
 10
2.9000000953674316
 20
6.805
 30
0.0
 11
2.9000000953674316
 21
6.984999999999999
 31
0.0
  0
LINE
  5
2C2
330
2BE
100
AcDbEntity
  8
0
 62
7
370
13
100
AcDbLine
 10
3.5
 20
6.805
 30
0.0
 11
3.5
 21
6.984999999999999
 31
0.0
  0
INSERT
  5
2C3
330
2BE
100
AcDbEntity
  8
E-COTA
 62
7
100
AcDbBlockReference
  2
_OBLIQUE
 10
2.9000000953674316
 20
6.925
 30
0.0
 41
0.1
 42
0.1
  0
INSERT
  5
2C5
330
2BE
100
AcDbEntity
  8
E-COTA
 62
7
100
AcDbBlockReference
  2
_OBLIQUE
 10
3.5
 20
6.925
 30
0.0
 41
0.1
 42
0.1
  0
LINE
  5
2C7
330
2BE
100
AcDbEntity
  8
0
 62
7
370
13
100
AcDbLine
 10
2.9000000953674316
 20
6.925
 30
0.0
 11
3.5
 21
6.925
 31
0.0
  0
MTEXT
  5
2C8
330
2BE
100
AcDbEntity
  8
E-COTA
 62
7
100
AcDbMText
 10
3.200000047683716
 20
7.06
 30
0.0
 40
0.09000000000000001
 71
5
  1
trasl. 0.60
  7
ARIAL
  0
POINT
  5
2C9
330
2BE
100
AcDbEntity
  8
Defpoints
100
AcDbPoint
 10
2.9000000953674316
 20
6.925
 30
0.0
  0
POINT
  5
2CA
330
2BE
100
AcDbEntity
  8
Defpoints
100
AcDbPoint
 10
2.9000000953674316
 20
6.765
 30
0.0
  0
POINT
  5
2CB
330
2BE
100
AcDbEntity
  8
Defpoints
100
AcDbPoint
 10
3.5
 20
6.765
 30
0.0
  0
ENDBLK
  5
2C0
330
2BE
100
AcDbEntity
  8
0
100
AcDbBlockEnd
  0
BLOCK
  5
2D1
330
2D0
100
AcDbEntity
  8
0
100
AcDbBlockBegin
  2
*D14
 70
1
 10
0.0
 20
0.0
 30
0.0
  3
*D14
  1

  0
LINE
  5
2D3
330
2D0
100
AcDbEntity
  8
0
 62
7
370
13
100
AcDbLine
 10
-0.6229
 20
7.605
 30
0.0
 11
-0.6229
 21
7.815
 31
0.0
  0
LINE
  5
2D4
330
2D0
100
AcDbEntity
  8
0
 62
7
370
13
100
AcDbLine
 10
-0.15
 20
7.605
 30
0.0
 11
-0.15
 21
7.815
 31
0.0
  0
INSERT
  5
2D5
330
2D0
100
AcDbEntity
  8
E-COTA
 62
7
100
AcDbBlockReference
  2
_OBLIQUE
 10
-0.6229
 20
7.755000000000001
 30
0.0
 41
0.1
 42
0.1
  0
INSERT
  5
2D7
330
2D0
100
AcDbEntity
  8
E-COTA
 62
7
100
AcDbBlockReference
  2
_OBLIQUE
 10
-0.15
 20
7.755000000000001
 30
0.0
 41
0.1
 42
0.1
  0
LINE
  5
2D9
330
2D0
100
AcDbEntity
  8
0
 62
7
370
13
100
AcDbLine
 10
-0.6229
 20
7.755000000000001
 30
0.0
 11
-0.15
 21
7.755000000000001
 31
0.0
  0
MTEXT
  5
2DA
330
2D0
100
AcDbEntity
  8
E-COTA
 62
7
100
AcDbMText
 10
-0.38645
 20
7.830000000000001
 30
0.0
 40
0.09000000000000001
 71
5
  1
0.47
  7
ARIAL
  0
POINT
  5
2DB
330
2D0
100
AcDbEntity
  8
Defpoints
100
AcDbPoint
 10
-0.6229
 20
7.755000000000001
 30
0.0
  0
POINT
  5
2DC
330
2D0
100
AcDbEntity
  8
Defpoints
100
AcDbPoint
 10
-0.6229
 20
7.565
 30
0.0
  0
POINT
  5
2DD
330
2D0
100
AcDbEntity
  8
Defpoints
100
AcDbPoint
 10
-0.15
 20
7.565
 30
0.0
  0
ENDBLK
  5
2D2
330
2D0
100
AcDbEntity
  8
0
100
AcDbBlockEnd
  0
BLOCK
  5
2E0
330
2DF
100
AcDbEntity
  8
0
100
AcDbBlockBegin
  2
*D15
 70
1
 10
0.0
 20
0.0
 30
0.0
  3
*D15
  1

  0
LINE
  5
2E2
330
2DF
100
AcDbEntity
  8
0
 62
7
370
13
100
AcDbLine
 10
-0.15
 20
7.605
 30
0.0
 11
-0.15
 21
7.815
 31
0.0
  0
LINE
  5
2E3
330
2DF
100
AcDbEntity
  8
0
 62
7
370
13
100
AcDbLine
 10
0.15
 20
7.605
 30
0.0
 11
0.15
 21
7.815
 31
0.0
  0
INSERT
  5
2E4
330
2DF
100
AcDbEntity
  8
E-COTA
 62
7
100
AcDbBlockReference
  2
_OBLIQUE
 10
-0.15
 20
7.755000000000001
 30
0.0
 41
0.1
 42
0.1
  0
INSERT
  5
2E6
330
2DF
100
AcDbEntity
  8
E-COTA
 62
7
100
AcDbBlockReference
  2
_OBLIQUE
 10
0.15
 20
7.755000000000001
 30
0.0
 41
0.1
 42
0.1
  0
LINE
  5
2E8
330
2DF
100
AcDbEntity
  8
0
 62
7
370
13
100
AcDbLine
 10
-0.15
 20
7.755000000000001
 30
0.0
 11
0.15
 21
7.755000000000001
 31
0.0
  0
MTEXT
  5
2E9
330
2DF
100
AcDbEntity
  8
E-COTA
 62
7
100
AcDbMText
 10
0.0
 20
7.890000000000001
 30
0.0
 40
0.09000000000000001
 71
5
  1
0.30
  7
ARIAL
  0
POINT
  5
2EA
330
2DF
100
AcDbEntity
  8
Defpoints
100
AcDbPoint
 10
-0.15
 20
7.755000000000001
 30
0.0
  0
POINT
  5
2EB
330
2DF
100
AcDbEntity
  8
Defpoints
100
AcDbPoint
 10
-0.15
 20
7.565
 30
0.0
  0
POINT
  5
2EC
330
2DF
100
AcDbEntity
  8
Defpoints
100
AcDbPoint
 10
0.15
 20
7.565
 30
0.0
  0
ENDBLK
  5
2E1
330
2DF
100
AcDbEntity
  8
0
100
AcDbBlockEnd
  0
BLOCK
  5
2EF
330
2EE
100
AcDbEntity
  8
0
100
AcDbBlockBegin
  2
*D16
 70
1
 10
0.0
 20
0.0
 30
0.0
  3
*D16
  1

  0
LINE
  5
2F1
330
2EE
100
AcDbEntity
  8
0
 62
7
370
13
100
AcDbLine
 10
0.15
 20
7.605
 30
0.0
 11
0.15
 21
7.815
 31
0.0
  0
LINE
  5
2F2
330
2EE
100
AcDbEntity
  8
0
 62
7
370
13
100
AcDbLine
 10
1.1167
 20
7.605
 30
0.0
 11
1.1167
 21
7.815
 31
0.0
  0
INSERT
  5
2F3
330
2EE
100
AcDbEntity
  8
E-COTA
 62
7
100
AcDbBlockReference
  2
_OBLIQUE
 10
0.15
 20
7.755000000000001
 30
0.0
 41
0.1
 42
0.1
  0
INSERT
  5
2F5
330
2EE
100
AcDbEntity
  8
E-COTA
 62
7
100
AcDbBlockReference
  2
_OBLIQUE
 10
1.1167
 20
7.755000000000001
 30
0.0
 41
0.1
 42
0.1
  0
LINE
  5
2F7
330
2EE
100
AcDbEntity
  8
0
 62
7
370
13
100
AcDbLine
 10
0.15
 20
7.755000000000001
 30
0.0
 11
1.1167
 21
7.755000000000001
 31
0.0
  0
MTEXT
  5
2F8
330
2EE
100
AcDbEntity
  8
E-COTA
 62
7
100
AcDbMText
 10
0.63335
 20
7.830000000000001
 30
0.0
 40
0.09000000000000001
 71
5
  1
0.97
  7
ARIAL
  0
POINT
  5
2F9
330
2EE
100
AcDbEntity
  8
Defpoints
100
AcDbPoint
 10
0.15
 20
7.755000000000001
 30
0.0
  0
POINT
  5
2FA
330
2EE
100
AcDbEntity
  8
Defpoints
100
AcDbPoint
 10
0.15
 20
7.565
 30
0.0
  0
POINT
  5
2FB
330
2EE
100
AcDbEntity
  8
Defpoints
100
AcDbPoint
 10
1.1167
 20
7.565
 30
0.0
  0
ENDBLK
  5
2F0
330
2EE
100
AcDbEntity
  8
0
100
AcDbBlockEnd
  0
BLOCK
  5
300
330
2FF
100
AcDbEntity
  8
0
100
AcDbBlockBegin
  2
*D17
 70
1
 10
0.0
 20
0.0
 30
0.0
  3
*D17
  1

  0
LINE
  5
302
330
2FF
100
AcDbEntity
  8
0
 62
7
370
13
100
AcDbLine
 10
5.2833
 20
7.605
 30
0.0
 11
5.2833
 21
7.815
 31
0.0
  0
LINE
  5
303
330
2FF
100
AcDbEntity
  8
0
 62
7
370
13
100
AcDbLine
 10
6.25
 20
7.605
 30
0.0
 11
6.25
 21
7.815
 31
0.0
  0
INSERT
  5
304
330
2FF
100
AcDbEntity
  8
E-COTA
 62
7
100
AcDbBlockReference
  2
_OBLIQUE
 10
5.2833
 20
7.755000000000001
 30
0.0
 41
0.1
 42
0.1
  0
INSERT
  5
306
330
2FF
100
AcDbEntity
  8
E-COTA
 62
7
100
AcDbBlockReference
  2
_OBLIQUE
 10
6.25
 20
7.755000000000001
 30
0.0
 41
0.1
 42
0.1
  0
LINE
  5
308
330
2FF
100
AcDbEntity
  8
0
 62
7
370
13
100
AcDbLine
 10
5.2833
 20
7.755000000000001
 30
0.0
 11
6.25
 21
7.755000000000001
 31
0.0
  0
MTEXT
  5
309
330
2FF
100
AcDbEntity
  8
E-COTA
 62
7
100
AcDbMText
 10
5.76665
 20
7.830000000000001
 30
0.0
 40
0.09000000000000001
 71
5
  1
0.97
  7
ARIAL
  0
POINT
  5
30A
330
2FF
100
AcDbEntity
  8
Defpoints
100
AcDbPoint
 10
5.2833
 20
7.755000000000001
 30
0.0
  0
POINT
  5
30B
330
2FF
100
AcDbEntity
  8
Defpoints
100
AcDbPoint
 10
5.2833
 20
7.565
 30
0.0
  0
POINT
  5
30C
330
2FF
100
AcDbEntity
  8
Defpoints
100
AcDbPoint
 10
6.25
 20
7.565
 30
0.0
  0
ENDBLK
  5
301
330
2FF
100
AcDbEntity
  8
0
100
AcDbBlockEnd
  0
BLOCK
  5
30F
330
30E
100
AcDbEntity
  8
0
100
AcDbBlockBegin
  2
*D18
 70
1
 10
0.0
 20
0.0
 30
0.0
  3
*D18
  1

  0
LINE
  5
311
330
30E
100
AcDbEntity
  8
0
 62
7
370
13
100
AcDbLine
 10
6.25
 20
7.605
 30
0.0
 11
6.25
 21
7.815
 31
0.0
  0
LINE
  5
312
330
30E
100
AcDbEntity
  8
0
 62
7
370
13
100
AcDbLine
 10
6.55
 20
7.605
 30
0.0
 11
6.55
 21
7.815
 31
0.0
  0
INSERT
  5
313
330
30E
100
AcDbEntity
  8
E-COTA
 62
7
100
AcDbBlockReference
  2
_OBLIQUE
 10
6.25
 20
7.755000000000001
 30
0.0
 41
0.1
 42
0.1
  0
INSERT
  5
315
330
30E
100
AcDbEntity
  8
E-COTA
 62
7
100
AcDbBlockReference
  2
_OBLIQUE
 10
6.55
 20
7.755000000000001
 30
0.0
 41
0.1
 42
0.1
  0
LINE
  5
317
330
30E
100
AcDbEntity
  8
0
 62
7
370
13
100
AcDbLine
 10
6.25
 20
7.755000000000001
 30
0.0
 11
6.55
 21
7.755000000000001
 31
0.0
  0
MTEXT
  5
318
330
30E
100
AcDbEntity
  8
E-COTA
 62
7
100
AcDbMText
 10
6.4
 20
7.890000000000001
 30
0.0
 40
0.09000000000000001
 71
5
  1
0.30
  7
ARIAL
  0
POINT
  5
319
330
30E
100
AcDbEntity
  8
Defpoints
100
AcDbPoint
 10
6.25
 20
7.755000000000001
 30
0.0
  0
POINT
  5
31A
330
30E
100
AcDbEntity
  8
Defpoints
100
AcDbPoint
 10
6.25
 20
7.565
 30
0.0
  0
POINT
  5
31B
330
30E
100
AcDbEntity
  8
Defpoints
100
AcDbPoint
 10
6.55
 20
7.565
 30
0.0
  0
ENDBLK
  5
310
330
30E
100
AcDbEntity
  8
0
100
AcDbBlockEnd
  0
BLOCK
  5
31E
330
31D
100
AcDbEntity
  8
0
100
AcDbBlockBegin
  2
*D19
 70
1
 10
0.0
 20
0.0
 30
0.0
  3
*D19
  1

  0
LINE
  5
320
330
31D
100
AcDbEntity
  8
0
 62
7
370
13
100
AcDbLine
 10
6.55
 20
7.605
 30
0.0
 11
6.55
 21
7.815
 31
0.0
  0
LINE
  5
321
330
31D
100
AcDbEntity
  8
0
 62
7
370
13
100
AcDbLine
 10
7.65
 20
7.605
 30
0.0
 11
7.65
 21
7.815
 31
0.0
  0
INSERT
  5
322
330
31D
100
AcDbEntity
  8
E-COTA
 62
7
100
AcDbBlockReference
  2
_OBLIQUE
 10
6.55
 20
7.755000000000001
 30
0.0
 41
0.1
 42
0.1
  0
INSERT
  5
324
330
31D
100
AcDbEntity
  8
E-COTA
 62
7
100
AcDbBlockReference
  2
_OBLIQUE
 10
7.65
 20
7.755000000000001
 30
0.0
 41
0.1
 42
0.1
  0
LINE
  5
326
330
31D
100
AcDbEntity
  8
0
 62
7
370
13
100
AcDbLine
 10
6.55
 20
7.755000000000001
 30
0.0
 11
7.65
 21
7.755000000000001
 31
0.0
  0
MTEXT
  5
327
330
31D
100
AcDbEntity
  8
E-COTA
 62
7
100
AcDbMText
 10
7.1
 20
7.830000000000001
 30
0.0
 40
0.09000000000000001
 71
5
  1
1.10
  7
ARIAL
  0
POINT
  5
328
330
31D
100
AcDbEntity
  8
Defpoints
100
AcDbPoint
 10
6.55
 20
7.755000000000001
 30
0.0
  0
POINT
  5
329
330
31D
100
AcDbEntity
  8
Defpoints
100
AcDbPoint
 10
6.55
 20
7.565
 30
0.0
  0
POINT
  5
32A
330
31D
100
AcDbEntity
  8
Defpoints
100
AcDbPoint
 10
7.65
 20
7.565
 30
0.0
  0
ENDBLK
  5
31F
330
31D
100
AcDbEntity
  8
0
100
AcDbBlockEnd
  0
BLOCK
  5
32F
330
32E
100
AcDbEntity
  8
0
100
AcDbBlockBegin
  2
*D20
 70
1
 10
0.0
 20
0.0
 30
0.0
  3
*D20
  1

  0
LINE
  5
331
330
32E
100
AcDbEntity
  8
0
 62
7
370
13
100
AcDbLine
 10
2.0833
 20
7.605
 30
0.0
 11
2.0833
 21
7.815
 31
0.0
  0
LINE
  5
332
330
32E
100
AcDbEntity
  8
0
 62
7
370
13
100
AcDbLine
 10
3.05
 20
7.605
 30
0.0
 11
3.05
 21
7.815
 31
0.0
  0
INSERT
  5
333
330
32E
100
AcDbEntity
  8
E-COTA
 62
7
100
AcDbBlockReference
  2
_OBLIQUE
 10
2.0833
 20
7.755000000000001
 30
0.0
 41
0.1
 42
0.1
  0
INSERT
  5
335
330
32E
100
AcDbEntity
  8
E-COTA
 62
7
100
AcDbBlockReference
  2
_OBLIQUE
 10
3.05
 20
7.755000000000001
 30
0.0
 41
0.1
 42
0.1
  0
LINE
  5
337
330
32E
100
AcDbEntity
  8
0
 62
7
370
13
100
AcDbLine
 10
2.0833
 20
7.755000000000001
 30
0.0
 11
3.05
 21
7.755000000000001
 31
0.0
  0
MTEXT
  5
338
330
32E
100
AcDbEntity
  8
E-COTA
 62
7
100
AcDbMText
 10
2.56665
 20
7.830000000000001
 30
0.0
 40
0.09000000000000001
 71
5
  1
0.97
  7
ARIAL
  0
POINT
  5
339
330
32E
100
AcDbEntity
  8
Defpoints
100
AcDbPoint
 10
2.0833
 20
7.755000000000001
 30
0.0
  0
POINT
  5
33A
330
32E
100
AcDbEntity
  8
Defpoints
100
AcDbPoint
 10
2.0833
 20
7.565
 30
0.0
  0
POINT
  5
33B
330
32E
100
AcDbEntity
  8
Defpoints
100
AcDbPoint
 10
3.05
 20
7.565
 30
0.0
  0
ENDBLK
  5
330
330
32E
100
AcDbEntity
  8
0
100
AcDbBlockEnd
  0
BLOCK
  5
33E
330
33D
100
AcDbEntity
  8
0
100
AcDbBlockBegin
  2
*D21
 70
1
 10
0.0
 20
0.0
 30
0.0
  3
*D21
  1

  0
LINE
  5
340
330
33D
100
AcDbEntity
  8
0
 62
7
370
13
100
AcDbLine
 10
3.05
 20
7.605
 30
0.0
 11
3.05
 21
7.815
 31
0.0
  0
LINE
  5
341
330
33D
100
AcDbEntity
  8
0
 62
7
370
13
100
AcDbLine
 10
3.35
 20
7.605
 30
0.0
 11
3.35
 21
7.815
 31
0.0
  0
INSERT
  5
342
330
33D
100
AcDbEntity
  8
E-COTA
 62
7
100
AcDbBlockReference
  2
_OBLIQUE
 10
3.05
 20
7.755000000000001
 30
0.0
 41
0.1
 42
0.1
  0
INSERT
  5
344
330
33D
100
AcDbEntity
  8
E-COTA
 62
7
100
AcDbBlockReference
  2
_OBLIQUE
 10
3.35
 20
7.755000000000001
 30
0.0
 41
0.1
 42
0.1
  0
LINE
  5
346
330
33D
100
AcDbEntity
  8
0
 62
7
370
13
100
AcDbLine
 10
3.05
 20
7.755000000000001
 30
0.0
 11
3.35
 21
7.755000000000001
 31
0.0
  0
MTEXT
  5
347
330
33D
100
AcDbEntity
  8
E-COTA
 62
7
100
AcDbMText
 10
3.2
 20
7.890000000000001
 30
0.0
 40
0.09000000000000001
 71
5
  1
0.30
  7
ARIAL
  0
POINT
  5
348
330
33D
100
AcDbEntity
  8
Defpoints
100
AcDbPoint
 10
3.05
 20
7.755000000000001
 30
0.0
  0
POINT
  5
349
330
33D
100
AcDbEntity
  8
Defpoints
100
AcDbPoint
 10
3.05
 20
7.565
 30
0.0
  0
POINT
  5
34A
330
33D
100
AcDbEntity
  8
Defpoints
100
AcDbPoint
 10
3.35
 20
7.565
 30
0.0
  0
ENDBLK
  5
33F
330
33D
100
AcDbEntity
  8
0
100
AcDbBlockEnd
  0
BLOCK
  5
34D
330
34C
100
AcDbEntity
  8
0
100
AcDbBlockBegin
  2
*D22
 70
1
 10
0.0
 20
0.0
 30
0.0
  3
*D22
  1

  0
LINE
  5
34F
330
34C
100
AcDbEntity
  8
0
 62
7
370
13
100
AcDbLine
 10
3.35
 20
7.605
 30
0.0
 11
3.35
 21
7.815
 31
0.0
  0
LINE
  5
350
330
34C
100
AcDbEntity
  8
0
 62
7
370
13
100
AcDbLine
 10
4.3167
 20
7.605
 30
0.0
 11
4.3167
 21
7.815
 31
0.0
  0
INSERT
  5
351
330
34C
100
AcDbEntity
  8
E-COTA
 62
7
100
AcDbBlockReference
  2
_OBLIQUE
 10
3.35
 20
7.755000000000001
 30
0.0
 41
0.1
 42
0.1
  0
INSERT
  5
353
330
34C
100
AcDbEntity
  8
E-COTA
 62
7
100
AcDbBlockReference
  2
_OBLIQUE
 10
4.3167
 20
7.755000000000001
 30
0.0
 41
0.1
 42
0.1
  0
LINE
  5
355
330
34C
100
AcDbEntity
  8
0
 62
7
370
13
100
AcDbLine
 10
3.35
 20
7.755000000000001
 30
0.0
 11
4.3167
 21
7.755000000000001
 31
0.0
  0
MTEXT
  5
356
330
34C
100
AcDbEntity
  8
E-COTA
 62
7
100
AcDbMText
 10
3.8333500000000003
 20
7.830000000000001
 30
0.0
 40
0.09000000000000001
 71
5
  1
0.97
  7
ARIAL
  0
POINT
  5
357
330
34C
100
AcDbEntity
  8
Defpoints
100
AcDbPoint
 10
3.35
 20
7.755000000000001
 30
0.0
  0
POINT
  5
358
330
34C
100
AcDbEntity
  8
Defpoints
100
AcDbPoint
 10
3.35
 20
7.565
 30
0.0
  0
POINT
  5
359
330
34C
100
AcDbEntity
  8
Defpoints
100
AcDbPoint
 10
4.3167
 20
7.565
 30
0.0
  0
ENDBLK
  5
34E
330
34C
100
AcDbEntity
  8
0
100
AcDbBlockEnd
  0
BLOCK
  5
35F
330
35E
100
AcDbEntity
  8
0
100
AcDbBlockBegin
  2
*D23
 70
1
 10
0.0
 20
0.0
 30
0.0
  3
*D23
  1

  0
LINE
  5
361
330
35E
100
AcDbEntity
  8
0
 62
7
370
13
100
AcDbLine
 10
9.19
 20
7.605
 30
0.0
 11
9.19
 21
7.815
 31
0.0
  0
LINE
  5
362
330
35E
100
AcDbEntity
  8
0
 62
7
370
13
100
AcDbLine
 10
9.85
 20
7.605
 30
0.0
 11
9.85
 21
7.815
 31
0.0
  0
INSERT
  5
363
330
35E
100
AcDbEntity
  8
E-COTA
 62
7
100
AcDbBlockReference
  2
_OBLIQUE
 10
9.19
 20
7.755000000000001
 30
0.0
 41
0.1
 42
0.1
  0
INSERT
  5
365
330
35E
100
AcDbEntity
  8
E-COTA
 62
7
100
AcDbBlockReference
  2
_OBLIQUE
 10
9.85
 20
7.755000000000001
 30
0.0
 41
0.1
 42
0.1
  0
LINE
  5
367
330
35E
100
AcDbEntity
  8
0
 62
7
370
13
100
AcDbLine
 10
9.19
 20
7.755000000000001
 30
0.0
 11
9.85
 21
7.755000000000001
 31
0.0
  0
MTEXT
  5
368
330
35E
100
AcDbEntity
  8
E-COTA
 62
7
100
AcDbMText
 10
9.52
 20
7.830000000000001
 30
0.0
 40
0.09000000000000001
 71
5
  1
0.66
  7
ARIAL
  0
POINT
  5
369
330
35E
100
AcDbEntity
  8
Defpoints
100
AcDbPoint
 10
9.19
 20
7.755000000000001
 30
0.0
  0
POINT
  5
36A
330
35E
100
AcDbEntity
  8
Defpoints
100
AcDbPoint
 10
9.19
 20
7.565
 30
0.0
  0
POINT
  5
36B
330
35E
100
AcDbEntity
  8
Defpoints
100
AcDbPoint
 10
9.85
 20
7.565
 30
0.0
  0
ENDBLK
  5
360
330
35E
100
AcDbEntity
  8
0
100
AcDbBlockEnd
  0
BLOCK
  5
36E
330
36D
100
AcDbEntity
  8
0
100
AcDbBlockBegin
  2
*D24
 70
1
 10
0.0
 20
0.0
 30
0.0
  3
*D24
  1

  0
LINE
  5
370
330
36D
100
AcDbEntity
  8
0
 62
7
370
13
100
AcDbLine
 10
9.85
 20
7.605
 30
0.0
 11
9.85
 21
7.815
 31
0.0
  0
LINE
  5
371
330
36D
100
AcDbEntity
  8
0
 62
7
370
13
100
AcDbLine
 10
10.11
 20
7.605
 30
0.0
 11
10.11
 21
7.815
 31
0.0
  0
INSERT
  5
372
330
36D
100
AcDbEntity
  8
E-COTA
 62
7
100
AcDbBlockReference
  2
_OBLIQUE
 10
9.85
 20
7.755000000000001
 30
0.0
 41
0.1
 42
0.1
  0
INSERT
  5
374
330
36D
100
AcDbEntity
  8
E-COTA
 62
7
100
AcDbBlockReference
  2
_OBLIQUE
 10
10.11
 20
7.755000000000001
 30
0.0
 41
0.1
 42
0.1
  0
LINE
  5
376
330
36D
100
AcDbEntity
  8
0
 62
7
370
13
100
AcDbLine
 10
9.85
 20
7.755000000000001
 30
0.0
 11
10.11
 21
7.755000000000001
 31
0.0
  0
MTEXT
  5
377
330
36D
100
AcDbEntity
  8
E-COTA
 62
7
100
AcDbMText
 10
9.98
 20
7.890000000000001
 30
0.0
 40
0.09000000000000001
 71
5
  1
0.26
  7
ARIAL
  0
POINT
  5
378
330
36D
100
AcDbEntity
  8
Defpoints
100
AcDbPoint
 10
9.85
 20
7.755000000000001
 30
0.0
  0
POINT
  5
379
330
36D
100
AcDbEntity
  8
Defpoints
100
AcDbPoint
 10
9.85
 20
7.565
 30
0.0
  0
POINT
  5
37A
330
36D
100
AcDbEntity
  8
Defpoints
100
AcDbPoint
 10
10.11
 20
7.565
 30
0.0
  0
ENDBLK
  5
36F
330
36D
100
AcDbEntity
  8
0
100
AcDbBlockEnd
  0
BLOCK
  5
384
330
383
100
AcDbEntity
  8
0
100
AcDbBlockBegin
  2
*D25
 70
1
 10
0.0
 20
0.0
 30
0.0
  3
*D25
  1

  0
LINE
  5
386
330
383
100
AcDbEntity
  8
0
 62
7
370
13
100
AcDbLine
 10
4.71
 20
0.8963
 30
0.0
 11
4.49
 21
0.8963
 31
0.0
  0
LINE
  5
387
330
383
100
AcDbEntity
  8
0
 62
7
370
13
100
AcDbLine
 10
4.71
 20
2.365
 30
0.0
 11
4.49
 21
2.365
 31
0.0
  0
INSERT
  5
388
330
383
100
AcDbEntity
  8
E-COTA
 62
7
100
AcDbBlockReference
  2
_OBLIQUE
 10
4.55
 20
0.8963
 30
0.0
 41
0.1
 42
0.1
 50
90.0
  0
INSERT
  5
38A
330
383
100
AcDbEntity
  8
E-COTA
 62
7
100
AcDbBlockReference
  2
_OBLIQUE
 10
4.55
 20
2.365
 30
0.0
 41
0.1
 42
0.1
 50
90.0
  0
LINE
  5
38C
330
383
100
AcDbEntity
  8
0
 62
7
370
13
100
AcDbLine
 10
4.55
 20
0.8963
 30
0.0
 11
4.55
 21
2.365
 31
0.0
  0
MTEXT
  5
38D
330
383
100
AcDbEntity
  8
E-COTA
 62
7
100
AcDbMText
 10
4.475
 20
1.6306500000000002
 30
0.0
 40
0.09000000000000001
 71
5
  1
1.47
  7
ARIAL
 50
90.0
  0
POINT
  5
38E
330
383
100
AcDbEntity
  8
Defpoints
100
AcDbPoint
 10
4.55
 20
0.8963
 30
0.0
  0
POINT
  5
38F
330
383
100
AcDbEntity
  8
Defpoints
100
AcDbPoint
 10
4.75
 20
0.8963
 30
0.0
  0
POINT
  5
390
330
383
100
AcDbEntity
  8
Defpoints
100
AcDbPoint
 10
4.75
 20
2.365
 30
0.0
  0
ENDBLK
  5
385
330
383
100
AcDbEntity
  8
0
100
AcDbBlockEnd
  0
BLOCK
  5
393
330
392
100
AcDbEntity
  8
0
100
AcDbBlockBegin
  2
*D26
 70
1
 10
0.0
 20
0.0
 30
0.0
  3
*D26
  1

  0
LINE
  5
395
330
392
100
AcDbEntity
  8
0
 62
7
370
13
100
AcDbLine
 10
4.71
 20
2.365
 30
0.0
 11
4.49
 21
2.365
 31
0.0
  0
LINE
  5
396
330
392
100
AcDbEntity
  8
0
 62
7
370
13
100
AcDbLine
 10
4.71
 20
2.665
 30
0.0
 11
4.49
 21
2.665
 31
0.0
  0
INSERT
  5
397
330
392
100
AcDbEntity
  8
E-COTA
 62
7
100
AcDbBlockReference
  2
_OBLIQUE
 10
4.55
 20
2.365
 30
0.0
 41
0.1
 42
0.1
 50
90.0
  0
INSERT
  5
399
330
392
100
AcDbEntity
  8
E-COTA
 62
7
100
AcDbBlockReference
  2
_OBLIQUE
 10
4.55
 20
2.665
 30
0.0
 41
0.1
 42
0.1
 50
90.0
  0
LINE
  5
39B
330
392
100
AcDbEntity
  8
0
 62
7
370
13
100
AcDbLine
 10
4.55
 20
2.365
 30
0.0
 11
4.55
 21
2.665
 31
0.0
  0
MTEXT
  5
39C
330
392
100
AcDbEntity
  8
E-COTA
 62
7
100
AcDbMText
 10
4.415
 20
2.515
 30
0.0
 40
0.09000000000000001
 71
5
  1
0.30
  7
ARIAL
 50
90.0
  0
POINT
  5
39D
330
392
100
AcDbEntity
  8
Defpoints
100
AcDbPoint
 10
4.55
 20
2.365
 30
0.0
  0
POINT
  5
39E
330
392
100
AcDbEntity
  8
Defpoints
100
AcDbPoint
 10
4.75
 20
2.365
 30
0.0
  0
POINT
  5
39F
330
392
100
AcDbEntity
  8
Defpoints
100
AcDbPoint
 10
4.75
 20
2.665
 30
0.0
  0
ENDBLK
  5
394
330
392
100
AcDbEntity
  8
0
100
AcDbBlockEnd
  0
BLOCK
  5
3A2
330
3A1
100
AcDbEntity
  8
0
100
AcDbBlockBegin
  2
*D27
 70
1
 10
0.0
 20
0.0
 30
0.0
  3
*D27
  1

  0
LINE
  5
3A4
330
3A1
100
AcDbEntity
  8
0
 62
7
370
13
100
AcDbLine
 10
4.71
 20
2.665
 30
0.0
 11
4.49
 21
2.665
 31
0.0
  0
LINE
  5
3A5
330
3A1
100
AcDbEntity
  8
0
 62
7
370
13
100
AcDbLine
 10
4.71
 20
4.165
 30
0.0
 11
4.49
 21
4.165
 31
0.0
  0
INSERT
  5
3A6
330
3A1
100
AcDbEntity
  8
E-COTA
 62
7
100
AcDbBlockReference
  2
_OBLIQUE
 10
4.55
 20
2.665
 30
0.0
 41
0.1
 42
0.1
 50
90.0
  0
INSERT
  5
3A8
330
3A1
100
AcDbEntity
  8
E-COTA
 62
7
100
AcDbBlockReference
  2
_OBLIQUE
 10
4.55
 20
4.165
 30
0.0
 41
0.1
 42
0.1
 50
90.0
  0
LINE
  5
3AA
330
3A1
100
AcDbEntity
  8
0
 62
7
370
13
100
AcDbLine
 10
4.55
 20
2.665
 30
0.0
 11
4.55
 21
4.165
 31
0.0
  0
MTEXT
  5
3AB
330
3A1
100
AcDbEntity
  8
E-COTA
 62
7
100
AcDbMText
 10
4.475
 20
3.415
 30
0.0
 40
0.09000000000000001
 71
5
  1
1.50
  7
ARIAL
 50
90.0
  0
POINT
  5
3AC
330
3A1
100
AcDbEntity
  8
Defpoints
100
AcDbPoint
 10
4.55
 20
2.665
 30
0.0
  0
POINT
  5
3AD
330
3A1
100
AcDbEntity
  8
Defpoints
100
AcDbPoint
 10
4.75
 20
2.665
 30
0.0
  0
POINT
  5
3AE
330
3A1
100
AcDbEntity
  8
Defpoints
100
AcDbPoint
 10
4.75
 20
4.165
 30
0.0
  0
ENDBLK
  5
3A3
330
3A1
100
AcDbEntity
  8
0
100
AcDbBlockEnd
  0
BLOCK
  5
3B1
330
3B0
100
AcDbEntity
  8
0
100
AcDbBlockBegin
  2
*D28
 70
1
 10
0.0
 20
0.0
 30
0.0
  3
*D28
  1

  0
LINE
  5
3B3
330
3B0
100
AcDbEntity
  8
0
 62
7
370
13
100
AcDbLine
 10
4.71
 20
4.165
 30
0.0
 11
4.49
 21
4.165
 31
0.0
  0
LINE
  5
3B4
330
3B0
100
AcDbEntity
  8
0
 62
7
370
13
100
AcDbLine
 10
4.71
 20
4.425
 30
0.0
 11
4.49
 21
4.425
 31
0.0
  0
INSERT
  5
3B5
330
3B0
100
AcDbEntity
  8
E-COTA
 62
7
100
AcDbBlockReference
  2
_OBLIQUE
 10
4.55
 20
4.165
 30
0.0
 41
0.1
 42
0.1
 50
90.0
  0
INSERT
  5
3B7
330
3B0
100
AcDbEntity
  8
E-COTA
 62
7
100
AcDbBlockReference
  2
_OBLIQUE
 10
4.55
 20
4.425
 30
0.0
 41
0.1
 42
0.1
 50
90.0
  0
LINE
  5
3B9
330
3B0
100
AcDbEntity
  8
0
 62
7
370
13
100
AcDbLine
 10
4.55
 20
4.165
 30
0.0
 11
4.55
 21
4.425
 31
0.0
  0
MTEXT
  5
3BA
330
3B0
100
AcDbEntity
  8
E-COTA
 62
7
100
AcDbMText
 10
4.415
 20
4.295
 30
0.0
 40
0.09000000000000001
 71
5
  1
0.26
  7
ARIAL
 50
90.0
  0
POINT
  5
3BB
330
3B0
100
AcDbEntity
  8
Defpoints
100
AcDbPoint
 10
4.55
 20
4.165
 30
0.0
  0
POINT
  5
3BC
330
3B0
100
AcDbEntity
  8
Defpoints
100
AcDbPoint
 10
4.75
 20
4.165
 30
0.0
  0
POINT
  5
3BD
330
3B0
100
AcDbEntity
  8
Defpoints
100
AcDbPoint
 10
4.75
 20
4.425
 30
0.0
  0
ENDBLK
  5
3B2
330
3B0
100
AcDbEntity
  8
0
100
AcDbBlockEnd
  0
BLOCK
  5
3C6
330
3C5
100
AcDbEntity
  8
0
100
AcDbBlockBegin
  2
*D29
 70
1
 10
0.0
 20
0.0
 30
0.0
  3
*D29
  1

  0
LINE
  5
3C8
330
3C5
100
AcDbEntity
  8
0
 62
7
370
13
100
AcDbLine
 10
8.390000381469726
 20
2.555
 30
0.0
 11
8.88
 21
2.555
 31
0.0
  0
LINE
  5
3C9
330
3C5
100
AcDbEntity
  8
0
 62
7
370
13
100
AcDbLine
 10
8.390000381469726
 20
2.665
 30
0.0
 11
8.88
 21
2.665
 31
0.0
  0
INSERT
  5
3CA
330
3C5
100
AcDbEntity
  8
E-COTA
 62
7
100
AcDbBlockReference
  2
_OBLIQUE
 10
8.82
 20
2.555
 30
0.0
 41
0.1
 42
0.1
 50
90.0
  0
INSERT
  5
3CC
330
3C5
100
AcDbEntity
  8
E-COTA
 62
7
100
AcDbBlockReference
  2
_OBLIQUE
 10
8.82
 20
2.665
 30
0.0
 41
0.1
 42
0.1
 50
90.0
  0
LINE
  5
3CE
330
3C5
100
AcDbEntity
  8
0
 62
7
370
13
100
AcDbLine
 10
8.82
 20
2.555
 30
0.0
 11
8.82
 21
2.665
 31
0.0
  0
MTEXT
  5
3CF
330
3C5
100
AcDbEntity
  8
E-COTA
 62
7
100
AcDbMText
 10
8.685
 20
2.6100000000000003
 30
0.0
 40
0.09000000000000001
 71
5
  1
0.11
  7
ARIAL
 50
90.0
  0
POINT
  5
3D0
330
3C5
100
AcDbEntity
  8
Defpoints
100
AcDbPoint
 10
8.82
 20
2.555
 30
0.0
  0
POINT
  5
3D1
330
3C5
100
AcDbEntity
  8
Defpoints
100
AcDbPoint
 10
8.350000381469727
 20
2.555
 30
0.0
  0
POINT
  5
3D2
330
3C5
100
AcDbEntity
  8
Defpoints
100
AcDbPoint
 10
8.350000381469727
 20
2.665
 30
0.0
  0
ENDBLK
  5
3C7
330
3C5
100
AcDbEntity
  8
0
100
AcDbBlockEnd
  0
BLOCK
  5
3D5
330
3D4
100
AcDbEntity
  8
0
100
AcDbBlockBegin
  2
*D30
 70
1
 10
0.0
 20
0.0
 30
0.0
  3
*D30
  1

  0
LINE
  5
3D7
330
3D4
100
AcDbEntity
  8
0
 62
7
370
13
100
AcDbLine
 10
8.390000381469726
 20
2.665
 30
0.0
 11
8.88
 21
2.665
 31
0.0
  0
LINE
  5
3D8
330
3D4
100
AcDbEntity
  8
0
 62
7
370
13
100
AcDbLine
 10
8.390000381469726
 20
4.165
 30
0.0
 11
8.88
 21
4.165
 31
0.0
  0
INSERT
  5
3D9
330
3D4
100
AcDbEntity
  8
E-COTA
 62
7
100
AcDbBlockReference
  2
_OBLIQUE
 10
8.82
 20
2.665
 30
0.0
 41
0.1
 42
0.1
 50
90.0
  0
INSERT
  5
3DB
330
3D4
100
AcDbEntity
  8
E-COTA
 62
7
100
AcDbBlockReference
  2
_OBLIQUE
 10
8.82
 20
4.165
 30
0.0
 41
0.1
 42
0.1
 50
90.0
  0
LINE
  5
3DD
330
3D4
100
AcDbEntity
  8
0
 62
7
370
13
100
AcDbLine
 10
8.82
 20
2.665
 30
0.0
 11
8.82
 21
4.165
 31
0.0
  0
MTEXT
  5
3DE
330
3D4
100
AcDbEntity
  8
E-COTA
 62
7
100
AcDbMText
 10
8.745000000000001
 20
3.415
 30
0.0
 40
0.09000000000000001
 71
5
  1
1.50
  7
ARIAL
 50
90.0
  0
POINT
  5
3DF
330
3D4
100
AcDbEntity
  8
Defpoints
100
AcDbPoint
 10
8.82
 20
2.665
 30
0.0
  0
POINT
  5
3E0
330
3D4
100
AcDbEntity
  8
Defpoints
100
AcDbPoint
 10
8.350000381469727
 20
2.665
 30
0.0
  0
POINT
  5
3E1
330
3D4
100
AcDbEntity
  8
Defpoints
100
AcDbPoint
 10
8.350000381469727
 20
4.165
 30
0.0
  0
ENDBLK
  5
3D6
330
3D4
100
AcDbEntity
  8
0
100
AcDbBlockEnd
  0
BLOCK
  5
3E4
330
3E3
100
AcDbEntity
  8
0
100
AcDbBlockBegin
  2
*D31
 70
1
 10
0.0
 20
0.0
 30
0.0
  3
*D31
  1

  0
LINE
  5
3E6
330
3E3
100
AcDbEntity
  8
0
 62
7
370
13
100
AcDbLine
 10
8.390000381469726
 20
4.165
 30
0.0
 11
8.88
 21
4.165
 31
0.0
  0
LINE
  5
3E7
330
3E3
100
AcDbEntity
  8
0
 62
7
370
13
100
AcDbLine
 10
8.390000381469726
 20
4.425
 30
0.0
 11
8.88
 21
4.425
 31
0.0
  0
INSERT
  5
3E8
330
3E3
100
AcDbEntity
  8
E-COTA
 62
7
100
AcDbBlockReference
  2
_OBLIQUE
 10
8.82
 20
4.165
 30
0.0
 41
0.1
 42
0.1
 50
90.0
  0
INSERT
  5
3EA
330
3E3
100
AcDbEntity
  8
E-COTA
 62
7
100
AcDbBlockReference
  2
_OBLIQUE
 10
8.82
 20
4.425
 30
0.0
 41
0.1
 42
0.1
 50
90.0
  0
LINE
  5
3EC
330
3E3
100
AcDbEntity
  8
0
 62
7
370
13
100
AcDbLine
 10
8.82
 20
4.165
 30
0.0
 11
8.82
 21
4.425
 31
0.0
  0
MTEXT
  5
3ED
330
3E3
100
AcDbEntity
  8
E-COTA
 62
7
100
AcDbMText
 10
8.685
 20
4.295
 30
0.0
 40
0.09000000000000001
 71
5
  1
0.26
  7
ARIAL
 50
90.0
  0
POINT
  5
3EE
330
3E3
100
AcDbEntity
  8
Defpoints
100
AcDbPoint
 10
8.82
 20
4.165
 30
0.0
  0
POINT
  5
3EF
330
3E3
100
AcDbEntity
  8
Defpoints
100
AcDbPoint
 10
8.350000381469727
 20
4.165
 30
0.0
  0
POINT
  5
3F0
330
3E3
100
AcDbEntity
  8
Defpoints
100
AcDbPoint
 10
8.350000381469727
 20
4.425
 30
0.0
  0
ENDBLK
  5
3E5
330
3E3
100
AcDbEntity
  8
0
100
AcDbBlockEnd
  0
BLOCK
  5
3F9
330
3F8
100
AcDbEntity
  8
0
100
AcDbBlockBegin
  2
*D32
 70
1
 10
0.0
 20
0.0
 30
0.0
  3
*D32
  1

  0
LINE
  5
3FB
330
3F8
100
AcDbEntity
  8
0
 62
7
370
13
100
AcDbLine
 10
4.71
 20
8.105
 30
0.0
 11
4.49
 21
8.105
 31
0.0
  0
LINE
  5
3FC
330
3F8
100
AcDbEntity
  8
0
 62
7
370
13
100
AcDbLine
 10
4.71
 20
8.365
 30
0.0
 11
4.49
 21
8.365
 31
0.0
  0
INSERT
  5
3FD
330
3F8
100
AcDbEntity
  8
E-COTA
 62
7
100
AcDbBlockReference
  2
_OBLIQUE
 10
4.55
 20
8.105
 30
0.0
 41
0.1
 42
0.1
 50
90.0
  0
INSERT
  5
3FF
330
3F8
100
AcDbEntity
  8
E-COTA
 62
7
100
AcDbBlockReference
  2
_OBLIQUE
 10
4.55
 20
8.365
 30
0.0
 41
0.1
 42
0.1
 50
90.0
  0
LINE
  5
401
330
3F8
100
AcDbEntity
  8
0
 62
7
370
13
100
AcDbLine
 10
4.55
 20
8.105
 30
0.0
 11
4.55
 21
8.365
 31
0.0
  0
MTEXT
  5
402
330
3F8
100
AcDbEntity
  8
E-COTA
 62
7
100
AcDbMText
 10
4.415
 20
8.235
 30
0.0
 40
0.09000000000000001
 71
5
  1
0.26
  7
ARIAL
 50
90.0
  0
POINT
  5
403
330
3F8
100
AcDbEntity
  8
Defpoints
100
AcDbPoint
 10
4.55
 20
8.105
 30
0.0
  0
POINT
  5
404
330
3F8
100
AcDbEntity
  8
Defpoints
100
AcDbPoint
 10
4.75
 20
8.105
 30
0.0
  0
POINT
  5
405
330
3F8
100
AcDbEntity
  8
Defpoints
100
AcDbPoint
 10
4.75
 20
8.365
 30
0.0
  0
ENDBLK
  5
3FA
330
3F8
100
AcDbEntity
  8
0
100
AcDbBlockEnd
  0
BLOCK
  5
408
330
407
100
AcDbEntity
  8
0
100
AcDbBlockBegin
  2
*D33
 70
1
 10
0.0
 20
0.0
 30
0.0
  3
*D33
  1

  0
LINE
  5
40A
330
407
100
AcDbEntity
  8
0
 62
7
370
13
100
AcDbLine
 10
4.71
 20
8.365
 30
0.0
 11
4.49
 21
8.365
 31
0.0
  0
LINE
  5
40B
330
407
100
AcDbEntity
  8
0
 62
7
370
13
100
AcDbLine
 10
4.71
 20
9.865
 30
0.0
 11
4.49
 21
9.865
 31
0.0
  0
INSERT
  5
40C
330
407
100
AcDbEntity
  8
E-COTA
 62
7
100
AcDbBlockReference
  2
_OBLIQUE
 10
4.55
 20
8.365
 30
0.0
 41
0.1
 42
0.1
 50
90.0
  0
INSERT
  5
40E
330
407
100
AcDbEntity
  8
E-COTA
 62
7
100
AcDbBlockReference
  2
_OBLIQUE
 10
4.55
 20
9.865
 30
0.0
 41
0.1
 42
0.1
 50
90.0
  0
LINE
  5
410
330
407
100
AcDbEntity
  8
0
 62
7
370
13
100
AcDbLine
 10
4.55
 20
8.365
 30
0.0
 11
4.55
 21
9.865
 31
0.0
  0
MTEXT
  5
411
330
407
100
AcDbEntity
  8
E-COTA
 62
7
100
AcDbMText
 10
4.475
 20
9.115
 30
0.0
 40
0.09000000000000001
 71
5
  1
1.50
  7
ARIAL
 50
90.0
  0
POINT
  5
412
330
407
100
AcDbEntity
  8
Defpoints
100
AcDbPoint
 10
4.55
 20
8.365
 30
0.0
  0
POINT
  5
413
330
407
100
AcDbEntity
  8
Defpoints
100
AcDbPoint
 10
4.75
 20
8.365
 30
0.0
  0
POINT
  5
414
330
407
100
AcDbEntity
  8
Defpoints
100
AcDbPoint
 10
4.75
 20
9.865
 30
0.0
  0
ENDBLK
  5
409
330
407
100
AcDbEntity
  8
0
100
AcDbBlockEnd
  0
BLOCK
  5
417
330
416
100
AcDbEntity
  8
0
100
AcDbBlockBegin
  2
*D34
 70
1
 10
0.0
 20
0.0
 30
0.0
  3
*D34
  1

  0
LINE
  5
419
330
416
100
AcDbEntity
  8
0
 62
7
370
13
100
AcDbLine
 10
4.71
 20
9.865
 30
0.0
 11
4.49
 21
9.865
 31
0.0
  0
LINE
  5
41A
330
416
100
AcDbEntity
  8
0
 62
7
370
13
100
AcDbLine
 10
4.71
 20
10.125
 30
0.0
 11
4.49
 21
10.125
 31
0.0
  0
INSERT
  5
41B
330
416
100
AcDbEntity
  8
E-COTA
 62
7
100
AcDbBlockReference
  2
_OBLIQUE
 10
4.55
 20
9.865
 30
0.0
 41
0.1
 42
0.1
 50
90.0
  0
INSERT
  5
41D
330
416
100
AcDbEntity
  8
E-COTA
 62
7
100
AcDbBlockReference
  2
_OBLIQUE
 10
4.55
 20
10.125
 30
0.0
 41
0.1
 42
0.1
 50
90.0
  0
LINE
  5
41F
330
416
100
AcDbEntity
  8
0
 62
7
370
13
100
AcDbLine
 10
4.55
 20
9.865
 30
0.0
 11
4.55
 21
10.125
 31
0.0
  0
MTEXT
  5
420
330
416
100
AcDbEntity
  8
E-COTA
 62
7
100
AcDbMText
 10
4.415
 20
9.995000000000001
 30
0.0
 40
0.09000000000000001
 71
5
  1
0.26
  7
ARIAL
 50
90.0
  0
POINT
  5
421
330
416
100
AcDbEntity
  8
Defpoints
100
AcDbPoint
 10
4.55
 20
9.865
 30
0.0
  0
POINT
  5
422
330
416
100
AcDbEntity
  8
Defpoints
100
AcDbPoint
 10
4.75
 20
9.865
 30
0.0
  0
POINT
  5
423
330
416
100
AcDbEntity
  8
Defpoints
100
AcDbPoint
 10
4.75
 20
10.125
 30
0.0
  0
ENDBLK
  5
418
330
416
100
AcDbEntity
  8
0
100
AcDbBlockEnd
  0
BLOCK
  5
444
330
443
100
AcDbEntity
  8
0
100
AcDbBlockBegin
  2
*D35
 70
1
 10
0.0
 20
0.0
 30
0.0
  3
*D35
  1

  0
LINE
  5
446
330
443
100
AcDbEntity
  8
0
 62
7
370
13
100
AcDbLine
 10
-0.8500000052298083
 20
10.204957988729536
 30
0.0
 11
-0.8500000052298083
 21
10.81
 31
0.0
  0
LINE
  5
447
330
443
100
AcDbEntity
  8
0
 62
7
370
13
100
AcDbLine
 10
2.519676044985892e-14
 20
10.204957988729536
 30
0.0
 11
2.519676044985892e-14
 21
10.81
 31
0.0
  0
INSERT
  5
448
330
443
100
AcDbEntity
  8
E-COTA
 62
7
100
AcDbBlockReference
  2
_OBLIQUE
 10
-0.8500000052298083
 20
10.75
 30
0.0
 41
0.1
 42
0.1
  0
INSERT
  5
44A
330
443
100
AcDbEntity
  8
E-COTA
 62
7
100
AcDbBlockReference
  2
_OBLIQUE
 10
2.519676044985892e-14
 20
10.75
 30
0.0
 41
0.1
 42
0.1
  0
LINE
  5
44C
330
443
100
AcDbEntity
  8
0
 62
7
370
13
100
AcDbLine
 10
-0.8500000052298083
 20
10.75
 30
0.0
 11
2.519676044985892e-14
 21
10.75
 31
0.0
  0
MTEXT
  5
44D
330
443
100
AcDbEntity
  8
E-COTA
 62
7
100
AcDbMText
 10
-0.42500000261489157
 20
10.825
 30
0.0
 40
0.09000000000000001
 71
5
  1
0.85
  7
ARIAL
  0
POINT
  5
44E
330
443
100
AcDbEntity
  8
Defpoints
100
AcDbPoint
 10
-0.8500000052298083
 20
10.75
 30
0.0
  0
POINT
  5
44F
330
443
100
AcDbEntity
  8
Defpoints
100
AcDbPoint
 10
-0.8500000052298083
 20
10.164957988729537
 30
0.0
  0
POINT
  5
450
330
443
100
AcDbEntity
  8
Defpoints
100
AcDbPoint
 10
2.519676044985892e-14
 20
10.164957988729537
 30
0.0
  0
ENDBLK
  5
445
330
443
100
AcDbEntity
  8
0
100
AcDbBlockEnd
  0
BLOCK
  5
453
330
452
100
AcDbEntity
  8
0
100
AcDbBlockBegin
  2
*D36
 70
1
 10
0.0
 20
0.0
 30
0.0
  3
*D36
  1

  0
LINE
  5
455
330
452
100
AcDbEntity
  8
0
 62
7
370
13
100
AcDbLine
 10
2.519676044985892e-14
 20
10.204957988729536
 30
0.0
 11
2.519676044985892e-14
 21
10.81
 31
0.0
  0
LINE
  5
456
330
452
100
AcDbEntity
  8
0
 62
7
370
13
100
AcDbLine
 10
3.200000000000016
 20
10.204957988729536
 30
0.0
 11
3.200000000000016
 21
10.81
 31
0.0
  0
INSERT
  5
457
330
452
100
AcDbEntity
  8
E-COTA
 62
7
100
AcDbBlockReference
  2
_OBLIQUE
 10
2.519676044985892e-14
 20
10.75
 30
0.0
 41
0.1
 42
0.1
  0
INSERT
  5
459
330
452
100
AcDbEntity
  8
E-COTA
 62
7
100
AcDbBlockReference
  2
_OBLIQUE
 10
3.200000000000016
 20
10.75
 30
0.0
 41
0.1
 42
0.1
  0
LINE
  5
45B
330
452
100
AcDbEntity
  8
0
 62
7
370
13
100
AcDbLine
 10
2.519676044985892e-14
 20
10.75
 30
0.0
 11
3.200000000000016
 21
10.75
 31
0.0
  0
MTEXT
  5
45C
330
452
100
AcDbEntity
  8
E-COTA
 62
7
100
AcDbMText
 10
1.6000000000000205
 20
10.825
 30
0.0
 40
0.09000000000000001
 71
5
  1
3.20
  7
ARIAL
  0
POINT
  5
45D
330
452
100
AcDbEntity
  8
Defpoints
100
AcDbPoint
 10
2.519676044985892e-14
 20
10.75
 30
0.0
  0
POINT
  5
45E
330
452
100
AcDbEntity
  8
Defpoints
100
AcDbPoint
 10
2.519676044985892e-14
 20
10.164957988729537
 30
0.0
  0
POINT
  5
45F
330
452
100
AcDbEntity
  8
Defpoints
100
AcDbPoint
 10
3.200000000000016
 20
10.164957988729537
 30
0.0
  0
ENDBLK
  5
454
330
452
100
AcDbEntity
  8
0
100
AcDbBlockEnd
  0
BLOCK
  5
462
330
461
100
AcDbEntity
  8
0
100
AcDbBlockBegin
  2
*D37
 70
1
 10
0.0
 20
0.0
 30
0.0
  3
*D37
  1

  0
LINE
  5
464
330
461
100
AcDbEntity
  8
0
 62
7
370
13
100
AcDbLine
 10
3.200000000000016
 20
10.204957988729536
 30
0.0
 11
3.200000000000016
 21
10.81
 31
0.0
  0
LINE
  5
465
330
461
100
AcDbEntity
  8
0
 62
7
370
13
100
AcDbLine
 10
6.3999999999999595
 20
10.204957988729536
 30
0.0
 11
6.3999999999999595
 21
10.81
 31
0.0
  0
INSERT
  5
466
330
461
100
AcDbEntity
  8
E-COTA
 62
7
100
AcDbBlockReference
  2
_OBLIQUE
 10
3.200000000000016
 20
10.75
 30
0.0
 41
0.1
 42
0.1
  0
INSERT
  5
468
330
461
100
AcDbEntity
  8
E-COTA
 62
7
100
AcDbBlockReference
  2
_OBLIQUE
 10
6.3999999999999595
 20
10.75
 30
0.0
 41
0.1
 42
0.1
  0
LINE
  5
46A
330
461
100
AcDbEntity
  8
0
 62
7
370
13
100
AcDbLine
 10
3.200000000000016
 20
10.75
 30
0.0
 11
6.3999999999999595
 21
10.75
 31
0.0
  0
MTEXT
  5
46B
330
461
100
AcDbEntity
  8
E-COTA
 62
7
100
AcDbMText
 10
4.799999999999988
 20
10.825
 30
0.0
 40
0.09000000000000001
 71
5
  1
3.20
  7
ARIAL
  0
POINT
  5
46C
330
461
100
AcDbEntity
  8
Defpoints
100
AcDbPoint
 10
3.200000000000016
 20
10.75
 30
0.0
  0
POINT
  5
46D
330
461
100
AcDbEntity
  8
Defpoints
100
AcDbPoint
 10
3.200000000000016
 20
10.164957988729537
 30
0.0
  0
POINT
  5
46E
330
461
100
AcDbEntity
  8
Defpoints
100
AcDbPoint
 10
6.3999999999999595
 20
10.164957988729537
 30
0.0
  0
ENDBLK
  5
463
330
461
100
AcDbEntity
  8
0
100
AcDbBlockEnd
  0
BLOCK
  5
471
330
470
100
AcDbEntity
  8
0
100
AcDbBlockBegin
  2
*D38
 70
1
 10
0.0
 20
0.0
 30
0.0
  3
*D38
  1

  0
LINE
  5
473
330
470
100
AcDbEntity
  8
0
 62
7
370
13
100
AcDbLine
 10
6.3999999999999595
 20
10.204957988729536
 30
0.0
 11
6.3999999999999595
 21
10.81
 31
0.0
  0
LINE
  5
474
330
470
100
AcDbEntity
  8
0
 62
7
370
13
100
AcDbLine
 10
9.999999999999954
 20
10.204957988729536
 30
0.0
 11
9.999999999999954
 21
10.81
 31
0.0
  0
INSERT
  5
475
330
470
100
AcDbEntity
  8
E-COTA
 62
7
100
AcDbBlockReference
  2
_OBLIQUE
 10
6.3999999999999595
 20
10.75
 30
0.0
 41
0.1
 42
0.1
  0
INSERT
  5
477
330
470
100
AcDbEntity
  8
E-COTA
 62
7
100
AcDbBlockReference
  2
_OBLIQUE
 10
9.999999999999954
 20
10.75
 30
0.0
 41
0.1
 42
0.1
  0
LINE
  5
479
330
470
100
AcDbEntity
  8
0
 62
7
370
13
100
AcDbLine
 10
6.3999999999999595
 20
10.75
 30
0.0
 11
9.999999999999954
 21
10.75
 31
0.0
  0
MTEXT
  5
47A
330
470
100
AcDbEntity
  8
E-COTA
 62
7
100
AcDbMText
 10
8.199999999999957
 20
10.825
 30
0.0
 40
0.09000000000000001
 71
5
  1
3.60
  7
ARIAL
  0
POINT
  5
47B
330
470
100
AcDbEntity
  8
Defpoints
100
AcDbPoint
 10
6.3999999999999595
 20
10.75
 30
0.0
  0
POINT
  5
47C
330
470
100
AcDbEntity
  8
Defpoints
100
AcDbPoint
 10
6.3999999999999595
 20
10.164957988729537
 30
0.0
  0
POINT
  5
47D
330
470
100
AcDbEntity
  8
Defpoints
100
AcDbPoint
 10
9.999999999999954
 20
10.164957988729537
 30
0.0
  0
ENDBLK
  5
472
330
470
100
AcDbEntity
  8
0
100
AcDbBlockEnd
  0
BLOCK
  5
480
330
47F
100
AcDbEntity
  8
0
100
AcDbBlockBegin
  2
*D39
 70
1
 10
0.0
 20
0.0
 30
0.0
  3
*D39
  1

  0
LINE
  5
482
330
47F
100
AcDbEntity
  8
0
 62
7
370
13
100
AcDbLine
 10
9.999999999999954
 20
10.204957988729536
 30
0.0
 11
9.999999999999954
 21
10.81
 31
0.0
  0
LINE
  5
483
330
47F
100
AcDbEntity
  8
0
 62
7
370
13
100
AcDbLine
 10
10.149999607111337
 20
10.204957988729536
 30
0.0
 11
10.149999607111337
 21
10.81
 31
0.0
  0
INSERT
  5
484
330
47F
100
AcDbEntity
  8
E-COTA
 62
7
100
AcDbBlockReference
  2
_OBLIQUE
 10
9.999999999999954
 20
10.75
 30
0.0
 41
0.1
 42
0.1
  0
INSERT
  5
486
330
47F
100
AcDbEntity
  8
E-COTA
 62
7
100
AcDbBlockReference
  2
_OBLIQUE
 10
10.149999607111337
 20
10.75
 30
0.0
 41
0.1
 42
0.1
  0
LINE
  5
488
330
47F
100
AcDbEntity
  8
0
 62
7
370
13
100
AcDbLine
 10
9.999999999999954
 20
10.75
 30
0.0
 11
10.149999607111337
 21
10.75
 31
0.0
  0
MTEXT
  5
489
330
47F
100
AcDbEntity
  8
E-COTA
 62
7
100
AcDbMText
 10
10.074999803555645
 20
10.885
 30
0.0
 40
0.09000000000000001
 71
5
  1
0.15
  7
ARIAL
  0
POINT
  5
48A
330
47F
100
AcDbEntity
  8
Defpoints
100
AcDbPoint
 10
9.999999999999954
 20
10.75
 30
0.0
  0
POINT
  5
48B
330
47F
100
AcDbEntity
  8
Defpoints
100
AcDbPoint
 10
9.999999999999954
 20
10.164957988729537
 30
0.0
  0
POINT
  5
48C
330
47F
100
AcDbEntity
  8
Defpoints
100
AcDbPoint
 10
10.149999607111337
 20
10.164957988729537
 30
0.0
  0
ENDBLK
  5
481
330
47F
100
AcDbEntity
  8
0
100
AcDbBlockEnd
  0
BLOCK
  5
48F
330
48E
100
AcDbEntity
  8
0
100
AcDbBlockBegin
  2
*D40
 70
1
 10
0.0
 20
0.0
 30
0.0
  3
*D40
  1

  0
LINE
  5
491
330
48E
100
AcDbEntity
  8
0
 62
7
370
13
100
AcDbLine
 10
-0.8500000052298083
 20
10.204957988729536
 30
0.0
 11
-0.8500000052298083
 21
11.110000000000001
 31
0.0
  0
LINE
  5
492
330
48E
100
AcDbEntity
  8
0
 62
7
370
13
100
AcDbLine
 10
10.149999607111337
 20
10.204957988729536
 30
0.0
 11
10.149999607111337
 21
11.110000000000001
 31
0.0
  0
INSERT
  5
493
330
48E
100
AcDbEntity
  8
E-COTA
 62
7
100
AcDbBlockReference
  2
_OBLIQUE
 10
-0.8500000052298083
 20
11.05
 30
0.0
 41
0.1
 42
0.1
  0
INSERT
  5
495
330
48E
100
AcDbEntity
  8
E-COTA
 62
7
100
AcDbBlockReference
  2
_OBLIQUE
 10
10.149999607111337
 20
11.05
 30
0.0
 41
0.1
 42
0.1
  0
LINE
  5
497
330
48E
100
AcDbEntity
  8
0
 62
7
370
13
100
AcDbLine
 10
-0.8500000052298083
 20
11.05
 30
0.0
 11
10.149999607111337
 21
11.05
 31
0.0
  0
MTEXT
  5
498
330
48E
100
AcDbEntity
  8
E-COTA
 62
7
100
AcDbMText
 10
4.649999800940765
 20
11.125
 30
0.0
 40
0.09000000000000001
 71
5
  1
11.00
  7
ARIAL
  0
POINT
  5
499
330
48E
100
AcDbEntity
  8
Defpoints
100
AcDbPoint
 10
-0.8500000052298083
 20
11.05
 30
0.0
  0
POINT
  5
49A
330
48E
100
AcDbEntity
  8
Defpoints
100
AcDbPoint
 10
-0.8500000052298083
 20
10.164957988729537
 30
0.0
  0
POINT
  5
49B
330
48E
100
AcDbEntity
  8
Defpoints
100
AcDbPoint
 10
10.149999607111337
 20
10.164957988729537
 30
0.0
  0
ENDBLK
  5
490
330
48E
100
AcDbEntity
  8
0
100
AcDbBlockEnd
  0
BLOCK
  5
49E
330
49D
100
AcDbEntity
  8
0
100
AcDbBlockBegin
  2
*D41
 70
1
 10
0.0
 20
0.0
 30
0.0
  3
*D41
  1

  0
LINE
  5
4A0
330
49D
100
AcDbEntity
  8
0
 62
7
370
13
100
AcDbLine
 10
-0.8900000052298084
 20
3.8581546245602195e-16
 30
0.0
 11
-1.51
 21
3.8581546245602195e-16
 31
0.0
  0
LINE
  5
4A1
330
49D
100
AcDbEntity
  8
0
 62
7
370
13
100
AcDbLine
 10
-0.8900000052298084
 20
0.864958294910878
 30
0.0
 11
-1.51
 21
0.864958294910878
 31
0.0
  0
INSERT
  5
4A2
330
49D
100
AcDbEntity
  8
E-COTA
 62
7
100
AcDbBlockReference
  2
_OBLIQUE
 10
-1.45
 20
3.8581546245602195e-16
 30
0.0
 41
0.1
 42
0.1
 50
90.0
  0
INSERT
  5
4A4
330
49D
100
AcDbEntity
  8
E-COTA
 62
7
100
AcDbBlockReference
  2
_OBLIQUE
 10
-1.45
 20
0.864958294910878
 30
0.0
 41
0.1
 42
0.1
 50
90.0
  0
LINE
  5
4A6
330
49D
100
AcDbEntity
  8
0
 62
7
370
13
100
AcDbLine
 10
-1.45
 20
3.8581546245602195e-16
 30
0.0
 11
-1.45
 21
0.864958294910878
 31
0.0
  0
MTEXT
  5
4A7
330
49D
100
AcDbEntity
  8
E-COTA
 62
7
100
AcDbMText
 10
-1.525
 20
0.4324791474554392
 30
0.0
 40
0.09000000000000001
 71
5
  1
0.86
  7
ARIAL
 50
90.0
  0
POINT
  5
4A8
330
49D
100
AcDbEntity
  8
Defpoints
100
AcDbPoint
 10
-1.45
 20
3.8581546245602195e-16
 30
0.0
  0
POINT
  5
4A9
330
49D
100
AcDbEntity
  8
Defpoints
100
AcDbPoint
 10
-0.8500000052298083
 20
3.8581546245602195e-16
 30
0.0
  0
POINT
  5
4AA
330
49D
100
AcDbEntity
  8
Defpoints
100
AcDbPoint
 10
-0.8500000052298083
 20
0.864958294910878
 30
0.0
  0
ENDBLK
  5
49F
330
49D
100
AcDbEntity
  8
0
100
AcDbBlockEnd
  0
BLOCK
  5
4AD
330
4AC
100
AcDbEntity
  8
0
100
AcDbBlockBegin
  2
*D42
 70
1
 10
0.0
 20
0.0
 30
0.0
  3
*D42
  1

  0
LINE
  5
4AF
330
4AC
100
AcDbEntity
  8
0
 62
7
370
13
100
AcDbLine
 10
-0.8900000052298084
 20
0.864958294910878
 30
0.0
 11
-1.51
 21
0.864958294910878
 31
0.0
  0
LINE
  5
4B0
330
4AC
100
AcDbEntity
  8
0
 62
7
370
13
100
AcDbLine
 10
-0.8900000052298084
 20
2.51495830078157
 30
0.0
 11
-1.51
 21
2.51495830078157
 31
0.0
  0
INSERT
  5
4B1
330
4AC
100
AcDbEntity
  8
E-COTA
 62
7
100
AcDbBlockReference
  2
_OBLIQUE
 10
-1.45
 20
0.864958294910878
 30
0.0
 41
0.1
 42
0.1
 50
90.0
  0
INSERT
  5
4B3
330
4AC
100
AcDbEntity
  8
E-COTA
 62
7
100
AcDbBlockReference
  2
_OBLIQUE
 10
-1.45
 20
2.51495830078157
 30
0.0
 41
0.1
 42
0.1
 50
90.0
  0
LINE
  5
4B5
330
4AC
100
AcDbEntity
  8
0
 62
7
370
13
100
AcDbLine
 10
-1.45
 20
0.864958294910878
 30
0.0
 11
-1.45
 21
2.51495830078157
 31
0.0
  0
MTEXT
  5
4B6
330
4AC
100
AcDbEntity
  8
E-COTA
 62
7
100
AcDbMText
 10
-1.525
 20
1.689958297846224
 30
0.0
 40
0.09000000000000001
 71
5
  1
1.65
  7
ARIAL
 50
90.0
  0
POINT
  5
4B7
330
4AC
100
AcDbEntity
  8
Defpoints
100
AcDbPoint
 10
-1.45
 20
0.864958294910878
 30
0.0
  0
POINT
  5
4B8
330
4AC
100
AcDbEntity
  8
Defpoints
100
AcDbPoint
 10
-0.8500000052298083
 20
0.864958294910878
 30
0.0
  0
POINT
  5
4B9
330
4AC
100
AcDbEntity
  8
Defpoints
100
AcDbPoint
 10
-0.8500000052298083
 20
2.51495830078157
 30
0.0
  0
ENDBLK
  5
4AE
330
4AC
100
AcDbEntity
  8
0
100
AcDbBlockEnd
  0
BLOCK
  5
4BC
330
4BB
100
AcDbEntity
  8
0
100
AcDbBlockBegin
  2
*D43
 70
1
 10
0.0
 20
0.0
 30
0.0
  3
*D43
  1

  0
LINE
  5
4BE
330
4BB
100
AcDbEntity
  8
0
 62
7
370
13
100
AcDbLine
 10
-0.8900000052298084
 20
2.51495830078157
 30
0.0
 11
-1.51
 21
2.51495830078157
 31
0.0
  0
LINE
  5
4BF
330
4BB
100
AcDbEntity
  8
0
 62
7
370
13
100
AcDbLine
 10
-0.8900000052298084
 20
6.264958300781569
 30
0.0
 11
-1.51
 21
6.264958300781569
 31
0.0
  0
INSERT
  5
4C0
330
4BB
100
AcDbEntity
  8
E-COTA
 62
7
100
AcDbBlockReference
  2
_OBLIQUE
 10
-1.45
 20
2.51495830078157
 30
0.0
 41
0.1
 42
0.1
 50
90.0
  0
INSERT
  5
4C2
330
4BB
100
AcDbEntity
  8
E-COTA
 62
7
100
AcDbBlockReference
  2
_OBLIQUE
 10
-1.45
 20
6.264958300781569
 30
0.0
 41
0.1
 42
0.1
 50
90.0
  0
LINE
  5
4C4
330
4BB
100
AcDbEntity
  8
0
 62
7
370
13
100
AcDbLine
 10
-1.45
 20
2.51495830078157
 30
0.0
 11
-1.45
 21
6.264958300781569
 31
0.0
  0
MTEXT
  5
4C5
330
4BB
100
AcDbEntity
  8
E-COTA
 62
7
100
AcDbMText
 10
-1.525
 20
4.3899583007815695
 30
0.0
 40
0.09000000000000001
 71
5
  1
3.75
  7
ARIAL
 50
90.0
  0
POINT
  5
4C6
330
4BB
100
AcDbEntity
  8
Defpoints
100
AcDbPoint
 10
-1.45
 20
2.51495830078157
 30
0.0
  0
POINT
  5
4C7
330
4BB
100
AcDbEntity
  8
Defpoints
100
AcDbPoint
 10
-0.8500000052298083
 20
2.51495830078157
 30
0.0
  0
POINT
  5
4C8
330
4BB
100
AcDbEntity
  8
Defpoints
100
AcDbPoint
 10
-0.8500000052298083
 20
6.264958300781569
 30
0.0
  0
ENDBLK
  5
4BD
330
4BB
100
AcDbEntity
  8
0
100
AcDbBlockEnd
  0
BLOCK
  5
4CB
330
4CA
100
AcDbEntity
  8
0
100
AcDbBlockBegin
  2
*D44
 70
1
 10
0.0
 20
0.0
 30
0.0
  3
*D44
  1

  0
LINE
  5
4CD
330
4CA
100
AcDbEntity
  8
0
 62
7
370
13
100
AcDbLine
 10
-0.8900000052298084
 20
6.264958300781569
 30
0.0
 11
-1.51
 21
6.264958300781569
 31
0.0
  0
LINE
  5
4CE
330
4CA
100
AcDbEntity
  8
0
 62
7
370
13
100
AcDbLine
 10
-0.8900000052298084
 20
10.01495830078157
 30
0.0
 11
-1.51
 21
10.01495830078157
 31
0.0
  0
INSERT
  5
4CF
330
4CA
100
AcDbEntity
  8
E-COTA
 62
7
100
AcDbBlockReference
  2
_OBLIQUE
 10
-1.45
 20
6.264958300781569
 30
0.0
 41
0.1
 42
0.1
 50
90.0
  0
INSERT
  5
4D1
330
4CA
100
AcDbEntity
  8
E-COTA
 62
7
100
AcDbBlockReference
  2
_OBLIQUE
 10
-1.45
 20
10.01495830078157
 30
0.0
 41
0.1
 42
0.1
 50
90.0
  0
LINE
  5
4D3
330
4CA
100
AcDbEntity
  8
0
 62
7
370
13
100
AcDbLine
 10
-1.45
 20
6.264958300781569
 30
0.0
 11
-1.45
 21
10.01495830078157
 31
0.0
  0
MTEXT
  5
4D4
330
4CA
100
AcDbEntity
  8
E-COTA
 62
7
100
AcDbMText
 10
-1.525
 20
8.139958300781569
 30
0.0
 40
0.09000000000000001
 71
5
  1
3.75
  7
ARIAL
 50
90.0
  0
POINT
  5
4D5
330
4CA
100
AcDbEntity
  8
Defpoints
100
AcDbPoint
 10
-1.45
 20
6.264958300781569
 30
0.0
  0
POINT
  5
4D6
330
4CA
100
AcDbEntity
  8
Defpoints
100
AcDbPoint
 10
-0.8500000052298083
 20
6.264958300781569
 30
0.0
  0
POINT
  5
4D7
330
4CA
100
AcDbEntity
  8
Defpoints
100
AcDbPoint
 10
-0.8500000052298083
 20
10.01495830078157
 30
0.0
  0
ENDBLK
  5
4CC
330
4CA
100
AcDbEntity
  8
0
100
AcDbBlockEnd
  0
BLOCK
  5
4DA
330
4D9
100
AcDbEntity
  8
0
100
AcDbBlockBegin
  2
*D45
 70
1
 10
0.0
 20
0.0
 30
0.0
  3
*D45
  1

  0
LINE
  5
4DC
330
4D9
100
AcDbEntity
  8
0
 62
7
370
13
100
AcDbLine
 10
-0.8900000052298084
 20
10.01495830078157
 30
0.0
 11
-1.51
 21
10.01495830078157
 31
0.0
  0
LINE
  5
4DD
330
4D9
100
AcDbEntity
  8
0
 62
7
370
13
100
AcDbLine
 10
-0.8900000052298084
 20
10.164957988729537
 30
0.0
 11
-1.51
 21
10.164957988729537
 31
0.0
  0
INSERT
  5
4DE
330
4D9
100
AcDbEntity
  8
E-COTA
 62
7
100
AcDbBlockReference
  2
_OBLIQUE
 10
-1.45
 20
10.01495830078157
 30
0.0
 41
0.1
 42
0.1
 50
90.0
  0
INSERT
  5
4E0
330
4D9
100
AcDbEntity
  8
E-COTA
 62
7
100
AcDbBlockReference
  2
_OBLIQUE
 10
-1.45
 20
10.164957988729537
 30
0.0
 41
0.1
 42
0.1
 50
90.0
  0
LINE
  5
4E2
330
4D9
100
AcDbEntity
  8
0
 62
7
370
13
100
AcDbLine
 10
-1.45
 20
10.01495830078157
 30
0.0
 11
-1.45
 21
10.164957988729537
 31
0.0
  0
MTEXT
  5
4E3
330
4D9
100
AcDbEntity
  8
E-COTA
 62
7
100
AcDbMText
 10
-1.585
 20
10.089958144755553
 30
0.0
 40
0.09000000000000001
 71
5
  1
0.15
  7
ARIAL
 50
90.0
  0
POINT
  5
4E4
330
4D9
100
AcDbEntity
  8
Defpoints
100
AcDbPoint
 10
-1.45
 20
10.01495830078157
 30
0.0
  0
POINT
  5
4E5
330
4D9
100
AcDbEntity
  8
Defpoints
100
AcDbPoint
 10
-0.8500000052298083
 20
10.01495830078157
 30
0.0
  0
POINT
  5
4E6
330
4D9
100
AcDbEntity
  8
Defpoints
100
AcDbPoint
 10
-0.8500000052298083
 20
10.164957988729537
 30
0.0
  0
ENDBLK
  5
4DB
330
4D9
100
AcDbEntity
  8
0
100
AcDbBlockEnd
  0
BLOCK
  5
4E9
330
4E8
100
AcDbEntity
  8
0
100
AcDbBlockBegin
  2
*D46
 70
1
 10
0.0
 20
0.0
 30
0.0
  3
*D46
  1

  0
LINE
  5
4EB
330
4E8
100
AcDbEntity
  8
0
 62
7
370
13
100
AcDbLine
 10
-0.8900000052298084
 20
0.864958294910878
 30
0.0
 11
-1.86
 21
0.864958294910878
 31
0.0
  0
LINE
  5
4EC
330
4E8
100
AcDbEntity
  8
0
 62
7
370
13
100
AcDbLine
 10
-0.8900000052298084
 20
10.164957988729537
 30
0.0
 11
-1.86
 21
10.164957988729537
 31
0.0
  0
INSERT
  5
4ED
330
4E8
100
AcDbEntity
  8
E-COTA
 62
7
100
AcDbBlockReference
  2
_OBLIQUE
 10
-1.8
 20
0.864958294910878
 30
0.0
 41
0.1
 42
0.1
 50
90.0
  0
INSERT
  5
4EF
330
4E8
100
AcDbEntity
  8
E-COTA
 62
7
100
AcDbBlockReference
  2
_OBLIQUE
 10
-1.8
 20
10.164957988729537
 30
0.0
 41
0.1
 42
0.1
 50
90.0
  0
LINE
  5
4F1
330
4E8
100
AcDbEntity
  8
0
 62
7
370
13
100
AcDbLine
 10
-1.8
 20
0.864958294910878
 30
0.0
 11
-1.8
 21
10.164957988729537
 31
0.0
  0
MTEXT
  5
4F2
330
4E8
100
AcDbEntity
  8
E-COTA
 62
7
100
AcDbMText
 10
-1.875
 20
5.514958141820207
 30
0.0
 40
0.09000000000000001
 71
5
  1
9.30
  7
ARIAL
 50
90.0
  0
POINT
  5
4F3
330
4E8
100
AcDbEntity
  8
Defpoints
100
AcDbPoint
 10
-1.8
 20
0.864958294910878
 30
0.0
  0
POINT
  5
4F4
330
4E8
100
AcDbEntity
  8
Defpoints
100
AcDbPoint
 10
-0.8500000052298083
 20
0.864958294910878
 30
0.0
  0
POINT
  5
4F5
330
4E8
100
AcDbEntity
  8
Defpoints
100
AcDbPoint
 10
-0.8500000052298083
 20
10.164957988729537
 30
0.0
  0
ENDBLK
  5
4EA
330
4E8
100
AcDbEntity
  8
0
100
AcDbBlockEnd
  0
BLOCK
  5
4F8
330
4F7
100
AcDbEntity
  8
0
100
AcDbBlockBegin
  2
*D47
 70
1
 10
0.0
 20
0.0
 30
0.0
  3
*D47
  1

  0
LINE
  5
4FA
330
4F7
100
AcDbEntity
  8
0
 62
7
370
13
100
AcDbLine
 10
-0.8500000052298083
 20
10.204957988729536
 30
0.0
 11
-0.8500000052298083
 21
10.524957988729538
 31
0.0
  0
LINE
  5
4FB
330
4F7
100
AcDbEntity
  8
0
 62
7
370
13
100
AcDbLine
 10
-0.1499999999999748
 20
10.204957988729536
 30
0.0
 11
-0.1499999999999748
 21
10.524957988729538
 31
0.0
  0
INSERT
  5
4FC
330
4F7
100
AcDbEntity
  8
E-COTA
 62
7
100
AcDbBlockReference
  2
_OBLIQUE
 10
-0.8500000052298083
 20
10.464957988729537
 30
0.0
 41
0.1
 42
0.1
  0
INSERT
  5
4FE
330
4F7
100
AcDbEntity
  8
E-COTA
 62
7
100
AcDbBlockReference
  2
_OBLIQUE
 10
-0.1499999999999748
 20
10.464957988729537
 30
0.0
 41
0.1
 42
0.1
  0
LINE
  5
500
330
4F7
100
AcDbEntity
  8
0
 62
7
370
13
100
AcDbLine
 10
-0.8500000052298083
 20
10.464957988729537
 30
0.0
 11
-0.1499999999999748
 21
10.464957988729537
 31
0.0
  0
MTEXT
  5
501
330
4F7
100
AcDbEntity
  8
E-COTA
 62
7
100
AcDbMText
 10
-0.5000000026148916
 20
10.539957988729537
 30
0.0
 40
0.09000000000000001
 71
5
  1
0.70
  7
ARIAL
  0
POINT
  5
502
330
4F7
100
AcDbEntity
  8
Defpoints
100
AcDbPoint
 10
-0.8500000052298083
 20
10.464957988729537
 30
0.0
  0
POINT
  5
503
330
4F7
100
AcDbEntity
  8
Defpoints
100
AcDbPoint
 10
-0.8500000052298083
 20
10.164957988729537
 30
0.0
  0
POINT
  5
504
330
4F7
100
AcDbEntity
  8
Defpoints
100
AcDbPoint
 10
-0.1499999999999748
 20
10.164957988729537
 30
0.0
  0
ENDBLK
  5
4F9
330
4F7
100
AcDbEntity
  8
0
100
AcDbBlockEnd
  0
BLOCK
  5
508
330
507
100
AcDbEntity
  8
0
100
AcDbBlockBegin
  2
*D48
 70
1
 10
0.0
 20
0.0
 30
0.0
  3
*D48
  1

  0
LINE
  5
50A
330
507
100
AcDbEntity
  8
0
 62
7
370
13
100
AcDbLine
 10
-0.19
 20
0.864958294910878
 30
0.0
 11
-0.81
 21
0.864958294910878
 31
0.0
  0
LINE
  5
50B
330
507
100
AcDbEntity
  8
0
 62
7
370
13
100
AcDbLine
 10
-0.19
 20
2.36495830078157
 30
0.0
 11
-0.81
 21
2.36495830078157
 31
0.0
  0
INSERT
  5
50C
330
507
100
AcDbEntity
  8
E-COTA
 62
7
100
AcDbBlockReference
  2
_OBLIQUE
 10
-0.75
 20
0.864958294910878
 30
0.0
 41
0.1
 42
0.1
 50
90.0
  0
INSERT
  5
50E
330
507
100
AcDbEntity
  8
E-COTA
 62
7
100
AcDbBlockReference
  2
_OBLIQUE
 10
-0.75
 20
2.36495830078157
 30
0.0
 41
0.1
 42
0.1
 50
90.0
  0
LINE
  5
510
330
507
100
AcDbEntity
  8
0
 62
7
370
13
100
AcDbLine
 10
-0.75
 20
0.864958294910878
 30
0.0
 11
-0.75
 21
2.36495830078157
 31
0.0
  0
MTEXT
  5
511
330
507
100
AcDbEntity
  8
E-COTA
 62
7
100
AcDbMText
 10
-0.825
 20
1.6149582978462238
 30
0.0
 40
0.09000000000000001
 71
5
  1
1.50
  7
ARIAL
 50
90.0
  0
POINT
  5
512
330
507
100
AcDbEntity
  8
Defpoints
100
AcDbPoint
 10
-0.75
 20
0.864958294910878
 30
0.0
  0
POINT
  5
513
330
507
100
AcDbEntity
  8
Defpoints
100
AcDbPoint
 10
-0.15
 20
0.864958294910878
 30
0.0
  0
POINT
  5
514
330
507
100
AcDbEntity
  8
Defpoints
100
AcDbPoint
 10
-0.15
 20
2.36495830078157
 30
0.0
  0
ENDBLK
  5
509
330
507
100
AcDbEntity
  8
0
100
AcDbBlockEnd
  0
BLOCK
  5
518
330
517
100
AcDbEntity
  8
0
100
AcDbBlockBegin
  2
*D49
 70
1
 10
0.0
 20
0.0
 30
0.0
  3
*D49
  1

  0
LINE
  5
51A
330
517
100
AcDbEntity
  8
0
 62
7
370
13
100
AcDbLine
 10
-0.14999999462078104
 20
0.8249582949108779
 30
0.0
 11
-0.14999999462078104
 21
-0.51
 31
0.0
  0
LINE
  5
51B
330
517
100
AcDbEntity
  8
0
 62
7
370
13
100
AcDbLine
 10
2.519676044985892e-14
 20
0.8249582949108779
 30
0.0
 11
2.519676044985892e-14
 21
-0.51
 31
0.0
  0
INSERT
  5
51C
330
517
100
AcDbEntity
  8
E-COTA
 62
7
100
AcDbBlockReference
  2
_OBLIQUE
 10
-0.14999999462078104
 20
-0.45
 30
0.0
 41
0.1
 42
0.1
  0
INSERT
  5
51E
330
517
100
AcDbEntity
  8
E-COTA
 62
7
100
AcDbBlockReference
  2
_OBLIQUE
 10
2.519676044985892e-14
 20
-0.45
 30
0.0
 41
0.1
 42
0.1
  0
LINE
  5
520
330
517
100
AcDbEntity
  8
0
 62
7
370
13
100
AcDbLine
 10
-0.14999999462078104
 20
-0.45
 30
0.0
 11
2.519676044985892e-14
 21
-0.45
 31
0.0
  0
MTEXT
  5
521
330
517
100
AcDbEntity
  8
E-COTA
 62
7
100
AcDbMText
 10
-0.07499999731037792
 20
-0.315
 30
0.0
 40
0.09000000000000001
 71
5
  1
0.15
  7
ARIAL
  0
POINT
  5
522
330
517
100
AcDbEntity
  8
Defpoints
100
AcDbPoint
 10
-0.14999999462078104
 20
-0.45
 30
0.0
  0
POINT
  5
523
330
517
100
AcDbEntity
  8
Defpoints
100
AcDbPoint
 10
-0.14999999462078104
 20
0.864958294910878
 30
0.0
  0
POINT
  5
524
330
517
100
AcDbEntity
  8
Defpoints
100
AcDbPoint
 10
2.519676044985892e-14
 20
0.864958294910878
 30
0.0
  0
ENDBLK
  5
519
330
517
100
AcDbEntity
  8
0
100
AcDbBlockEnd
  0
BLOCK
  5
527
330
526
100
AcDbEntity
  8
0
100
AcDbBlockBegin
  2
*D50
 70
1
 10
0.0
 20
0.0
 30
0.0
  3
*D50
  1

  0
LINE
  5
529
330
526
100
AcDbEntity
  8
0
 62
7
370
13
100
AcDbLine
 10
2.519676044985892e-14
 20
0.8249582949108779
 30
0.0
 11
2.519676044985892e-14
 21
-0.51
 31
0.0
  0
LINE
  5
52A
330
526
100
AcDbEntity
  8
0
 62
7
370
13
100
AcDbLine
 10
3.200000000000016
 20
0.8249582949108779
 30
0.0
 11
3.200000000000016
 21
-0.51
 31
0.0
  0
INSERT
  5
52B
330
526
100
AcDbEntity
  8
E-COTA
 62
7
100
AcDbBlockReference
  2
_OBLIQUE
 10
2.519676044985892e-14
 20
-0.45
 30
0.0
 41
0.1
 42
0.1
  0
INSERT
  5
52D
330
526
100
AcDbEntity
  8
E-COTA
 62
7
100
AcDbBlockReference
  2
_OBLIQUE
 10
3.200000000000016
 20
-0.45
 30
0.0
 41
0.1
 42
0.1
  0
LINE
  5
52F
330
526
100
AcDbEntity
  8
0
 62
7
370
13
100
AcDbLine
 10
2.519676044985892e-14
 20
-0.45
 30
0.0
 11
3.200000000000016
 21
-0.45
 31
0.0
  0
MTEXT
  5
530
330
526
100
AcDbEntity
  8
E-COTA
 62
7
100
AcDbMText
 10
1.6000000000000205
 20
-0.375
 30
0.0
 40
0.09000000000000001
 71
5
  1
3.20
  7
ARIAL
  0
POINT
  5
531
330
526
100
AcDbEntity
  8
Defpoints
100
AcDbPoint
 10
2.519676044985892e-14
 20
-0.45
 30
0.0
  0
POINT
  5
532
330
526
100
AcDbEntity
  8
Defpoints
100
AcDbPoint
 10
2.519676044985892e-14
 20
0.864958294910878
 30
0.0
  0
POINT
  5
533
330
526
100
AcDbEntity
  8
Defpoints
100
AcDbPoint
 10
3.200000000000016
 20
0.864958294910878
 30
0.0
  0
ENDBLK
  5
528
330
526
100
AcDbEntity
  8
0
100
AcDbBlockEnd
  0
BLOCK
  5
536
330
535
100
AcDbEntity
  8
0
100
AcDbBlockBegin
  2
*D51
 70
1
 10
0.0
 20
0.0
 30
0.0
  3
*D51
  1

  0
LINE
  5
538
330
535
100
AcDbEntity
  8
0
 62
7
370
13
100
AcDbLine
 10
3.200000000000016
 20
0.8249582949108779
 30
0.0
 11
3.200000000000016
 21
-0.51
 31
0.0
  0
LINE
  5
539
330
535
100
AcDbEntity
  8
0
 62
7
370
13
100
AcDbLine
 10
6.099999893137329
 20
0.8249582949108779
 30
0.0
 11
6.099999893137329
 21
-0.51
 31
0.0
  0
INSERT
  5
53A
330
535
100
AcDbEntity
  8
E-COTA
 62
7
100
AcDbBlockReference
  2
_OBLIQUE
 10
3.200000000000016
 20
-0.45
 30
0.0
 41
0.1
 42
0.1
  0
INSERT
  5
53C
330
535
100
AcDbEntity
  8
E-COTA
 62
7
100
AcDbBlockReference
  2
_OBLIQUE
 10
6.099999893137329
 20
-0.45
 30
0.0
 41
0.1
 42
0.1
  0
LINE
  5
53E
330
535
100
AcDbEntity
  8
0
 62
7
370
13
100
AcDbLine
 10
3.200000000000016
 20
-0.45
 30
0.0
 11
6.099999893137329
 21
-0.45
 31
0.0
  0
MTEXT
  5
53F
330
535
100
AcDbEntity
  8
E-COTA
 62
7
100
AcDbMText
 10
4.6499999465686725
 20
-0.375
 30
0.0
 40
0.09000000000000001
 71
5
  1
2.90
  7
ARIAL
  0
POINT
  5
540
330
535
100
AcDbEntity
  8
Defpoints
100
AcDbPoint
 10
3.200000000000016
 20
-0.45
 30
0.0
  0
POINT
  5
541
330
535
100
AcDbEntity
  8
Defpoints
100
AcDbPoint
 10
3.200000000000016
 20
0.864958294910878
 30
0.0
  0
POINT
  5
542
330
535
100
AcDbEntity
  8
Defpoints
100
AcDbPoint
 10
6.099999893137329
 20
0.864958294910878
 30
0.0
  0
ENDBLK
  5
537
330
535
100
AcDbEntity
  8
0
100
AcDbBlockEnd
  0
BLOCK
  5
545
330
544
100
AcDbEntity
  8
0
100
AcDbBlockBegin
  2
*D52
 70
1
 10
0.0
 20
0.0
 30
0.0
  3
*D52
  1

  0
LINE
  5
547
330
544
100
AcDbEntity
  8
0
 62
7
370
13
100
AcDbLine
 10
6.099999893137329
 20
0.8249582949108779
 30
0.0
 11
6.099999893137329
 21
-0.51
 31
0.0
  0
LINE
  5
548
330
544
100
AcDbEntity
  8
0
 62
7
370
13
100
AcDbLine
 10
6.3999999999999595
 20
0.8249582949108779
 30
0.0
 11
6.3999999999999595
 21
-0.51
 31
0.0
  0
INSERT
  5
549
330
544
100
AcDbEntity
  8
E-COTA
 62
7
100
AcDbBlockReference
  2
_OBLIQUE
 10
6.099999893137329
 20
-0.45
 30
0.0
 41
0.1
 42
0.1
  0
INSERT
  5
54B
330
544
100
AcDbEntity
  8
E-COTA
 62
7
100
AcDbBlockReference
  2
_OBLIQUE
 10
6.3999999999999595
 20
-0.45
 30
0.0
 41
0.1
 42
0.1
  0
LINE
  5
54D
330
544
100
AcDbEntity
  8
0
 62
7
370
13
100
AcDbLine
 10
6.099999893137329
 20
-0.45
 30
0.0
 11
6.3999999999999595
 21
-0.45
 31
0.0
  0
MTEXT
  5
54E
330
544
100
AcDbEntity
  8
E-COTA
 62
7
100
AcDbMText
 10
6.249999946568645
 20
-0.315
 30
0.0
 40
0.09000000000000001
 71
5
  1
0.30
  7
ARIAL
  0
POINT
  5
54F
330
544
100
AcDbEntity
  8
Defpoints
100
AcDbPoint
 10
6.099999893137329
 20
-0.45
 30
0.0
  0
POINT
  5
550
330
544
100
AcDbEntity
  8
Defpoints
100
AcDbPoint
 10
6.099999893137329
 20
0.864958294910878
 30
0.0
  0
POINT
  5
551
330
544
100
AcDbEntity
  8
Defpoints
100
AcDbPoint
 10
6.3999999999999595
 20
0.864958294910878
 30
0.0
  0
ENDBLK
  5
546
330
544
100
AcDbEntity
  8
0
100
AcDbBlockEnd
  0
BLOCK
  5
554
330
553
100
AcDbEntity
  8
0
100
AcDbBlockBegin
  2
*D53
 70
1
 10
0.0
 20
0.0
 30
0.0
  3
*D53
  1

  0
LINE
  5
556
330
553
100
AcDbEntity
  8
0
 62
7
370
13
100
AcDbLine
 10
6.3999999999999595
 20
0.8249582949108779
 30
0.0
 11
6.3999999999999595
 21
-0.51
 31
0.0
  0
LINE
  5
557
330
553
100
AcDbEntity
  8
0
 62
7
370
13
100
AcDbLine
 10
9.999999999999954
 20
0.8249582949108779
 30
0.0
 11
9.999999999999954
 21
-0.51
 31
0.0
  0
INSERT
  5
558
330
553
100
AcDbEntity
  8
E-COTA
 62
7
100
AcDbBlockReference
  2
_OBLIQUE
 10
6.3999999999999595
 20
-0.45
 30
0.0
 41
0.1
 42
0.1
  0
INSERT
  5
55A
330
553
100
AcDbEntity
  8
E-COTA
 62
7
100
AcDbBlockReference
  2
_OBLIQUE
 10
9.999999999999954
 20
-0.45
 30
0.0
 41
0.1
 42
0.1
  0
LINE
  5
55C
330
553
100
AcDbEntity
  8
0
 62
7
370
13
100
AcDbLine
 10
6.3999999999999595
 20
-0.45
 30
0.0
 11
9.999999999999954
 21
-0.45
 31
0.0
  0
MTEXT
  5
55D
330
553
100
AcDbEntity
  8
E-COTA
 62
7
100
AcDbMText
 10
8.199999999999957
 20
-0.375
 30
0.0
 40
0.09000000000000001
 71
5
  1
3.60
  7
ARIAL
  0
POINT
  5
55E
330
553
100
AcDbEntity
  8
Defpoints
100
AcDbPoint
 10
6.3999999999999595
 20
-0.45
 30
0.0
  0
POINT
  5
55F
330
553
100
AcDbEntity
  8
Defpoints
100
AcDbPoint
 10
6.3999999999999595
 20
0.864958294910878
 30
0.0
  0
POINT
  5
560
330
553
100
AcDbEntity
  8
Defpoints
100
AcDbPoint
 10
9.999999999999954
 20
0.864958294910878
 30
0.0
  0
ENDBLK
  5
555
330
553
100
AcDbEntity
  8
0
100
AcDbBlockEnd
  0
BLOCK
  5
563
330
562
100
AcDbEntity
  8
0
100
AcDbBlockBegin
  2
*D54
 70
1
 10
0.0
 20
0.0
 30
0.0
  3
*D54
  1

  0
LINE
  5
565
330
562
100
AcDbEntity
  8
0
 62
7
370
13
100
AcDbLine
 10
9.999999999999954
 20
0.8249582949108779
 30
0.0
 11
9.999999999999954
 21
-0.51
 31
0.0
  0
LINE
  5
566
330
562
100
AcDbEntity
  8
0
 62
7
370
13
100
AcDbLine
 10
10.149999607111337
 20
0.8249582949108779
 30
0.0
 11
10.149999607111337
 21
-0.51
 31
0.0
  0
INSERT
  5
567
330
562
100
AcDbEntity
  8
E-COTA
 62
7
100
AcDbBlockReference
  2
_OBLIQUE
 10
9.999999999999954
 20
-0.45
 30
0.0
 41
0.1
 42
0.1
  0
INSERT
  5
569
330
562
100
AcDbEntity
  8
E-COTA
 62
7
100
AcDbBlockReference
  2
_OBLIQUE
 10
10.149999607111337
 20
-0.45
 30
0.0
 41
0.1
 42
0.1
  0
LINE
  5
56B
330
562
100
AcDbEntity
  8
0
 62
7
370
13
100
AcDbLine
 10
9.999999999999954
 20
-0.45
 30
0.0
 11
10.149999607111337
 21
-0.45
 31
0.0
  0
MTEXT
  5
56C
330
562
100
AcDbEntity
  8
E-COTA
 62
7
100
AcDbMText
 10
10.074999803555645
 20
-0.315
 30
0.0
 40
0.09000000000000001
 71
5
  1
0.15
  7
ARIAL
  0
POINT
  5
56D
330
562
100
AcDbEntity
  8
Defpoints
100
AcDbPoint
 10
9.999999999999954
 20
-0.45
 30
0.0
  0
POINT
  5
56E
330
562
100
AcDbEntity
  8
Defpoints
100
AcDbPoint
 10
9.999999999999954
 20
0.864958294910878
 30
0.0
  0
POINT
  5
56F
330
562
100
AcDbEntity
  8
Defpoints
100
AcDbPoint
 10
10.149999607111337
 20
0.864958294910878
 30
0.0
  0
ENDBLK
  5
564
330
562
100
AcDbEntity
  8
0
100
AcDbBlockEnd
  0
BLOCK
  5
722
330
721
100
AcDbEntity
  8
0
100
AcDbBlockBegin
  2
*D55
 70
1
 10
0.0
 20
0.0
 30
0.0
  3
*D55
  1

  0
LINE
  5
724
330
721
100
AcDbEntity
  8
0
 62
7
370
13
100
AcDbLine
 10
-0.5075300416893568
 20
29.68
 30
0.0
 11
-0.5075300416893568
 21
29.557499999999997
 31
0.0
  0
LINE
  5
725
330
721
100
AcDbEntity
  8
0
 62
7
370
13
100
AcDbLine
 10
-0.1499999999999748
 20
29.68
 30
0.0
 11
-0.1499999999999748
 21
29.557499999999997
 31
0.0
  0
INSERT
  5
726
330
721
100
AcDbEntity
  8
E-COTA
 62
7
100
AcDbBlockReference
  2
_OBLIQUE
 10
-0.5075300416893568
 20
29.5875
 30
0.0
 41
0.05
 42
0.05
  0
INSERT
  5
728
330
721
100
AcDbEntity
  8
E-COTA
 62
7
100
AcDbBlockReference
  2
_OBLIQUE
 10
-0.1499999999999748
 20
29.5875
 30
0.0
 41
0.05
 42
0.05
  0
LINE
  5
72A
330
721
100
AcDbEntity
  8
0
 62
7
370
13
100
AcDbLine
 10
-0.5075300416893568
 20
29.5875
 30
0.0
 11
-0.1499999999999748
 21
29.5875
 31
0.0
  0
MTEXT
  5
72B
330
721
100
AcDbEntity
  8
E-COTA
 62
7
100
AcDbMText
 10
-0.3287650208446658
 20
29.625
 30
0.0
 40
0.045000000000000005
 71
5
  1
0.36
  7
ARIAL
  0
POINT
  5
72C
330
721
100
AcDbEntity
  8
Defpoints
100
AcDbPoint
 10
-0.5075300416893568
 20
29.5875
 30
0.0
  0
POINT
  5
72D
330
721
100
AcDbEntity
  8
Defpoints
100
AcDbPoint
 10
-0.5075300416893568
 20
29.7
 30
0.0
  0
POINT
  5
72E
330
721
100
AcDbEntity
  8
Defpoints
100
AcDbPoint
 10
-0.1499999999999748
 20
29.7
 30
0.0
  0
ENDBLK
  5
723
330
721
100
AcDbEntity
  8
0
100
AcDbBlockEnd
  0
BLOCK
  5
731
330
730
100
AcDbEntity
  8
0
100
AcDbBlockBegin
  2
*D56
 70
1
 10
0.0
 20
0.0
 30
0.0
  3
*D56
  1

  0
LINE
  5
733
330
730
100
AcDbEntity
  8
0
 62
7
370
13
100
AcDbLine
 10
-0.1499999999999748
 20
29.68
 30
0.0
 11
-0.1499999999999748
 21
29.557499999999997
 31
0.0
  0
LINE
  5
734
330
730
100
AcDbEntity
  8
0
 62
7
370
13
100
AcDbLine
 10
0.1500000000000252
 20
29.68
 30
0.0
 11
0.1500000000000252
 21
29.557499999999997
 31
0.0
  0
INSERT
  5
735
330
730
100
AcDbEntity
  8
E-COTA
 62
7
100
AcDbBlockReference
  2
_OBLIQUE
 10
-0.1499999999999748
 20
29.5875
 30
0.0
 41
0.05
 42
0.05
  0
INSERT
  5
737
330
730
100
AcDbEntity
  8
E-COTA
 62
7
100
AcDbBlockReference
  2
_OBLIQUE
 10
0.1500000000000252
 20
29.5875
 30
0.0
 41
0.05
 42
0.05
  0
LINE
  5
739
330
730
100
AcDbEntity
  8
0
 62
7
370
13
100
AcDbLine
 10
-0.1499999999999748
 20
29.5875
 30
0.0
 11
0.1500000000000252
 21
29.5875
 31
0.0
  0
MTEXT
  5
73A
330
730
100
AcDbEntity
  8
E-COTA
 62
7
100
AcDbMText
 10
2.5202062658991053e-14
 20
29.625
 30
0.0
 40
0.045000000000000005
 71
5
  1
0.30
  7
ARIAL
  0
POINT
  5
73B
330
730
100
AcDbEntity
  8
Defpoints
100
AcDbPoint
 10
-0.1499999999999748
 20
29.5875
 30
0.0
  0
POINT
  5
73C
330
730
100
AcDbEntity
  8
Defpoints
100
AcDbPoint
 10
-0.1499999999999748
 20
29.7
 30
0.0
  0
POINT
  5
73D
330
730
100
AcDbEntity
  8
Defpoints
100
AcDbPoint
 10
0.1500000000000252
 20
29.7
 30
0.0
  0
ENDBLK
  5
732
330
730
100
AcDbEntity
  8
0
100
AcDbBlockEnd
  0
BLOCK
  5
740
330
73F
100
AcDbEntity
  8
0
100
AcDbBlockBegin
  2
*D57
 70
1
 10
0.0
 20
0.0
 30
0.0
  3
*D57
  1

  0
LINE
  5
742
330
73F
100
AcDbEntity
  8
0
 62
7
370
13
100
AcDbLine
 10
0.1500000000000252
 20
29.68
 30
0.0
 11
0.1500000000000252
 21
29.557499999999997
 31
0.0
  0
LINE
  5
743
330
73F
100
AcDbEntity
  8
0
 62
7
370
13
100
AcDbLine
 10
3.0500000000000163
 20
29.68
 30
0.0
 11
3.0500000000000163
 21
29.557499999999997
 31
0.0
  0
INSERT
  5
744
330
73F
100
AcDbEntity
  8
E-COTA
 62
7
100
AcDbBlockReference
  2
_OBLIQUE
 10
0.1500000000000252
 20
29.5875
 30
0.0
 41
0.05
 42
0.05
  0
INSERT
  5
746
330
73F
100
AcDbEntity
  8
E-COTA
 62
7
100
AcDbBlockReference
  2
_OBLIQUE
 10
3.0500000000000163
 20
29.5875
 30
0.0
 41
0.05
 42
0.05
  0
LINE
  5
748
330
73F
100
AcDbEntity
  8
0
 62
7
370
13
100
AcDbLine
 10
0.1500000000000252
 20
29.5875
 30
0.0
 11
3.0500000000000163
 21
29.5875
 31
0.0
  0
MTEXT
  5
749
330
73F
100
AcDbEntity
  8
E-COTA
 62
7
100
AcDbMText
 10
1.6000000000000207
 20
29.625
 30
0.0
 40
0.045000000000000005
 71
5
  1
2.90
  7
ARIAL
  0
POINT
  5
74A
330
73F
100
AcDbEntity
  8
Defpoints
100
AcDbPoint
 10
0.1500000000000252
 20
29.5875
 30
0.0
  0
POINT
  5
74B
330
73F
100
AcDbEntity
  8
Defpoints
100
AcDbPoint
 10
0.1500000000000252
 20
29.7
 30
0.0
  0
POINT
  5
74C
330
73F
100
AcDbEntity
  8
Defpoints
100
AcDbPoint
 10
3.0500000000000163
 20
29.7
 30
0.0
  0
ENDBLK
  5
741
330
73F
100
AcDbEntity
  8
0
100
AcDbBlockEnd
  0
BLOCK
  5
74F
330
74E
100
AcDbEntity
  8
0
100
AcDbBlockBegin
  2
*D58
 70
1
 10
0.0
 20
0.0
 30
0.0
  3
*D58
  1

  0
LINE
  5
751
330
74E
100
AcDbEntity
  8
0
 62
7
370
13
100
AcDbLine
 10
3.0500000000000163
 20
29.68
 30
0.0
 11
3.0500000000000163
 21
29.557499999999997
 31
0.0
  0
LINE
  5
752
330
74E
100
AcDbEntity
  8
0
 62
7
370
13
100
AcDbLine
 10
3.350000000000016
 20
29.68
 30
0.0
 11
3.350000000000016
 21
29.557499999999997
 31
0.0
  0
INSERT
  5
753
330
74E
100
AcDbEntity
  8
E-COTA
 62
7
100
AcDbBlockReference
  2
_OBLIQUE
 10
3.0500000000000163
 20
29.5875
 30
0.0
 41
0.05
 42
0.05
  0
INSERT
  5
755
330
74E
100
AcDbEntity
  8
E-COTA
 62
7
100
AcDbBlockReference
  2
_OBLIQUE
 10
3.350000000000016
 20
29.5875
 30
0.0
 41
0.05
 42
0.05
  0
LINE
  5
757
330
74E
100
AcDbEntity
  8
0
 62
7
370
13
100
AcDbLine
 10
3.0500000000000163
 20
29.5875
 30
0.0
 11
3.350000000000016
 21
29.5875
 31
0.0
  0
MTEXT
  5
758
330
74E
100
AcDbEntity
  8
E-COTA
 62
7
100
AcDbMText
 10
3.200000000000016
 20
29.625
 30
0.0
 40
0.045000000000000005
 71
5
  1
0.30
  7
ARIAL
  0
POINT
  5
759
330
74E
100
AcDbEntity
  8
Defpoints
100
AcDbPoint
 10
3.0500000000000163
 20
29.5875
 30
0.0
  0
POINT
  5
75A
330
74E
100
AcDbEntity
  8
Defpoints
100
AcDbPoint
 10
3.0500000000000163
 20
29.7
 30
0.0
  0
POINT
  5
75B
330
74E
100
AcDbEntity
  8
Defpoints
100
AcDbPoint
 10
3.350000000000016
 20
29.7
 30
0.0
  0
ENDBLK
  5
750
330
74E
100
AcDbEntity
  8
0
100
AcDbBlockEnd
  0
BLOCK
  5
75E
330
75D
100
AcDbEntity
  8
0
100
AcDbBlockBegin
  2
*D59
 70
1
 10
0.0
 20
0.0
 30
0.0
  3
*D59
  1

  0
LINE
  5
760
330
75D
100
AcDbEntity
  8
0
 62
7
370
13
100
AcDbLine
 10
3.350000000000016
 20
29.68
 30
0.0
 11
3.350000000000016
 21
29.557499999999997
 31
0.0
  0
LINE
  5
761
330
75D
100
AcDbEntity
  8
0
 62
7
370
13
100
AcDbLine
 10
6.249999999999959
 20
29.68
 30
0.0
 11
6.249999999999959
 21
29.557499999999997
 31
0.0
  0
INSERT
  5
762
330
75D
100
AcDbEntity
  8
E-COTA
 62
7
100
AcDbBlockReference
  2
_OBLIQUE
 10
3.350000000000016
 20
29.5875
 30
0.0
 41
0.05
 42
0.05
  0
INSERT
  5
764
330
75D
100
AcDbEntity
  8
E-COTA
 62
7
100
AcDbBlockReference
  2
_OBLIQUE
 10
6.249999999999959
 20
29.5875
 30
0.0
 41
0.05
 42
0.05
  0
LINE
  5
766
330
75D
100
AcDbEntity
  8
0
 62
7
370
13
100
AcDbLine
 10
3.350000000000016
 20
29.5875
 30
0.0
 11
6.249999999999959
 21
29.5875
 31
0.0
  0
MTEXT
  5
767
330
75D
100
AcDbEntity
  8
E-COTA
 62
7
100
AcDbMText
 10
4.799999999999987
 20
29.625
 30
0.0
 40
0.045000000000000005
 71
5
  1
2.90
  7
ARIAL
  0
POINT
  5
768
330
75D
100
AcDbEntity
  8
Defpoints
100
AcDbPoint
 10
3.350000000000016
 20
29.5875
 30
0.0
  0
POINT
  5
769
330
75D
100
AcDbEntity
  8
Defpoints
100
AcDbPoint
 10
3.350000000000016
 20
29.7
 30
0.0
  0
POINT
  5
76A
330
75D
100
AcDbEntity
  8
Defpoints
100
AcDbPoint
 10
6.249999999999959
 20
29.7
 30
0.0
  0
ENDBLK
  5
75F
330
75D
100
AcDbEntity
  8
0
100
AcDbBlockEnd
  0
BLOCK
  5
76D
330
76C
100
AcDbEntity
  8
0
100
AcDbBlockBegin
  2
*D60
 70
1
 10
0.0
 20
0.0
 30
0.0
  3
*D60
  1

  0
LINE
  5
76F
330
76C
100
AcDbEntity
  8
0
 62
7
370
13
100
AcDbLine
 10
6.249999999999959
 20
29.68
 30
0.0
 11
6.249999999999959
 21
29.557499999999997
 31
0.0
  0
LINE
  5
770
330
76C
100
AcDbEntity
  8
0
 62
7
370
13
100
AcDbLine
 10
6.54999999999996
 20
29.68
 30
0.0
 11
6.54999999999996
 21
29.557499999999997
 31
0.0
  0
INSERT
  5
771
330
76C
100
AcDbEntity
  8
E-COTA
 62
7
100
AcDbBlockReference
  2
_OBLIQUE
 10
6.249999999999959
 20
29.5875
 30
0.0
 41
0.05
 42
0.05
  0
INSERT
  5
773
330
76C
100
AcDbEntity
  8
E-COTA
 62
7
100
AcDbBlockReference
  2
_OBLIQUE
 10
6.54999999999996
 20
29.5875
 30
0.0
 41
0.05
 42
0.05
  0
LINE
  5
775
330
76C
100
AcDbEntity
  8
0
 62
7
370
13
100
AcDbLine
 10
6.249999999999959
 20
29.5875
 30
0.0
 11
6.54999999999996
 21
29.5875
 31
0.0
  0
MTEXT
  5
776
330
76C
100
AcDbEntity
  8
E-COTA
 62
7
100
AcDbMText
 10
6.3999999999999595
 20
29.625
 30
0.0
 40
0.045000000000000005
 71
5
  1
0.30
  7
ARIAL
  0
POINT
  5
777
330
76C
100
AcDbEntity
  8
Defpoints
100
AcDbPoint
 10
6.249999999999959
 20
29.5875
 30
0.0
  0
POINT
  5
778
330
76C
100
AcDbEntity
  8
Defpoints
100
AcDbPoint
 10
6.249999999999959
 20
29.7
 30
0.0
  0
POINT
  5
779
330
76C
100
AcDbEntity
  8
Defpoints
100
AcDbPoint
 10
6.54999999999996
 20
29.7
 30
0.0
  0
ENDBLK
  5
76E
330
76C
100
AcDbEntity
  8
0
100
AcDbBlockEnd
  0
BLOCK
  5
77C
330
77B
100
AcDbEntity
  8
0
100
AcDbBlockBegin
  2
*D61
 70
1
 10
0.0
 20
0.0
 30
0.0
  3
*D61
  1

  0
LINE
  5
77E
330
77B
100
AcDbEntity
  8
0
 62
7
370
13
100
AcDbLine
 10
6.54999999999996
 20
29.68
 30
0.0
 11
6.54999999999996
 21
29.557499999999997
 31
0.0
  0
LINE
  5
77F
330
77B
100
AcDbEntity
  8
0
 62
7
370
13
100
AcDbLine
 10
9.849999999999953
 20
29.68
 30
0.0
 11
9.849999999999953
 21
29.557499999999997
 31
0.0
  0
INSERT
  5
780
330
77B
100
AcDbEntity
  8
E-COTA
 62
7
100
AcDbBlockReference
  2
_OBLIQUE
 10
6.54999999999996
 20
29.5875
 30
0.0
 41
0.05
 42
0.05
  0
INSERT
  5
782
330
77B
100
AcDbEntity
  8
E-COTA
 62
7
100
AcDbBlockReference
  2
_OBLIQUE
 10
9.849999999999953
 20
29.5875
 30
0.0
 41
0.05
 42
0.05
  0
LINE
  5
784
330
77B
100
AcDbEntity
  8
0
 62
7
370
13
100
AcDbLine
 10
6.54999999999996
 20
29.5875
 30
0.0
 11
9.849999999999953
 21
29.5875
 31
0.0
  0
MTEXT
  5
785
330
77B
100
AcDbEntity
  8
E-COTA
 62
7
100
AcDbMText
 10
8.199999999999957
 20
29.625
 30
0.0
 40
0.045000000000000005
 71
5
  1
3.30
  7
ARIAL
  0
POINT
  5
786
330
77B
100
AcDbEntity
  8
Defpoints
100
AcDbPoint
 10
6.54999999999996
 20
29.5875
 30
0.0
  0
POINT
  5
787
330
77B
100
AcDbEntity
  8
Defpoints
100
AcDbPoint
 10
6.54999999999996
 20
29.7
 30
0.0
  0
POINT
  5
788
330
77B
100
AcDbEntity
  8
Defpoints
100
AcDbPoint
 10
9.849999999999953
 20
29.7
 30
0.0
  0
ENDBLK
  5
77D
330
77B
100
AcDbEntity
  8
0
100
AcDbBlockEnd
  0
BLOCK
  5
78B
330
78A
100
AcDbEntity
  8
0
100
AcDbBlockBegin
  2
*D62
 70
1
 10
0.0
 20
0.0
 30
0.0
  3
*D62
  1

  0
LINE
  5
78D
330
78A
100
AcDbEntity
  8
0
 62
7
370
13
100
AcDbLine
 10
9.849999999999953
 20
29.68
 30
0.0
 11
9.849999999999953
 21
29.557499999999997
 31
0.0
  0
LINE
  5
78E
330
78A
100
AcDbEntity
  8
0
 62
7
370
13
100
AcDbLine
 10
10.149999999999954
 20
29.68
 30
0.0
 11
10.149999999999954
 21
29.557499999999997
 31
0.0
  0
INSERT
  5
78F
330
78A
100
AcDbEntity
  8
E-COTA
 62
7
100
AcDbBlockReference
  2
_OBLIQUE
 10
9.849999999999953
 20
29.5875
 30
0.0
 41
0.05
 42
0.05
  0
INSERT
  5
791
330
78A
100
AcDbEntity
  8
E-COTA
 62
7
100
AcDbBlockReference
  2
_OBLIQUE
 10
10.149999999999954
 20
29.5875
 30
0.0
 41
0.05
 42
0.05
  0
LINE
  5
793
330
78A
100
AcDbEntity
  8
0
 62
7
370
13
100
AcDbLine
 10
9.849999999999953
 20
29.5875
 30
0.0
 11
10.149999999999954
 21
29.5875
 31
0.0
  0
MTEXT
  5
794
330
78A
100
AcDbEntity
  8
E-COTA
 62
7
100
AcDbMText
 10
9.999999999999954
 20
29.625
 30
0.0
 40
0.045000000000000005
 71
5
  1
0.30
  7
ARIAL
  0
POINT
  5
795
330
78A
100
AcDbEntity
  8
Defpoints
100
AcDbPoint
 10
9.849999999999953
 20
29.5875
 30
0.0
  0
POINT
  5
796
330
78A
100
AcDbEntity
  8
Defpoints
100
AcDbPoint
 10
9.849999999999953
 20
29.7
 30
0.0
  0
POINT
  5
797
330
78A
100
AcDbEntity
  8
Defpoints
100
AcDbPoint
 10
10.149999999999954
 20
29.7
 30
0.0
  0
ENDBLK
  5
78C
330
78A
100
AcDbEntity
  8
0
100
AcDbBlockEnd
  0
BLOCK
  5
79A
330
799
100
AcDbEntity
  8
0
100
AcDbBlockBegin
  2
*D63
 70
1
 10
0.0
 20
0.0
 30
0.0
  3
*D63
  1

  0
LINE
  5
79C
330
799
100
AcDbEntity
  8
0
 62
7
370
13
100
AcDbLine
 10
9.1899995803833
 20
30.22
 30
0.0
 11
9.1899995803833
 21
30.3675
 31
0.0
  0
LINE
  5
79D
330
799
100
AcDbEntity
  8
0
 62
7
370
13
100
AcDbLine
 10
9.849999999999953
 20
30.22
 30
0.0
 11
9.849999999999953
 21
30.3675
 31
0.0
  0
INSERT
  5
79E
330
799
100
AcDbEntity
  8
E-COTA
 62
7
100
AcDbBlockReference
  2
_OBLIQUE
 10
9.1899995803833
 20
30.3375
 30
0.0
 41
0.05
 42
0.05
  0
INSERT
  5
7A0
330
799
100
AcDbEntity
  8
E-COTA
 62
7
100
AcDbBlockReference
  2
_OBLIQUE
 10
9.849999999999953
 20
30.3375
 30
0.0
 41
0.05
 42
0.05
  0
LINE
  5
7A2
330
799
100
AcDbEntity
  8
0
 62
7
370
13
100
AcDbLine
 10
9.1899995803833
 20
30.3375
 30
0.0
 11
9.849999999999953
 21
30.3375
 31
0.0
  0
MTEXT
  5
7A3
330
799
100
AcDbEntity
  8
E-COTA
 62
7
100
AcDbMText
 10
9.519999790191626
 20
30.375
 30
0.0
 40
0.045000000000000005
 71
5
  1
0.66
  7
ARIAL
  0
POINT
  5
7A4
330
799
100
AcDbEntity
  8
Defpoints
100
AcDbPoint
 10
9.1899995803833
 20
30.3375
 30
0.0
  0
POINT
  5
7A5
330
799
100
AcDbEntity
  8
Defpoints
100
AcDbPoint
 10
9.1899995803833
 20
30.2
 30
0.0
  0
POINT
  5
7A6
330
799
100
AcDbEntity
  8
Defpoints
100
AcDbPoint
 10
9.849999999999953
 20
30.2
 30
0.0
  0
ENDBLK
  5
79B
330
799
100
AcDbEntity
  8
0
100
AcDbBlockEnd
  0
BLOCK
  5
7A9
330
7A8
100
AcDbEntity
  8
0
100
AcDbBlockBegin
  2
*D64
 70
1
 10
0.0
 20
0.0
 30
0.0
  3
*D64
  1

  0
LINE
  5
7AB
330
7A8
100
AcDbEntity
  8
0
 62
7
370
13
100
AcDbLine
 10
9.849999999999953
 20
30.22
 30
0.0
 11
9.849999999999953
 21
30.3675
 31
0.0
  0
LINE
  5
7AC
330
7A8
100
AcDbEntity
  8
0
 62
7
370
13
100
AcDbLine
 10
10.109999656677246
 20
30.22
 30
0.0
 11
10.109999656677246
 21
30.3675
 31
0.0
  0
INSERT
  5
7AD
330
7A8
100
AcDbEntity
  8
E-COTA
 62
7
100
AcDbBlockReference
  2
_OBLIQUE
 10
9.849999999999953
 20
30.3375
 30
0.0
 41
0.05
 42
0.05
  0
INSERT
  5
7AF
330
7A8
100
AcDbEntity
  8
E-COTA
 62
7
100
AcDbBlockReference
  2
_OBLIQUE
 10
10.109999656677246
 20
30.3375
 30
0.0
 41
0.05
 42
0.05
  0
LINE
  5
7B1
330
7A8
100
AcDbEntity
  8
0
 62
7
370
13
100
AcDbLine
 10
9.849999999999953
 20
30.3375
 30
0.0
 11
10.109999656677246
 21
30.3375
 31
0.0
  0
MTEXT
  5
7B2
330
7A8
100
AcDbEntity
  8
E-COTA
 62
7
100
AcDbMText
 10
9.979999828338599
 20
30.375
 30
0.0
 40
0.045000000000000005
 71
5
  1
0.26
  7
ARIAL
  0
POINT
  5
7B3
330
7A8
100
AcDbEntity
  8
Defpoints
100
AcDbPoint
 10
9.849999999999953
 20
30.3375
 30
0.0
  0
POINT
  5
7B4
330
7A8
100
AcDbEntity
  8
Defpoints
100
AcDbPoint
 10
9.849999999999953
 20
30.2
 30
0.0
  0
POINT
  5
7B5
330
7A8
100
AcDbEntity
  8
Defpoints
100
AcDbPoint
 10
10.109999656677246
 20
30.2
 30
0.0
  0
ENDBLK
  5
7AA
330
7A8
100
AcDbEntity
  8
0
100
AcDbBlockEnd
  0
BLOCK
  5
7B9
330
7B8
100
AcDbEntity
  8
0
100
AcDbBlockBegin
  2
*D65
 70
1
 10
0.0
 20
0.0
 30
0.0
  3
*D65
  1

  0
LINE
  5
7BB
330
7B8
100
AcDbEntity
  8
0
 62
7
370
13
100
AcDbLine
 10
5.2833333015441895
 20
30.22
 30
0.0
 11
5.2833333015441895
 21
30.3675
 31
0.0
  0
LINE
  5
7BC
330
7B8
100
AcDbEntity
  8
0
 62
7
370
13
100
AcDbLine
 10
6.249999999999959
 20
30.22
 30
0.0
 11
6.249999999999959
 21
30.3675
 31
0.0
  0
INSERT
  5
7BD
330
7B8
100
AcDbEntity
  8
E-COTA
 62
7
100
AcDbBlockReference
  2
_OBLIQUE
 10
5.2833333015441895
 20
30.3375
 30
0.0
 41
0.05
 42
0.05
  0
INSERT
  5
7BF
330
7B8
100
AcDbEntity
  8
E-COTA
 62
7
100
AcDbBlockReference
  2
_OBLIQUE
 10
6.249999999999959
 20
30.3375
 30
0.0
 41
0.05
 42
0.05
  0
LINE
  5
7C1
330
7B8
100
AcDbEntity
  8
0
 62
7
370
13
100
AcDbLine
 10
5.2833333015441895
 20
30.3375
 30
0.0
 11
6.249999999999959
 21
30.3375
 31
0.0
  0
MTEXT
  5
7C2
330
7B8
100
AcDbEntity
  8
E-COTA
 62
7
100
AcDbMText
 10
5.766666650772074
 20
30.375
 30
0.0
 40
0.045000000000000005
 71
5
  1
0.97
  7
ARIAL
  0
POINT
  5
7C3
330
7B8
100
AcDbEntity
  8
Defpoints
100
AcDbPoint
 10
5.2833333015441895
 20
30.3375
 30
0.0
  0
POINT
  5
7C4
330
7B8
100
AcDbEntity
  8
Defpoints
100
AcDbPoint
 10
5.2833333015441895
 20
30.2
 30
0.0
  0
POINT
  5
7C5
330
7B8
100
AcDbEntity
  8
Defpoints
100
AcDbPoint
 10
6.249999999999959
 20
30.2
 30
0.0
  0
ENDBLK
  5
7BA
330
7B8
100
AcDbEntity
  8
0
100
AcDbBlockEnd
  0
BLOCK
  5
7C8
330
7C7
100
AcDbEntity
  8
0
100
AcDbBlockBegin
  2
*D66
 70
1
 10
0.0
 20
0.0
 30
0.0
  3
*D66
  1

  0
LINE
  5
7CA
330
7C7
100
AcDbEntity
  8
0
 62
7
370
13
100
AcDbLine
 10
6.249999999999959
 20
30.22
 30
0.0
 11
6.249999999999959
 21
30.3675
 31
0.0
  0
LINE
  5
7CB
330
7C7
100
AcDbEntity
  8
0
 62
7
370
13
100
AcDbLine
 10
6.54999999999996
 20
30.22
 30
0.0
 11
6.54999999999996
 21
30.3675
 31
0.0
  0
INSERT
  5
7CC
330
7C7
100
AcDbEntity
  8
E-COTA
 62
7
100
AcDbBlockReference
  2
_OBLIQUE
 10
6.249999999999959
 20
30.3375
 30
0.0
 41
0.05
 42
0.05
  0
INSERT
  5
7CE
330
7C7
100
AcDbEntity
  8
E-COTA
 62
7
100
AcDbBlockReference
  2
_OBLIQUE
 10
6.54999999999996
 20
30.3375
 30
0.0
 41
0.05
 42
0.05
  0
LINE
  5
7D0
330
7C7
100
AcDbEntity
  8
0
 62
7
370
13
100
AcDbLine
 10
6.249999999999959
 20
30.3375
 30
0.0
 11
6.54999999999996
 21
30.3375
 31
0.0
  0
MTEXT
  5
7D1
330
7C7
100
AcDbEntity
  8
E-COTA
 62
7
100
AcDbMText
 10
6.3999999999999595
 20
30.375
 30
0.0
 40
0.045000000000000005
 71
5
  1
0.30
  7
ARIAL
  0
POINT
  5
7D2
330
7C7
100
AcDbEntity
  8
Defpoints
100
AcDbPoint
 10
6.249999999999959
 20
30.3375
 30
0.0
  0
POINT
  5
7D3
330
7C7
100
AcDbEntity
  8
Defpoints
100
AcDbPoint
 10
6.249999999999959
 20
30.2
 30
0.0
  0
POINT
  5
7D4
330
7C7
100
AcDbEntity
  8
Defpoints
100
AcDbPoint
 10
6.54999999999996
 20
30.2
 30
0.0
  0
ENDBLK
  5
7C9
330
7C7
100
AcDbEntity
  8
0
100
AcDbBlockEnd
  0
BLOCK
  5
7D7
330
7D6
100
AcDbEntity
  8
0
100
AcDbBlockBegin
  2
*D67
 70
1
 10
0.0
 20
0.0
 30
0.0
  3
*D67
  1

  0
LINE
  5
7D9
330
7D6
100
AcDbEntity
  8
0
 62
7
370
13
100
AcDbLine
 10
6.54999999999996
 20
30.22
 30
0.0
 11
6.54999999999996
 21
30.3675
 31
0.0
  0
LINE
  5
7DA
330
7D6
100
AcDbEntity
  8
0
 62
7
370
13
100
AcDbLine
 10
7.650000095367432
 20
30.22
 30
0.0
 11
7.650000095367432
 21
30.3675
 31
0.0
  0
INSERT
  5
7DB
330
7D6
100
AcDbEntity
  8
E-COTA
 62
7
100
AcDbBlockReference
  2
_OBLIQUE
 10
6.54999999999996
 20
30.3375
 30
0.0
 41
0.05
 42
0.05
  0
INSERT
  5
7DD
330
7D6
100
AcDbEntity
  8
E-COTA
 62
7
100
AcDbBlockReference
  2
_OBLIQUE
 10
7.650000095367432
 20
30.3375
 30
0.0
 41
0.05
 42
0.05
  0
LINE
  5
7DF
330
7D6
100
AcDbEntity
  8
0
 62
7
370
13
100
AcDbLine
 10
6.54999999999996
 20
30.3375
 30
0.0
 11
7.650000095367432
 21
30.3375
 31
0.0
  0
MTEXT
  5
7E0
330
7D6
100
AcDbEntity
  8
E-COTA
 62
7
100
AcDbMText
 10
7.100000047683696
 20
30.375
 30
0.0
 40
0.045000000000000005
 71
5
  1
1.10
  7
ARIAL
  0
POINT
  5
7E1
330
7D6
100
AcDbEntity
  8
Defpoints
100
AcDbPoint
 10
6.54999999999996
 20
30.3375
 30
0.0
  0
POINT
  5
7E2
330
7D6
100
AcDbEntity
  8
Defpoints
100
AcDbPoint
 10
6.54999999999996
 20
30.2
 30
0.0
  0
POINT
  5
7E3
330
7D6
100
AcDbEntity
  8
Defpoints
100
AcDbPoint
 10
7.650000095367432
 20
30.2
 30
0.0
  0
ENDBLK
  5
7D8
330
7D6
100
AcDbEntity
  8
0
100
AcDbBlockEnd
  0
BLOCK
  5
7E7
330
7E6
100
AcDbEntity
  8
0
100
AcDbBlockBegin
  2
*D68
 70
1
 10
0.0
 20
0.0
 30
0.0
  3
*D68
  1

  0
LINE
  5
7E9
330
7E6
100
AcDbEntity
  8
0
 62
7
370
13
100
AcDbLine
 10
2.0833332538604736
 20
30.22
 30
0.0
 11
2.0833332538604736
 21
30.3675
 31
0.0
  0
LINE
  5
7EA
330
7E6
100
AcDbEntity
  8
0
 62
7
370
13
100
AcDbLine
 10
3.0500000000000163
 20
30.22
 30
0.0
 11
3.0500000000000163
 21
30.3675
 31
0.0
  0
INSERT
  5
7EB
330
7E6
100
AcDbEntity
  8
E-COTA
 62
7
100
AcDbBlockReference
  2
_OBLIQUE
 10
2.0833332538604736
 20
30.3375
 30
0.0
 41
0.05
 42
0.05
  0
INSERT
  5
7ED
330
7E6
100
AcDbEntity
  8
E-COTA
 62
7
100
AcDbBlockReference
  2
_OBLIQUE
 10
3.0500000000000163
 20
30.3375
 30
0.0
 41
0.05
 42
0.05
  0
LINE
  5
7EF
330
7E6
100
AcDbEntity
  8
0
 62
7
370
13
100
AcDbLine
 10
2.0833332538604736
 20
30.3375
 30
0.0
 11
3.0500000000000163
 21
30.3375
 31
0.0
  0
MTEXT
  5
7F0
330
7E6
100
AcDbEntity
  8
E-COTA
 62
7
100
AcDbMText
 10
2.566666626930245
 20
30.375
 30
0.0
 40
0.045000000000000005
 71
5
  1
0.97
  7
ARIAL
  0
POINT
  5
7F1
330
7E6
100
AcDbEntity
  8
Defpoints
100
AcDbPoint
 10
2.0833332538604736
 20
30.3375
 30
0.0
  0
POINT
  5
7F2
330
7E6
100
AcDbEntity
  8
Defpoints
100
AcDbPoint
 10
2.0833332538604736
 20
30.2
 30
0.0
  0
POINT
  5
7F3
330
7E6
100
AcDbEntity
  8
Defpoints
100
AcDbPoint
 10
3.0500000000000163
 20
30.2
 30
0.0
  0
ENDBLK
  5
7E8
330
7E6
100
AcDbEntity
  8
0
100
AcDbBlockEnd
  0
BLOCK
  5
7F6
330
7F5
100
AcDbEntity
  8
0
100
AcDbBlockBegin
  2
*D69
 70
1
 10
0.0
 20
0.0
 30
0.0
  3
*D69
  1

  0
LINE
  5
7F8
330
7F5
100
AcDbEntity
  8
0
 62
7
370
13
100
AcDbLine
 10
3.0500000000000163
 20
30.22
 30
0.0
 11
3.0500000000000163
 21
30.3675
 31
0.0
  0
LINE
  5
7F9
330
7F5
100
AcDbEntity
  8
0
 62
7
370
13
100
AcDbLine
 10
3.350000000000016
 20
30.22
 30
0.0
 11
3.350000000000016
 21
30.3675
 31
0.0
  0
INSERT
  5
7FA
330
7F5
100
AcDbEntity
  8
E-COTA
 62
7
100
AcDbBlockReference
  2
_OBLIQUE
 10
3.0500000000000163
 20
30.3375
 30
0.0
 41
0.05
 42
0.05
  0
INSERT
  5
7FC
330
7F5
100
AcDbEntity
  8
E-COTA
 62
7
100
AcDbBlockReference
  2
_OBLIQUE
 10
3.350000000000016
 20
30.3375
 30
0.0
 41
0.05
 42
0.05
  0
LINE
  5
7FE
330
7F5
100
AcDbEntity
  8
0
 62
7
370
13
100
AcDbLine
 10
3.0500000000000163
 20
30.3375
 30
0.0
 11
3.350000000000016
 21
30.3375
 31
0.0
  0
MTEXT
  5
7FF
330
7F5
100
AcDbEntity
  8
E-COTA
 62
7
100
AcDbMText
 10
3.200000000000016
 20
30.375
 30
0.0
 40
0.045000000000000005
 71
5
  1
0.30
  7
ARIAL
  0
POINT
  5
800
330
7F5
100
AcDbEntity
  8
Defpoints
100
AcDbPoint
 10
3.0500000000000163
 20
30.3375
 30
0.0
  0
POINT
  5
801
330
7F5
100
AcDbEntity
  8
Defpoints
100
AcDbPoint
 10
3.0500000000000163
 20
30.2
 30
0.0
  0
POINT
  5
802
330
7F5
100
AcDbEntity
  8
Defpoints
100
AcDbPoint
 10
3.350000000000016
 20
30.2
 30
0.0
  0
ENDBLK
  5
7F7
330
7F5
100
AcDbEntity
  8
0
100
AcDbBlockEnd
  0
BLOCK
  5
805
330
804
100
AcDbEntity
  8
0
100
AcDbBlockBegin
  2
*D70
 70
1
 10
0.0
 20
0.0
 30
0.0
  3
*D70
  1

  0
LINE
  5
807
330
804
100
AcDbEntity
  8
0
 62
7
370
13
100
AcDbLine
 10
3.350000000000016
 20
30.22
 30
0.0
 11
3.350000000000016
 21
30.3675
 31
0.0
  0
LINE
  5
808
330
804
100
AcDbEntity
  8
0
 62
7
370
13
100
AcDbLine
 10
4.316666603088379
 20
30.22
 30
0.0
 11
4.316666603088379
 21
30.3675
 31
0.0
  0
INSERT
  5
809
330
804
100
AcDbEntity
  8
E-COTA
 62
7
100
AcDbBlockReference
  2
_OBLIQUE
 10
3.350000000000016
 20
30.3375
 30
0.0
 41
0.05
 42
0.05
  0
INSERT
  5
80B
330
804
100
AcDbEntity
  8
E-COTA
 62
7
100
AcDbBlockReference
  2
_OBLIQUE
 10
4.316666603088379
 20
30.3375
 30
0.0
 41
0.05
 42
0.05
  0
LINE
  5
80D
330
804
100
AcDbEntity
  8
0
 62
7
370
13
100
AcDbLine
 10
3.350000000000016
 20
30.3375
 30
0.0
 11
4.316666603088379
 21
30.3375
 31
0.0
  0
MTEXT
  5
80E
330
804
100
AcDbEntity
  8
E-COTA
 62
7
100
AcDbMText
 10
3.8333333015441973
 20
30.375
 30
0.0
 40
0.045000000000000005
 71
5
  1
0.97
  7
ARIAL
  0
POINT
  5
80F
330
804
100
AcDbEntity
  8
Defpoints
100
AcDbPoint
 10
3.350000000000016
 20
30.3375
 30
0.0
  0
POINT
  5
810
330
804
100
AcDbEntity
  8
Defpoints
100
AcDbPoint
 10
3.350000000000016
 20
30.2
 30
0.0
  0
POINT
  5
811
330
804
100
AcDbEntity
  8
Defpoints
100
AcDbPoint
 10
4.316666603088379
 20
30.2
 30
0.0
  0
ENDBLK
  5
806
330
804
100
AcDbEntity
  8
0
100
AcDbBlockEnd
  0
BLOCK
  5
815
330
814
100
AcDbEntity
  8
0
100
AcDbBlockBegin
  2
*D71
 70
1
 10
0.0
 20
0.0
 30
0.0
  3
*D71
  1

  0
LINE
  5
817
330
814
100
AcDbEntity
  8
0
 62
7
370
13
100
AcDbLine
 10
-0.47608819603919983
 20
30.22
 30
0.0
 11
-0.47608819603919983
 21
30.3675
 31
0.0
  0
LINE
  5
818
330
814
100
AcDbEntity
  8
0
 62
7
370
13
100
AcDbLine
 10
-0.1499999999999748
 20
30.22
 30
0.0
 11
-0.1499999999999748
 21
30.3675
 31
0.0
  0
INSERT
  5
819
330
814
100
AcDbEntity
  8
E-COTA
 62
7
100
AcDbBlockReference
  2
_OBLIQUE
 10
-0.47608819603919983
 20
30.3375
 30
0.0
 41
0.05
 42
0.05
  0
INSERT
  5
81B
330
814
100
AcDbEntity
  8
E-COTA
 62
7
100
AcDbBlockReference
  2
_OBLIQUE
 10
-0.1499999999999748
 20
30.3375
 30
0.0
 41
0.05
 42
0.05
  0
LINE
  5
81D
330
814
100
AcDbEntity
  8
0
 62
7
370
13
100
AcDbLine
 10
-0.47608819603919983
 20
30.3375
 30
0.0
 11
-0.1499999999999748
 21
30.3375
 31
0.0
  0
MTEXT
  5
81E
330
814
100
AcDbEntity
  8
E-COTA
 62
7
100
AcDbMText
 10
-0.3130440980195873
 20
30.375
 30
0.0
 40
0.045000000000000005
 71
5
  1
0.33
  7
ARIAL
  0
POINT
  5
81F
330
814
100
AcDbEntity
  8
Defpoints
100
AcDbPoint
 10
-0.47608819603919983
 20
30.3375
 30
0.0
  0
POINT
  5
820
330
814
100
AcDbEntity
  8
Defpoints
100
AcDbPoint
 10
-0.47608819603919983
 20
30.2
 30
0.0
  0
POINT
  5
821
330
814
100
AcDbEntity
  8
Defpoints
100
AcDbPoint
 10
-0.1499999999999748
 20
30.2
 30
0.0
  0
ENDBLK
  5
816
330
814
100
AcDbEntity
  8
0
100
AcDbBlockEnd
  0
BLOCK
  5
824
330
823
100
AcDbEntity
  8
0
100
AcDbBlockBegin
  2
*D72
 70
1
 10
0.0
 20
0.0
 30
0.0
  3
*D72
  1

  0
LINE
  5
826
330
823
100
AcDbEntity
  8
0
 62
7
370
13
100
AcDbLine
 10
-0.1499999999999748
 20
30.22
 30
0.0
 11
-0.1499999999999748
 21
30.3675
 31
0.0
  0
LINE
  5
827
330
823
100
AcDbEntity
  8
0
 62
7
370
13
100
AcDbLine
 10
0.1500000000000252
 20
30.22
 30
0.0
 11
0.1500000000000252
 21
30.3675
 31
0.0
  0
INSERT
  5
828
330
823
100
AcDbEntity
  8
E-COTA
 62
7
100
AcDbBlockReference
  2
_OBLIQUE
 10
-0.1499999999999748
 20
30.3375
 30
0.0
 41
0.05
 42
0.05
  0
INSERT
  5
82A
330
823
100
AcDbEntity
  8
E-COTA
 62
7
100
AcDbBlockReference
  2
_OBLIQUE
 10
0.1500000000000252
 20
30.3375
 30
0.0
 41
0.05
 42
0.05
  0
LINE
  5
82C
330
823
100
AcDbEntity
  8
0
 62
7
370
13
100
AcDbLine
 10
-0.1499999999999748
 20
30.3375
 30
0.0
 11
0.1500000000000252
 21
30.3375
 31
0.0
  0
MTEXT
  5
82D
330
823
100
AcDbEntity
  8
E-COTA
 62
7
100
AcDbMText
 10
2.5202062658991053e-14
 20
30.375
 30
0.0
 40
0.045000000000000005
 71
5
  1
0.30
  7
ARIAL
  0
POINT
  5
82E
330
823
100
AcDbEntity
  8
Defpoints
100
AcDbPoint
 10
-0.1499999999999748
 20
30.3375
 30
0.0
  0
POINT
  5
82F
330
823
100
AcDbEntity
  8
Defpoints
100
AcDbPoint
 10
-0.1499999999999748
 20
30.2
 30
0.0
  0
POINT
  5
830
330
823
100
AcDbEntity
  8
Defpoints
100
AcDbPoint
 10
0.1500000000000252
 20
30.2
 30
0.0
  0
ENDBLK
  5
825
330
823
100
AcDbEntity
  8
0
100
AcDbBlockEnd
  0
BLOCK
  5
833
330
832
100
AcDbEntity
  8
0
100
AcDbBlockBegin
  2
*D73
 70
1
 10
0.0
 20
0.0
 30
0.0
  3
*D73
  1

  0
LINE
  5
835
330
832
100
AcDbEntity
  8
0
 62
7
370
13
100
AcDbLine
 10
0.1500000000000252
 20
30.22
 30
0.0
 11
0.1500000000000252
 21
30.3675
 31
0.0
  0
LINE
  5
836
330
832
100
AcDbEntity
  8
0
 62
7
370
13
100
AcDbLine
 10
1.1166666746139526
 20
30.22
 30
0.0
 11
1.1166666746139526
 21
30.3675
 31
0.0
  0
INSERT
  5
837
330
832
100
AcDbEntity
  8
E-COTA
 62
7
100
AcDbBlockReference
  2
_OBLIQUE
 10
0.1500000000000252
 20
30.3375
 30
0.0
 41
0.05
 42
0.05
  0
INSERT
  5
839
330
832
100
AcDbEntity
  8
E-COTA
 62
7
100
AcDbBlockReference
  2
_OBLIQUE
 10
1.1166666746139526
 20
30.3375
 30
0.0
 41
0.05
 42
0.05
  0
LINE
  5
83B
330
832
100
AcDbEntity
  8
0
 62
7
370
13
100
AcDbLine
 10
0.1500000000000252
 20
30.3375
 30
0.0
 11
1.1166666746139526
 21
30.3375
 31
0.0
  0
MTEXT
  5
83C
330
832
100
AcDbEntity
  8
E-COTA
 62
7
100
AcDbMText
 10
0.6333333373069889
 20
30.375
 30
0.0
 40
0.045000000000000005
 71
5
  1
0.97
  7
ARIAL
  0
POINT
  5
83D
330
832
100
AcDbEntity
  8
Defpoints
100
AcDbPoint
 10
0.1500000000000252
 20
30.3375
 30
0.0
  0
POINT
  5
83E
330
832
100
AcDbEntity
  8
Defpoints
100
AcDbPoint
 10
0.1500000000000252
 20
30.2
 30
0.0
  0
POINT
  5
83F
330
832
100
AcDbEntity
  8
Defpoints
100
AcDbPoint
 10
1.1166666746139526
 20
30.2
 30
0.0
  0
ENDBLK
  5
834
330
832
100
AcDbEntity
  8
0
100
AcDbBlockEnd
  0
BLOCK
  5
84F
330
84E
100
AcDbEntity
  8
0
100
AcDbBlockBegin
  2
*D74
 70
1
 10
0.0
 20
0.0
 30
0.0
  3
*D74
  1

  0
LINE
  5
851
330
84E
100
AcDbEntity
  8
0
 62
7
370
13
100
AcDbLine
 10
-0.5275300416893568
 20
30.0
 30
0.0
 11
-0.7375300416893569
 21
30.0
 31
0.0
  0
LINE
  5
852
330
84E
100
AcDbEntity
  8
0
 62
7
370
13
100
AcDbLine
 10
-0.5275300416893568
 20
30.2
 30
0.0
 11
-0.7375300416893569
 21
30.2
 31
0.0
  0
INSERT
  5
853
330
84E
100
AcDbEntity
  8
E-COTA
 62
7
100
AcDbBlockReference
  2
_OBLIQUE
 10
-0.7075300416893568
 20
30.0
 30
0.0
 41
0.05
 42
0.05
 50
90.0
  0
INSERT
  5
855
330
84E
100
AcDbEntity
  8
E-COTA
 62
7
100
AcDbBlockReference
  2
_OBLIQUE
 10
-0.7075300416893568
 20
30.2
 30
0.0
 41
0.05
 42
0.05
 50
90.0
  0
LINE
  5
857
330
84E
100
AcDbEntity
  8
0
 62
7
370
13
100
AcDbLine
 10
-0.7075300416893568
 20
30.0
 30
0.0
 11
-0.7075300416893568
 21
30.2
 31
0.0
  0
MTEXT
  5
858
330
84E
100
AcDbEntity
  8
E-COTA
 62
7
100
AcDbMText
 10
-0.7450300416893568
 20
30.1
 30
0.0
 40
0.045000000000000005
 71
5
  1
0.20
  7
ARIAL
 50
90.0
  0
POINT
  5
859
330
84E
100
AcDbEntity
  8
Defpoints
100
AcDbPoint
 10
-0.7075300416893568
 20
30.0
 30
0.0
  0
POINT
  5
85A
330
84E
100
AcDbEntity
  8
Defpoints
100
AcDbPoint
 10
-0.5075300416893568
 20
30.0
 30
0.0
  0
POINT
  5
85B
330
84E
100
AcDbEntity
  8
Defpoints
100
AcDbPoint
 10
-0.5075300416893568
 20
30.2
 30
0.0
  0
ENDBLK
  5
850
330
84E
100
AcDbEntity
  8
0
100
AcDbBlockEnd
  0
BLOCK
  5
93C
330
93B
100
AcDbEntity
  8
0
100
AcDbBlockBegin
  2
*D75
 70
1
 10
0.0
 20
0.0
 30
0.0
  3
*D75
  1

  0
LINE
  5
93E
330
93B
100
AcDbEntity
  8
0
 62
7
370
13
100
AcDbLine
 10
34.16495809555054
 20
-0.016
 30
0.0
 11
34.16495809555054
 21
-0.10400000000000006
 31
0.0
  0
LINE
  5
93F
330
93B
100
AcDbEntity
  8
0
 62
7
370
13
100
AcDbLine
 10
34.464958095550536
 20
-0.016
 30
0.0
 11
34.464958095550536
 21
-0.10400000000000006
 31
0.0
  0
INSERT
  5
940
330
93B
100
AcDbEntity
  8
E-COTA
 62
7
100
AcDbBlockReference
  2
_OBLIQUE
 10
34.16495809555054
 20
-0.08000000000000007
 30
0.0
 41
0.04
 42
0.04
  0
INSERT
  5
942
330
93B
100
AcDbEntity
  8
E-COTA
 62
7
100
AcDbBlockReference
  2
_OBLIQUE
 10
34.464958095550536
 20
-0.08000000000000007
 30
0.0
 41
0.04
 42
0.04
  0
LINE
  5
944
330
93B
100
AcDbEntity
  8
0
 62
7
370
13
100
AcDbLine
 10
34.16495809555054
 20
-0.08000000000000007
 30
0.0
 11
34.464958095550536
 21
-0.08000000000000007
 31
0.0
  0
MTEXT
  5
945
330
93B
100
AcDbEntity
  8
E-COTA
 62
7
100
AcDbMText
 10
34.31495809555054
 20
-0.05000000000000007
 30
0.0
 40
0.036000000000000004
 71
5
  1
0.30
  7
ARIAL
  0
POINT
  5
946
330
93B
100
AcDbEntity
  8
Defpoints
100
AcDbPoint
 10
34.16495809555054
 20
-0.08000000000000007
 30
0.0
  0
POINT
  5
947
330
93B
100
AcDbEntity
  8
Defpoints
100
AcDbPoint
 10
34.16495809555054
 20
0.0
 30
0.0
  0
POINT
  5
948
330
93B
100
AcDbEntity
  8
Defpoints
100
AcDbPoint
 10
34.464958095550536
 20
0.0
 30
0.0
  0
ENDBLK
  5
93D
330
93B
100
AcDbEntity
  8
0
100
AcDbBlockEnd
  0
BLOCK
  5
94B
330
94A
100
AcDbEntity
  8
0
100
AcDbBlockBegin
  2
*D76
 70
1
 10
0.0
 20
0.0
 30
0.0
  3
*D76
  1

  0
LINE
  5
94D
330
94A
100
AcDbEntity
  8
0
 62
7
370
13
100
AcDbLine
 10
34.464958095550536
 20
-0.016
 30
0.0
 11
34.464958095550536
 21
-0.10400000000000006
 31
0.0
  0
LINE
  5
94E
330
94A
100
AcDbEntity
  8
0
 62
7
370
13
100
AcDbLine
 10
34.765
 20
-0.016
 30
0.0
 11
34.765
 21
-0.10400000000000006
 31
0.0
  0
INSERT
  5
94F
330
94A
100
AcDbEntity
  8
E-COTA
 62
7
100
AcDbBlockReference
  2
_OBLIQUE
 10
34.464958095550536
 20
-0.08000000000000007
 30
0.0
 41
0.04
 42
0.04
  0
INSERT
  5
951
330
94A
100
AcDbEntity
  8
E-COTA
 62
7
100
AcDbBlockReference
  2
_OBLIQUE
 10
34.765
 20
-0.08000000000000007
 30
0.0
 41
0.04
 42
0.04
  0
LINE
  5
953
330
94A
100
AcDbEntity
  8
0
 62
7
370
13
100
AcDbLine
 10
34.464958095550536
 20
-0.08000000000000007
 30
0.0
 11
34.765
 21
-0.08000000000000007
 31
0.0
  0
MTEXT
  5
954
330
94A
100
AcDbEntity
  8
E-COTA
 62
7
100
AcDbMText
 10
34.614979047775265
 20
-0.05000000000000007
 30
0.0
 40
0.036000000000000004
 71
5
  1
0.30
  7
ARIAL
  0
POINT
  5
955
330
94A
100
AcDbEntity
  8
Defpoints
100
AcDbPoint
 10
34.464958095550536
 20
-0.08000000000000007
 30
0.0
  0
POINT
  5
956
330
94A
100
AcDbEntity
  8
Defpoints
100
AcDbPoint
 10
34.464958095550536
 20
0.0
 30
0.0
  0
POINT
  5
957
330
94A
100
AcDbEntity
  8
Defpoints
100
AcDbPoint
 10
34.765
 20
0.0
 30
0.0
  0
ENDBLK
  5
94C
330
94A
100
AcDbEntity
  8
0
100
AcDbBlockEnd
  0
BLOCK
  5
95A
330
959
100
AcDbEntity
  8
0
100
AcDbBlockBegin
  2
*D77
 70
1
 10
0.0
 20
0.0
 30
0.0
  3
*D77
  1

  0
LINE
  5
95C
330
959
100
AcDbEntity
  8
0
 62
7
370
13
100
AcDbLine
 10
34.865
 20
-0.016
 30
0.0
 11
34.865
 21
-0.10400000000000006
 31
0.0
  0
LINE
  5
95D
330
959
100
AcDbEntity
  8
0
 62
7
370
13
100
AcDbLine
 10
35.165
 20
-0.016
 30
0.0
 11
35.165
 21
-0.10400000000000006
 31
0.0
  0
INSERT
  5
95E
330
959
100
AcDbEntity
  8
E-COTA
 62
7
100
AcDbBlockReference
  2
_OBLIQUE
 10
34.865
 20
-0.08000000000000007
 30
0.0
 41
0.04
 42
0.04
  0
INSERT
  5
960
330
959
100
AcDbEntity
  8
E-COTA
 62
7
100
AcDbBlockReference
  2
_OBLIQUE
 10
35.165
 20
-0.08000000000000007
 30
0.0
 41
0.04
 42
0.04
  0
LINE
  5
962
330
959
100
AcDbEntity
  8
0
 62
7
370
13
100
AcDbLine
 10
34.865
 20
-0.08000000000000007
 30
0.0
 11
35.165
 21
-0.08000000000000007
 31
0.0
  0
MTEXT
  5
963
330
959
100
AcDbEntity
  8
E-COTA
 62
7
100
AcDbMText
 10
35.015
 20
-0.05000000000000007
 30
0.0
 40
0.036000000000000004
 71
5
  1
0.30
  7
ARIAL
  0
POINT
  5
964
330
959
100
AcDbEntity
  8
Defpoints
100
AcDbPoint
 10
34.865
 20
-0.08000000000000007
 30
0.0
  0
POINT
  5
965
330
959
100
AcDbEntity
  8
Defpoints
100
AcDbPoint
 10
34.865
 20
0.0
 30
0.0
  0
POINT
  5
966
330
959
100
AcDbEntity
  8
Defpoints
100
AcDbPoint
 10
35.165
 20
0.0
 30
0.0
  0
ENDBLK
  5
95B
330
959
100
AcDbEntity
  8
0
100
AcDbBlockEnd
  0
BLOCK
  5
969
330
968
100
AcDbEntity
  8
0
100
AcDbBlockBegin
  2
*D78
 70
1
 10
0.0
 20
0.0
 30
0.0
  3
*D78
  1

  0
LINE
  5
96B
330
968
100
AcDbEntity
  8
0
 62
7
370
13
100
AcDbLine
 10
34.765
 20
-0.016
 30
0.0
 11
34.765
 21
-0.2039999999999997
 31
0.0
  0
LINE
  5
96C
330
968
100
AcDbEntity
  8
0
 62
7
370
13
100
AcDbLine
 10
34.865
 20
-0.016
 30
0.0
 11
34.865
 21
-0.2039999999999997
 31
0.0
  0
INSERT
  5
96D
330
968
100
AcDbEntity
  8
E-COTA
 62
7
100
AcDbBlockReference
  2
_OBLIQUE
 10
34.765
 20
-0.17999999999999972
 30
0.0
 41
0.04
 42
0.04
  0
INSERT
  5
96F
330
968
100
AcDbEntity
  8
E-COTA
 62
7
100
AcDbBlockReference
  2
_OBLIQUE
 10
34.865
 20
-0.17999999999999972
 30
0.0
 41
0.04
 42
0.04
  0
LINE
  5
971
330
968
100
AcDbEntity
  8
0
 62
7
370
13
100
AcDbLine
 10
34.765
 20
-0.17999999999999972
 30
0.0
 11
34.865
 21
-0.17999999999999972
 31
0.0
  0
MTEXT
  5
972
330
968
100
AcDbEntity
  8
E-COTA
 62
7
100
AcDbMText
 10
34.815
 20
-0.12599999999999972
 30
0.0
 40
0.036000000000000004
 71
5
  1
0.10
  7
ARIAL
  0
POINT
  5
973
330
968
100
AcDbEntity
  8
Defpoints
100
AcDbPoint
 10
34.765
 20
-0.17999999999999972
 30
0.0
  0
POINT
  5
974
330
968
100
AcDbEntity
  8
Defpoints
100
AcDbPoint
 10
34.765
 20
0.0
 30
0.0
  0
POINT
  5
975
330
968
100
AcDbEntity
  8
Defpoints
100
AcDbPoint
 10
34.865
 20
0.0
 30
0.0
  0
ENDBLK
  5
96A
330
968
100
AcDbEntity
  8
0
100
AcDbBlockEnd
  0
BLOCK
  5
978
330
977
100
AcDbEntity
  8
0
100
AcDbBlockBegin
  2
*D79
 70
1
 10
0.0
 20
0.0
 30
0.0
  3
*D79
  1

  0
LINE
  5
97A
330
977
100
AcDbEntity
  8
0
 62
7
370
13
100
AcDbLine
 10
35.665
 20
-0.016
 30
0.0
 11
35.665
 21
-0.10400000000000006
 31
0.0
  0
LINE
  5
97B
330
977
100
AcDbEntity
  8
0
 62
7
370
13
100
AcDbLine
 10
36.114958300781566
 20
-0.016
 30
0.0
 11
36.114958300781566
 21
-0.10400000000000006
 31
0.0
  0
INSERT
  5
97C
330
977
100
AcDbEntity
  8
E-COTA
 62
7
100
AcDbBlockReference
  2
_OBLIQUE
 10
35.665
 20
-0.08000000000000007
 30
0.0
 41
0.04
 42
0.04
  0
INSERT
  5
97E
330
977
100
AcDbEntity
  8
E-COTA
 62
7
100
AcDbBlockReference
  2
_OBLIQUE
 10
36.114958300781566
 20
-0.08000000000000007
 30
0.0
 41
0.04
 42
0.04
  0
LINE
  5
980
330
977
100
AcDbEntity
  8
0
 62
7
370
13
100
AcDbLine
 10
35.665
 20
-0.08000000000000007
 30
0.0
 11
36.114958300781566
 21
-0.08000000000000007
 31
0.0
  0
MTEXT
  5
981
330
977
100
AcDbEntity
  8
E-COTA
 62
7
100
AcDbMText
 10
35.889979150390786
 20
-0.05000000000000007
 30
0.0
 40
0.036000000000000004
 71
5
  1
0.45
  7
ARIAL
  0
POINT
  5
982
330
977
100
AcDbEntity
  8
Defpoints
100
AcDbPoint
 10
35.665
 20
-0.08000000000000007
 30
0.0
  0
POINT
  5
983
330
977
100
AcDbEntity
  8
Defpoints
100
AcDbPoint
 10
35.665
 20
0.0
 30
0.0
  0
POINT
  5
984
330
977
100
AcDbEntity
  8
Defpoints
100
AcDbPoint
 10
36.114958300781566
 20
0.0
 30
0.0
  0
ENDBLK
  5
979
330
977
100
AcDbEntity
  8
0
100
AcDbBlockEnd
  0
BLOCK
  5
987
330
986
100
AcDbEntity
  8
0
100
AcDbBlockBegin
  2
*D80
 70
1
 10
0.0
 20
0.0
 30
0.0
  3
*D80
  1

  0
LINE
  5
989
330
986
100
AcDbEntity
  8
0
 62
7
370
13
100
AcDbLine
 10
36.69095830078157
 20
0.0
 30
0.0
 11
36.89895830078157
 21
0.0
 31
0.0
  0
LINE
  5
98A
330
986
100
AcDbEntity
  8
0
 62
7
370
13
100
AcDbLine
 10
36.69095830078157
 20
0.1999999999999993
 30
0.0
 11
36.89895830078157
 21
0.1999999999999993
 31
0.0
  0
INSERT
  5
98B
330
986
100
AcDbEntity
  8
E-COTA
 62
7
100
AcDbBlockReference
  2
_OBLIQUE
 10
36.87495830078157
 20
0.0
 30
0.0
 41
0.04
 42
0.04
 50
90.0
  0
INSERT
  5
98D
330
986
100
AcDbEntity
  8
E-COTA
 62
7
100
AcDbBlockReference
  2
_OBLIQUE
 10
36.87495830078157
 20
0.1999999999999993
 30
0.0
 41
0.04
 42
0.04
 50
90.0
  0
LINE
  5
98F
330
986
100
AcDbEntity
  8
0
 62
7
370
13
100
AcDbLine
 10
36.87495830078157
 20
0.0
 30
0.0
 11
36.87495830078157
 21
0.1999999999999993
 31
0.0
  0
MTEXT
  5
990
330
986
100
AcDbEntity
  8
E-COTA
 62
7
100
AcDbMText
 10
36.84495830078157
 20
0.09999999999999964
 30
0.0
 40
0.036000000000000004
 71
5
  1
0.20
  7
ARIAL
 50
90.0
  0
POINT
  5
991
330
986
100
AcDbEntity
  8
Defpoints
100
AcDbPoint
 10
36.87495830078157
 20
0.0
 30
0.0
  0
POINT
  5
992
330
986
100
AcDbEntity
  8
Defpoints
100
AcDbPoint
 10
36.67495830078157
 20
0.0
 30
0.0
  0
POINT
  5
993
330
986
100
AcDbEntity
  8
Defpoints
100
AcDbPoint
 10
36.67495830078157
 20
0.1999999999999993
 30
0.0
  0
ENDBLK
  5
988
330
986
100
AcDbEntity
  8
0
100
AcDbBlockEnd
  0
BLOCK
  5
A6F
330
A6E
100
AcDbEntity
  8
0
100
AcDbBlockBegin
  2
*D81
 70
1
 10
0.0
 20
0.0
 30
0.0
  3
*D81
  1

  0
LINE
  5
A71
330
A6E
100
AcDbEntity
  8
0
 62
7
370
13
100
AcDbLine
 10
60.86495829491088
 20
-0.016
 30
0.0
 11
60.86495829491088
 21
-0.12399999999999964
 31
0.0
  0
LINE
  5
A72
330
A6E
100
AcDbEntity
  8
0
 62
7
370
13
100
AcDbLine
 10
62.364958300781566
 20
-0.016
 30
0.0
 11
62.364958300781566
 21
-0.12399999999999964
 31
0.0
  0
INSERT
  5
A73
330
A6E
100
AcDbEntity
  8
E-COTA
 62
7
100
AcDbBlockReference
  2
_OBLIQUE
 10
60.86495829491088
 20
-0.09999999999999964
 30
0.0
 41
0.04
 42
0.04
  0
INSERT
  5
A75
330
A6E
100
AcDbEntity
  8
E-COTA
 62
7
100
AcDbBlockReference
  2
_OBLIQUE
 10
62.364958300781566
 20
-0.09999999999999964
 30
0.0
 41
0.04
 42
0.04
  0
LINE
  5
A77
330
A6E
100
AcDbEntity
  8
0
 62
7
370
13
100
AcDbLine
 10
60.86495829491088
 20
-0.09999999999999964
 30
0.0
 11
62.364958300781566
 21
-0.09999999999999964
 31
0.0
  0
MTEXT
  5
A78
330
A6E
100
AcDbEntity
  8
E-COTA
 62
7
100
AcDbMText
 10
61.61495829784622
 20
-0.06999999999999965
 30
0.0
 40
0.036000000000000004
 71
5
  1
1.50
  7
ARIAL
  0
POINT
  5
A79
330
A6E
100
AcDbEntity
  8
Defpoints
100
AcDbPoint
 10
60.86495829491088
 20
-0.09999999999999964
 30
0.0
  0
POINT
  5
A7A
330
A6E
100
AcDbEntity
  8
Defpoints
100
AcDbPoint
 10
60.86495829491088
 20
0.0
 30
0.0
  0
POINT
  5
A7B
330
A6E
100
AcDbEntity
  8
Defpoints
100
AcDbPoint
 10
62.364958300781566
 20
0.0
 30
0.0
  0
ENDBLK
  5
A70
330
A6E
100
AcDbEntity
  8
0
100
AcDbBlockEnd
  0
BLOCK
  5
A7E
330
A7D
100
AcDbEntity
  8
0
100
AcDbBlockBegin
  2
*D82
 70
1
 10
0.0
 20
0.0
 30
0.0
  3
*D82
  1

  0
LINE
  5
A80
330
A7D
100
AcDbEntity
  8
0
 62
7
370
13
100
AcDbLine
 10
62.364958300781566
 20
-0.016
 30
0.0
 11
62.364958300781566
 21
-0.12399999999999964
 31
0.0
  0
LINE
  5
A81
330
A7D
100
AcDbEntity
  8
0
 62
7
370
13
100
AcDbLine
 10
62.66495830078157
 20
-0.016
 30
0.0
 11
62.66495830078157
 21
-0.12399999999999964
 31
0.0
  0
INSERT
  5
A82
330
A7D
100
AcDbEntity
  8
E-COTA
 62
7
100
AcDbBlockReference
  2
_OBLIQUE
 10
62.364958300781566
 20
-0.09999999999999964
 30
0.0
 41
0.04
 42
0.04
  0
INSERT
  5
A84
330
A7D
100
AcDbEntity
  8
E-COTA
 62
7
100
AcDbBlockReference
  2
_OBLIQUE
 10
62.66495830078157
 20
-0.09999999999999964
 30
0.0
 41
0.04
 42
0.04
  0
LINE
  5
A86
330
A7D
100
AcDbEntity
  8
0
 62
7
370
13
100
AcDbLine
 10
62.364958300781566
 20
-0.09999999999999964
 30
0.0
 11
62.66495830078157
 21
-0.09999999999999964
 31
0.0
  0
MTEXT
  5
A87
330
A7D
100
AcDbEntity
  8
E-COTA
 62
7
100
AcDbMText
 10
62.51495830078157
 20
-0.06999999999999965
 30
0.0
 40
0.036000000000000004
 71
5
  1
0.30
  7
ARIAL
  0
POINT
  5
A88
330
A7D
100
AcDbEntity
  8
Defpoints
100
AcDbPoint
 10
62.364958300781566
 20
-0.09999999999999964
 30
0.0
  0
POINT
  5
A89
330
A7D
100
AcDbEntity
  8
Defpoints
100
AcDbPoint
 10
62.364958300781566
 20
0.0
 30
0.0
  0
POINT
  5
A8A
330
A7D
100
AcDbEntity
  8
Defpoints
100
AcDbPoint
 10
62.66495830078157
 20
0.0
 30
0.0
  0
ENDBLK
  5
A7F
330
A7D
100
AcDbEntity
  8
0
100
AcDbBlockEnd
  0
BLOCK
  5
A8D
330
A8C
100
AcDbEntity
  8
0
100
AcDbBlockBegin
  2
*D83
 70
1
 10
0.0
 20
0.0
 30
0.0
  3
*D83
  1

  0
LINE
  5
A8F
330
A8C
100
AcDbEntity
  8
0
 62
7
370
13
100
AcDbLine
 10
62.66495830078157
 20
-0.016
 30
0.0
 11
62.66495830078157
 21
-0.12399999999999964
 31
0.0
  0
LINE
  5
A90
330
A8C
100
AcDbEntity
  8
0
 62
7
370
13
100
AcDbLine
 10
64.16495809555053
 20
-0.016
 30
0.0
 11
64.16495809555053
 21
-0.12399999999999964
 31
0.0
  0
INSERT
  5
A91
330
A8C
100
AcDbEntity
  8
E-COTA
 62
7
100
AcDbBlockReference
  2
_OBLIQUE
 10
62.66495830078157
 20
-0.09999999999999964
 30
0.0
 41
0.04
 42
0.04
  0
INSERT
  5
A93
330
A8C
100
AcDbEntity
  8
E-COTA
 62
7
100
AcDbBlockReference
  2
_OBLIQUE
 10
64.16495809555053
 20
-0.09999999999999964
 30
0.0
 41
0.04
 42
0.04
  0
LINE
  5
A95
330
A8C
100
AcDbEntity
  8
0
 62
7
370
13
100
AcDbLine
 10
62.66495830078157
 20
-0.09999999999999964
 30
0.0
 11
64.16495809555053
 21
-0.09999999999999964
 31
0.0
  0
MTEXT
  5
A96
330
A8C
100
AcDbEntity
  8
E-COTA
 62
7
100
AcDbMText
 10
63.41495819816605
 20
-0.06999999999999965
 30
0.0
 40
0.036000000000000004
 71
5
  1
1.50
  7
ARIAL
  0
POINT
  5
A97
330
A8C
100
AcDbEntity
  8
Defpoints
100
AcDbPoint
 10
62.66495830078157
 20
-0.09999999999999964
 30
0.0
  0
POINT
  5
A98
330
A8C
100
AcDbEntity
  8
Defpoints
100
AcDbPoint
 10
62.66495830078157
 20
0.0
 30
0.0
  0
POINT
  5
A99
330
A8C
100
AcDbEntity
  8
Defpoints
100
AcDbPoint
 10
64.16495809555053
 20
0.0
 30
0.0
  0
ENDBLK
  5
A8E
330
A8C
100
AcDbEntity
  8
0
100
AcDbBlockEnd
  0
BLOCK
  5
A9C
330
A9B
100
AcDbEntity
  8
0
100
AcDbBlockBegin
  2
*D84
 70
1
 10
0.0
 20
0.0
 30
0.0
  3
*D84
  1

  0
LINE
  5
A9E
330
A9B
100
AcDbEntity
  8
0
 62
7
370
13
100
AcDbLine
 10
64.16495809555053
 20
-0.016
 30
0.0
 11
64.16495809555053
 21
-0.12399999999999964
 31
0.0
  0
LINE
  5
A9F
330
A9B
100
AcDbEntity
  8
0
 62
7
370
13
100
AcDbLine
 10
64.46495809555054
 20
-0.016
 30
0.0
 11
64.46495809555054
 21
-0.12399999999999964
 31
0.0
  0
INSERT
  5
AA0
330
A9B
100
AcDbEntity
  8
E-COTA
 62
7
100
AcDbBlockReference
  2
_OBLIQUE
 10
64.16495809555053
 20
-0.09999999999999964
 30
0.0
 41
0.04
 42
0.04
  0
INSERT
  5
AA2
330
A9B
100
AcDbEntity
  8
E-COTA
 62
7
100
AcDbBlockReference
  2
_OBLIQUE
 10
64.46495809555054
 20
-0.09999999999999964
 30
0.0
 41
0.04
 42
0.04
  0
LINE
  5
AA4
330
A9B
100
AcDbEntity
  8
0
 62
7
370
13
100
AcDbLine
 10
64.16495809555053
 20
-0.09999999999999964
 30
0.0
 11
64.46495809555054
 21
-0.09999999999999964
 31
0.0
  0
MTEXT
  5
AA5
330
A9B
100
AcDbEntity
  8
E-COTA
 62
7
100
AcDbMText
 10
64.31495809555054
 20
-0.06999999999999965
 30
0.0
 40
0.036000000000000004
 71
5
  1
0.30
  7
ARIAL
  0
POINT
  5
AA6
330
A9B
100
AcDbEntity
  8
Defpoints
100
AcDbPoint
 10
64.16495809555053
 20
-0.09999999999999964
 30
0.0
  0
POINT
  5
AA7
330
A9B
100
AcDbEntity
  8
Defpoints
100
AcDbPoint
 10
64.16495809555053
 20
0.0
 30
0.0
  0
POINT
  5
AA8
330
A9B
100
AcDbEntity
  8
Defpoints
100
AcDbPoint
 10
64.46495809555054
 20
0.0
 30
0.0
  0
ENDBLK
  5
A9D
330
A9B
100
AcDbEntity
  8
0
100
AcDbBlockEnd
  0
BLOCK
  5
AAB
330
AAA
100
AcDbEntity
  8
0
100
AcDbBlockBegin
  2
*D85
 70
1
 10
0.0
 20
0.0
 30
0.0
  3
*D85
  1

  0
LINE
  5
AAD
330
AAA
100
AcDbEntity
  8
0
 62
7
370
13
100
AcDbLine
 10
60.89630830287933
 20
0.2159999999999993
 30
0.0
 11
60.89630830287933
 21
0.32399999999999896
 31
0.0
  0
LINE
  5
AAE
330
AAA
100
AcDbEntity
  8
0
 62
7
370
13
100
AcDbLine
 10
64.42495822906494
 20
0.2159999999999993
 30
0.0
 11
64.42495822906494
 21
0.32399999999999896
 31
0.0
  0
INSERT
  5
AAF
330
AAA
100
AcDbEntity
  8
E-COTA
 62
7
100
AcDbBlockReference
  2
_OBLIQUE
 10
60.89630830287933
 20
0.29999999999999893
 30
0.0
 41
0.04
 42
0.04
  0
INSERT
  5
AB1
330
AAA
100
AcDbEntity
  8
E-COTA
 62
7
100
AcDbBlockReference
  2
_OBLIQUE
 10
64.42495822906494
 20
0.29999999999999893
 30
0.0
 41
0.04
 42
0.04
  0
LINE
  5
AB3
330
AAA
100
AcDbEntity
  8
0
 62
7
370
13
100
AcDbLine
 10
60.89630830287933
 20
0.29999999999999893
 30
0.0
 11
64.42495822906494
 21
0.29999999999999893
 31
0.0
  0
MTEXT
  5
AB4
330
AAA
100
AcDbEntity
  8
E-COTA
 62
7
100
AcDbMText
 10
62.66063326597214
 20
0.32999999999999896
 30
0.0
 40
0.036000000000000004
 71
5
  1
3.53
  7
ARIAL
  0
POINT
  5
AB5
330
AAA
100
AcDbEntity
  8
Defpoints
100
AcDbPoint
 10
60.89630830287933
 20
0.29999999999999893
 30
0.0
  0
POINT
  5
AB6
330
AAA
100
AcDbEntity
  8
Defpoints
100
AcDbPoint
 10
60.89630830287933
 20
0.1999999999999993
 30
0.0
  0
POINT
  5
AB7
330
AAA
100
AcDbEntity
  8
Defpoints
100
AcDbPoint
 10
64.42495822906494
 20
0.1999999999999993
 30
0.0
  0
ENDBLK
  5
AAC
330
AAA
100
AcDbEntity
  8
0
100
AcDbBlockEnd
  0
BLOCK
  5
ACC
330
ACB
100
AcDbEntity
  8
0
100
AcDbBlockBegin
  2
*D86
 70
1
 10
0.0
 20
0.0
 30
0.0
  3
*D86
  1

  0
LINE
  5
ACE
330
ACB
100
AcDbEntity
  8
0
 62
7
370
13
100
AcDbLine
 10
60.84895829491088
 20
0.0
 30
0.0
 11
60.72095829491088
 21
0.0
 31
0.0
  0
LINE
  5
ACF
330
ACB
100
AcDbEntity
  8
0
 62
7
370
13
100
AcDbLine
 10
60.84895829491088
 20
0.1999999999999993
 30
0.0
 11
60.72095829491088
 21
0.1999999999999993
 31
0.0
  0
INSERT
  5
AD0
330
ACB
100
AcDbEntity
  8
E-COTA
 62
7
100
AcDbBlockReference
  2
_OBLIQUE
 10
60.74495829491088
 20
0.0
 30
0.0
 41
0.04
 42
0.04
 50
90.0
  0
INSERT
  5
AD2
330
ACB
100
AcDbEntity
  8
E-COTA
 62
7
100
AcDbBlockReference
  2
_OBLIQUE
 10
60.74495829491088
 20
0.1999999999999993
 30
0.0
 41
0.04
 42
0.04
 50
90.0
  0
LINE
  5
AD4
330
ACB
100
AcDbEntity
  8
0
 62
7
370
13
100
AcDbLine
 10
60.74495829491088
 20
0.0
 30
0.0
 11
60.74495829491088
 21
0.1999999999999993
 31
0.0
  0
MTEXT
  5
AD5
330
ACB
100
AcDbEntity
  8
E-COTA
 62
7
100
AcDbMText
 10
60.71495829491088
 20
0.09999999999999964
 30
0.0
 40
0.036000000000000004
 71
5
  1
0.20
  7
ARIAL
 50
90.0
  0
POINT
  5
AD6
330
ACB
100
AcDbEntity
  8
Defpoints
100
AcDbPoint
 10
60.74495829491088
 20
0.0
 30
0.0
  0
POINT
  5
AD7
330
ACB
100
AcDbEntity
  8
Defpoints
100
AcDbPoint
 10
60.86495829491088
 20
0.0
 30
0.0
  0
POINT
  5
AD8
330
ACB
100
AcDbEntity
  8
Defpoints
100
AcDbPoint
 10
60.86495829491088
 20
0.1999999999999993
 30
0.0
  0
ENDBLK
  5
ACD
330
ACB
100
AcDbEntity
  8
0
100
AcDbBlockEnd
  0
BLOCK
  5
B92
330
B91
100
AcDbEntity
  8
0
100
AcDbBlockBegin
  2
*D87
 70
1
 10
0.0
 20
0.0
 30
0.0
  3
*D87
  1

  0
LINE
  5
B94
330
B91
100
AcDbEntity
  8
0
 62
7
370
13
100
AcDbLine
 10
98.06495819091796
 20
-0.016
 30
0.0
 11
98.06495819091796
 21
-0.12399999999999964
 31
0.0
  0
LINE
  5
B95
330
B91
100
AcDbEntity
  8
0
 62
7
370
13
100
AcDbLine
 10
98.36495819091797
 20
-0.016
 30
0.0
 11
98.36495819091797
 21
-0.12399999999999964
 31
0.0
  0
INSERT
  5
B96
330
B91
100
AcDbEntity
  8
E-COTA
 62
7
100
AcDbBlockReference
  2
_OBLIQUE
 10
98.06495819091796
 20
-0.09999999999999964
 30
0.0
 41
0.04
 42
0.04
  0
INSERT
  5
B98
330
B91
100
AcDbEntity
  8
E-COTA
 62
7
100
AcDbBlockReference
  2
_OBLIQUE
 10
98.36495819091797
 20
-0.09999999999999964
 30
0.0
 41
0.04
 42
0.04
  0
LINE
  5
B9A
330
B91
100
AcDbEntity
  8
0
 62
7
370
13
100
AcDbLine
 10
98.06495819091796
 20
-0.09999999999999964
 30
0.0
 11
98.36495819091797
 21
-0.09999999999999964
 31
0.0
  0
MTEXT
  5
B9B
330
B91
100
AcDbEntity
  8
E-COTA
 62
7
100
AcDbMText
 10
98.21495819091797
 20
-0.06999999999999965
 30
0.0
 40
0.036000000000000004
 71
5
  1
0.30
  7
ARIAL
  0
POINT
  5
B9C
330
B91
100
AcDbEntity
  8
Defpoints
100
AcDbPoint
 10
98.06495819091796
 20
-0.09999999999999964
 30
0.0
  0
POINT
  5
B9D
330
B91
100
AcDbEntity
  8
Defpoints
100
AcDbPoint
 10
98.06495819091796
 20
0.0
 30
0.0
  0
POINT
  5
B9E
330
B91
100
AcDbEntity
  8
Defpoints
100
AcDbPoint
 10
98.36495819091797
 20
0.0
 30
0.0
  0
ENDBLK
  5
B93
330
B91
100
AcDbEntity
  8
0
100
AcDbBlockEnd
  0
BLOCK
  5
BA1
330
BA0
100
AcDbEntity
  8
0
100
AcDbBlockBegin
  2
*D88
 70
1
 10
0.0
 20
0.0
 30
0.0
  3
*D88
  1

  0
LINE
  5
BA3
330
BA0
100
AcDbEntity
  8
0
 62
7
370
13
100
AcDbLine
 10
98.36495819091797
 20
-0.016
 30
0.0
 11
98.36495819091797
 21
-0.12399999999999964
 31
0.0
  0
LINE
  5
BA4
330
BA0
100
AcDbEntity
  8
0
 62
7
370
13
100
AcDbLine
 10
99.86495830078157
 20
-0.016
 30
0.0
 11
99.86495830078157
 21
-0.12399999999999964
 31
0.0
  0
INSERT
  5
BA5
330
BA0
100
AcDbEntity
  8
E-COTA
 62
7
100
AcDbBlockReference
  2
_OBLIQUE
 10
98.36495819091797
 20
-0.09999999999999964
 30
0.0
 41
0.04
 42
0.04
  0
INSERT
  5
BA7
330
BA0
100
AcDbEntity
  8
E-COTA
 62
7
100
AcDbBlockReference
  2
_OBLIQUE
 10
99.86495830078157
 20
-0.09999999999999964
 30
0.0
 41
0.04
 42
0.04
  0
LINE
  5
BA9
330
BA0
100
AcDbEntity
  8
0
 62
7
370
13
100
AcDbLine
 10
98.36495819091797
 20
-0.09999999999999964
 30
0.0
 11
99.86495830078157
 21
-0.09999999999999964
 31
0.0
  0
MTEXT
  5
BAA
330
BA0
100
AcDbEntity
  8
E-COTA
 62
7
100
AcDbMText
 10
99.11495824584978
 20
-0.06999999999999965
 30
0.0
 40
0.036000000000000004
 71
5
  1
1.50
  7
ARIAL
  0
POINT
  5
BAB
330
BA0
100
AcDbEntity
  8
Defpoints
100
AcDbPoint
 10
98.36495819091797
 20
-0.09999999999999964
 30
0.0
  0
POINT
  5
BAC
330
BA0
100
AcDbEntity
  8
Defpoints
100
AcDbPoint
 10
98.36495819091797
 20
0.0
 30
0.0
  0
POINT
  5
BAD
330
BA0
100
AcDbEntity
  8
Defpoints
100
AcDbPoint
 10
99.86495830078157
 20
0.0
 30
0.0
  0
ENDBLK
  5
BA2
330
BA0
100
AcDbEntity
  8
0
100
AcDbBlockEnd
  0
BLOCK
  5
BB0
330
BAF
100
AcDbEntity
  8
0
100
AcDbBlockBegin
  2
*D89
 70
1
 10
0.0
 20
0.0
 30
0.0
  3
*D89
  1

  0
LINE
  5
BB2
330
BAF
100
AcDbEntity
  8
0
 62
7
370
13
100
AcDbLine
 10
99.86495830078157
 20
-0.016
 30
0.0
 11
99.86495830078157
 21
-0.12399999999999964
 31
0.0
  0
LINE
  5
BB3
330
BAF
100
AcDbEntity
  8
0
 62
7
370
13
100
AcDbLine
 10
100.16495798872954
 20
-0.016
 30
0.0
 11
100.16495798872954
 21
-0.12399999999999964
 31
0.0
  0
INSERT
  5
BB4
330
BAF
100
AcDbEntity
  8
E-COTA
 62
7
100
AcDbBlockReference
  2
_OBLIQUE
 10
99.86495830078157
 20
-0.09999999999999964
 30
0.0
 41
0.04
 42
0.04
  0
INSERT
  5
BB6
330
BAF
100
AcDbEntity
  8
E-COTA
 62
7
100
AcDbBlockReference
  2
_OBLIQUE
 10
100.16495798872954
 20
-0.09999999999999964
 30
0.0
 41
0.04
 42
0.04
  0
LINE
  5
BB8
330
BAF
100
AcDbEntity
  8
0
 62
7
370
13
100
AcDbLine
 10
99.86495830078157
 20
-0.09999999999999964
 30
0.0
 11
100.16495798872954
 21
-0.09999999999999964
 31
0.0
  0
MTEXT
  5
BB9
330
BAF
100
AcDbEntity
  8
E-COTA
 62
7
100
AcDbMText
 10
100.01495814475555
 20
-0.06999999999999965
 30
0.0
 40
0.036000000000000004
 71
5
  1
0.30
  7
ARIAL
  0
POINT
  5
BBA
330
BAF
100
AcDbEntity
  8
Defpoints
100
AcDbPoint
 10
99.86495830078157
 20
-0.09999999999999964
 30
0.0
  0
POINT
  5
BBB
330
BAF
100
AcDbEntity
  8
Defpoints
100
AcDbPoint
 10
99.86495830078157
 20
0.0
 30
0.0
  0
POINT
  5
BBC
330
BAF
100
AcDbEntity
  8
Defpoints
100
AcDbPoint
 10
100.16495798872954
 20
0.0
 30
0.0
  0
ENDBLK
  5
BB1
330
BAF
100
AcDbEntity
  8
0
100
AcDbBlockEnd
  0
BLOCK
  5
BBF
330
BBE
100
AcDbEntity
  8
0
100
AcDbBlockBegin
  2
*D90
 70
1
 10
0.0
 20
0.0
 30
0.0
  3
*D90
  1

  0
LINE
  5
BC1
330
BBE
100
AcDbEntity
  8
0
 62
7
370
13
100
AcDbLine
 10
98.10495853424072
 20
0.2159999999999993
 30
0.0
 11
98.10495853424072
 21
0.32399999999999896
 31
0.0
  0
LINE
  5
BC2
330
BBE
100
AcDbEntity
  8
0
 62
7
370
13
100
AcDbLine
 10
100.12495803833008
 20
0.2159999999999993
 30
0.0
 11
100.12495803833008
 21
0.32399999999999896
 31
0.0
  0
INSERT
  5
BC3
330
BBE
100
AcDbEntity
  8
E-COTA
 62
7
100
AcDbBlockReference
  2
_OBLIQUE
 10
98.10495853424072
 20
0.29999999999999893
 30
0.0
 41
0.04
 42
0.04
  0
INSERT
  5
BC5
330
BBE
100
AcDbEntity
  8
E-COTA
 62
7
100
AcDbBlockReference
  2
_OBLIQUE
 10
100.12495803833008
 20
0.29999999999999893
 30
0.0
 41
0.04
 42
0.04
  0
LINE
  5
BC7
330
BBE
100
AcDbEntity
  8
0
 62
7
370
13
100
AcDbLine
 10
98.10495853424072
 20
0.29999999999999893
 30
0.0
 11
100.12495803833008
 21
0.29999999999999893
 31
0.0
  0
MTEXT
  5
BC8
330
BBE
100
AcDbEntity
  8
E-COTA
 62
7
100
AcDbMText
 10
99.1149582862854
 20
0.32999999999999896
 30
0.0
 40
0.036000000000000004
 71
5
  1
2.02
  7
ARIAL
  0
POINT
  5
BC9
330
BBE
100
AcDbEntity
  8
Defpoints
100
AcDbPoint
 10
98.10495853424072
 20
0.29999999999999893
 30
0.0
  0
POINT
  5
BCA
330
BBE
100
AcDbEntity
  8
Defpoints
100
AcDbPoint
 10
98.10495853424072
 20
0.1999999999999993
 30
0.0
  0
POINT
  5
BCB
330
BBE
100
AcDbEntity
  8
Defpoints
100
AcDbPoint
 10
100.12495803833008
 20
0.1999999999999993
 30
0.0
  0
ENDBLK
  5
BC0
330
BBE
100
AcDbEntity
  8
0
100
AcDbBlockEnd
  0
BLOCK
  5
BFF
330
BFE
100
AcDbEntity
  8
0
100
AcDbBlockBegin
  2
*D91
 70
1
 10
0.0
 20
0.0
 30
0.0
  3
*D91
  1

  0
LINE
  5
C01
330
BFE
100
AcDbEntity
  8
0
 62
7
370
13
100
AcDbLine
 10
124.16495809555053
 20
-0.008
 30
0.0
 11
124.16495809555053
 21
-0.10199999999999985
 31
0.0
  0
LINE
  5
C02
330
BFE
100
AcDbEntity
  8
0
 62
7
370
13
100
AcDbLine
 10
124.46495809555054
 20
-0.008
 30
0.0
 11
124.46495809555054
 21
-0.10199999999999985
 31
0.0
  0
INSERT
  5
C03
330
BFE
100
AcDbEntity
  8
E-COTA
 62
7
100
AcDbBlockReference
  2
_OBLIQUE
 10
124.16495809555053
 20
-0.08999999999999986
 30
0.0
 41
0.02
 42
0.02
  0
INSERT
  5
C05
330
BFE
100
AcDbEntity
  8
E-COTA
 62
7
100
AcDbBlockReference
  2
_OBLIQUE
 10
124.46495809555054
 20
-0.08999999999999986
 30
0.0
 41
0.02
 42
0.02
  0
LINE
  5
C07
330
BFE
100
AcDbEntity
  8
0
 62
7
370
13
100
AcDbLine
 10
124.16495809555053
 20
-0.08999999999999986
 30
0.0
 11
124.46495809555054
 21
-0.08999999999999986
 31
0.0
  0
MTEXT
  5
C08
330
BFE
100
AcDbEntity
  8
E-COTA
 62
7
100
AcDbMText
 10
124.31495809555054
 20
-0.07499999999999986
 30
0.0
 40
0.018000000000000002
 71
5
  1
0.30
  7
ARIAL
  0
POINT
  5
C09
330
BFE
100
AcDbEntity
  8
Defpoints
100
AcDbPoint
 10
124.16495809555053
 20
-0.08999999999999986
 30
0.0
  0
POINT
  5
C0A
330
BFE
100
AcDbEntity
  8
Defpoints
100
AcDbPoint
 10
124.16495809555053
 20
0.0
 30
0.0
  0
POINT
  5
C0B
330
BFE
100
AcDbEntity
  8
Defpoints
100
AcDbPoint
 10
124.46495809555054
 20
0.0
 30
0.0
  0
ENDBLK
  5
C00
330
BFE
100
AcDbEntity
  8
0
100
AcDbBlockEnd
  0
BLOCK
  5
C0E
330
C0D
100
AcDbEntity
  8
0
100
AcDbBlockBegin
  2
*D92
 70
1
 10
0.0
 20
0.0
 30
0.0
  3
*D92
  1

  0
LINE
  5
C10
330
C0D
100
AcDbEntity
  8
0
 62
7
370
13
100
AcDbLine
 10
124.18995809555054
 20
-0.008
 30
0.0
 11
124.18995809555054
 21
-0.056999999999999926
 31
0.0
  0
LINE
  5
C11
330
C0D
100
AcDbEntity
  8
0
 62
7
370
13
100
AcDbLine
 10
124.43995809555054
 20
-0.008
 30
0.0
 11
124.43995809555054
 21
-0.056999999999999926
 31
0.0
  0
INSERT
  5
C12
330
C0D
100
AcDbEntity
  8
E-COTA
 62
7
100
AcDbBlockReference
  2
_OBLIQUE
 10
124.18995809555054
 20
-0.04499999999999993
 30
0.0
 41
0.02
 42
0.02
  0
INSERT
  5
C14
330
C0D
100
AcDbEntity
  8
E-COTA
 62
7
100
AcDbBlockReference
  2
_OBLIQUE
 10
124.43995809555054
 20
-0.04499999999999993
 30
0.0
 41
0.02
 42
0.02
  0
LINE
  5
C16
330
C0D
100
AcDbEntity
  8
0
 62
7
370
13
100
AcDbLine
 10
124.18995809555054
 20
-0.04499999999999993
 30
0.0
 11
124.43995809555054
 21
-0.04499999999999993
 31
0.0
  0
MTEXT
  5
C17
330
C0D
100
AcDbEntity
  8
E-COTA
 62
7
100
AcDbMText
 10
124.31495809555054
 20
-0.02999999999999993
 30
0.0
 40
0.018000000000000002
 71
5
  1
0.25
  7
ARIAL
  0
POINT
  5
C18
330
C0D
100
AcDbEntity
  8
Defpoints
100
AcDbPoint
 10
124.18995809555054
 20
-0.04499999999999993
 30
0.0
  0
POINT
  5
C19
330
C0D
100
AcDbEntity
  8
Defpoints
100
AcDbPoint
 10
124.18995809555054
 20
0.0
 30
0.0
  0
POINT
  5
C1A
330
C0D
100
AcDbEntity
  8
Defpoints
100
AcDbPoint
 10
124.43995809555054
 20
0.0
 30
0.0
  0
ENDBLK
  5
C0F
330
C0D
100
AcDbEntity
  8
0
100
AcDbBlockEnd
  0
BLOCK
  5
C1D
330
C1C
100
AcDbEntity
  8
0
100
AcDbBlockBegin
  2
*D93
 70
1
 10
0.0
 20
0.0
 30
0.0
  3
*D93
  1

  0
LINE
  5
C1F
330
C1C
100
AcDbEntity
  8
0
 62
7
370
13
100
AcDbLine
 10
124.47295809555054
 20
0.0
 30
0.0
 11
124.64695809555053
 21
0.0
 31
0.0
  0
LINE
  5
C20
330
C1C
100
AcDbEntity
  8
0
 62
7
370
13
100
AcDbLine
 10
124.47295809555054
 20
0.1999999999999993
 30
0.0
 11
124.64695809555053
 21
0.1999999999999993
 31
0.0
  0
INSERT
  5
C21
330
C1C
100
AcDbEntity
  8
E-COTA
 62
7
100
AcDbBlockReference
  2
_OBLIQUE
 10
124.63495809555053
 20
0.0
 30
0.0
 41
0.02
 42
0.02
 50
90.0
  0
INSERT
  5
C23
330
C1C
100
AcDbEntity
  8
E-COTA
 62
7
100
AcDbBlockReference
  2
_OBLIQUE
 10
124.63495809555053
 20
0.1999999999999993
 30
0.0
 41
0.02
 42
0.02
 50
90.0
  0
LINE
  5
C25
330
C1C
100
AcDbEntity
  8
0
 62
7
370
13
100
AcDbLine
 10
124.63495809555053
 20
0.0
 30
0.0
 11
124.63495809555053
 21
0.1999999999999993
 31
0.0
  0
MTEXT
  5
C26
330
C1C
100
AcDbEntity
  8
E-COTA
 62
7
100
AcDbMText
 10
124.61995809555053
 20
0.09999999999999964
 30
0.0
 40
0.018000000000000002
 71
5
  1
0.20
  7
ARIAL
 50
90.0
  0
POINT
  5
C27
330
C1C
100
AcDbEntity
  8
Defpoints
100
AcDbPoint
 10
124.63495809555053
 20
0.0
 30
0.0
  0
POINT
  5
C28
330
C1C
100
AcDbEntity
  8
Defpoints
100
AcDbPoint
 10
124.46495809555054
 20
0.0
 30
0.0
  0
POINT
  5
C29
330
C1C
100
AcDbEntity
  8
Defpoints
100
AcDbPoint
 10
124.46495809555054
 20
0.1999999999999993
 30
0.0
  0
ENDBLK
  5
C1E
330
C1C
100
AcDbEntity
  8
0
100
AcDbBlockEnd
  0
BLOCK
  5
C2C
330
C2B
100
AcDbEntity
  8
0
100
AcDbBlockBegin
  2
*D94
 70
1
 10
0.0
 20
0.0
 30
0.0
  3
*D94
  1

  0
LINE
  5
C2E
330
C2B
100
AcDbEntity
  8
0
 62
7
370
13
100
AcDbLine
 10
124.47295809555054
 20
0.03269977569580007
 30
0.0
 11
124.53695809555053
 21
0.03269977569580007
 31
0.0
  0
LINE
  5
C2F
330
C2B
100
AcDbEntity
  8
0
 62
7
370
13
100
AcDbLine
 10
124.47295809555054
 20
0.15199966430663991
 30
0.0
 11
124.53695809555053
 21
0.15199966430663991
 31
0.0
  0
INSERT
  5
C30
330
C2B
100
AcDbEntity
  8
E-COTA
 62
7
100
AcDbBlockReference
  2
_OBLIQUE
 10
124.52495809555053
 20
0.03269977569580007
 30
0.0
 41
0.02
 42
0.02
 50
90.0
  0
INSERT
  5
C32
330
C2B
100
AcDbEntity
  8
E-COTA
 62
7
100
AcDbBlockReference
  2
_OBLIQUE
 10
124.52495809555053
 20
0.15199966430663991
 30
0.0
 41
0.02
 42
0.02
 50
90.0
  0
LINE
  5
C34
330
C2B
100
AcDbEntity
  8
0
 62
7
370
13
100
AcDbLine
 10
124.52495809555053
 20
0.03269977569580007
 30
0.0
 11
124.52495809555053
 21
0.15199966430663991
 31
0.0
  0
MTEXT
  5
C35
330
C2B
100
AcDbEntity
  8
E-COTA
 62
7
100
AcDbMText
 10
124.50995809555053
 20
0.09234972000121999
 30
0.0
 40
0.018000000000000002
 71
5
  1
0.12
  7
ARIAL
 50
90.0
  0
POINT
  5
C36
330
C2B
100
AcDbEntity
  8
Defpoints
100
AcDbPoint
 10
124.52495809555053
 20
0.03269977569580007
 30
0.0
  0
POINT
  5
C37
330
C2B
100
AcDbEntity
  8
Defpoints
100
AcDbPoint
 10
124.46495809555054
 20
0.03269977569580007
 30
0.0
  0
POINT
  5
C38
330
C2B
100
AcDbEntity
  8
Defpoints
100
AcDbPoint
 10
124.46495809555054
 20
0.15199966430663991
 30
0.0
  0
ENDBLK
  5
C2D
330
C2B
100
AcDbEntity
  8
0
100
AcDbBlockEnd
  0
BLOCK
  5
C69
330
C68
100
AcDbEntity
  8
0
100
AcDbBlockBegin
  2
*D95
 70
1
 10
0.0
 20
0.0
 30
0.0
  3
*D95
  1

  0
LINE
  5
C6B
330
C68
100
AcDbEntity
  8
0
 62
7
370
13
100
AcDbLine
 10
60.1
 20
-40.012
 30
0.0
 11
60.1
 21
-40.078
 31
0.0
  0
LINE
  5
C6C
330
C68
100
AcDbEntity
  8
0
 62
7
370
13
100
AcDbLine
 10
60.2
 20
-40.012
 30
0.0
 11
60.2
 21
-40.078
 31
0.0
  0
INSERT
  5
C6D
330
C68
100
AcDbEntity
  8
E-COTA
 62
7
100
AcDbBlockReference
  2
_OBLIQUE
 10
60.1
 20
-40.06
 30
0.0
 41
0.03
 42
0.03
  0
INSERT
  5
C6F
330
C68
100
AcDbEntity
  8
E-COTA
 62
7
100
AcDbBlockReference
  2
_OBLIQUE
 10
60.2
 20
-40.06
 30
0.0
 41
0.03
 42
0.03
  0
LINE
  5
C71
330
C68
100
AcDbEntity
  8
0
 62
7
370
13
100
AcDbLine
 10
60.1
 20
-40.06
 30
0.0
 11
60.2
 21
-40.06
 31
0.0
  0
MTEXT
  5
C72
330
C68
100
AcDbEntity
  8
E-COTA
 62
7
100
AcDbMText
 10
60.150000000000006
 20
-40.0195
 30
0.0
 40
0.027
 71
5
  1
0.10
  7
ARIAL
  0
POINT
  5
C73
330
C68
100
AcDbEntity
  8
Defpoints
100
AcDbPoint
 10
60.1
 20
-40.06
 30
0.0
  0
POINT
  5
C74
330
C68
100
AcDbEntity
  8
Defpoints
100
AcDbPoint
 10
60.1
 20
-40.0
 30
0.0
  0
POINT
  5
C75
330
C68
100
AcDbEntity
  8
Defpoints
100
AcDbPoint
 10
60.2
 20
-40.0
 30
0.0
  0
ENDBLK
  5
C6A
330
C68
100
AcDbEntity
  8
0
100
AcDbBlockEnd
  0
BLOCK
  5
C78
330
C77
100
AcDbEntity
  8
0
100
AcDbBlockBegin
  2
*D96
 70
1
 10
0.0
 20
0.0
 30
0.0
  3
*D96
  1

  0
LINE
  5
C7A
330
C77
100
AcDbEntity
  8
0
 62
7
370
13
100
AcDbLine
 10
60.2
 20
-40.012
 30
0.0
 11
60.2
 21
-40.078
 31
0.0
  0
LINE
  5
C7B
330
C77
100
AcDbEntity
  8
0
 62
7
370
13
100
AcDbLine
 10
60.5
 20
-40.012
 30
0.0
 11
60.5
 21
-40.078
 31
0.0
  0
INSERT
  5
C7C
330
C77
100
AcDbEntity
  8
E-COTA
 62
7
100
AcDbBlockReference
  2
_OBLIQUE
 10
60.2
 20
-40.06
 30
0.0
 41
0.03
 42
0.03
  0
INSERT
  5
C7E
330
C77
100
AcDbEntity
  8
E-COTA
 62
7
100
AcDbBlockReference
  2
_OBLIQUE
 10
60.5
 20
-40.06
 30
0.0
 41
0.03
 42
0.03
  0
LINE
  5
C80
330
C77
100
AcDbEntity
  8
0
 62
7
370
13
100
AcDbLine
 10
60.2
 20
-40.06
 30
0.0
 11
60.5
 21
-40.06
 31
0.0
  0
MTEXT
  5
C81
330
C77
100
AcDbEntity
  8
E-COTA
 62
7
100
AcDbMText
 10
60.35
 20
-40.0375
 30
0.0
 40
0.027
 71
5
  1
0.30
  7
ARIAL
  0
POINT
  5
C82
330
C77
100
AcDbEntity
  8
Defpoints
100
AcDbPoint
 10
60.2
 20
-40.06
 30
0.0
  0
POINT
  5
C83
330
C77
100
AcDbEntity
  8
Defpoints
100
AcDbPoint
 10
60.2
 20
-40.0
 30
0.0
  0
POINT
  5
C84
330
C77
100
AcDbEntity
  8
Defpoints
100
AcDbPoint
 10
60.5
 20
-40.0
 30
0.0
  0
ENDBLK
  5
C79
330
C77
100
AcDbEntity
  8
0
100
AcDbBlockEnd
  0
BLOCK
  5
C87
330
C86
100
AcDbEntity
  8
0
100
AcDbBlockBegin
  2
*D97
 70
1
 10
0.0
 20
0.0
 30
0.0
  3
*D97
  1

  0
LINE
  5
C89
330
C86
100
AcDbEntity
  8
0
 62
7
370
13
100
AcDbLine
 10
60.15
 20
-40.012
 30
0.0
 11
60.15
 21
-40.153
 31
0.0
  0
LINE
  5
C8A
330
C86
100
AcDbEntity
  8
0
 62
7
370
13
100
AcDbLine
 10
60.55
 20
-40.012
 30
0.0
 11
60.55
 21
-40.153
 31
0.0
  0
INSERT
  5
C8B
330
C86
100
AcDbEntity
  8
E-COTA
 62
7
100
AcDbBlockReference
  2
_OBLIQUE
 10
60.15
 20
-40.135
 30
0.0
 41
0.03
 42
0.03
  0
INSERT
  5
C8D
330
C86
100
AcDbEntity
  8
E-COTA
 62
7
100
AcDbBlockReference
  2
_OBLIQUE
 10
60.55
 20
-40.135
 30
0.0
 41
0.03
 42
0.03
  0
LINE
  5
C8F
330
C86
100
AcDbEntity
  8
0
 62
7
370
13
100
AcDbLine
 10
60.15
 20
-40.135
 30
0.0
 11
60.55
 21
-40.135
 31
0.0
  0
MTEXT
  5
C90
330
C86
100
AcDbEntity
  8
E-COTA
 62
7
100
AcDbMText
 10
60.349999999999994
 20
-40.1125
 30
0.0
 40
0.027
 71
5
  1
0.40
  7
ARIAL
  0
POINT
  5
C91
330
C86
100
AcDbEntity
  8
Defpoints
100
AcDbPoint
 10
60.15
 20
-40.135
 30
0.0
  0
POINT
  5
C92
330
C86
100
AcDbEntity
  8
Defpoints
100
AcDbPoint
 10
60.15
 20
-40.0
 30
0.0
  0
POINT
  5
C93
330
C86
100
AcDbEntity
  8
Defpoints
100
AcDbPoint
 10
60.55
 20
-40.0
 30
0.0
  0
ENDBLK
  5
C88
330
C86
100
AcDbEntity
  8
0
100
AcDbBlockEnd
  0
BLOCK
  5
C96
330
C95
100
AcDbEntity
  8
0
100
AcDbBlockBegin
  2
*D98
 70
1
 10
0.0
 20
0.0
 30
0.0
  3
*D98
  1

  0
LINE
  5
C98
330
C95
100
AcDbEntity
  8
0
 62
7
370
13
100
AcDbLine
 10
61.312
 20
-40.0
 30
0.0
 11
61.378
 21
-40.0
 31
0.0
  0
LINE
  5
C99
330
C95
100
AcDbEntity
  8
0
 62
7
370
13
100
AcDbLine
 10
61.312
 20
-39.85
 30
0.0
 11
61.378
 21
-39.85
 31
0.0
  0
INSERT
  5
C9A
330
C95
100
AcDbEntity
  8
E-COTA
 62
7
100
AcDbBlockReference
  2
_OBLIQUE
 10
61.36
 20
-40.0
 30
0.0
 41
0.03
 42
0.03
 50
90.0
  0
INSERT
  5
C9C
330
C95
100
AcDbEntity
  8
E-COTA
 62
7
100
AcDbBlockReference
  2
_OBLIQUE
 10
61.36
 20
-39.85
 30
0.0
 41
0.03
 42
0.03
 50
90.0
  0
LINE
  5
C9E
330
C95
100
AcDbEntity
  8
0
 62
7
370
13
100
AcDbLine
 10
61.36
 20
-40.0
 30
0.0
 11
61.36
 21
-39.85
 31
0.0
  0
MTEXT
  5
C9F
330
C95
100
AcDbEntity
  8
E-COTA
 62
7
100
AcDbMText
 10
61.3375
 20
-39.925
 30
0.0
 40
0.027
 71
5
  1
0.15
  7
ARIAL
 50
90.0
  0
POINT
  5
CA0
330
C95
100
AcDbEntity
  8
Defpoints
100
AcDbPoint
 10
61.36
 20
-40.0
 30
0.0
  0
POINT
  5
CA1
330
C95
100
AcDbEntity
  8
Defpoints
100
AcDbPoint
 10
61.3
 20
-40.0
 30
0.0
  0
POINT
  5
CA2
330
C95
100
AcDbEntity
  8
Defpoints
100
AcDbPoint
 10
61.3
 20
-39.85
 30
0.0
  0
ENDBLK
  5
C97
330
C95
100
AcDbEntity
  8
0
100
AcDbBlockEnd
  0
BLOCK
  5
CA5
330
CA4
100
AcDbEntity
  8
0
100
AcDbBlockBegin
  2
*D99
 70
1
 10
0.0
 20
0.0
 30
0.0
  3
*D99
  1

  0
LINE
  5
CA7
330
CA4
100
AcDbEntity
  8
0
 62
7
370
13
100
AcDbLine
 10
61.312
 20
-39.85
 30
0.0
 11
61.378
 21
-39.85
 31
0.0
  0
LINE
  5
CA8
330
CA4
100
AcDbEntity
  8
0
 62
7
370
13
100
AcDbLine
 10
61.312
 20
-39.8
 30
0.0
 11
61.378
 21
-39.8
 31
0.0
  0
INSERT
  5
CA9
330
CA4
100
AcDbEntity
  8
E-COTA
 62
7
100
AcDbBlockReference
  2
_OBLIQUE
 10
61.36
 20
-39.85
 30
0.0
 41
0.03
 42
0.03
 50
90.0
  0
INSERT
  5
CAB
330
CA4
100
AcDbEntity
  8
E-COTA
 62
7
100
AcDbBlockReference
  2
_OBLIQUE
 10
61.36
 20
-39.8
 30
0.0
 41
0.03
 42
0.03
 50
90.0
  0
LINE
  5
CAD
330
CA4
100
AcDbEntity
  8
0
 62
7
370
13
100
AcDbLine
 10
61.36
 20
-39.85
 30
0.0
 11
61.36
 21
-39.8
 31
0.0
  0
MTEXT
  5
CAE
330
CA4
100
AcDbEntity
  8
E-COTA
 62
7
100
AcDbMText
 10
61.3195
 20
-39.825
 30
0.0
 40
0.027
 71
5
  1
0.05
  7
ARIAL
 50
90.0
  0
POINT
  5
CAF
330
CA4
100
AcDbEntity
  8
Defpoints
100
AcDbPoint
 10
61.36
 20
-39.85
 30
0.0
  0
POINT
  5
CB0
330
CA4
100
AcDbEntity
  8
Defpoints
100
AcDbPoint
 10
61.3
 20
-39.85
 30
0.0
  0
POINT
  5
CB1
330
CA4
100
AcDbEntity
  8
Defpoints
100
AcDbPoint
 10
61.3
 20
-39.8
 30
0.0
  0
ENDBLK
  5
CA6
330
CA4
100
AcDbEntity
  8
0
100
AcDbBlockEnd
  0
BLOCK
  5
CB4
330
CB3
100
AcDbEntity
  8
0
100
AcDbBlockBegin
  2
*D100
 70
1
 10
0.0
 20
0.0
 30
0.0
  3
*D100
  1

  0
LINE
  5
CB6
330
CB3
100
AcDbEntity
  8
0
 62
7
370
13
100
AcDbLine
 10
61.312
 20
-40.0
 30
0.0
 11
61.513
 21
-40.0
 31
0.0
  0
LINE
  5
CB7
330
CB3
100
AcDbEntity
  8
0
 62
7
370
13
100
AcDbLine
 10
61.312
 20
-39.8
 30
0.0
 11
61.513
 21
-39.8
 31
0.0
  0
INSERT
  5
CB8
330
CB3
100
AcDbEntity
  8
E-COTA
 62
7
100
AcDbBlockReference
  2
_OBLIQUE
 10
61.495
 20
-40.0
 30
0.0
 41
0.03
 42
0.03
 50
90.0
  0
INSERT
  5
CBA
330
CB3
100
AcDbEntity
  8
E-COTA
 62
7
100
AcDbBlockReference
  2
_OBLIQUE
 10
61.495
 20
-39.8
 30
0.0
 41
0.03
 42
0.03
 50
90.0
  0
LINE
  5
CBC
330
CB3
100
AcDbEntity
  8
0
 62
7
370
13
100
AcDbLine
 10
61.495
 20
-40.0
 30
0.0
 11
61.495
 21
-39.8
 31
0.0
  0
MTEXT
  5
CBD
330
CB3
100
AcDbEntity
  8
E-COTA
 62
7
100
AcDbMText
 10
61.4725
 20
-39.9
 30
0.0
 40
0.027
 71
5
  1
0.20
  7
ARIAL
 50
90.0
  0
POINT
  5
CBE
330
CB3
100
AcDbEntity
  8
Defpoints
100
AcDbPoint
 10
61.495
 20
-40.0
 30
0.0
  0
POINT
  5
CBF
330
CB3
100
AcDbEntity
  8
Defpoints
100
AcDbPoint
 10
61.3
 20
-40.0
 30
0.0
  0
POINT
  5
CC0
330
CB3
100
AcDbEntity
  8
Defpoints
100
AcDbPoint
 10
61.3
 20
-39.8
 30
0.0
  0
ENDBLK
  5
CB5
330
CB3
100
AcDbEntity
  8
0
100
AcDbBlockEnd
  0
BLOCK
  5
CF1
330
CF0
100
AcDbEntity
  8
0
100
AcDbBlockBegin
  2
*D101
 70
1
 10
0.0
 20
0.0
 30
0.0
  3
*D101
  1

  0
LINE
  5
CF3
330
CF0
100
AcDbEntity
  8
0
 62
7
370
13
100
AcDbLine
 10
62.0
 20
-39.788
 30
0.0
 11
62.0
 21
-39.692
 31
0.0
  0
LINE
  5
CF4
330
CF0
100
AcDbEntity
  8
0
 62
7
370
13
100
AcDbLine
 10
62.55
 20
-39.788
 30
0.0
 11
62.55
 21
-39.692
 31
0.0
  0
INSERT
  5
CF5
330
CF0
100
AcDbEntity
  8
E-COTA
 62
7
100
AcDbBlockReference
  2
_OBLIQUE
 10
62.0
 20
-39.71
 30
0.0
 41
0.03
 42
0.03
  0
INSERT
  5
CF7
330
CF0
100
AcDbEntity
  8
E-COTA
 62
7
100
AcDbBlockReference
  2
_OBLIQUE
 10
62.55
 20
-39.71
 30
0.0
 41
0.03
 42
0.03
  0
LINE
  5
CF9
330
CF0
100
AcDbEntity
  8
0
 62
7
370
13
100
AcDbLine
 10
62.0
 20
-39.71
 30
0.0
 11
62.55
 21
-39.71
 31
0.0
  0
MTEXT
  5
CFA
330
CF0
100
AcDbEntity
  8
E-COTA
 62
7
100
AcDbMText
 10
62.275
 20
-39.6875
 30
0.0
 40
0.027
 71
5
  1
Lb
  7
ARIAL
  0
POINT
  5
CFB
330
CF0
100
AcDbEntity
  8
Defpoints
100
AcDbPoint
 10
62.0
 20
-39.71
 30
0.0
  0
POINT
  5
CFC
330
CF0
100
AcDbEntity
  8
Defpoints
100
AcDbPoint
 10
62.0
 20
-39.8
 30
0.0
  0
POINT
  5
CFD
330
CF0
100
AcDbEntity
  8
Defpoints
100
AcDbPoint
 10
62.55
 20
-39.8
 30
0.0
  0
ENDBLK
  5
CF2
330
CF0
100
AcDbEntity
  8
0
100
AcDbBlockEnd
  0
BLOCK
  5
D00
330
CFF
100
AcDbEntity
  8
0
100
AcDbBlockBegin
  2
*D102
 70
1
 10
0.0
 20
0.0
 30
0.0
  3
*D102
  1

  0
LINE
  5
D02
330
CFF
100
AcDbEntity
  8
0
 62
7
370
13
100
AcDbLine
 10
62.55
 20
-39.788
 30
0.0
 11
62.55
 21
-39.692
 31
0.0
  0
LINE
  5
D03
330
CFF
100
AcDbEntity
  8
0
 62
7
370
13
100
AcDbLine
 10
62.85
 20
-39.788
 30
0.0
 11
62.85
 21
-39.692
 31
0.0
  0
INSERT
  5
D04
330
CFF
100
AcDbEntity
  8
E-COTA
 62
7
100
AcDbBlockReference
  2
_OBLIQUE
 10
62.55
 20
-39.71
 30
0.0
 41
0.03
 42
0.03
  0
INSERT
  5
D06
330
CFF
100
AcDbEntity
  8
E-COTA
 62
7
100
AcDbBlockReference
  2
_OBLIQUE
 10
62.85
 20
-39.71
 30
0.0
 41
0.03
 42
0.03
  0
LINE
  5
D08
330
CFF
100
AcDbEntity
  8
0
 62
7
370
13
100
AcDbLine
 10
62.55
 20
-39.71
 30
0.0
 11
62.85
 21
-39.71
 31
0.0
  0
MTEXT
  5
D09
330
CFF
100
AcDbEntity
  8
E-COTA
 62
7
100
AcDbMText
 10
62.7
 20
-39.6875
 30
0.0
 40
0.027
 71
5
  1
0.30
  7
ARIAL
  0
POINT
  5
D0A
330
CFF
100
AcDbEntity
  8
Defpoints
100
AcDbPoint
 10
62.55
 20
-39.71
 30
0.0
  0
POINT
  5
D0B
330
CFF
100
AcDbEntity
  8
Defpoints
100
AcDbPoint
 10
62.55
 20
-39.8
 30
0.0
  0
POINT
  5
D0C
330
CFF
100
AcDbEntity
  8
Defpoints
100
AcDbPoint
 10
62.85
 20
-39.8
 30
0.0
  0
ENDBLK
  5
D01
330
CFF
100
AcDbEntity
  8
0
100
AcDbBlockEnd
  0
BLOCK
  5
D0F
330
D0E
100
AcDbEntity
  8
0
100
AcDbBlockBegin
  2
*D103
 70
1
 10
0.0
 20
0.0
 30
0.0
  3
*D103
  1

  0
LINE
  5
D11
330
D0E
100
AcDbEntity
  8
0
 62
7
370
13
100
AcDbLine
 10
62.85
 20
-39.788
 30
0.0
 11
62.85
 21
-39.692
 31
0.0
  0
LINE
  5
D12
330
D0E
100
AcDbEntity
  8
0
 62
7
370
13
100
AcDbLine
 10
63.4
 20
-39.788
 30
0.0
 11
63.4
 21
-39.692
 31
0.0
  0
INSERT
  5
D13
330
D0E
100
AcDbEntity
  8
E-COTA
 62
7
100
AcDbBlockReference
  2
_OBLIQUE
 10
62.85
 20
-39.71
 30
0.0
 41
0.03
 42
0.03
  0
INSERT
  5
D15
330
D0E
100
AcDbEntity
  8
E-COTA
 62
7
100
AcDbBlockReference
  2
_OBLIQUE
 10
63.4
 20
-39.71
 30
0.0
 41
0.03
 42
0.03
  0
LINE
  5
D17
330
D0E
100
AcDbEntity
  8
0
 62
7
370
13
100
AcDbLine
 10
62.85
 20
-39.71
 30
0.0
 11
63.4
 21
-39.71
 31
0.0
  0
MTEXT
  5
D18
330
D0E
100
AcDbEntity
  8
E-COTA
 62
7
100
AcDbMText
 10
63.125
 20
-39.6875
 30
0.0
 40
0.027
 71
5
  1
Lb
  7
ARIAL
  0
POINT
  5
D19
330
D0E
100
AcDbEntity
  8
Defpoints
100
AcDbPoint
 10
62.85
 20
-39.71
 30
0.0
  0
POINT
  5
D1A
330
D0E
100
AcDbEntity
  8
Defpoints
100
AcDbPoint
 10
62.85
 20
-39.8
 30
0.0
  0
POINT
  5
D1B
330
D0E
100
AcDbEntity
  8
Defpoints
100
AcDbPoint
 10
63.4
 20
-39.8
 30
0.0
  0
ENDBLK
  5
D10
330
D0E
100
AcDbEntity
  8
0
100
AcDbBlockEnd
  0
BLOCK
  5
D28
330
D27
100
AcDbEntity
  8
0
100
AcDbBlockBegin
  2
*Paper_Space0
 70
0
 10
0.0
 20
0.0
 30
0.0
  3
*Paper_Space0
  1

  0
VIEWPORT
  5
D2B
330
D27
100
AcDbEntity
 67
1
  8
VIEWPORTS
100
AcDbViewport
 10
420.5
 20
297.0
 30
0.0
 40
841.0
 41
594.0
 68
1
 69
1
 12
420.5
 22
297.0
 13
0.0
 23
0.0
 14
10.0
 24
10.0
 15
10.0
 25
10.0
 16
0.0
 26
0.0
 36
1.0
 17
0.0
 27
0.0
 37
0.0
 42
50.0
 43
0.0
 44
0.0
 45
594.0
 50
0.0
 51
0.0
 72
100
 90
557088
  1

281
0
 71
0
 74
0
110
0.0
120
0.0
130
0.0
111
1.0
121
0.0
131
0.0
112
0.0
122
1.0
132
0.0
 79
0
146
0.0
282
0
  0
LWPOLYLINE
  5
D2C
330
D27
100
AcDbEntity
 67
1
  8
E-HOJA
370
0
100
AcDbPolyline
 90
4
 70
1
 10
0.0
 20
0.0
 10
841.0
 20
0.0
 10
841.0
 20
594.0
 10
0.0
 20
594.0
  0
LWPOLYLINE
  5
D2D
330
D27
100
AcDbEntity
 67
1
  8
E-MARCO
370
70
100
AcDbPolyline
 90
4
 70
1
 10
25.0
 20
10.0
 10
831.0
 20
10.0
 10
831.0
 20
584.0
 10
25.0
 20
584.0
  0
VIEWPORT
  5
D2E
330
D27
100
AcDbEntity
 67
1
  8
E-VPORT
100
AcDbViewport
 10
177.0
 20
446.0
 30
0.0
 40
294.0
 41
268.0
 68
2
 69
3
 12
4.5
 22
5.1499999999999995
 13
0.0
 23
0.0
 14
10.0
 24
10.0
 15
10.0
 25
10.0
 16
0.0
 26
0.0
 36
1.0
 17
0.0
 27
0.0
 37
0.0
 42
50.0
 43
0.0
 44
0.0
 45
13.4
 50
0.0
 51
0.0
 72
100
 90
0
  1

281
0
 71
0
 74
0
110
0.0
120
0.0
130
0.0
111
1.0
121
0.0
131
0.0
112
0.0
122
1.0
132
0.0
 79
0
146
0.0
282
0
  0
TEXT
  5
D2F
330
D27
100
AcDbEntity
 67
1
  8
E-TITULO
100
AcDbText
 10
177.0
 20
306.5
 30
0.0
 40
4.0
  1
PLANTA DE LOSA ALIGERADA - NIVEL 5  (NPT +11.00)
  7
ARIAL
 41
0.9
 72
1
 11
177.0
 21
306.5
 31
0.0
100
AcDbText
 73
1
  0
LINE
  5
D30
330
D27
100
AcDbEntity
 67
1
  8
E-TITULO
370
50
100
AcDbLine
 10
102.0
 20
305.0
 30
0.0
 11
252.0
 21
305.0
 31
0.0
  0
LINE
  5
D31
330
D27
100
AcDbEntity
 67
1
  8
E-TITULO
370
18
100
AcDbLine
 10
102.0
 20
304.0
 30
0.0
 11
252.0
 21
304.0
 31
0.0
  0
TEXT
  5
D32
330
D27
100
AcDbEntity
 67
1
  8
E-TEXTO
100
AcDbText
 10
177.0
 20
302.5
 30
0.0
 40
2.5
  1
ESC. 1:50
  7
ARIAL
 41
0.9
 72
1
 11
177.0
 21
302.5
 31
0.0
100
AcDbText
 73
3
  0
VIEWPORT
  5
D33
330
D27
100
AcDbEntity
 67
1
  8
E-VPORT
100
AcDbViewport
 10
581.5
 20
549.0
 30
0.0
 40
467.9999844936458
 41
62.00000000000003
 68
2
 69
4
 12
4.429999800940764
 22
29.924999999999997
 13
0.0
 23
0.0
 14
10.0
 24
10.0
 15
10.0
 25
10.0
 16
0.0
 26
0.0
 36
1.0
 17
0.0
 27
0.0
 37
0.0
 42
50.0
 43
0.0
 44
0.0
 45
1.5500000000000007
 50
0.0
 51
0.0
 72
100
 90
0
  1

281
0
 71
0
 74
0
110
0.0
120
0.0
130
0.0
111
1.0
121
0.0
131
0.0
112
0.0
122
1.0
132
0.0
 79
0
146
0.0
282
0
  0
TEXT
  5
D34
330
D27
100
AcDbEntity
 67
1
  8
E-TITULO
100
AcDbText
 10
581.5
 20
513.5
 30
0.0
 40
4.0
  1
CORTE 4-4  LONGITUDINAL DE VIGUETA (dir. X)
  7
ARIAL
 41
0.9
 72
1
 11
581.5
 21
513.5
 31
0.0
100
AcDbText
 73
1
  0
LINE
  5
D35
330
D27
100
AcDbEntity
 67
1
  8
E-TITULO
370
50
100
AcDbLine
 10
511.5
 20
512.0
 30
0.0
 11
651.5
 21
512.0
 31
0.0
  0
LINE
  5
D36
330
D27
100
AcDbEntity
 67
1
  8
E-TITULO
370
18
100
AcDbLine
 10
511.5
 20
511.0
 30
0.0
 11
651.5
 21
511.0
 31
0.0
  0
TEXT
  5
D37
330
D27
100
AcDbEntity
 67
1
  8
E-TEXTO
100
AcDbText
 10
581.5
 20
509.5
 30
0.0
 40
2.5
  1
ESC. 1:25  (vigueta en eje de 5.615 m; cotas de bastones desde la cara de apoyo)
  7
ARIAL
 41
0.9
 72
1
 11
581.5
 21
509.5
 31
0.0
100
AcDbText
 73
3
  0
VIEWPORT
  5
D38
330
D27
100
AcDbEntity
 67
1
  8
E-VPORT
100
AcDbViewport
 10
453.00104262722806
 20
450.5
 30
0.0
 40
234.0020852544561
 41
75.0
 68
2
 69
5
 12
62.654979147455435
 22
0.0
 13
0.0
 23
0.0
 14
10.0
 24
10.0
 15
10.0
 25
10.0
 16
0.0
 26
0.0
 36
1.0
 17
0.0
 27
0.0
 37
0.0
 42
50.0
 43
0.0
 44
0.0
 45
1.5
 50
0.0
 51
0.0
 72
100
 90
0
  1

281
0
 71
0
 74
0
110
0.0
120
0.0
130
0.0
111
1.0
121
0.0
131
0.0
112
0.0
122
1.0
132
0.0
 79
0
146
0.0
282
0
  0
TEXT
  5
D39
330
D27
100
AcDbEntity
 67
1
  8
E-TITULO
100
AcDbText
 10
453.00104262722806
 20
408.5
 30
0.0
 40
4.0
  1
CORTE 2-2  VOLADO LADO N-4 Y VCH
  7
ARIAL
 41
0.9
 72
1
 11
453.00104262722806
 21
408.5
 31
0.0
100
AcDbText
 73
1
  0
LINE
  5
D3A
330
D27
100
AcDbEntity
 67
1
  8
E-TITULO
370
50
100
AcDbLine
 10
398.00104262722806
 20
407.0
 30
0.0
 11
508.00104262722806
 21
407.0
 31
0.0
  0
LINE
  5
D3B
330
D27
100
AcDbEntity
 67
1
  8
E-TITULO
370
18
100
AcDbLine
 10
398.00104262722806
 20
406.0
 30
0.0
 11
508.00104262722806
 21
406.0
 31
0.0
  0
TEXT
  5
D3C
330
D27
100
AcDbEntity
 67
1
  8
E-TEXTO
100
AcDbText
 10
453.00104262722806
 20
404.5
 30
0.0
 40
2.5
  1
ESC. 1:20
  7
ARIAL
 41
0.9
 72
1
 11
453.00104262722806
 21
404.5
 31
0.0
100
AcDbText
 73
3
  0
VIEWPORT
  5
D3D
330
D27
100
AcDbEntity
 67
1
  8
E-VPORT
100
AcDbViewport
 10
674.7520903852319
 20
450.5
 30
0.0
 40
189.5000102615516
 41
75.0
 68
2
 69
6
 12
35.37995819816605
 22
0.0
 13
0.0
 23
0.0
 14
10.0
 24
10.0
 15
10.0
 25
10.0
 16
0.0
 26
0.0
 36
1.0
 17
0.0
 27
0.0
 37
0.0
 42
50.0
 43
0.0
 44
0.0
 45
1.5
 50
0.0
 51
0.0
 72
100
 90
0
  1

281
0
 71
0
 74
0
110
0.0
120
0.0
130
0.0
111
1.0
121
0.0
131
0.0
112
0.0
122
1.0
132
0.0
 79
0
146
0.0
282
0
  0
TEXT
  5
D3E
330
D27
100
AcDbEntity
 67
1
  8
E-TITULO
100
AcDbText
 10
674.7520903852319
 20
408.5
 30
0.0
 40
4.0
  1
CORTE 1-1  ALIGERADO TÍPICO
  7
ARIAL
 41
0.9
 72
1
 11
674.7520903852319
 21
408.5
 31
0.0
100
AcDbText
 73
1
  0
LINE
  5
D3F
330
D27
100
AcDbEntity
 67
1
  8
E-TITULO
370
50
100
AcDbLine
 10
619.7520903852319
 20
407.0
 30
0.0
 11
729.7520903852319
 21
407.0
 31
0.0
  0
LINE
  5
D40
330
D27
100
AcDbEntity
 67
1
  8
E-TITULO
370
18
100
AcDbLine
 10
619.7520903852319
 20
406.0
 30
0.0
 11
729.7520903852319
 21
406.0
 31
0.0
  0
TEXT
  5
D41
330
D27
100
AcDbEntity
 67
1
  8
E-TEXTO
100
AcDbText
 10
674.7520903852319
 20
404.5
 30
0.0
 40
2.5
  1
ESC. 1:20
  7
ARIAL
 41
0.9
 72
1
 11
674.7520903852319
 21
404.5
 31
0.0
100
AcDbText
 73
3
  0
VIEWPORT
  5
D42
330
D27
100
AcDbEntity
 67
1
  8
E-VPORT
100
AcDbViewport
 10
432.9989497182384
 20
343.5
 30
0.0
 40
193.9978994364768
 41
75.0
 68
2
 69
7
 12
98.82497899436477
 22
0.0
 13
0.0
 23
0.0
 14
10.0
 24
10.0
 15
10.0
 25
10.0
 16
0.0
 26
0.0
 36
1.0
 17
0.0
 27
0.0
 37
0.0
 42
50.0
 43
0.0
 44
0.0
 45
1.5
 50
0.0
 51
0.0
 72
100
 90
0
  1

281
0
 71
0
 74
0
110
0.0
120
0.0
130
0.0
111
1.0
121
0.0
131
0.0
112
0.0
122
1.0
132
0.0
 79
0
146
0.0
282
0
  0
TEXT
  5
D43
330
D27
100
AcDbEntity
 67
1
  8
E-TITULO
100
AcDbText
 10
432.9989497182384
 20
301.5
 30
0.0
 40
4.0
  1
CORTE 3-3  BORDE N-1 Y VCH
  7
ARIAL
 41
0.9
 72
1
 11
432.9989497182384
 21
301.5
 31
0.0
100
AcDbText
 73
1
  0
LINE
  5
D44
330
D27
100
AcDbEntity
 67
1
  8
E-TITULO
370
50
100
AcDbLine
 10
377.9989497182384
 20
300.0
 30
0.0
 11
487.9989497182384
 21
300.0
 31
0.0
  0
LINE
  5
D45
330
D27
100
AcDbEntity
 67
1
  8
E-TITULO
370
18
100
AcDbLine
 10
377.9989497182384
 20
299.0
 30
0.0
 11
487.9989497182384
 21
299.0
 31
0.0
  0
TEXT
  5
D46
330
D27
100
AcDbEntity
 67
1
  8
E-TEXTO
100
AcDbText
 10
432.9989497182384
 20
297.5
 30
0.0
 40
2.5
  1
ESC. 1:20
  7
ARIAL
 41
0.9
 72
1
 11
432.9989497182384
 21
297.5
 31
0.0
100
AcDbText
 73
3
  0
VIEWPORT
  5
D47
330
D27
100
AcDbEntity
 67
1
  8
E-VPORT
100
AcDbViewport
 10
628.4978994364768
 20
348.00000000000006
 30
0.0
 40
169.00000000000006
 41
45.99999999999991
 68
2
 69
8
 12
124.33995809555054
 22
0.07000000000000028
 13
0.0
 23
0.0
 14
10.0
 24
10.0
 15
10.0
 25
10.0
 16
0.0
 26
0.0
 36
1.0
 17
0.0
 27
0.0
 37
0.0
 42
50.0
 43
0.0
 44
0.0
 45
0.4599999999999991
 50
0.0
 51
0.0
 72
100
 90
0
  1

281
0
 71
0
 74
0
110
0.0
120
0.0
130
0.0
111
1.0
121
0.0
131
0.0
112
0.0
122
1.0
132
0.0
 79
0
146
0.0
282
0
  0
TEXT
  5
D48
330
D27
100
AcDbEntity
 67
1
  8
E-TITULO
100
AcDbText
 10
628.4978994364768
 20
320.5000000000001
 30
0.0
 40
4.0
  1
DETALLE 5-5  VIGA CHATA VCH
  7
ARIAL
 41
0.9
 72
1
 11
628.4978994364768
 21
320.5000000000001
 31
0.0
100
AcDbText
 73
1
  0
LINE
  5
D49
330
D27
100
AcDbEntity
 67
1
  8
E-TITULO
370
50
100
AcDbLine
 10
573.4978994364768
 20
319.0000000000001
 30
0.0
 11
683.4978994364768
 21
319.0000000000001
 31
0.0
  0
LINE
  5
D4A
330
D27
100
AcDbEntity
 67
1
  8
E-TITULO
370
18
100
AcDbLine
 10
573.4978994364768
 20
318.0000000000001
 30
0.0
 11
683.4978994364768
 21
318.0000000000001
 31
0.0
  0
TEXT
  5
D4B
330
D27
100
AcDbEntity
 67
1
  8
E-TEXTO
100
AcDbText
 10
628.4978994364768
 20
316.5000000000001
 30
0.0
 40
2.5
  1
ESC. 1:10
  7
ARIAL
 41
0.9
 72
1
 11
628.4978994364768
 21
316.5000000000001
 31
0.0
100
AcDbText
 73
3
  0
VIEWPORT
  5
D4C
330
D27
100
AcDbEntity
 67
1
  8
E-VPORT
100
AcDbViewport
 10
486.66666666666663
 20
176.00000000000003
 30
0.0
 40
303.3333333333333
 41
57.99999999999996
 68
2
 69
9
 12
61.925
 22
-40.015
 13
0.0
 23
0.0
 14
10.0
 24
10.0
 15
10.0
 25
10.0
 16
0.0
 26
0.0
 36
1.0
 17
0.0
 27
0.0
 37
0.0
 42
50.0
 43
0.0
 44
0.0
 45
0.8699999999999993
 50
0.0
 51
0.0
 72
100
 90
0
  1

281
0
 71
0
 74
0
110
0.0
120
0.0
130
0.0
111
1.0
121
0.0
131
0.0
112
0.0
122
1.0
132
0.0
 79
0
146
0.0
282
0
  0
TEXT
  5
D4D
330
D27
100
AcDbEntity
 67
1
  8
E-TITULO
100
AcDbText
 10
486.66666666666663
 20
141.50000000000006
 30
0.0
 40
4.0
  1
DETALLE DE ALIGERADO
  7
ARIAL
 41
0.9
 72
1
 11
486.66666666666663
 21
141.50000000000006
 31
0.0
100
AcDbText
 73
1
  0
LINE
  5
D4E
330
D27
100
AcDbEntity
 67
1
  8
E-TITULO
370
50
100
AcDbLine
 10
453.66666666666663
 20
140.00000000000006
 30
0.0
 11
519.6666666666666
 21
140.00000000000006
 31
0.0
  0
LINE
  5
D4F
330
D27
100
AcDbEntity
 67
1
  8
E-TITULO
370
18
100
AcDbLine
 10
453.66666666666663
 20
139.00000000000006
 30
0.0
 11
519.6666666666666
 21
139.00000000000006
 31
0.0
  0
TEXT
  5
D50
330
D27
100
AcDbEntity
 67
1
  8
E-TEXTO
100
AcDbText
 10
486.66666666666663
 20
137.50000000000006
 30
0.0
 40
2.5
  1
ESC. 1:15  (típico del proyecto)
  7
ARIAL
 41
0.9
 72
1
 11
486.66666666666663
 21
137.50000000000006
 31
0.0
100
AcDbText
 73
3
  0
TEXT
  5
D51
330
D27
100
AcDbEntity
 67
1
  8
E-TITULO
100
AcDbText
 10
640.0
 20
194.0
 30
0.0
 40
3.0
  1
LEYENDA
  7
ARIAL
 41
0.9
 11
640.0
 21
194.0
 31
0.0
100
AcDbText
 73
1
  0
HATCH
  5
D52
330
D27
100
AcDbEntity
 67
1
  8
E-COLUMNA-ACH
 62
252
100
AcDbHatch
 10
0.0
 20
0.0
 30
0.0
210
0.0
220
0.0
230
1.0
  2
SOLID
 70
1
 71
0
 91
1
 92
3
 72
0
 73
1
 93
4
 10
640.0
 20
185.5
 10
648.0
 20
185.5
 10
648.0
 20
188.5
 10
640.0
 20
188.5
 97
0
 75
0
 76
1
 98
0
  0
LWPOLYLINE
  5
D53
330
D27
100
AcDbEntity
 67
1
  8
E-COLUMNA
100
AcDbPolyline
 90
4
 70
1
 10
640.0
 20
185.5
 10
648.0
 20
185.5
 10
648.0
 20
188.5
 10
640.0
 20
188.5
  0
TEXT
  5
D54
330
D27
100
AcDbEntity
 67
1
  8
E-TEXTO
100
AcDbText
 10
651.0
 20
187.0
 30
0.0
 40
2.0
  1
Columna bajo el nivel (achurado)
  7
ARIAL
 41
0.9
 11
651.0
 21
187.0
 31
0.0
100
AcDbText
 73
2
  0
LINE
  5
D55
330
D27
100
AcDbEntity
 67
1
  8
E-OCULTO
100
AcDbLine
 10
640.0
 20
180.20000000000002
 30
0.0
 11
642.0
 21
180.20000000000002
 31
0.0
  0
LINE
  5
D56
330
D27
100
AcDbEntity
 67
1
  8
E-OCULTO
100
AcDbLine
 10
643.2
 20
180.20000000000002
 30
0.0
 11
645.2
 21
180.20000000000002
 31
0.0
  0
LINE
  5
D57
330
D27
100
AcDbEntity
 67
1
  8
E-OCULTO
100
AcDbLine
 10
646.4
 20
180.20000000000002
 30
0.0
 11
648.0
 21
180.20000000000002
 31
0.0
  0
LINE
  5
D58
330
D27
100
AcDbEntity
 67
1
  8
E-OCULTO
100
AcDbLine
 10
640.0
 20
182.6
 30
0.0
 11
642.0
 21
182.6
 31
0.0
  0
LINE
  5
D59
330
D27
100
AcDbEntity
 67
1
  8
E-OCULTO
100
AcDbLine
 10
643.2
 20
182.6
 30
0.0
 11
645.2
 21
182.6
 31
0.0
  0
LINE
  5
D5A
330
D27
100
AcDbEntity
 67
1
  8
E-OCULTO
100
AcDbLine
 10
646.4
 20
182.6
 30
0.0
 11
648.0
 21
182.6
 31
0.0
  0
TEXT
  5
D5B
330
D27
100
AcDbEntity
 67
1
  8
E-TEXTO
100
AcDbText
 10
651.0
 20
181.4
 30
0.0
 40
2.0
  1
Viga bajo la losa / viga chata VCH (línea oculta)
  7
ARIAL
 41
0.9
 11
651.0
 21
181.4
 31
0.0
100
AcDbText
 73
2
  0
LINE
  5
D5C
330
D27
100
AcDbEntity
 67
1
  8
E-PROYECCION
100
AcDbLine
 10
640.0
 20
174.8
 30
0.0
 11
648.0
 21
174.8
 31
0.0
  0
LINE
  5
D5D
330
D27
100
AcDbEntity
 67
1
  8
E-PROYECCION
100
AcDbLine
 10
640.0
 20
176.8
 30
0.0
 11
648.0
 21
176.8
 31
0.0
  0
TEXT
  5
D5E
330
D27
100
AcDbEntity
 67
1
  8
E-TEXTO
100
AcDbText
 10
651.0
 20
175.8
 30
0.0
 40
2.0
  1
Vigueta 0.10 (nervio) - casetones entre viguetas
  7
ARIAL
 41
0.9
 11
651.0
 21
175.8
 31
0.0
100
AcDbText
 73
2
  0
LINE
  5
D5F
330
D27
100
AcDbEntity
 67
1
  8
E-TEXTO
100
AcDbLine
 10
640.0
 20
170.2
 30
0.0
 11
648.0
 21
170.2
 31
0.0
  0
HATCH
  5
D60
330
D27
100
AcDbEntity
 67
1
  8
E-TEXTO
 62
7
100
AcDbHatch
 10
0.0
 20
0.0
 30
0.0
210
0.0
220
0.0
230
1.0
  2
SOLID
 70
1
 71
0
 91
1
 92
3
 72
0
 73
1
 93
3
 10
640.0
 20
170.2
 10
642.2
 20
170.89999999999998
 10
642.2
 20
169.5
 97
0
 75
0
 76
1
 98
0
  0
HATCH
  5
D61
330
D27
100
AcDbEntity
 67
1
  8
E-TEXTO
 62
7
100
AcDbHatch
 10
0.0
 20
0.0
 30
0.0
210
0.0
220
0.0
230
1.0
  2
SOLID
 70
1
 71
0
 91
1
 92
3
 72
0
 73
1
 93
3
 10
648.0
 20
170.2
 10
645.8
 20
170.89999999999998
 10
645.8
 20
169.5
 97
0
 75
0
 76
1
 98
0
  0
TEXT
  5
D62
330
D27
100
AcDbEntity
 67
1
  8
E-TEXTO
100
AcDbText
 10
651.0
 20
170.2
 30
0.0
 40
2.0
  1
Dirección de viguetas, aligerado h = 0.20
  7
ARIAL
 41
0.9
 11
651.0
 21
170.2
 31
0.0
100
AcDbText
 73
2
  0
LINE
  5
D63
330
D27
100
AcDbEntity
 67
1
  8
E-ACERO
100
AcDbLine
 10
640.0
 20
164.6
 30
0.0
 11
648.0
 21
164.6
 31
0.0
  0
LINE
  5
D64
330
D27
100
AcDbEntity
 67
1
  8
E-ACERO
100
AcDbLine
 10
648.0
 20
163.29999999999998
 30
0.0
 11
648.0
 21
165.9
 31
0.0
  0
TEXT
  5
D65
330
D27
100
AcDbEntity
 67
1
  8
E-TEXTO
100
AcDbText
 10
651.0
 20
164.6
 30
0.0
 40
2.0
  1
Acero de refuerzo (rep.); trazo corto = gancho 90°
  7
ARIAL
 41
0.9
 11
651.0
 21
164.6
 31
0.0
100
AcDbText
 73
2
  0
LINE
  5
D66
330
D27
100
AcDbEntity
 67
1
  8
E-CORTE
100
AcDbLine
 10
640.0
 20
159.0
 30
0.0
 11
648.0
 21
159.0
 31
0.0
  0
TEXT
  5
D67
330
D27
100
AcDbEntity
 67
1
  8
E-TEXTO
100
AcDbText
 10
651.0
 20
159.0
 30
0.0
 40
2.0
  1
Borde de losa
  7
ARIAL
 41
0.9
 11
651.0
 21
159.0
 31
0.0
100
AcDbText
 73
2
  0
LINE
  5
D68
330
D27
100
AcDbEntity
 67
1
  8
E-TABLA
370
50
100
AcDbLine
 10
30.0
 20
290.0
 30
0.0
 11
245.0
 21
290.0
 31
0.0
  0
LINE
  5
D69
330
D27
100
AcDbEntity
 67
1
  8
E-TABLA
370
50
100
AcDbLine
 10
30.0
 20
285.4
 30
0.0
 11
245.0
 21
285.4
 31
0.0
  0
LINE
  5
D6A
330
D27
100
AcDbEntity
 67
1
  8
E-TABLA
370
18
100
AcDbLine
 10
30.0
 20
280.8
 30
0.0
 11
245.0
 21
280.8
 31
0.0
  0
LINE
  5
D6B
330
D27
100
AcDbEntity
 67
1
  8
E-TABLA
370
18
100
AcDbLine
 10
30.0
 20
276.2
 30
0.0
 11
245.0
 21
276.2
 31
0.0
  0
LINE
  5
D6C
330
D27
100
AcDbEntity
 67
1
  8
E-TABLA
370
18
100
AcDbLine
 10
30.0
 20
271.6
 30
0.0
 11
245.0
 21
271.6
 31
0.0
  0
LINE
  5
D6D
330
D27
100
AcDbEntity
 67
1
  8
E-TABLA
370
18
100
AcDbLine
 10
30.0
 20
267.0
 30
0.0
 11
245.0
 21
267.0
 31
0.0
  0
LINE
  5
D6E
330
D27
100
AcDbEntity
 67
1
  8
E-TABLA
370
18
100
AcDbLine
 10
30.0
 20
262.4
 30
0.0
 11
245.0
 21
262.4
 31
0.0
  0
LINE
  5
D6F
330
D27
100
AcDbEntity
 67
1
  8
E-TABLA
370
18
100
AcDbLine
 10
30.0
 20
257.8
 30
0.0
 11
245.0
 21
257.8
 31
0.0
  0
LINE
  5
D70
330
D27
100
AcDbEntity
 67
1
  8
E-TABLA
370
18
100
AcDbLine
 10
30.0
 20
253.2
 30
0.0
 11
245.0
 21
253.2
 31
0.0
  0
LINE
  5
D71
330
D27
100
AcDbEntity
 67
1
  8
E-TABLA
370
18
100
AcDbLine
 10
30.0
 20
248.6
 30
0.0
 11
245.0
 21
248.6
 31
0.0
  0
LINE
  5
D72
330
D27
100
AcDbEntity
 67
1
  8
E-TABLA
370
18
100
AcDbLine
 10
30.0
 20
244.0
 30
0.0
 11
245.0
 21
244.0
 31
0.0
  0
LINE
  5
D73
330
D27
100
AcDbEntity
 67
1
  8
E-TABLA
370
18
100
AcDbLine
 10
30.0
 20
239.4
 30
0.0
 11
245.0
 21
239.4
 31
0.0
  0
LINE
  5
D74
330
D27
100
AcDbEntity
 67
1
  8
E-TABLA
370
18
100
AcDbLine
 10
30.0
 20
234.8
 30
0.0
 11
245.0
 21
234.8
 31
0.0
  0
LINE
  5
D75
330
D27
100
AcDbEntity
 67
1
  8
E-TABLA
370
18
100
AcDbLine
 10
30.0
 20
230.2
 30
0.0
 11
245.0
 21
230.2
 31
0.0
  0
LINE
  5
D76
330
D27
100
AcDbEntity
 67
1
  8
E-TABLA
370
18
100
AcDbLine
 10
30.0
 20
225.60000000000002
 30
0.0
 11
245.0
 21
225.60000000000002
 31
0.0
  0
LINE
  5
D77
330
D27
100
AcDbEntity
 67
1
  8
E-TABLA
370
18
100
AcDbLine
 10
30.0
 20
221.0
 30
0.0
 11
245.0
 21
221.0
 31
0.0
  0
LINE
  5
D78
330
D27
100
AcDbEntity
 67
1
  8
E-TABLA
370
18
100
AcDbLine
 10
30.0
 20
216.4
 30
0.0
 11
245.0
 21
216.4
 31
0.0
  0
LINE
  5
D79
330
D27
100
AcDbEntity
 67
1
  8
E-TABLA
370
18
100
AcDbLine
 10
30.0
 20
211.8
 30
0.0
 11
245.0
 21
211.8
 31
0.0
  0
LINE
  5
D7A
330
D27
100
AcDbEntity
 67
1
  8
E-TABLA
370
18
100
AcDbLine
 10
30.0
 20
207.2
 30
0.0
 11
245.0
 21
207.2
 31
0.0
  0
LINE
  5
D7B
330
D27
100
AcDbEntity
 67
1
  8
E-TABLA
370
18
100
AcDbLine
 10
30.0
 20
202.60000000000002
 30
0.0
 11
245.0
 21
202.60000000000002
 31
0.0
  0
LINE
  5
D7C
330
D27
100
AcDbEntity
 67
1
  8
E-TABLA
370
50
100
AcDbLine
 10
30.0
 20
198.0
 30
0.0
 11
245.0
 21
198.0
 31
0.0
  0
LINE
  5
D7D
330
D27
100
AcDbEntity
 67
1
  8
E-TABLA
370
50
100
AcDbLine
 10
30.0
 20
290.0
 30
0.0
 11
30.0
 21
198.0
 31
0.0
  0
LINE
  5
D7E
330
D27
100
AcDbEntity
 67
1
  8
E-TABLA
370
18
100
AcDbLine
 10
43.0
 20
290.0
 30
0.0
 11
43.0
 21
198.0
 31
0.0
  0
LINE
  5
D7F
330
D27
100
AcDbEntity
 67
1
  8
E-TABLA
370
18
100
AcDbLine
 10
153.0
 20
290.0
 30
0.0
 11
153.0
 21
198.0
 31
0.0
  0
LINE
  5
D80
330
D27
100
AcDbEntity
 67
1
  8
E-TABLA
370
18
100
AcDbLine
 10
165.0
 20
290.0
 30
0.0
 11
165.0
 21
198.0
 31
0.0
  0
LINE
  5
D81
330
D27
100
AcDbEntity
 67
1
  8
E-TABLA
370
18
100
AcDbLine
 10
178.0
 20
290.0
 30
0.0
 11
178.0
 21
198.0
 31
0.0
  0
LINE
  5
D82
330
D27
100
AcDbEntity
 67
1
  8
E-TABLA
370
18
100
AcDbLine
 10
203.0
 20
290.0
 30
0.0
 11
203.0
 21
198.0
 31
0.0
  0
LINE
  5
D83
330
D27
100
AcDbEntity
 67
1
  8
E-TABLA
370
18
100
AcDbLine
 10
225.0
 20
290.0
 30
0.0
 11
225.0
 21
198.0
 31
0.0
  0
LINE
  5
D84
330
D27
100
AcDbEntity
 67
1
  8
E-TABLA
370
50
100
AcDbLine
 10
245.0
 20
290.0
 30
0.0
 11
245.0
 21
198.0
 31
0.0
  0
TEXT
  5
D85
330
D27
100
AcDbEntity
 67
1
  8
E-TABLA
100
AcDbText
 10
36.5
 20
287.7
 30
0.0
 40
1.85
  1
MARCA
  7
ARIAL
 41
0.85
 72
1
 11
36.5
 21
287.7
 31
0.0
100
AcDbText
 73
2
  0
TEXT
  5
D86
330
D27
100
AcDbEntity
 67
1
  8
E-TABLA
100
AcDbText
 10
98.0
 20
287.7
 30
0.0
 40
1.85
  1
DESCRIPCIÓN
  7
ARIAL
 41
0.85
 72
1
 11
98.0
 21
287.7
 31
0.0
100
AcDbText
 73
2
  0
TEXT
  5
D87
330
D27
100
AcDbEntity
 67
1
  8
E-TABLA
100
AcDbText
 10
159.0
 20
287.7
 30
0.0
 40
1.85
  1
Ø
  7
ARIAL
 41
0.85
 72
1
 11
159.0
 21
287.7
 31
0.0
100
AcDbText
 73
2
  0
TEXT
  5
D88
330
D27
100
AcDbEntity
 67
1
  8
E-TABLA
100
AcDbText
 10
171.5
 20
287.7
 30
0.0
 40
1.85
  1
CANT.
  7
ARIAL
 41
0.85
 72
1
 11
171.5
 21
287.7
 31
0.0
100
AcDbText
 73
2
  0
TEXT
  5
D89
330
D27
100
AcDbEntity
 67
1
  8
E-TABLA
100
AcDbText
 10
190.5
 20
287.7
 30
0.0
 40
1.85
  1
L UNIT. (m)
  7
ARIAL
 41
0.85
 72
1
 11
190.5
 21
287.7
 31
0.0
100
AcDbText
 73
2
  0
TEXT
  5
D8A
330
D27
100
AcDbEntity
 67
1
  8
E-TABLA
100
AcDbText
 10
214.0
 20
287.7
 30
0.0
 40
1.85
  1
L TOTAL (m)
  7
ARIAL
 41
0.85
 72
1
 11
214.0
 21
287.7
 31
0.0
100
AcDbText
 73
2
  0
TEXT
  5
D8B
330
D27
100
AcDbEntity
 67
1
  8
E-TABLA
100
AcDbText
 10
235.0
 20
287.7
 30
0.0
 40
1.85
  1
PESO (kg)
  7
ARIAL
 41
0.85
 72
1
 11
235.0
 21
287.7
 31
0.0
100
AcDbText
 73
2
  0
TEXT
  5
D8C
330
D27
100
AcDbEntity
 67
1
  8
E-TABLA
100
AcDbText
 10
36.5
 20
283.1
 30
0.0
 40
1.85
  1
V1
  7
ARIAL
 41
0.85
 72
1
 11
36.5
 21
283.1
 31
0.0
100
AcDbText
 73
2
  0
TEXT
  5
D8D
330
D27
100
AcDbEntity
 67
1
  8
E-TABLA
100
AcDbText
 10
44.5
 20
283.1
 30
0.0
 40
1.85
  1
Vigueta dir. X: inferior corrido (trasl. 0.60 sobre viga interior)
  7
ARIAL
 41
0.85
 11
44.5
 21
283.1
 31
0.0
100
AcDbText
 73
2
  0
TEXT
  5
D8E
330
D27
100
AcDbEntity
 67
1
  8
E-TABLA
100
AcDbText
 10
159.0
 20
283.1
 30
0.0
 40
1.85
  1
Ø1/2"
  7
ARIAL
 41
0.85
 72
1
 11
159.0
 21
283.1
 31
0.0
100
AcDbText
 73
2
  0
TEXT
  5
D8F
330
D27
100
AcDbEntity
 67
1
  8
E-TABLA
100
AcDbText
 10
171.5
 20
283.1
 30
0.0
 40
1.85
  1
12
  7
ARIAL
 41
0.85
 72
1
 11
171.5
 21
283.1
 31
0.0
100
AcDbText
 73
2
  0
TEXT
  5
D90
330
D27
100
AcDbEntity
 67
1
  8
E-TABLA
100
AcDbText
 10
190.5
 20
283.1
 30
0.0
 40
1.85
  1
4.03 - 7.23
  7
ARIAL
 41
0.85
 72
1
 11
190.5
 21
283.1
 31
0.0
100
AcDbText
 73
2
  0
TEXT
  5
D91
330
D27
100
AcDbEntity
 67
1
  8
E-TABLA
100
AcDbText
 10
214.0
 20
283.1
 30
0.0
 40
1.85
  1
67.51
  7
ARIAL
 41
0.85
 72
1
 11
214.0
 21
283.1
 31
0.0
100
AcDbText
 73
2
  0
TEXT
  5
D92
330
D27
100
AcDbEntity
 67
1
  8
E-TABLA
100
AcDbText
 10
235.0
 20
283.1
 30
0.0
 40
1.85
  1
67.1
  7
ARIAL
 41
0.85
 72
1
 11
235.0
 21
283.1
 31
0.0
100
AcDbText
 73
2
  0
TEXT
  5
D93
330
D27
100
AcDbEntity
 67
1
  8
E-TABLA
100
AcDbText
 10
36.5
 20
278.5
 30
0.0
 40
1.85
  1
B1
  7
ARIAL
 41
0.85
 72
1
 11
36.5
 21
278.5
 31
0.0
100
AcDbText
 73
2
  0
TEXT
  5
D94
330
D27
100
AcDbEntity
 67
1
  8
E-TABLA
100
AcDbText
 10
44.5
 20
278.5
 30
0.0
 40
1.85
  1
Vigueta dir. X: bastón superior sobre apoyos interiores A-4 / A-2
  7
ARIAL
 41
0.85
 11
44.5
 21
278.5
 31
0.0
100
AcDbText
 73
2
  0
TEXT
  5
D95
330
D27
100
AcDbEntity
 67
1
  8
E-TABLA
100
AcDbText
 10
159.0
 20
278.5
 30
0.0
 40
1.85
  1
Ø1/2"
  7
ARIAL
 41
0.85
 72
1
 11
159.0
 21
278.5
 31
0.0
100
AcDbText
 73
2
  0
TEXT
  5
D96
330
D27
100
AcDbEntity
 67
1
  8
E-TABLA
100
AcDbText
 10
171.5
 20
278.5
 30
0.0
 40
1.85
  1
12
  7
ARIAL
 41
0.85
 72
1
 11
171.5
 21
278.5
 31
0.0
100
AcDbText
 73
2
  0
TEXT
  5
D97
330
D27
100
AcDbEntity
 67
1
  8
E-TABLA
100
AcDbText
 10
190.5
 20
278.5
 30
0.0
 40
1.85
  1
2.23 - 2.37
  7
ARIAL
 41
0.85
 72
1
 11
190.5
 21
278.5
 31
0.0
100
AcDbText
 73
2
  0
TEXT
  5
D98
330
D27
100
AcDbEntity
 67
1
  8
E-TABLA
100
AcDbText
 10
214.0
 20
278.5
 30
0.0
 40
1.85
  1
27.60
  7
ARIAL
 41
0.85
 72
1
 11
214.0
 21
278.5
 31
0.0
100
AcDbText
 73
2
  0
TEXT
  5
D99
330
D27
100
AcDbEntity
 67
1
  8
E-TABLA
100
AcDbText
 10
235.0
 20
278.5
 30
0.0
 40
1.85
  1
27.4
  7
ARIAL
 41
0.85
 72
1
 11
235.0
 21
278.5
 31
0.0
100
AcDbText
 73
2
  0
TEXT
  5
D9A
330
D27
100
AcDbEntity
 67
1
  8
E-TABLA
100
AcDbText
 10
36.5
 20
273.9
 30
0.0
 40
1.85
  1
B2
  7
ARIAL
 41
0.85
 72
1
 11
36.5
 21
273.9
 31
0.0
100
AcDbText
 73
2
  0
TEXT
  5
D9B
330
D27
100
AcDbEntity
 67
1
  8
E-TABLA
100
AcDbText
 10
44.5
 20
273.9
 30
0.0
 40
1.85
  1
Vigueta dir. X: bastón superior apoyo extremo A-3 (gancho)
  7
ARIAL
 41
0.85
 11
44.5
 21
273.9
 31
0.0
100
AcDbText
 73
2
  0
TEXT
  5
D9C
330
D27
100
AcDbEntity
 67
1
  8
E-TABLA
100
AcDbText
 10
159.0
 20
273.9
 30
0.0
 40
1.85
  1
Ø3/8"
  7
ARIAL
 41
0.85
 72
1
 11
159.0
 21
273.9
 31
0.0
100
AcDbText
 73
2
  0
TEXT
  5
D9D
330
D27
100
AcDbEntity
 67
1
  8
E-TABLA
100
AcDbText
 10
171.5
 20
273.9
 30
0.0
 40
1.85
  1
6
  7
ARIAL
 41
0.85
 72
1
 11
171.5
 21
273.9
 31
0.0
100
AcDbText
 73
2
  0
TEXT
  5
D9E
330
D27
100
AcDbEntity
 67
1
  8
E-TABLA
100
AcDbText
 10
190.5
 20
273.9
 30
0.0
 40
1.85
  1
1.02
  7
ARIAL
 41
0.85
 72
1
 11
190.5
 21
273.9
 31
0.0
100
AcDbText
 73
2
  0
TEXT
  5
D9F
330
D27
100
AcDbEntity
 67
1
  8
E-TABLA
100
AcDbText
 10
214.0
 20
273.9
 30
0.0
 40
1.85
  1
6.12
  7
ARIAL
 41
0.85
 72
1
 11
214.0
 21
273.9
 31
0.0
100
AcDbText
 73
2
  0
TEXT
  5
DA0
330
D27
100
AcDbEntity
 67
1
  8
E-TABLA
100
AcDbText
 10
235.0
 20
273.9
 30
0.0
 40
1.85
  1
3.4
  7
ARIAL
 41
0.85
 72
1
 11
235.0
 21
273.9
 31
0.0
100
AcDbText
 73
2
  0
TEXT
  5
DA1
330
D27
100
AcDbEntity
 67
1
  8
E-TABLA
100
AcDbText
 10
36.5
 20
269.3
 30
0.0
 40
1.85
  1
B3
  7
ARIAL
 41
0.85
 72
1
 11
36.5
 21
269.3
 31
0.0
100
AcDbText
 73
2
  0
TEXT
  5
DA2
330
D27
100
AcDbEntity
 67
1
  8
E-TABLA
100
AcDbText
 10
44.5
 20
269.3
 30
0.0
 40
1.85
  1
Vigueta dir. X: superior del volado eje A-1 (gancho en borde)
  7
ARIAL
 41
0.85
 11
44.5
 21
269.3
 31
0.0
100
AcDbText
 73
2
  0
TEXT
  5
DA3
330
D27
100
AcDbEntity
 67
1
  8
E-TABLA
100
AcDbText
 10
159.0
 20
269.3
 30
0.0
 40
1.85
  1
Ø1/2"
  7
ARIAL
 41
0.85
 72
1
 11
159.0
 21
269.3
 31
0.0
100
AcDbText
 73
2
  0
TEXT
  5
DA4
330
D27
100
AcDbEntity
 67
1
  8
E-TABLA
100
AcDbText
 10
171.5
 20
269.3
 30
0.0
 40
1.85
  1
6
  7
ARIAL
 41
0.85
 72
1
 11
171.5
 21
269.3
 31
0.0
100
AcDbText
 73
2
  0
TEXT
  5
DA5
330
D27
100
AcDbEntity
 67
1
  8
E-TABLA
100
AcDbText
 10
190.5
 20
269.3
 30
0.0
 40
1.85
  1
1.63 - 1.84
  7
ARIAL
 41
0.85
 72
1
 11
190.5
 21
269.3
 31
0.0
100
AcDbText
 73
2
  0
TEXT
  5
DA6
330
D27
100
AcDbEntity
 67
1
  8
E-TABLA
100
AcDbText
 10
214.0
 20
269.3
 30
0.0
 40
1.85
  1
10.39
  7
ARIAL
 41
0.85
 72
1
 11
214.0
 21
269.3
 31
0.0
100
AcDbText
 73
2
  0
TEXT
  5
DA7
330
D27
100
AcDbEntity
 67
1
  8
E-TABLA
100
AcDbText
 10
235.0
 20
269.3
 30
0.0
 40
1.85
  1
10.3
  7
ARIAL
 41
0.85
 72
1
 11
235.0
 21
269.3
 31
0.0
100
AcDbText
 73
2
  0
TEXT
  5
DA8
330
D27
100
AcDbEntity
 67
1
  8
E-TABLA
100
AcDbText
 10
36.5
 20
264.7
 30
0.0
 40
1.85
  1
L1
  7
ARIAL
 41
0.85
 72
1
 11
36.5
 21
264.7
 31
0.0
100
AcDbText
 73
2
  0
TEXT
  5
DA9
330
D27
100
AcDbEntity
 67
1
  8
E-TABLA
100
AcDbText
 10
44.5
 20
264.7
 30
0.0
 40
1.85
  1
Vigueta dir. Y volado N-4: superior, borde a VCH (ganchos)
  7
ARIAL
 41
0.85
 11
44.5
 21
264.7
 31
0.0
100
AcDbText
 73
2
  0
TEXT
  5
DAA
330
D27
100
AcDbEntity
 67
1
  8
E-TABLA
100
AcDbText
 10
159.0
 20
264.7
 30
0.0
 40
1.85
  1
Ø1/2"
  7
ARIAL
 41
0.85
 72
1
 11
159.0
 21
264.7
 31
0.0
100
AcDbText
 73
2
  0
TEXT
  5
DAB
330
D27
100
AcDbEntity
 67
1
  8
E-TABLA
100
AcDbText
 10
171.5
 20
264.7
 30
0.0
 40
1.85
  1
14
  7
ARIAL
 41
0.85
 72
1
 11
171.5
 21
264.7
 31
0.0
100
AcDbText
 73
2
  0
TEXT
  5
DAC
330
D27
100
AcDbEntity
 67
1
  8
E-TABLA
100
AcDbText
 10
190.5
 20
264.7
 30
0.0
 40
1.85
  1
3.73
  7
ARIAL
 41
0.85
 72
1
 11
190.5
 21
264.7
 31
0.0
100
AcDbText
 73
2
  0
TEXT
  5
DAD
330
D27
100
AcDbEntity
 67
1
  8
E-TABLA
100
AcDbText
 10
214.0
 20
264.7
 30
0.0
 40
1.85
  1
52.23
  7
ARIAL
 41
0.85
 72
1
 11
214.0
 21
264.7
 31
0.0
100
AcDbText
 73
2
  0
TEXT
  5
DAE
330
D27
100
AcDbEntity
 67
1
  8
E-TABLA
100
AcDbText
 10
235.0
 20
264.7
 30
0.0
 40
1.85
  1
51.9
  7
ARIAL
 41
0.85
 72
1
 11
235.0
 21
264.7
 31
0.0
100
AcDbText
 73
2
  0
TEXT
  5
DAF
330
D27
100
AcDbEntity
 67
1
  8
E-TABLA
100
AcDbText
 10
36.5
 20
260.1
 30
0.0
 40
1.85
  1
L2
  7
ARIAL
 41
0.85
 72
1
 11
36.5
 21
260.1
 31
0.0
100
AcDbText
 73
2
  0
TEXT
  5
DB0
330
D27
100
AcDbEntity
 67
1
  8
E-TABLA
100
AcDbText
 10
44.5
 20
260.1
 30
0.0
 40
1.85
  1
Vigueta dir. Y lado escalera: superior, borde a VCH
  7
ARIAL
 41
0.85
 11
44.5
 21
260.1
 31
0.0
100
AcDbText
 73
2
  0
TEXT
  5
DB1
330
D27
100
AcDbEntity
 67
1
  8
E-TABLA
100
AcDbText
 10
159.0
 20
260.1
 30
0.0
 40
1.85
  1
Ø3/8"
  7
ARIAL
 41
0.85
 72
1
 11
159.0
 21
260.1
 31
0.0
100
AcDbText
 73
2
  0
TEXT
  5
DB2
330
D27
100
AcDbEntity
 67
1
  8
E-TABLA
100
AcDbText
 10
171.5
 20
260.1
 30
0.0
 40
1.85
  1
8
  7
ARIAL
 41
0.85
 72
1
 11
171.5
 21
260.1
 31
0.0
100
AcDbText
 73
2
  0
TEXT
  5
DB3
330
D27
100
AcDbEntity
 67
1
  8
E-TABLA
100
AcDbText
 10
190.5
 20
260.1
 30
0.0
 40
1.85
  1
2.08
  7
ARIAL
 41
0.85
 72
1
 11
190.5
 21
260.1
 31
0.0
100
AcDbText
 73
2
  0
TEXT
  5
DB4
330
D27
100
AcDbEntity
 67
1
  8
E-TABLA
100
AcDbText
 10
214.0
 20
260.1
 30
0.0
 40
1.85
  1
16.65
  7
ARIAL
 41
0.85
 72
1
 11
214.0
 21
260.1
 31
0.0
100
AcDbText
 73
2
  0
TEXT
  5
DB5
330
D27
100
AcDbEntity
 67
1
  8
E-TABLA
100
AcDbText
 10
235.0
 20
260.1
 30
0.0
 40
1.85
  1
9.3
  7
ARIAL
 41
0.85
 72
1
 11
235.0
 21
260.1
 31
0.0
100
AcDbText
 73
2
  0
TEXT
  5
DB6
330
D27
100
AcDbEntity
 67
1
  8
E-TABLA
100
AcDbText
 10
36.5
 20
255.5
 30
0.0
 40
1.85
  1
L3
  7
ARIAL
 41
0.85
 72
1
 11
36.5
 21
255.5
 31
0.0
100
AcDbText
 73
2
  0
TEXT
  5
DB7
330
D27
100
AcDbEntity
 67
1
  8
E-TABLA
100
AcDbText
 10
44.5
 20
255.5
 30
0.0
 40
1.85
  1
Vigueta dir. Y borde N-1: superior, viga N-1 a VCH (ganchos)
  7
ARIAL
 41
0.85
 11
44.5
 21
255.5
 31
0.0
100
AcDbText
 73
2
  0
TEXT
  5
DB8
330
D27
100
AcDbEntity
 67
1
  8
E-TABLA
100
AcDbText
 10
159.0
 20
255.5
 30
0.0
 40
1.85
  1
Ø3/8"
  7
ARIAL
 41
0.85
 72
1
 11
159.0
 21
255.5
 31
0.0
100
AcDbText
 73
2
  0
TEXT
  5
DB9
330
D27
100
AcDbEntity
 67
1
  8
E-TABLA
100
AcDbText
 10
171.5
 20
255.5
 30
0.0
 40
1.85
  1
23
  7
ARIAL
 41
0.85
 72
1
 11
171.5
 21
255.5
 31
0.0
100
AcDbText
 73
2
  0
TEXT
  5
DBA
330
D27
100
AcDbEntity
 67
1
  8
E-TABLA
100
AcDbText
 10
190.5
 20
255.5
 30
0.0
 40
1.85
  1
2.02 - 2.23
  7
ARIAL
 41
0.85
 72
1
 11
190.5
 21
255.5
 31
0.0
100
AcDbText
 73
2
  0
TEXT
  5
DBB
330
D27
100
AcDbEntity
 67
1
  8
E-TABLA
100
AcDbText
 10
214.0
 20
255.5
 30
0.0
 40
1.85
  1
51.11
  7
ARIAL
 41
0.85
 72
1
 11
214.0
 21
255.5
 31
0.0
100
AcDbText
 73
2
  0
TEXT
  5
DBC
330
D27
100
AcDbEntity
 67
1
  8
E-TABLA
100
AcDbText
 10
235.0
 20
255.5
 30
0.0
 40
1.85
  1
28.6
  7
ARIAL
 41
0.85
 72
1
 11
235.0
 21
255.5
 31
0.0
100
AcDbText
 73
2
  0
TEXT
  5
DBD
330
D27
100
AcDbEntity
 67
1
  8
E-TABLA
100
AcDbText
 10
36.5
 20
250.9
 30
0.0
 40
1.85
  1
L4
  7
ARIAL
 41
0.85
 72
1
 11
36.5
 21
250.9
 31
0.0
100
AcDbText
 73
2
  0
TEXT
  5
DBE
330
D27
100
AcDbEntity
 67
1
  8
E-TABLA
100
AcDbText
 10
44.5
 20
250.9
 30
0.0
 40
1.85
  1
Vigueta dir. Y (lado N-4 / N-3): inferior constructivo
  7
ARIAL
 41
0.85
 11
44.5
 21
250.9
 31
0.0
100
AcDbText
 73
2
  0
TEXT
  5
DBF
330
D27
100
AcDbEntity
 67
1
  8
E-TABLA
100
AcDbText
 10
159.0
 20
250.9
 30
0.0
 40
1.85
  1
Ø3/8"
  7
ARIAL
 41
0.85
 72
1
 11
159.0
 21
250.9
 31
0.0
100
AcDbText
 73
2
  0
TEXT
  5
DC0
330
D27
100
AcDbEntity
 67
1
  8
E-TABLA
100
AcDbText
 10
171.5
 20
250.9
 30
0.0
 40
1.85
  1
22
  7
ARIAL
 41
0.85
 72
1
 11
171.5
 21
250.9
 31
0.0
100
AcDbText
 73
2
  0
TEXT
  5
DC1
330
D27
100
AcDbEntity
 67
1
  8
E-TABLA
100
AcDbText
 10
190.5
 20
250.9
 30
0.0
 40
1.85
  1
1.87 - 3.54
  7
ARIAL
 41
0.85
 72
1
 11
190.5
 21
250.9
 31
0.0
100
AcDbText
 73
2
  0
TEXT
  5
DC2
330
D27
100
AcDbEntity
 67
1
  8
E-TABLA
100
AcDbText
 10
214.0
 20
250.9
 30
0.0
 40
1.85
  1
64.45
  7
ARIAL
 41
0.85
 72
1
 11
214.0
 21
250.9
 31
0.0
100
AcDbText
 73
2
  0
TEXT
  5
DC3
330
D27
100
AcDbEntity
 67
1
  8
E-TABLA
100
AcDbText
 10
235.0
 20
250.9
 30
0.0
 40
1.85
  1
36.1
  7
ARIAL
 41
0.85
 72
1
 11
235.0
 21
250.9
 31
0.0
100
AcDbText
 73
2
  0
TEXT
  5
DC4
330
D27
100
AcDbEntity
 67
1
  8
E-TABLA
100
AcDbText
 10
36.5
 20
246.3
 30
0.0
 40
1.85
  1
L5
  7
ARIAL
 41
0.85
 72
1
 11
36.5
 21
246.3
 31
0.0
100
AcDbText
 73
2
  0
TEXT
  5
DC5
330
D27
100
AcDbEntity
 67
1
  8
E-TABLA
100
AcDbText
 10
44.5
 20
246.3
 30
0.0
 40
1.85
  1
Vigueta dir. Y (lado N-1): inferior constructivo
  7
ARIAL
 41
0.85
 11
44.5
 21
246.3
 31
0.0
100
AcDbText
 73
2
  0
TEXT
  5
DC6
330
D27
100
AcDbEntity
 67
1
  8
E-TABLA
100
AcDbText
 10
159.0
 20
246.3
 30
0.0
 40
1.85
  1
Ø3/8"
  7
ARIAL
 41
0.85
 72
1
 11
159.0
 21
246.3
 31
0.0
100
AcDbText
 73
2
  0
TEXT
  5
DC7
330
D27
100
AcDbEntity
 67
1
  8
E-TABLA
100
AcDbText
 10
171.5
 20
246.3
 30
0.0
 40
1.85
  1
23
  7
ARIAL
 41
0.85
 72
1
 11
171.5
 21
246.3
 31
0.0
100
AcDbText
 73
2
  0
TEXT
  5
DC8
330
D27
100
AcDbEntity
 67
1
  8
E-TABLA
100
AcDbText
 10
190.5
 20
246.3
 30
0.0
 40
1.85
  1
2.02
  7
ARIAL
 41
0.85
 72
1
 11
190.5
 21
246.3
 31
0.0
100
AcDbText
 73
2
  0
TEXT
  5
DC9
330
D27
100
AcDbEntity
 67
1
  8
E-TABLA
100
AcDbText
 10
214.0
 20
246.3
 30
0.0
 40
1.85
  1
46.46
  7
ARIAL
 41
0.85
 72
1
 11
214.0
 21
246.3
 31
0.0
100
AcDbText
 73
2
  0
TEXT
  5
DCA
330
D27
100
AcDbEntity
 67
1
  8
E-TABLA
100
AcDbText
 10
235.0
 20
246.3
 30
0.0
 40
1.85
  1
26.0
  7
ARIAL
 41
0.85
 72
1
 11
235.0
 21
246.3
 31
0.0
100
AcDbText
 73
2
  0
TEXT
  5
DCB
330
D27
100
AcDbEntity
 67
1
  8
E-TABLA
100
AcDbText
 10
36.5
 20
241.7
 30
0.0
 40
1.85
  1
C1
  7
ARIAL
 41
0.85
 72
1
 11
36.5
 21
241.7
 31
0.0
100
AcDbText
 73
2
  0
TEXT
  5
DCC
330
D27
100
AcDbEntity
 67
1
  8
E-TABLA
100
AcDbText
 10
44.5
 20
241.7
 30
0.0
 40
1.85
  1
Viga chata VCH 0.30x0.20: superior 2 barras corridas
  7
ARIAL
 41
0.85
 11
44.5
 21
241.7
 31
0.0
100
AcDbText
 73
2
  0
TEXT
  5
DCD
330
D27
100
AcDbEntity
 67
1
  8
E-TABLA
100
AcDbText
 10
159.0
 20
241.7
 30
0.0
 40
1.85
  1
Ø1/2"
  7
ARIAL
 41
0.85
 72
1
 11
159.0
 21
241.7
 31
0.0
100
AcDbText
 73
2
  0
TEXT
  5
DCE
330
D27
100
AcDbEntity
 67
1
  8
E-TABLA
100
AcDbText
 10
171.5
 20
241.7
 30
0.0
 40
1.85
  1
8
  7
ARIAL
 41
0.85
 72
1
 11
171.5
 21
241.7
 31
0.0
100
AcDbText
 73
2
  0
TEXT
  5
DCF
330
D27
100
AcDbEntity
 67
1
  8
E-TABLA
100
AcDbText
 10
190.5
 20
241.7
 30
0.0
 40
1.85
  1
4.03 - 7.23
  7
ARIAL
 41
0.85
 72
1
 11
190.5
 21
241.7
 31
0.0
100
AcDbText
 73
2
  0
TEXT
  5
DD0
330
D27
100
AcDbEntity
 67
1
  8
E-TABLA
100
AcDbText
 10
214.0
 20
241.7
 30
0.0
 40
1.85
  1
45.03
  7
ARIAL
 41
0.85
 72
1
 11
214.0
 21
241.7
 31
0.0
100
AcDbText
 73
2
  0
TEXT
  5
DD1
330
D27
100
AcDbEntity
 67
1
  8
E-TABLA
100
AcDbText
 10
235.0
 20
241.7
 30
0.0
 40
1.85
  1
44.8
  7
ARIAL
 41
0.85
 72
1
 11
235.0
 21
241.7
 31
0.0
100
AcDbText
 73
2
  0
TEXT
  5
DD2
330
D27
100
AcDbEntity
 67
1
  8
E-TABLA
100
AcDbText
 10
36.5
 20
237.1
 30
0.0
 40
1.85
  1
C2
  7
ARIAL
 41
0.85
 72
1
 11
36.5
 21
237.1
 31
0.0
100
AcDbText
 73
2
  0
TEXT
  5
DD3
330
D27
100
AcDbEntity
 67
1
  8
E-TABLA
100
AcDbText
 10
44.5
 20
237.1
 30
0.0
 40
1.85
  1
Viga chata VCH 0.30x0.20: inferior 2 barras corridas
  7
ARIAL
 41
0.85
 11
44.5
 21
237.1
 31
0.0
100
AcDbText
 73
2
  0
TEXT
  5
DD4
330
D27
100
AcDbEntity
 67
1
  8
E-TABLA
100
AcDbText
 10
159.0
 20
237.1
 30
0.0
 40
1.85
  1
Ø1/2"
  7
ARIAL
 41
0.85
 72
1
 11
159.0
 21
237.1
 31
0.0
100
AcDbText
 73
2
  0
TEXT
  5
DD5
330
D27
100
AcDbEntity
 67
1
  8
E-TABLA
100
AcDbText
 10
171.5
 20
237.1
 30
0.0
 40
1.85
  1
8
  7
ARIAL
 41
0.85
 72
1
 11
171.5
 21
237.1
 31
0.0
100
AcDbText
 73
2
  0
TEXT
  5
DD6
330
D27
100
AcDbEntity
 67
1
  8
E-TABLA
100
AcDbText
 10
190.5
 20
237.1
 30
0.0
 40
1.85
  1
4.03 - 7.23
  7
ARIAL
 41
0.85
 72
1
 11
190.5
 21
237.1
 31
0.0
100
AcDbText
 73
2
  0
TEXT
  5
DD7
330
D27
100
AcDbEntity
 67
1
  8
E-TABLA
100
AcDbText
 10
214.0
 20
237.1
 30
0.0
 40
1.85
  1
45.03
  7
ARIAL
 41
0.85
 72
1
 11
214.0
 21
237.1
 31
0.0
100
AcDbText
 73
2
  0
TEXT
  5
DD8
330
D27
100
AcDbEntity
 67
1
  8
E-TABLA
100
AcDbText
 10
235.0
 20
237.1
 30
0.0
 40
1.85
  1
44.8
  7
ARIAL
 41
0.85
 72
1
 11
235.0
 21
237.1
 31
0.0
100
AcDbText
 73
2
  0
TEXT
  5
DD9
330
D27
100
AcDbEntity
 67
1
  8
E-TABLA
100
AcDbText
 10
36.5
 20
232.5
 30
0.0
 40
1.85
  1
C3
  7
ARIAL
 41
0.85
 72
1
 11
36.5
 21
232.5
 31
0.0
100
AcDbText
 73
2
  0
TEXT
  5
DDA
330
D27
100
AcDbEntity
 67
1
  8
E-TABLA
100
AcDbText
 10
44.5
 20
232.5
 30
0.0
 40
1.85
  1
Viga chata VCH: estribos 0.25 x 0.12 @ .20
  7
ARIAL
 41
0.85
 11
44.5
 21
232.5
 31
0.0
100
AcDbText
 73
2
  0
TEXT
  5
DDB
330
D27
100
AcDbEntity
 67
1
  8
E-TABLA
100
AcDbText
 10
159.0
 20
232.5
 30
0.0
 40
1.85
  1
Ø1/4"
  7
ARIAL
 41
0.85
 72
1
 11
159.0
 21
232.5
 31
0.0
100
AcDbText
 73
2
  0
TEXT
  5
DDC
330
D27
100
AcDbEntity
 67
1
  8
E-TABLA
100
AcDbText
 10
171.5
 20
232.5
 30
0.0
 40
1.85
  1
90
  7
ARIAL
 41
0.85
 72
1
 11
171.5
 21
232.5
 31
0.0
100
AcDbText
 73
2
  0
TEXT
  5
DDD
330
D27
100
AcDbEntity
 67
1
  8
E-TABLA
100
AcDbText
 10
190.5
 20
232.5
 30
0.0
 40
1.85
  1
0.86
  7
ARIAL
 41
0.85
 72
1
 11
190.5
 21
232.5
 31
0.0
100
AcDbText
 73
2
  0
TEXT
  5
DDE
330
D27
100
AcDbEntity
 67
1
  8
E-TABLA
100
AcDbText
 10
214.0
 20
232.5
 30
0.0
 40
1.85
  1
77.08
  7
ARIAL
 41
0.85
 72
1
 11
214.0
 21
232.5
 31
0.0
100
AcDbText
 73
2
  0
TEXT
  5
DDF
330
D27
100
AcDbEntity
 67
1
  8
E-TABLA
100
AcDbText
 10
235.0
 20
232.5
 30
0.0
 40
1.85
  1
19.3
  7
ARIAL
 41
0.85
 72
1
 11
235.0
 21
232.5
 31
0.0
100
AcDbText
 73
2
  0
TEXT
  5
DE0
330
D27
100
AcDbEntity
 67
1
  8
E-TABLA
100
AcDbText
 10
36.5
 20
227.9
 30
0.0
 40
1.85
  1
T1
  7
ARIAL
 41
0.85
 72
1
 11
36.5
 21
227.9
 31
0.0
100
AcDbText
 73
2
  0
TEXT
  5
DE1
330
D27
100
AcDbEntity
 67
1
  8
E-TABLA
100
AcDbText
 10
44.5
 20
227.9
 30
0.0
 40
1.85
  1
Malla de temperatura en losita, dir. X
  7
ARIAL
 41
0.85
 11
44.5
 21
227.9
 31
0.0
100
AcDbText
 73
2
  0
TEXT
  5
DE2
330
D27
100
AcDbEntity
 67
1
  8
E-TABLA
100
AcDbText
 10
159.0
 20
227.9
 30
0.0
 40
1.85
  1
Ø1/4"
  7
ARIAL
 41
0.85
 72
1
 11
159.0
 21
227.9
 31
0.0
100
AcDbText
 73
2
  0
TEXT
  5
DE3
330
D27
100
AcDbEntity
 67
1
  8
E-TABLA
100
AcDbText
 10
171.5
 20
227.9
 30
0.0
 40
1.85
  1
69
  7
ARIAL
 41
0.85
 72
1
 11
171.5
 21
227.9
 31
0.0
100
AcDbText
 73
2
  0
TEXT
  5
DE4
330
D27
100
AcDbEntity
 67
1
  8
E-TABLA
100
AcDbText
 10
190.5
 20
227.9
 30
0.0
 40
1.85
  1
3.88 - 7.08
  7
ARIAL
 41
0.85
 72
1
 11
190.5
 21
227.9
 31
0.0
100
AcDbText
 73
2
  0
TEXT
  5
DE5
330
D27
100
AcDbEntity
 67
1
  8
E-TABLA
100
AcDbText
 10
214.0
 20
227.9
 30
0.0
 40
1.85
  1
383.77
  7
ARIAL
 41
0.85
 72
1
 11
214.0
 21
227.9
 31
0.0
100
AcDbText
 73
2
  0
TEXT
  5
DE6
330
D27
100
AcDbEntity
 67
1
  8
E-TABLA
100
AcDbText
 10
235.0
 20
227.9
 30
0.0
 40
1.85
  1
95.9
  7
ARIAL
 41
0.85
 72
1
 11
235.0
 21
227.9
 31
0.0
100
AcDbText
 73
2
  0
TEXT
  5
DE7
330
D27
100
AcDbEntity
 67
1
  8
E-TABLA
100
AcDbText
 10
36.5
 20
223.3
 30
0.0
 40
1.85
  1
T2
  7
ARIAL
 41
0.85
 72
1
 11
36.5
 21
223.3
 31
0.0
100
AcDbText
 73
2
  0
TEXT
  5
DE8
330
D27
100
AcDbEntity
 67
1
  8
E-TABLA
100
AcDbText
 10
44.5
 20
223.3
 30
0.0
 40
1.85
  1
Malla de temperatura en losita, dir. Y
  7
ARIAL
 41
0.85
 11
44.5
 21
223.3
 31
0.0
100
AcDbText
 73
2
  0
TEXT
  5
DE9
330
D27
100
AcDbEntity
 67
1
  8
E-TABLA
100
AcDbText
 10
159.0
 20
223.3
 30
0.0
 40
1.85
  1
Ø1/4"
  7
ARIAL
 41
0.85
 72
1
 11
159.0
 21
223.3
 31
0.0
100
AcDbText
 73
2
  0
TEXT
  5
DEA
330
D27
100
AcDbEntity
 67
1
  8
E-TABLA
100
AcDbText
 10
171.5
 20
223.3
 30
0.0
 40
1.85
  1
69
  7
ARIAL
 41
0.85
 72
1
 11
171.5
 21
223.3
 31
0.0
100
AcDbText
 73
2
  0
TEXT
  5
DEB
330
D27
100
AcDbEntity
 67
1
  8
E-TABLA
100
AcDbText
 10
190.5
 20
223.3
 30
0.0
 40
1.85
  1
3.59 - 7.60
  7
ARIAL
 41
0.85
 72
1
 11
190.5
 21
223.3
 31
0.0
100
AcDbText
 73
2
  0
TEXT
  5
DEC
330
D27
100
AcDbEntity
 67
1
  8
E-TABLA
100
AcDbText
 10
214.0
 20
223.3
 30
0.0
 40
1.85
  1
378.43
  7
ARIAL
 41
0.85
 72
1
 11
214.0
 21
223.3
 31
0.0
100
AcDbText
 73
2
  0
TEXT
  5
DED
330
D27
100
AcDbEntity
 67
1
  8
E-TABLA
100
AcDbText
 10
235.0
 20
223.3
 30
0.0
 40
1.85
  1
94.6
  7
ARIAL
 41
0.85
 72
1
 11
235.0
 21
223.3
 31
0.0
100
AcDbText
 73
2
  0
TEXT
  5
DEE
330
D27
100
AcDbEntity
 67
1
  8
E-TABLA
100
AcDbText
 10
36.5
 20
218.7
 30
0.0
 40
1.85
  1

  7
ARIAL
 41
0.85
 72
1
 11
36.5
 21
218.7
 31
0.0
100
AcDbText
 73
2
  0
TEXT
  5
DEF
330
D27
100
AcDbEntity
 67
1
  8
E-TABLA
100
AcDbText
 10
44.5
 20
218.7
 30
0.0
 40
1.85
  1
TOTAL Ø1/4"  (0.250 kg/m)
  7
ARIAL
 41
0.85
 11
44.5
 21
218.7
 31
0.0
100
AcDbText
 73
2
  0
TEXT
  5
DF0
330
D27
100
AcDbEntity
 67
1
  8
E-TABLA
100
AcDbText
 10
159.0
 20
218.7
 30
0.0
 40
1.85
  1

  7
ARIAL
 41
0.85
 72
1
 11
159.0
 21
218.7
 31
0.0
100
AcDbText
 73
2
  0
TEXT
  5
DF1
330
D27
100
AcDbEntity
 67
1
  8
E-TABLA
100
AcDbText
 10
171.5
 20
218.7
 30
0.0
 40
1.85
  1

  7
ARIAL
 41
0.85
 72
1
 11
171.5
 21
218.7
 31
0.0
100
AcDbText
 73
2
  0
TEXT
  5
DF2
330
D27
100
AcDbEntity
 67
1
  8
E-TABLA
100
AcDbText
 10
190.5
 20
218.7
 30
0.0
 40
1.85
  1

  7
ARIAL
 41
0.85
 72
1
 11
190.5
 21
218.7
 31
0.0
100
AcDbText
 73
2
  0
TEXT
  5
DF3
330
D27
100
AcDbEntity
 67
1
  8
E-TABLA
100
AcDbText
 10
214.0
 20
218.7
 30
0.0
 40
1.85
  1

  7
ARIAL
 41
0.85
 72
1
 11
214.0
 21
218.7
 31
0.0
100
AcDbText
 73
2
  0
TEXT
  5
DF4
330
D27
100
AcDbEntity
 67
1
  8
E-TABLA
100
AcDbText
 10
235.0
 20
218.7
 30
0.0
 40
1.85
  1
209.8
  7
ARIAL
 41
0.85
 72
1
 11
235.0
 21
218.7
 31
0.0
100
AcDbText
 73
2
  0
TEXT
  5
DF5
330
D27
100
AcDbEntity
 67
1
  8
E-TABLA
100
AcDbText
 10
36.5
 20
214.10000000000002
 30
0.0
 40
1.85
  1

  7
ARIAL
 41
0.85
 72
1
 11
36.5
 21
214.10000000000002
 31
0.0
100
AcDbText
 73
2
  0
TEXT
  5
DF6
330
D27
100
AcDbEntity
 67
1
  8
E-TABLA
100
AcDbText
 10
44.5
 20
214.10000000000002
 30
0.0
 40
1.85
  1
TOTAL Ø3/8"  (0.560 kg/m)
  7
ARIAL
 41
0.85
 11
44.5
 21
214.10000000000002
 31
0.0
100
AcDbText
 73
2
  0
TEXT
  5
DF7
330
D27
100
AcDbEntity
 67
1
  8
E-TABLA
100
AcDbText
 10
159.0
 20
214.10000000000002
 30
0.0
 40
1.85
  1

  7
ARIAL
 41
0.85
 72
1
 11
159.0
 21
214.10000000000002
 31
0.0
100
AcDbText
 73
2
  0
TEXT
  5
DF8
330
D27
100
AcDbEntity
 67
1
  8
E-TABLA
100
AcDbText
 10
171.5
 20
214.10000000000002
 30
0.0
 40
1.85
  1

  7
ARIAL
 41
0.85
 72
1
 11
171.5
 21
214.10000000000002
 31
0.0
100
AcDbText
 73
2
  0
TEXT
  5
DF9
330
D27
100
AcDbEntity
 67
1
  8
E-TABLA
100
AcDbText
 10
190.5
 20
214.10000000000002
 30
0.0
 40
1.85
  1

  7
ARIAL
 41
0.85
 72
1
 11
190.5
 21
214.10000000000002
 31
0.0
100
AcDbText
 73
2
  0
TEXT
  5
DFA
330
D27
100
AcDbEntity
 67
1
  8
E-TABLA
100
AcDbText
 10
214.0
 20
214.10000000000002
 30
0.0
 40
1.85
  1

  7
ARIAL
 41
0.85
 72
1
 11
214.0
 21
214.10000000000002
 31
0.0
100
AcDbText
 73
2
  0
TEXT
  5
DFB
330
D27
100
AcDbEntity
 67
1
  8
E-TABLA
100
AcDbText
 10
235.0
 20
214.10000000000002
 30
0.0
 40
1.85
  1
103.5
  7
ARIAL
 41
0.85
 72
1
 11
235.0
 21
214.10000000000002
 31
0.0
100
AcDbText
 73
2
  0
TEXT
  5
DFC
330
D27
100
AcDbEntity
 67
1
  8
E-TABLA
100
AcDbText
 10
36.5
 20
209.5
 30
0.0
 40
1.85
  1

  7
ARIAL
 41
0.85
 72
1
 11
36.5
 21
209.5
 31
0.0
100
AcDbText
 73
2
  0
TEXT
  5
DFD
330
D27
100
AcDbEntity
 67
1
  8
E-TABLA
100
AcDbText
 10
44.5
 20
209.5
 30
0.0
 40
1.85
  1
TOTAL Ø1/2"  (0.994 kg/m)
  7
ARIAL
 41
0.85
 11
44.5
 21
209.5
 31
0.0
100
AcDbText
 73
2
  0
TEXT
  5
DFE
330
D27
100
AcDbEntity
 67
1
  8
E-TABLA
100
AcDbText
 10
159.0
 20
209.5
 30
0.0
 40
1.85
  1

  7
ARIAL
 41
0.85
 72
1
 11
159.0
 21
209.5
 31
0.0
100
AcDbText
 73
2
  0
TEXT
  5
DFF
330
D27
100
AcDbEntity
 67
1
  8
E-TABLA
100
AcDbText
 10
171.5
 20
209.5
 30
0.0
 40
1.85
  1

  7
ARIAL
 41
0.85
 72
1
 11
171.5
 21
209.5
 31
0.0
100
AcDbText
 73
2
  0
TEXT
  5
E00
330
D27
100
AcDbEntity
 67
1
  8
E-TABLA
100
AcDbText
 10
190.5
 20
209.5
 30
0.0
 40
1.85
  1

  7
ARIAL
 41
0.85
 72
1
 11
190.5
 21
209.5
 31
0.0
100
AcDbText
 73
2
  0
TEXT
  5
E01
330
D27
100
AcDbEntity
 67
1
  8
E-TABLA
100
AcDbText
 10
214.0
 20
209.5
 30
0.0
 40
1.85
  1

  7
ARIAL
 41
0.85
 72
1
 11
214.0
 21
209.5
 31
0.0
100
AcDbText
 73
2
  0
TEXT
  5
E02
330
D27
100
AcDbEntity
 67
1
  8
E-TABLA
100
AcDbText
 10
235.0
 20
209.5
 30
0.0
 40
1.85
  1
246.3
  7
ARIAL
 41
0.85
 72
1
 11
235.0
 21
209.5
 31
0.0
100
AcDbText
 73
2
  0
TEXT
  5
E03
330
D27
100
AcDbEntity
 67
1
  8
E-TABLA
100
AcDbText
 10
36.5
 20
204.9
 30
0.0
 40
1.85
  1

  7
ARIAL
 41
0.85
 72
1
 11
36.5
 21
204.9
 31
0.0
100
AcDbText
 73
2
  0
TEXT
  5
E04
330
D27
100
AcDbEntity
 67
1
  8
E-TABLA
100
AcDbText
 10
44.5
 20
204.9
 30
0.0
 40
1.85
  1
TOTAL ACERO DE LOSA DEL NIVEL
  7
ARIAL
 41
0.85
 11
44.5
 21
204.9
 31
0.0
100
AcDbText
 73
2
  0
TEXT
  5
E05
330
D27
100
AcDbEntity
 67
1
  8
E-TABLA
100
AcDbText
 10
159.0
 20
204.9
 30
0.0
 40
1.85
  1

  7
ARIAL
 41
0.85
 72
1
 11
159.0
 21
204.9
 31
0.0
100
AcDbText
 73
2
  0
TEXT
  5
E06
330
D27
100
AcDbEntity
 67
1
  8
E-TABLA
100
AcDbText
 10
171.5
 20
204.9
 30
0.0
 40
1.85
  1

  7
ARIAL
 41
0.85
 72
1
 11
171.5
 21
204.9
 31
0.0
100
AcDbText
 73
2
  0
TEXT
  5
E07
330
D27
100
AcDbEntity
 67
1
  8
E-TABLA
100
AcDbText
 10
190.5
 20
204.9
 30
0.0
 40
1.85
  1

  7
ARIAL
 41
0.85
 72
1
 11
190.5
 21
204.9
 31
0.0
100
AcDbText
 73
2
  0
TEXT
  5
E08
330
D27
100
AcDbEntity
 67
1
  8
E-TABLA
100
AcDbText
 10
214.0
 20
204.9
 30
0.0
 40
1.85
  1

  7
ARIAL
 41
0.85
 72
1
 11
214.0
 21
204.9
 31
0.0
100
AcDbText
 73
2
  0
TEXT
  5
E09
330
D27
100
AcDbEntity
 67
1
  8
E-TABLA
100
AcDbText
 10
235.0
 20
204.9
 30
0.0
 40
1.85
  1
559.6
  7
ARIAL
 41
0.85
 72
1
 11
235.0
 21
204.9
 31
0.0
100
AcDbText
 73
2
  0
TEXT
  5
E0A
330
D27
100
AcDbEntity
 67
1
  8
E-TABLA
100
AcDbText
 10
36.5
 20
200.3
 30
0.0
 40
1.85
  1

  7
ARIAL
 41
0.85
 72
1
 11
36.5
 21
200.3
 31
0.0
100
AcDbText
 73
2
  0
TEXT
  5
E0B
330
D27
100
AcDbEntity
 67
1
  8
E-TABLA
100
AcDbText
 10
44.5
 20
200.3
 30
0.0
 40
1.85
  1
Área de losa (modelo) 92.36 m²  ->  cuantía
  7
ARIAL
 41
0.85
 11
44.5
 21
200.3
 31
0.0
100
AcDbText
 73
2
  0
TEXT
  5
E0C
330
D27
100
AcDbEntity
 67
1
  8
E-TABLA
100
AcDbText
 10
159.0
 20
200.3
 30
0.0
 40
1.85
  1

  7
ARIAL
 41
0.85
 72
1
 11
159.0
 21
200.3
 31
0.0
100
AcDbText
 73
2
  0
TEXT
  5
E0D
330
D27
100
AcDbEntity
 67
1
  8
E-TABLA
100
AcDbText
 10
171.5
 20
200.3
 30
0.0
 40
1.85
  1

  7
ARIAL
 41
0.85
 72
1
 11
171.5
 21
200.3
 31
0.0
100
AcDbText
 73
2
  0
TEXT
  5
E0E
330
D27
100
AcDbEntity
 67
1
  8
E-TABLA
100
AcDbText
 10
190.5
 20
200.3
 30
0.0
 40
1.85
  1

  7
ARIAL
 41
0.85
 72
1
 11
190.5
 21
200.3
 31
0.0
100
AcDbText
 73
2
  0
TEXT
  5
E0F
330
D27
100
AcDbEntity
 67
1
  8
E-TABLA
100
AcDbText
 10
214.0
 20
200.3
 30
0.0
 40
1.85
  1

  7
ARIAL
 41
0.85
 72
1
 11
214.0
 21
200.3
 31
0.0
100
AcDbText
 73
2
  0
TEXT
  5
E10
330
D27
100
AcDbEntity
 67
1
  8
E-TABLA
100
AcDbText
 10
235.0
 20
200.3
 30
0.0
 40
1.85
  1
6.06 kg/m²
  7
ARIAL
 41
0.85
 72
1
 11
235.0
 21
200.3
 31
0.0
100
AcDbText
 73
2
  0
TEXT
  5
E11
330
D27
100
AcDbEntity
 67
1
  8
E-TITULO
100
AcDbText
 10
30.0
 20
292.0
 30
0.0
 40
2.8
  1
CUADRO DE ACERO DE LA LOSA - NIVEL 5 (medido del modelo, grupo SJ_ACERO_LOSAS_R1)
  7
ARIAL
 41
0.9
 11
30.0
 21
292.0
 31
0.0
100
AcDbText
 73
1
  0
TEXT
  5
E12
330
D27
100
AcDbEntity
 67
1
  8
E-TITULO
100
AcDbText
 10
30.0
 20
186.0
 30
0.0
 40
2.4
  1
NOTAS - LOSA ALIGERADA
  7
ARIAL
 41
0.9
 11
30.0
 21
186.0
 31
0.0
100
AcDbText
 73
1
  0
TEXT
  5
E13
330
D27
100
AcDbEntity
 67
1
  8
E-TEXTO
100
AcDbText
 10
30.0
 20
182.1
 30
0.0
 40
1.9
  1
1. CONCRETO f'c = 210 kg/cm².  ACERO ASTM A615 Grado 60, fy = 4200 kg/cm².
  7
ARIAL
 41
0.9
 11
30.0
 21
182.1
 31
0.0
100
AcDbText
 73
1
  0
TEXT
  5
E14
330
D27
100
AcDbEntity
 67
1
  8
E-TEXTO
100
AcDbText
 10
30.0
 20
178.2
 30
0.0
 40
1.9
  1
2. LOSA ALIGERADA h = 0.20 (bloque 0.15 + losita 0.05): viguetas 0.10 @ 0.40, bloques 0.30 x 0.15,
  7
ARIAL
 41
0.9
 11
30.0
 21
178.2
 31
0.0
100
AcDbText
 73
1
  0
TEXT
  5
E15
330
D27
100
AcDbEntity
 67
1
  8
E-TEXTO
100
AcDbText
 10
30.0
 20
174.3
 30
0.0
 40
1.9
  1
    temperatura Ø1/4" @ 0.25 en la losita, 1 barra inferior por vigueta corrida y bastones superiores sobre vigas
  7
ARIAL
 41
0.9
 11
30.0
 21
174.3
 31
0.0
100
AcDbText
 73
1
  0
TEXT
  5
E16
330
D27
100
AcDbEntity
 67
1
  8
E-TEXTO
100
AcDbText
 10
30.0
 20
170.4
 30
0.0
 40
1.9
  1
    (ver DETALLE DE ALIGERADO). En el modelo la losa es maciza de 0.20 por criterio: el aligerado se representa
  7
ARIAL
 41
0.9
 11
30.0
 21
170.4
 31
0.0
100
AcDbText
 73
1
  0
TEXT
  5
E17
330
D27
100
AcDbEntity
 67
1
  8
E-TEXTO
100
AcDbText
 10
30.0
 20
166.5
 30
0.0
 40
1.9
  1
    con su acero y el concreto se metra aparte. Zona maciza e = 0.15 en la plataforma de llegada de la escalera.
  7
ARIAL
 41
0.9
 11
30.0
 21
166.5
 31
0.0
100
AcDbText
 73
1
  0
TEXT
  5
E18
330
D27
100
AcDbEntity
 67
1
  8
E-TEXTO
100
AcDbText
 10
30.0
 20
162.6
 30
0.0
 40
1.9
  1
3. RECUBRIMIENTO libre 2 cm (medido: inferior 2.5 cm, superior 2.5 cm).
  7
ARIAL
 41
0.9
 11
30.0
 21
162.6
 31
0.0
100
AcDbText
 73
1
  0
TEXT
  5
E19
330
D27
100
AcDbEntity
 67
1
  8
E-TEXTO
100
AcDbText
 10
30.0
 20
158.7
 30
0.0
 40
1.9
  1
4. Sentido de viguetas según el acero del modelo: en los paños, dir. X (paralelas a ejes N) apoyadas en las vigas
  7
ARIAL
 41
0.9
 11
30.0
 21
158.7
 31
0.0
100
AcDbText
 73
1
  0
TEXT
  5
E1A
330
D27
100
AcDbEntity
 67
1
  8
E-TEXTO
100
AcDbText
 10
30.0
 20
154.8
 30
0.0
 40
1.9
  1
    de los ejes A; en las franjas laterales (frente en volado 1.50 lado N-4, sobre vigas en volado A-1, A-4 y
  7
ARIAL
 41
0.9
 11
30.0
 21
154.8
 31
0.0
100
AcDbText
 73
1
  0
TEXT
  5
E1B
330
D27
100
AcDbEntity
 67
1
  8
E-TEXTO
100
AcDbText
 10
30.0
 20
150.9
 30
0.0
 40
1.9
  1
    collarín A-2; y borde N-1) viguetas en dir. Y ancladas en la viga chata VCH 0.30 x 0.20.
  7
ARIAL
 41
0.9
 11
30.0
 21
150.9
 31
0.0
100
AcDbText
 73
1
  0
TEXT
  5
E1C
330
D27
100
AcDbEntity
 67
1
  8
E-TEXTO
100
AcDbText
 10
30.0
 20
147.0
 30
0.0
 40
1.9
  1
5. Bastones: longitudes medidas desde la cara de apoyo. Barras > 9 m traslapadas 0.60 sobre la viga interior.
  7
ARIAL
 41
0.9
 11
30.0
 21
147.0
 31
0.0
100
AcDbText
 73
1
  0
TEXT
  5
E1D
330
D27
100
AcDbEntity
 67
1
  8
E-TEXTO
100
AcDbText
 10
30.0
 20
143.1
 30
0.0
 40
1.9
  1
    Ganchos a 90° de 0.12 en bordes libres y apoyos extremos.
  7
ARIAL
 41
0.9
 11
30.0
 21
143.1
 31
0.0
100
AcDbText
 73
1
  0
TEXT
  5
E1E
330
D27
100
AcDbEntity
 67
1
  8
E-TEXTO
100
AcDbText
 10
30.0
 20
139.2
 30
0.0
 40
1.9
  1
6. Malla de temperatura Ø1/4" en ambos sentidos en toda la losita (38 + 44 líneas, sep. medida
  7
ARIAL
 41
0.9
 11
30.0
 21
139.2
 31
0.0
100
AcDbText
 73
1
  0
TEXT
  5
E1F
330
D27
100
AcDbEntity
 67
1
  8
E-TEXTO
100
AcDbText
 10
30.0
 20
135.3
 30
0.0
 40
1.9
  1
    0.250 / 0.249 m).
  7
ARIAL
 41
0.9
 11
30.0
 21
135.3
 31
0.0
100
AcDbText
 73
1
  0
TEXT
  5
E20
330
D27
100
AcDbEntity
 67
1
  8
E-TEXTO
100
AcDbText
 10
30.0
 20
131.4
 30
0.0
 40
1.9
  1
7. Cargas de diseño (nodo Dynamo 14, Anexo A): piso terminado 100, tabiquería equivalente 210, s/c 200 kg/m²; muro de ladrillo de 10 cm en contorno y volados 516 kg/m.
  7
ARIAL
 41
0.9
 11
30.0
 21
131.4
 31
0.0
100
AcDbText
 73
1
  0
TEXT
  5
E21
330
D27
100
AcDbEntity
 67
1
  8
E-TEXTO
100
AcDbText
 10
30.0
 20
127.5
 30
0.0
 40
1.9
  1
8. Acero dibujado en planta: una vigueta representativa por franja (ídem en todas las de la franja).
  7
ARIAL
 41
0.9
 11
30.0
 21
127.5
 31
0.0
100
AcDbText
 73
1
  0
TEXT
  5
E22
330
D27
100
AcDbEntity
 67
1
  8
E-TEXTO
100
AcDbText
 10
30.0
 20
123.6
 30
0.0
 40
1.9
  1
9. Plano generado del modelo IFC 'Proyect sj.ifc' (Revit 2027); cotas y niveles en metros.
  7
ARIAL
 41
0.9
 11
30.0
 21
123.6
 31
0.0
100
AcDbText
 73
1
  0
LINE
  5
E23
330
D27
100
AcDbEntity
 67
1
  8
E-TABLA
370
50
100
AcDbLine
 10
336.0
 20
274.0
 30
0.0
 11
578.0
 21
274.0
 31
0.0
  0
LINE
  5
E24
330
D27
100
AcDbEntity
 67
1
  8
E-TABLA
370
50
100
AcDbLine
 10
336.0
 20
269.4
 30
0.0
 11
578.0
 21
269.4
 31
0.0
  0
LINE
  5
E25
330
D27
100
AcDbEntity
 67
1
  8
E-TABLA
370
18
100
AcDbLine
 10
336.0
 20
264.8
 30
0.0
 11
578.0
 21
264.8
 31
0.0
  0
LINE
  5
E26
330
D27
100
AcDbEntity
 67
1
  8
E-TABLA
370
18
100
AcDbLine
 10
336.0
 20
260.2
 30
0.0
 11
578.0
 21
260.2
 31
0.0
  0
LINE
  5
E27
330
D27
100
AcDbEntity
 67
1
  8
E-TABLA
370
18
100
AcDbLine
 10
336.0
 20
255.6
 30
0.0
 11
578.0
 21
255.6
 31
0.0
  0
LINE
  5
E28
330
D27
100
AcDbEntity
 67
1
  8
E-TABLA
370
18
100
AcDbLine
 10
336.0
 20
251.0
 30
0.0
 11
578.0
 21
251.0
 31
0.0
  0
LINE
  5
E29
330
D27
100
AcDbEntity
 67
1
  8
E-TABLA
370
18
100
AcDbLine
 10
336.0
 20
246.4
 30
0.0
 11
578.0
 21
246.4
 31
0.0
  0
LINE
  5
E2A
330
D27
100
AcDbEntity
 67
1
  8
E-TABLA
370
50
100
AcDbLine
 10
336.0
 20
241.8
 30
0.0
 11
578.0
 21
241.8
 31
0.0
  0
LINE
  5
E2B
330
D27
100
AcDbEntity
 67
1
  8
E-TABLA
370
50
100
AcDbLine
 10
336.0
 20
274.0
 30
0.0
 11
336.0
 21
241.8
 31
0.0
  0
LINE
  5
E2C
330
D27
100
AcDbEntity
 67
1
  8
E-TABLA
370
18
100
AcDbLine
 10
347.0
 20
274.0
 30
0.0
 11
347.0
 21
241.8
 31
0.0
  0
LINE
  5
E2D
330
D27
100
AcDbEntity
 67
1
  8
E-TABLA
370
18
100
AcDbLine
 10
358.0
 20
274.0
 30
0.0
 11
358.0
 21
241.8
 31
0.0
  0
LINE
  5
E2E
330
D27
100
AcDbEntity
 67
1
  8
E-TABLA
370
18
100
AcDbLine
 10
406.0
 20
274.0
 30
0.0
 11
406.0
 21
241.8
 31
0.0
  0
LINE
  5
E2F
330
D27
100
AcDbEntity
 67
1
  8
E-TABLA
370
18
100
AcDbLine
 10
548.0
 20
274.0
 30
0.0
 11
548.0
 21
241.8
 31
0.0
  0
LINE
  5
E30
330
D27
100
AcDbEntity
 67
1
  8
E-TABLA
370
18
100
AcDbLine
 10
566.0
 20
274.0
 30
0.0
 11
566.0
 21
241.8
 31
0.0
  0
LINE
  5
E31
330
D27
100
AcDbEntity
 67
1
  8
E-TABLA
370
50
100
AcDbLine
 10
578.0
 20
274.0
 30
0.0
 11
578.0
 21
241.8
 31
0.0
  0
TEXT
  5
E32
330
D27
100
AcDbEntity
 67
1
  8
E-TABLA
100
AcDbText
 10
341.5
 20
271.7
 30
0.0
 40
1.8
  1
MARCA
  7
ARIAL
 41
0.85
 72
1
 11
341.5
 21
271.7
 31
0.0
100
AcDbText
 73
2
  0
TEXT
  5
E33
330
D27
100
AcDbEntity
 67
1
  8
E-TABLA
100
AcDbText
 10
352.5
 20
271.7
 30
0.0
 40
1.8
  1
Ø
  7
ARIAL
 41
0.85
 72
1
 11
352.5
 21
271.7
 31
0.0
100
AcDbText
 73
2
  0
TEXT
  5
E34
330
D27
100
AcDbEntity
 67
1
  8
E-TABLA
100
AcDbText
 10
382.0
 20
271.7
 30
0.0
 40
1.8
  1
UBICACIÓN
  7
ARIAL
 41
0.85
 72
1
 11
382.0
 21
271.7
 31
0.0
100
AcDbText
 73
2
  0
TEXT
  5
E35
330
D27
100
AcDbEntity
 67
1
  8
E-TABLA
100
AcDbText
 10
477.0
 20
271.7
 30
0.0
 40
1.8
  1
TRAMOS MEDIDOS (m): libre + [apoyo] + libre
  7
ARIAL
 41
0.85
 72
1
 11
477.0
 21
271.7
 31
0.0
100
AcDbText
 73
2
  0
TEXT
  5
E36
330
D27
100
AcDbEntity
 67
1
  8
E-TABLA
100
AcDbText
 10
557.0
 20
271.7
 30
0.0
 40
1.8
  1
GANCHOS
  7
ARIAL
 41
0.85
 72
1
 11
557.0
 21
271.7
 31
0.0
100
AcDbText
 73
2
  0
TEXT
  5
E37
330
D27
100
AcDbEntity
 67
1
  8
E-TABLA
100
AcDbText
 10
572.0
 20
271.7
 30
0.0
 40
1.8
  1
CANT.
  7
ARIAL
 41
0.85
 72
1
 11
572.0
 21
271.7
 31
0.0
100
AcDbText
 73
2
  0
TEXT
  5
E38
330
D27
100
AcDbEntity
 67
1
  8
E-TABLA
100
AcDbText
 10
341.5
 20
267.1
 30
0.0
 40
1.8
  1
B1
  7
ARIAL
 41
0.85
 72
1
 11
341.5
 21
267.1
 31
0.0
100
AcDbText
 73
2
  0
TEXT
  5
E39
330
D27
100
AcDbEntity
 67
1
  8
E-TABLA
100
AcDbText
 10
352.5
 20
267.1
 30
0.0
 40
1.8
  1
Ø1/2"
  7
ARIAL
 41
0.85
 72
1
 11
352.5
 21
267.1
 31
0.0
100
AcDbText
 73
2
  0
TEXT
  5
E3A
330
D27
100
AcDbEntity
 67
1
  8
E-TABLA
100
AcDbText
 10
359.5
 20
267.1
 30
0.0
 40
1.8
  1
vigueta X, sobre apoyo interior
  7
ARIAL
 41
0.85
 11
359.5
 21
267.1
 31
0.0
100
AcDbText
 73
2
  0
TEXT
  5
E3B
330
D27
100
AcDbEntity
 67
1
  8
E-TABLA
100
AcDbText
 10
407.5
 20
267.1
 30
0.0
 40
1.8
  1
0.97 + [A-2 0.30] + 1.10  ...  0.97 + [A-4 0.30] + 0.97
  7
ARIAL
 41
0.85
 11
407.5
 21
267.1
 31
0.0
100
AcDbText
 73
2
  0
TEXT
  5
E3C
330
D27
100
AcDbEntity
 67
1
  8
E-TABLA
100
AcDbText
 10
557.0
 20
267.1
 30
0.0
 40
1.8
  1
-
  7
ARIAL
 41
0.85
 72
1
 11
557.0
 21
267.1
 31
0.0
100
AcDbText
 73
2
  0
TEXT
  5
E3D
330
D27
100
AcDbEntity
 67
1
  8
E-TABLA
100
AcDbText
 10
572.0
 20
267.1
 30
0.0
 40
1.8
  1
12
  7
ARIAL
 41
0.85
 72
1
 11
572.0
 21
267.1
 31
0.0
100
AcDbText
 73
2
  0
TEXT
  5
E3E
330
D27
100
AcDbEntity
 67
1
  8
E-TABLA
100
AcDbText
 10
341.5
 20
262.5
 30
0.0
 40
1.8
  1
B2
  7
ARIAL
 41
0.85
 72
1
 11
341.5
 21
262.5
 31
0.0
100
AcDbText
 73
2
  0
TEXT
  5
E3F
330
D27
100
AcDbEntity
 67
1
  8
E-TABLA
100
AcDbText
 10
352.5
 20
262.5
 30
0.0
 40
1.8
  1
Ø3/8"
  7
ARIAL
 41
0.85
 72
1
 11
352.5
 21
262.5
 31
0.0
100
AcDbText
 73
2
  0
TEXT
  5
E40
330
D27
100
AcDbEntity
 67
1
  8
E-TABLA
100
AcDbText
 10
359.5
 20
262.5
 30
0.0
 40
1.8
  1
vigueta X, apoyo extremo A-3
  7
ARIAL
 41
0.85
 11
359.5
 21
262.5
 31
0.0
100
AcDbText
 73
2
  0
TEXT
  5
E41
330
D27
100
AcDbEntity
 67
1
  8
E-TABLA
100
AcDbText
 10
407.5
 20
262.5
 30
0.0
 40
1.8
  1
0.66 + [A-3 0.26]
  7
ARIAL
 41
0.85
 11
407.5
 21
262.5
 31
0.0
100
AcDbText
 73
2
  0
TEXT
  5
E42
330
D27
100
AcDbEntity
 67
1
  8
E-TABLA
100
AcDbText
 10
557.0
 20
262.5
 30
0.0
 40
1.8
  1
1 x 0.12
  7
ARIAL
 41
0.85
 72
1
 11
557.0
 21
262.5
 31
0.0
100
AcDbText
 73
2
  0
TEXT
  5
E43
330
D27
100
AcDbEntity
 67
1
  8
E-TABLA
100
AcDbText
 10
572.0
 20
262.5
 30
0.0
 40
1.8
  1
6
  7
ARIAL
 41
0.85
 72
1
 11
572.0
 21
262.5
 31
0.0
100
AcDbText
 73
2
  0
TEXT
  5
E44
330
D27
100
AcDbEntity
 67
1
  8
E-TABLA
100
AcDbText
 10
341.5
 20
257.9
 30
0.0
 40
1.8
  1
B3
  7
ARIAL
 41
0.85
 72
1
 11
341.5
 21
257.9
 31
0.0
100
AcDbText
 73
2
  0
TEXT
  5
E45
330
D27
100
AcDbEntity
 67
1
  8
E-TABLA
100
AcDbText
 10
352.5
 20
257.9
 30
0.0
 40
1.8
  1
Ø1/2"
  7
ARIAL
 41
0.85
 72
1
 11
352.5
 21
257.9
 31
0.0
100
AcDbText
 73
2
  0
TEXT
  5
E46
330
D27
100
AcDbEntity
 67
1
  8
E-TABLA
100
AcDbText
 10
359.5
 20
257.9
 30
0.0
 40
1.8
  1
vigueta X, volado A-1
  7
ARIAL
 41
0.85
 11
359.5
 21
257.9
 31
0.0
100
AcDbText
 73
2
  0
TEXT
  5
E47
330
D27
100
AcDbEntity
 67
1
  8
E-TABLA
100
AcDbText
 10
407.5
 20
257.9
 30
0.0
 40
1.8
  1
0.27 + [A-1 0.30] + 0.97  ...  0.47 + [A-1 0.30] + 0.97
  7
ARIAL
 41
0.85
 11
407.5
 21
257.9
 31
0.0
100
AcDbText
 73
2
  0
TEXT
  5
E48
330
D27
100
AcDbEntity
 67
1
  8
E-TABLA
100
AcDbText
 10
557.0
 20
257.9
 30
0.0
 40
1.8
  1
1 x 0.12
  7
ARIAL
 41
0.85
 72
1
 11
557.0
 21
257.9
 31
0.0
100
AcDbText
 73
2
  0
TEXT
  5
E49
330
D27
100
AcDbEntity
 67
1
  8
E-TABLA
100
AcDbText
 10
572.0
 20
257.9
 30
0.0
 40
1.8
  1
6
  7
ARIAL
 41
0.85
 72
1
 11
572.0
 21
257.9
 31
0.0
100
AcDbText
 73
2
  0
TEXT
  5
E4A
330
D27
100
AcDbEntity
 67
1
  8
E-TABLA
100
AcDbText
 10
341.5
 20
253.3
 30
0.0
 40
1.8
  1
L1
  7
ARIAL
 41
0.85
 72
1
 11
341.5
 21
253.3
 31
0.0
100
AcDbText
 73
2
  0
TEXT
  5
E4B
330
D27
100
AcDbEntity
 67
1
  8
E-TABLA
100
AcDbText
 10
352.5
 20
253.3
 30
0.0
 40
1.8
  1
Ø1/2"
  7
ARIAL
 41
0.85
 72
1
 11
352.5
 21
253.3
 31
0.0
100
AcDbText
 73
2
  0
TEXT
  5
E4C
330
D27
100
AcDbEntity
 67
1
  8
E-TABLA
100
AcDbText
 10
359.5
 20
253.3
 30
0.0
 40
1.8
  1
vigueta Y, volado N-4
  7
ARIAL
 41
0.85
 11
359.5
 21
253.3
 31
0.0
100
AcDbText
 73
2
  0
TEXT
  5
E4D
330
D27
100
AcDbEntity
 67
1
  8
E-TABLA
100
AcDbText
 10
407.5
 20
253.3
 30
0.0
 40
1.8
  1
1.47 + [N-3 0.30] + 1.50 + [VCH 0.26]
  7
ARIAL
 41
0.85
 11
407.5
 21
253.3
 31
0.0
100
AcDbText
 73
2
  0
TEXT
  5
E4E
330
D27
100
AcDbEntity
 67
1
  8
E-TABLA
100
AcDbText
 10
557.0
 20
253.3
 30
0.0
 40
1.8
  1
2 x 0.13
  7
ARIAL
 41
0.85
 72
1
 11
557.0
 21
253.3
 31
0.0
100
AcDbText
 73
2
  0
TEXT
  5
E4F
330
D27
100
AcDbEntity
 67
1
  8
E-TABLA
100
AcDbText
 10
572.0
 20
253.3
 30
0.0
 40
1.8
  1
14
  7
ARIAL
 41
0.85
 72
1
 11
572.0
 21
253.3
 31
0.0
100
AcDbText
 73
2
  0
TEXT
  5
E50
330
D27
100
AcDbEntity
 67
1
  8
E-TABLA
100
AcDbText
 10
341.5
 20
248.7
 30
0.0
 40
1.8
  1
L2
  7
ARIAL
 41
0.85
 72
1
 11
341.5
 21
248.7
 31
0.0
100
AcDbText
 73
2
  0
TEXT
  5
E51
330
D27
100
AcDbEntity
 67
1
  8
E-TABLA
100
AcDbText
 10
352.5
 20
248.7
 30
0.0
 40
1.8
  1
Ø3/8"
  7
ARIAL
 41
0.85
 72
1
 11
352.5
 21
248.7
 31
0.0
100
AcDbText
 73
2
  0
TEXT
  5
E52
330
D27
100
AcDbEntity
 67
1
  8
E-TABLA
100
AcDbText
 10
359.5
 20
248.7
 30
0.0
 40
1.8
  1
vigueta Y, lado escalera
  7
ARIAL
 41
0.85
 11
359.5
 21
248.7
 31
0.0
100
AcDbText
 73
2
  0
TEXT
  5
E53
330
D27
100
AcDbEntity
 67
1
  8
E-TABLA
100
AcDbText
 10
407.5
 20
248.7
 30
0.0
 40
1.8
  1
[N-3 0.11] + 1.50 + [VCH 0.26]
  7
ARIAL
 41
0.85
 11
407.5
 21
248.7
 31
0.0
100
AcDbText
 73
2
  0
TEXT
  5
E54
330
D27
100
AcDbEntity
 67
1
  8
E-TABLA
100
AcDbText
 10
557.0
 20
248.7
 30
0.0
 40
1.8
  1
2 x 0.12
  7
ARIAL
 41
0.85
 72
1
 11
557.0
 21
248.7
 31
0.0
100
AcDbText
 73
2
  0
TEXT
  5
E55
330
D27
100
AcDbEntity
 67
1
  8
E-TABLA
100
AcDbText
 10
572.0
 20
248.7
 30
0.0
 40
1.8
  1
8
  7
ARIAL
 41
0.85
 72
1
 11
572.0
 21
248.7
 31
0.0
100
AcDbText
 73
2
  0
TEXT
  5
E56
330
D27
100
AcDbEntity
 67
1
  8
E-TABLA
100
AcDbText
 10
341.5
 20
244.1
 30
0.0
 40
1.8
  1
L3
  7
ARIAL
 41
0.85
 72
1
 11
341.5
 21
244.1
 31
0.0
100
AcDbText
 73
2
  0
TEXT
  5
E57
330
D27
100
AcDbEntity
 67
1
  8
E-TABLA
100
AcDbText
 10
352.5
 20
244.1
 30
0.0
 40
1.8
  1
Ø3/8"
  7
ARIAL
 41
0.85
 72
1
 11
352.5
 21
244.1
 31
0.0
100
AcDbText
 73
2
  0
TEXT
  5
E58
330
D27
100
AcDbEntity
 67
1
  8
E-TABLA
100
AcDbText
 10
359.5
 20
244.1
 30
0.0
 40
1.8
  1
vigueta Y, borde N-1
  7
ARIAL
 41
0.85
 11
359.5
 21
244.1
 31
0.0
100
AcDbText
 73
2
  0
TEXT
  5
E59
330
D27
100
AcDbEntity
 67
1
  8
E-TABLA
100
AcDbText
 10
407.5
 20
244.1
 30
0.0
 40
1.8
  1
[VCH 0.26] + 1.50 + [N-1 0.26]
  7
ARIAL
 41
0.85
 11
407.5
 21
244.1
 31
0.0
100
AcDbText
 73
2
  0
TEXT
  5
E5A
330
D27
100
AcDbEntity
 67
1
  8
E-TABLA
100
AcDbText
 10
557.0
 20
244.1
 30
0.0
 40
1.8
  1
2 x 0.12
  7
ARIAL
 41
0.85
 72
1
 11
557.0
 21
244.1
 31
0.0
100
AcDbText
 73
2
  0
TEXT
  5
E5B
330
D27
100
AcDbEntity
 67
1
  8
E-TABLA
100
AcDbText
 10
572.0
 20
244.1
 30
0.0
 40
1.8
  1
23
  7
ARIAL
 41
0.85
 72
1
 11
572.0
 21
244.1
 31
0.0
100
AcDbText
 73
2
  0
TEXT
  5
E5C
330
D27
100
AcDbEntity
 67
1
  8
E-TITULO
100
AcDbText
 10
336.0
 20
276.0
 30
0.0
 40
2.6
  1
CUADRO DE BASTONES Y ACERO SUPERIOR (tramos medidos del modelo, desde el extremo de la barra)
  7
ARIAL
 41
0.9
 11
336.0
 21
276.0
 31
0.0
100
AcDbText
 73
1
  0
TEXT
  5
E5D
330
D27
100
AcDbEntity
 67
1
  8
E-TEXTO
100
AcDbText
 10
336.0
 20
238.3
 30
0.0
 40
1.7
  1
Varias barras de un grupo: se indican la menor y la mayor (bordes inclinados). Apoyo = viga (eje) o viga chata VCH.
  7
ARIAL
 41
0.9
 11
336.0
 21
238.3
 31
0.0
100
AcDbText
 73
1
  0
LWPOLYLINE
  5
E5E
330
D27
100
AcDbEntity
 67
1
  8
E-MARCO
370
50
100
AcDbPolyline
 90
4
 70
1
 10
631.0
 20
10.0
 10
831.0
 20
10.0
 10
831.0
 20
72.0
 10
631.0
 20
72.0
  0
LINE
  5
E5F
330
D27
100
AcDbEntity
 67
1
  8
E-MARCO
370
25
100
AcDbLine
 10
631.0
 20
54.0
 30
0.0
 11
831.0
 21
54.0
 31
0.0
  0
LINE
  5
E60
330
D27
100
AcDbEntity
 67
1
  8
E-MARCO
370
25
100
AcDbLine
 10
631.0
 20
40.0
 30
0.0
 11
831.0
 21
40.0
 31
0.0
  0
LINE
  5
E61
330
D27
100
AcDbEntity
 67
1
  8
E-MARCO
370
25
100
AcDbLine
 10
631.0
 20
28.0
 30
0.0
 11
831.0
 21
28.0
 31
0.0
  0
LINE
  5
E62
330
D27
100
AcDbEntity
 67
1
  8
E-MARCO
370
25
100
AcDbLine
 10
781.0
 20
10.0
 30
0.0
 11
781.0
 21
40.0
 31
0.0
  0
LINE
  5
E63
330
D27
100
AcDbEntity
 67
1
  8
E-MARCO
370
25
100
AcDbLine
 10
706.0
 20
10.0
 30
0.0
 11
706.0
 21
28.0
 31
0.0
  0
TEXT
  5
E64
330
D27
100
AcDbEntity
 67
1
  8
E-TEXTO
100
AcDbText
 10
633.0
 20
68.0
 30
0.0
 40
1.8
  1
PROYECTO:
  7
ARIAL
 41
0.9
 11
633.0
 21
68.0
 31
0.0
100
AcDbText
 73
1
  0
TEXT
  5
E65
330
D27
100
AcDbEntity
 67
1
  8
E-TITULO
100
AcDbText
 10
633.0
 20
61.0
 30
0.0
 40
3.6
  1
CASA SAN JERÓNIMO - REDISEÑO ESTRUCTURAL 4 x 3
  7
ARIAL
 41
0.9
 11
633.0
 21
61.0
 31
0.0
100
AcDbText
 73
1
  0
TEXT
  5
E66
330
D27
100
AcDbEntity
 67
1
  8
E-TEXTO
100
AcDbText
 10
633.0
 20
56.0
 30
0.0
 40
2.0
  1
5 niveles (Cimentación -2.00, N1 ±0.00 ... N5 +11.00)
  7
ARIAL
 41
0.9
 11
633.0
 21
56.0
 31
0.0
100
AcDbText
 73
1
  0
TEXT
  5
E67
330
D27
100
AcDbEntity
 67
1
  8
E-TEXTO
100
AcDbText
 10
633.0
 20
49.5
 30
0.0
 40
2.2
  1
ESPECIALIDAD: ESTRUCTURAS
  7
ARIAL
 41
0.9
 11
633.0
 21
49.5
 31
0.0
100
AcDbText
 73
1
  0
TEXT
  5
E68
330
D27
100
AcDbEntity
 67
1
  8
E-TITULO
100
AcDbText
 10
633.0
 20
45.0
 30
0.0
 40
2.6
  1
LOSA ALIGERADA - NIVEL 5 (NPT +11.00)
  7
ARIAL
 41
0.9
 11
633.0
 21
45.0
 31
0.0
100
AcDbText
 73
1
  0
TEXT
  5
E69
330
D27
100
AcDbEntity
 67
1
  8
E-TITULO
100
AcDbText
 10
633.0
 20
41.5
 30
0.0
 40
2.6
  1
PLANTA, CORTES, DETALLE VCH Y CUADRO DE ACERO
  7
ARIAL
 41
0.9
 11
633.0
 21
41.5
 31
0.0
100
AcDbText
 73
1
  0
TEXT
  5
E6A
330
D27
100
AcDbEntity
 67
1
  8
E-TEXTO
100
AcDbText
 10
806.0
 20
36.0
 30
0.0
 40
2.0
  1
LÁMINA
  7
ARIAL
 41
0.9
 72
1
 11
806.0
 21
36.0
 31
0.0
100
AcDbText
 73
1
  0
TEXT
  5
E6B
330
D27
100
AcDbEntity
 67
1
  8
E-TITULO
100
AcDbText
 10
806.0
 20
20.0
 30
0.0
 40
11.0
  1
E-07
  7
ARIAL
 41
0.9
 72
1
 11
806.0
 21
20.0
 31
0.0
100
AcDbText
 73
1
  0
TEXT
  5
E6C
330
D27
100
AcDbEntity
 67
1
  8
E-TEXTO
100
AcDbText
 10
633.0
 20
34.0
 30
0.0
 40
2.0
  1
ESCALA: INDICADA
  7
ARIAL
 41
0.9
 11
633.0
 21
34.0
 31
0.0
100
AcDbText
 73
1
  0
TEXT
  5
E6D
330
D27
100
AcDbEntity
 67
1
  8
E-TEXTO
100
AcDbText
 10
633.0
 20
30.0
 30
0.0
 40
2.0
  1
FECHA: SET. 2026
  7
ARIAL
 41
0.9
 11
633.0
 21
30.0
 31
0.0
100
AcDbText
 73
1
  0
TEXT
  5
E6E
330
D27
100
AcDbEntity
 67
1
  8
E-TEXTO
100
AcDbText
 10
708.0
 20
34.0
 30
0.0
 40
2.0
  1
FUENTE: modelo IFC 'Proyect sj.ifc'
  7
ARIAL
 41
0.9
 11
708.0
 21
34.0
 31
0.0
100
AcDbText
 73
1
  0
TEXT
  5
E6F
330
D27
100
AcDbEntity
 67
1
  8
E-TEXTO
100
AcDbText
 10
708.0
 20
30.0
 30
0.0
 40
2.0
  1
(Revit 2027, IFC4, 26-09-2026)
  7
ARIAL
 41
0.9
 11
708.0
 21
30.0
 31
0.0
100
AcDbText
 73
1
  0
TEXT
  5
E70
330
D27
100
AcDbEntity
 67
1
  8
E-TEXTO
100
AcDbText
 10
633.0
 20
23.0
 30
0.0
 40
1.8
  1
PROFESIONAL RESPONSABLE:
  7
ARIAL
 41
0.9
 11
633.0
 21
23.0
 31
0.0
100
AcDbText
 73
1
  0
TEXT
  5
E71
330
D27
100
AcDbEntity
 67
1
  8
E-TEXTO
100
AcDbText
 10
633.0
 20
14.0
 30
0.0
 40
2.0
  1
_______________________  CIP ______
  7
ARIAL
 41
0.9
 11
633.0
 21
14.0
 31
0.0
100
AcDbText
 73
1
  0
TEXT
  5
E72
330
D27
100
AcDbEntity
 67
1
  8
E-TEXTO
100
AcDbText
 10
708.0
 20
23.0
 30
0.0
 40
1.8
  1
REVISÓ:
  7
ARIAL
 41
0.9
 11
708.0
 21
23.0
 31
0.0
100
AcDbText
 73
1
  0
TEXT
  5
E73
330
D27
100
AcDbEntity
 67
1
  8
E-TEXTO
100
AcDbText
 10
708.0
 20
14.0
 30
0.0
 40
2.0
  1
_______________________
  7
ARIAL
 41
0.9
 11
708.0
 21
14.0
 31
0.0
100
AcDbText
 73
1
  0
ENDBLK
  5
D29
330
D27
100
AcDbEntity
  8
0
100
AcDbBlockEnd
  0
ENDSEC
  0
SECTION
  2
ENTITIES
  0
LINE
  5
A6
330
17
100
AcDbEntity
  8
E-EJES
  6
EJE50
100
AcDbLine
 10
2.519676044985892e-14
 20
-0.95
 30
0.0
 11
2.519676044985892e-14
 21
11.3
 31
0.0
  0
CIRCLE
  5
A7
330
17
100
AcDbEntity
  8
E-EJES-ID
100
AcDbCircle
 10
2.519676044985892e-14
 20
11.55
 30
0.0
 40
0.25
  0
TEXT
  5
A8
330
17
100
AcDbEntity
  8
E-EJES-ID
100
AcDbText
 10
2.519676044985892e-14
 20
11.55
 30
0.0
 40
0.15000000000000002
  1
A-1
  7
ARIAL
 41
0.8
 72
1
 11
2.519676044985892e-14
 21
11.55
 31
0.0
100
AcDbText
 73
2
  0
CIRCLE
  5
A9
330
17
100
AcDbEntity
  8
E-EJES-ID
100
AcDbCircle
 10
2.519676044985892e-14
 20
-1.2
 30
0.0
 40
0.25
  0
TEXT
  5
AA
330
17
100
AcDbEntity
  8
E-EJES-ID
100
AcDbText
 10
2.519676044985892e-14
 20
-1.2
 30
0.0
 40
0.15000000000000002
  1
A-1
  7
ARIAL
 41
0.8
 72
1
 11
2.519676044985892e-14
 21
-1.2
 31
0.0
100
AcDbText
 73
2
  0
LINE
  5
AB
330
17
100
AcDbEntity
  8
E-EJES
  6
EJE50
100
AcDbLine
 10
6.3999999999999595
 20
-0.95
 30
0.0
 11
6.3999999999999595
 21
11.3
 31
0.0
  0
CIRCLE
  5
AC
330
17
100
AcDbEntity
  8
E-EJES-ID
100
AcDbCircle
 10
6.3999999999999595
 20
11.55
 30
0.0
 40
0.25
  0
TEXT
  5
AD
330
17
100
AcDbEntity
  8
E-EJES-ID
100
AcDbText
 10
6.3999999999999595
 20
11.55
 30
0.0
 40
0.15000000000000002
  1
A-2
  7
ARIAL
 41
0.8
 72
1
 11
6.3999999999999595
 21
11.55
 31
0.0
100
AcDbText
 73
2
  0
CIRCLE
  5
AE
330
17
100
AcDbEntity
  8
E-EJES-ID
100
AcDbCircle
 10
6.3999999999999595
 20
-1.2
 30
0.0
 40
0.25
  0
TEXT
  5
AF
330
17
100
AcDbEntity
  8
E-EJES-ID
100
AcDbText
 10
6.3999999999999595
 20
-1.2
 30
0.0
 40
0.15000000000000002
  1
A-2
  7
ARIAL
 41
0.8
 72
1
 11
6.3999999999999595
 21
-1.2
 31
0.0
100
AcDbText
 73
2
  0
LINE
  5
B0
330
17
100
AcDbEntity
  8
E-EJES
  6
EJE50
100
AcDbLine
 10
9.999999999999954
 20
-0.95
 30
0.0
 11
9.999999999999954
 21
11.3
 31
0.0
  0
CIRCLE
  5
B1
330
17
100
AcDbEntity
  8
E-EJES-ID
100
AcDbCircle
 10
9.999999999999954
 20
11.55
 30
0.0
 40
0.25
  0
TEXT
  5
B2
330
17
100
AcDbEntity
  8
E-EJES-ID
100
AcDbText
 10
9.999999999999954
 20
11.55
 30
0.0
 40
0.15000000000000002
  1
A-3
  7
ARIAL
 41
0.8
 72
1
 11
9.999999999999954
 21
11.55
 31
0.0
100
AcDbText
 73
2
  0
CIRCLE
  5
B3
330
17
100
AcDbEntity
  8
E-EJES-ID
100
AcDbCircle
 10
9.999999999999954
 20
-1.2
 30
0.0
 40
0.25
  0
TEXT
  5
B4
330
17
100
AcDbEntity
  8
E-EJES-ID
100
AcDbText
 10
9.999999999999954
 20
-1.2
 30
0.0
 40
0.15000000000000002
  1
A-3
  7
ARIAL
 41
0.8
 72
1
 11
9.999999999999954
 21
-1.2
 31
0.0
100
AcDbText
 73
2
  0
LINE
  5
B5
330
17
100
AcDbEntity
  8
E-EJES
  6
EJE50
100
AcDbLine
 10
3.200000000000016
 20
-0.95
 30
0.0
 11
3.200000000000016
 21
11.3
 31
0.0
  0
CIRCLE
  5
B6
330
17
100
AcDbEntity
  8
E-EJES-ID
100
AcDbCircle
 10
3.200000000000016
 20
11.55
 30
0.0
 40
0.25
  0
TEXT
  5
B7
330
17
100
AcDbEntity
  8
E-EJES-ID
100
AcDbText
 10
3.200000000000016
 20
11.55
 30
0.0
 40
0.15000000000000002
  1
A-4
  7
ARIAL
 41
0.8
 72
1
 11
3.200000000000016
 21
11.55
 31
0.0
100
AcDbText
 73
2
  0
CIRCLE
  5
B8
330
17
100
AcDbEntity
  8
E-EJES-ID
100
AcDbCircle
 10
3.200000000000016
 20
-1.2
 30
0.0
 40
0.25
  0
TEXT
  5
B9
330
17
100
AcDbEntity
  8
E-EJES-ID
100
AcDbText
 10
3.200000000000016
 20
-1.2
 30
0.0
 40
0.15000000000000002
  1
A-4
  7
ARIAL
 41
0.8
 72
1
 11
3.200000000000016
 21
-1.2
 31
0.0
100
AcDbText
 73
2
  0
LINE
  5
BA
330
17
100
AcDbEntity
  8
E-EJES
  6
EJE50
100
AcDbLine
 10
-2.3
 20
10.01495830078157
 30
0.0
 11
11.3
 21
10.01495830078157
 31
0.0
  0
CIRCLE
  5
BB
330
17
100
AcDbEntity
  8
E-EJES-ID
100
AcDbCircle
 10
-2.55
 20
10.01495830078157
 30
0.0
 40
0.25
  0
TEXT
  5
BC
330
17
100
AcDbEntity
  8
E-EJES-ID
100
AcDbText
 10
-2.55
 20
10.01495830078157
 30
0.0
 40
0.15000000000000002
  1
N-1
  7
ARIAL
 41
0.8
 72
1
 11
-2.55
 21
10.01495830078157
 31
0.0
100
AcDbText
 73
2
  0
CIRCLE
  5
BD
330
17
100
AcDbEntity
  8
E-EJES-ID
100
AcDbCircle
 10
11.55
 20
10.01495830078157
 30
0.0
 40
0.25
  0
TEXT
  5
BE
330
17
100
AcDbEntity
  8
E-EJES-ID
100
AcDbText
 10
11.55
 20
10.01495830078157
 30
0.0
 40
0.15000000000000002
  1
N-1
  7
ARIAL
 41
0.8
 72
1
 11
11.55
 21
10.01495830078157
 31
0.0
100
AcDbText
 73
2
  0
LINE
  5
BF
330
17
100
AcDbEntity
  8
E-EJES
  6
EJE50
100
AcDbLine
 10
-2.3
 20
6.264958300781569
 30
0.0
 11
11.3
 21
6.264958300781569
 31
0.0
  0
CIRCLE
  5
C0
330
17
100
AcDbEntity
  8
E-EJES-ID
100
AcDbCircle
 10
-2.55
 20
6.264958300781569
 30
0.0
 40
0.25
  0
TEXT
  5
C1
330
17
100
AcDbEntity
  8
E-EJES-ID
100
AcDbText
 10
-2.55
 20
6.264958300781569
 30
0.0
 40
0.15000000000000002
  1
N-2
  7
ARIAL
 41
0.8
 72
1
 11
-2.55
 21
6.264958300781569
 31
0.0
100
AcDbText
 73
2
  0
CIRCLE
  5
C2
330
17
100
AcDbEntity
  8
E-EJES-ID
100
AcDbCircle
 10
11.55
 20
6.264958300781569
 30
0.0
 40
0.25
  0
TEXT
  5
C3
330
17
100
AcDbEntity
  8
E-EJES-ID
100
AcDbText
 10
11.55
 20
6.264958300781569
 30
0.0
 40
0.15000000000000002
  1
N-2
  7
ARIAL
 41
0.8
 72
1
 11
11.55
 21
6.264958300781569
 31
0.0
100
AcDbText
 73
2
  0
LINE
  5
C4
330
17
100
AcDbEntity
  8
E-EJES
  6
EJE50
100
AcDbLine
 10
-2.3
 20
2.51495830078157
 30
0.0
 11
11.3
 21
2.51495830078157
 31
0.0
  0
CIRCLE
  5
C5
330
17
100
AcDbEntity
  8
E-EJES-ID
100
AcDbCircle
 10
-2.55
 20
2.51495830078157
 30
0.0
 40
0.25
  0
TEXT
  5
C6
330
17
100
AcDbEntity
  8
E-EJES-ID
100
AcDbText
 10
-2.55
 20
2.51495830078157
 30
0.0
 40
0.15000000000000002
  1
N-3
  7
ARIAL
 41
0.8
 72
1
 11
-2.55
 21
2.51495830078157
 31
0.0
100
AcDbText
 73
2
  0
CIRCLE
  5
C7
330
17
100
AcDbEntity
  8
E-EJES-ID
100
AcDbCircle
 10
11.55
 20
2.51495830078157
 30
0.0
 40
0.25
  0
TEXT
  5
C8
330
17
100
AcDbEntity
  8
E-EJES-ID
100
AcDbText
 10
11.55
 20
2.51495830078157
 30
0.0
 40
0.15000000000000002
  1
N-3
  7
ARIAL
 41
0.8
 72
1
 11
11.55
 21
2.51495830078157
 31
0.0
100
AcDbText
 73
2
  0
LINE
  5
C9
330
17
100
AcDbEntity
  8
E-EJES
  6
EJE50
100
AcDbLine
 10
-2.3
 20
3.8581546245602195e-16
 30
0.0
 11
11.3
 21
3.8581546245602195e-16
 31
0.0
  0
CIRCLE
  5
CA
330
17
100
AcDbEntity
  8
E-EJES-ID
100
AcDbCircle
 10
-2.55
 20
3.8581546245602195e-16
 30
0.0
 40
0.25
  0
TEXT
  5
CB
330
17
100
AcDbEntity
  8
E-EJES-ID
100
AcDbText
 10
-2.55
 20
3.8581546245602195e-16
 30
0.0
 40
0.15000000000000002
  1
N-4
  7
ARIAL
 41
0.8
 72
1
 11
-2.55
 21
3.8581546245602195e-16
 31
0.0
100
AcDbText
 73
2
  0
CIRCLE
  5
CC
330
17
100
AcDbEntity
  8
E-EJES-ID
100
AcDbCircle
 10
11.55
 20
3.8581546245602195e-16
 30
0.0
 40
0.25
  0
TEXT
  5
CD
330
17
100
AcDbEntity
  8
E-EJES-ID
100
AcDbText
 10
11.55
 20
3.8581546245602195e-16
 30
0.0
 40
0.15000000000000002
  1
N-4
  7
ARIAL
 41
0.8
 72
1
 11
11.55
 21
3.8581546245602195e-16
 31
0.0
100
AcDbText
 73
2
  0
HATCH
  5
CE
330
17
100
AcDbEntity
  8
E-COLUMNA-ACH
100
AcDbHatch
 10
0.0
 20
0.0
 30
0.0
210
0.0
220
0.0
230
1.0
  2
SOLID
 70
1
 71
0
 91
1
 92
3
 72
0
 73
1
 93
4
 10
6.0999999189912915
 20
9.864958773169882
 10
6.0999999156426625
 20
10.164957989188467
 10
6.699999797991492
 20
10.164957989678156
 10
6.6999997982550425
 20
9.864958774117197
 97
0
 75
0
 76
1
 98
0
  0
LWPOLYLINE
  5
CF
330
17
100
AcDbEntity
  8
E-COLUMNA
100
AcDbPolyline
 90
5
 70
0
 10
6.0999999189912915
 20
9.864958773169882
 10
6.0999999156426625
 20
10.164957989188467
 10
6.699999797991492
 20
10.164957989678156
 10
6.6999997982550425
 20
9.864958774117197
 10
6.0999999189912915
 20
9.864958773169882
  0
HATCH
  5
D0
330
17
100
AcDbEntity
  8
E-COLUMNA-ACH
100
AcDbHatch
 10
0.0
 20
0.0
 30
0.0
210
0.0
220
0.0
230
1.0
  2
SOLID
 70
1
 71
0
 91
1
 92
3
 72
0
 73
1
 93
4
 10
-0.14999999496580932
 20
5.964958201928103
 10
-0.14999999545551457
 20
6.564958084276886
 10
0.14999999496580932
 20
6.564958084540403
 10
0.14999999545551457
 20
5.96495820219162
 97
0
 75
0
 76
1
 98
0
  0
LWPOLYLINE
  5
D1
330
17
100
AcDbEntity
  8
E-COLUMNA
100
AcDbPolyline
 90
5
 70
0
 10
-0.14999999496580932
 20
5.964958201928103
 10
-0.14999999545551457
 20
6.564958084276886
 10
0.14999999496580932
 20
6.564958084540403
 10
0.14999999545551457
 20
5.96495820219162
 10
-0.14999999496580932
 20
5.964958201928103
  0
HATCH
  5
D2
330
17
100
AcDbEntity
  8
E-COLUMNA-ACH
100
AcDbHatch
 10
0.0
 20
0.0
 30
0.0
210
0.0
220
0.0
230
1.0
  2
SOLID
 70
1
 71
0
 91
1
 92
3
 72
0
 73
1
 93
4
 10
6.2500000109946585
 20
5.964958201928112
 10
6.25000001050495
 20
6.564958084276885
 10
6.550000179740205
 20
6.564958084540394
 10
6.5500001802299135
 20
5.964958202191621
 97
0
 75
0
 76
1
 98
0
  0
LWPOLYLINE
  5
D3
330
17
100
AcDbEntity
  8
E-COLUMNA
100
AcDbPolyline
 90
5
 70
0
 10
6.2500000109946585
 20
5.964958201928112
 10
6.25000001050495
 20
6.564958084276885
 10
6.550000179740205
 20
6.564958084540394
 10
6.5500001802299135
 20
5.964958202191621
 10
6.2500000109946585
 20
5.964958201928112
  0
HATCH
  5
D4
330
17
100
AcDbEntity
  8
E-COLUMNA-ACH
100
AcDbHatch
 10
0.0
 20
0.0
 30
0.0
210
0.0
220
0.0
230
1.0
  2
SOLID
 70
1
 71
0
 91
1
 92
3
 72
0
 73
1
 93
4
 10
9.850000392464365
 20
5.964958201928062
 10
9.850000391974678
 20
6.564958084276894
 10
10.149999607535635
 20
6.564958084540444
 10
10.149999608025322
 20
5.964958202191612
 97
0
 75
0
 76
1
 98
0
  0
LWPOLYLINE
  5
D5
330
17
100
AcDbEntity
  8
E-COLUMNA
100
AcDbPolyline
 90
5
 70
0
 10
9.850000392464365
 20
5.964958201928062
 10
9.850000391974678
 20
6.564958084276894
 10
10.149999607535635
 20
6.564958084540444
 10
10.149999608025322
 20
5.964958202191612
 10
9.850000392464365
 20
5.964958201928062
  0
HATCH
  5
D6
330
17
100
AcDbEntity
  8
E-COLUMNA-ACH
100
AcDbHatch
 10
0.0
 20
0.0
 30
0.0
210
0.0
220
0.0
230
1.0
  2
SOLID
 70
1
 71
0
 91
1
 92
3
 72
0
 73
1
 93
4
 10
6.099999914638712
 20
2.3649582939814673
 10
6.099999915642699
 20
2.6649582276070305
 10
6.699999799258974
 20
2.664958230905556
 10
6.699999798255006
 20
2.3649582972800545
 97
0
 75
0
 76
1
 98
0
  0
LWPOLYLINE
  5
D7
330
17
100
AcDbEntity
  8
E-COLUMNA
100
AcDbPolyline
 90
5
 70
0
 10
6.099999914638712
 20
2.3649582939814673
 10
6.099999915642699
 20
2.6649582276070305
 10
6.699999799258974
 20
2.664958230905556
 10
6.699999798255006
 20
2.3649582972800545
 10
6.099999914638712
 20
2.3649582939814673
  0
HATCH
  5
D8
330
17
100
AcDbEntity
  8
E-COLUMNA-ACH
100
AcDbHatch
 10
0.0
 20
0.0
 30
0.0
210
0.0
220
0.0
230
1.0
  2
SOLID
 70
1
 71
0
 91
1
 92
3
 72
0
 73
1
 93
4
 10
6.099999915642702
 20
0.14995828661562816
 10
6.699999797769897
 20
0.14995828611504305
 10
6.6999997982550035
 20
-0.15004168841483012
 10
6.099999916127808
 20
-0.15004168791424502
 97
0
 75
0
 76
1
 98
0
  0
LWPOLYLINE
  5
D9
330
17
100
AcDbEntity
  8
E-COLUMNA
100
AcDbPolyline
 90
5
 70
0
 10
6.099999915642702
 20
0.14995828661562816
 10
6.699999797769897
 20
0.14995828611504305
 10
6.6999997982550035
 20
-0.15004168841483012
 10
6.099999916127808
 20
-0.15004168791424502
 10
6.099999915642702
 20
0.14995828661562816
  0
HATCH
  5
DA
330
17
100
AcDbEntity
  8
E-COLUMNA-ACH
100
AcDbHatch
 10
0.0
 20
0.0
 30
0.0
210
0.0
220
0.0
230
1.0
  2
SOLID
 70
1
 71
0
 91
1
 92
3
 72
0
 73
1
 93
4
 10
9.550000201745009
 20
0.14995828661562294
 10
10.149999607035033
 20
0.1499582861150431
 10
10.149999607520128
 20
-0.1500416884148249
 10
9.550000202230104
 20
-0.15004168791424508
 97
0
 75
0
 76
1
 98
0
  0
LWPOLYLINE
  5
DB
330
17
100
AcDbEntity
  8
E-COLUMNA
100
AcDbPolyline
 90
5
 70
0
 10
9.550000201745009
 20
0.14995828661562294
 10
10.149999607035033
 20
0.1499582861150431
 10
10.149999607520128
 20
-0.1500416884148249
 10
9.550000202230104
 20
-0.15004168791424508
 10
9.550000201745009
 20
0.14995828661562294
  0
HATCH
  5
DC
330
17
100
AcDbEntity
  8
E-COLUMNA-ACH
100
AcDbHatch
 10
0.0
 20
0.0
 30
0.0
210
0.0
220
0.0
230
1.0
  2
SOLID
 70
1
 71
0
 91
1
 92
3
 72
0
 73
1
 93
4
 10
2.900000109726178
 20
9.86495877316988
 10
2.9000001063775254
 20
10.164957989188467
 10
3.4999999887263558
 20
10.164957989678152
 10
3.4999999889899063
 20
9.864958774117197
 97
0
 75
0
 76
1
 98
0
  0
LWPOLYLINE
  5
DD
330
17
100
AcDbEntity
  8
E-COLUMNA
100
AcDbPolyline
 90
5
 70
0
 10
2.900000109726178
 20
9.86495877316988
 10
2.9000001063775254
 20
10.164957989188467
 10
3.4999999887263558
 20
10.164957989678152
 10
3.4999999889899063
 20
9.864958774117197
 10
2.900000109726178
 20
9.86495877316988
  0
HATCH
  5
DE
330
17
100
AcDbEntity
  8
E-COLUMNA-ACH
100
AcDbHatch
 10
0.0
 20
0.0
 30
0.0
210
0.0
220
0.0
230
1.0
  2
SOLID
 70
1
 71
0
 91
1
 92
3
 72
0
 73
1
 93
4
 10
3.0499999633109383
 20
5.9649582019281
 10
3.049999962821234
 20
6.564958084276887
 10
3.3499998936379143
 20
6.564958084540406
 10
3.3499998941276186
 20
5.964958202191619
 97
0
 75
0
 76
1
 98
0
  0
LWPOLYLINE
  5
DF
330
17
100
AcDbEntity
  8
E-COLUMNA
100
AcDbPolyline
 90
5
 70
0
 10
3.0499999633109383
 20
5.9649582019281
 10
3.049999962821234
 20
6.564958084276887
 10
3.3499998936379143
 20
6.564958084540406
 10
3.3499998941276186
 20
5.964958202191619
 10
3.0499999633109383
 20
5.9649582019281
  0
HATCH
  5
E0
330
17
100
AcDbEntity
  8
E-COLUMNA-ACH
100
AcDbHatch
 10
0.0
 20
0.0
 30
0.0
210
0.0
220
0.0
230
1.0
  2
SOLID
 70
1
 71
0
 91
1
 92
3
 72
0
 73
1
 93
4
 10
2.9000001097252395
 20
2.3649582963328593
 10
2.9000001063775622
 20
2.6649582276070305
 10
3.4999999887263495
 20
2.6649582280967343
 10
3.4999999889898694
 20
2.3649582972800545
 97
0
 75
0
 76
1
 98
0
  0
LWPOLYLINE
  5
E1
330
17
100
AcDbEntity
  8
E-COLUMNA
100
AcDbPolyline
 90
5
 70
0
 10
2.9000001097252395
 20
2.3649582963328593
 10
2.9000001063775622
 20
2.6649582276070305
 10
3.4999999887263495
 20
2.6649582280967343
 10
3.4999999889898694
 20
2.3649582972800545
 10
2.9000001097252395
 20
2.3649582963328593
  0
HATCH
  5
E2
330
17
100
AcDbEntity
  8
E-COLUMNA-ACH
100
AcDbHatch
 10
0.0
 20
0.0
 30
0.0
210
0.0
220
0.0
230
1.0
  2
SOLID
 70
1
 71
0
 91
1
 92
3
 72
0
 73
1
 93
6
 10
-0.14999999446520118
 20
10.16495798868789
 10
0.44999997658384433
 20
10.164957988687853
 10
0.4499999765838313
 20
9.864958774617799
 10
0.15000293489265262
 20
9.86495583419037
 10
0.1499999944652247
 20
9.564958583882936
 10
-0.14999999446523005
 20
9.564958583882941
 97
0
 75
0
 76
1
 98
0
  0
LWPOLYLINE
  5
E3
330
17
100
AcDbEntity
  8
E-COLUMNA
100
AcDbPolyline
 90
7
 70
0
 10
-0.14999999446520118
 20
10.16495798868789
 10
0.44999997658384433
 20
10.164957988687853
 10
0.4499999765838313
 20
9.864958774617799
 10
0.15000293489265262
 20
9.86495583419037
 10
0.1499999944652247
 20
9.564958583882936
 10
-0.14999999446523005
 20
9.564958583882941
 10
-0.14999999446520118
 20
10.16495798868789
  0
HATCH
  5
E4
330
17
100
AcDbEntity
  8
E-COLUMNA-ACH
100
AcDbHatch
 10
0.0
 20
0.0
 30
0.0
210
0.0
220
0.0
230
1.0
  2
SOLID
 70
1
 71
0
 91
1
 92
3
 72
0
 73
1
 93
6
 10
9.550000202230132
 20
10.164957988687894
 10
10.149999607035033
 20
10.164957988687865
 10
10.149999607035028
 20
9.56495858388292
 10
9.850000392964967
 20
9.564958583882936
 10
9.849997452537538
 20
9.86495583419037
 10
9.550000202230104
 20
9.864958774617799
 97
0
 75
0
 76
1
 98
0
  0
LWPOLYLINE
  5
E5
330
17
100
AcDbEntity
  8
E-COLUMNA
100
AcDbPolyline
 90
7
 70
0
 10
9.550000202230132
 20
10.164957988687894
 10
10.149999607035033
 20
10.164957988687865
 10
10.149999607035028
 20
9.56495858388292
 10
9.850000392964967
 20
9.564958583882936
 10
9.849997452537538
 20
9.86495583419037
 10
9.550000202230104
 20
9.864958774617799
 10
9.550000202230132
 20
10.164957988687894
  0
HATCH
  5
E6
330
17
100
AcDbEntity
  8
E-COLUMNA-ACH
100
AcDbHatch
 10
0.0
 20
0.0
 30
0.0
210
0.0
220
0.0
230
1.0
  2
SOLID
 70
1
 71
0
 91
1
 92
3
 72
0
 73
1
 93
6
 10
-0.1499999944652229
 20
2.9649581794227307
 10
0.1499999944652247
 20
2.964958179422729
 10
0.15000293489265262
 20
2.664961167533873
 10
0.4499999765838313
 20
2.6649582271064447
 10
0.44999997658383034
 20
2.3649582977806394
 10
-0.14999999446522083
 20
2.3649582977805403
 97
0
 75
0
 76
1
 98
0
  0
LWPOLYLINE
  5
E7
330
17
100
AcDbEntity
  8
E-COLUMNA
100
AcDbPolyline
 90
7
 70
0
 10
-0.1499999944652229
 20
2.9649581794227307
 10
0.1499999944652247
 20
2.964958179422729
 10
0.15000293489265262
 20
2.664961167533873
 10
0.4499999765838313
 20
2.6649582271064447
 10
0.44999997658383034
 20
2.3649582977806394
 10
-0.14999999446522083
 20
2.3649582977805403
 10
-0.1499999944652229
 20
2.9649581794227307
  0
HATCH
  5
E8
330
17
100
AcDbEntity
  8
E-COLUMNA-ACH
100
AcDbHatch
 10
0.0
 20
0.0
 30
0.0
210
0.0
220
0.0
230
1.0
  2
SOLID
 70
1
 71
0
 91
1
 92
3
 72
0
 73
1
 93
6
 10
9.5500002022301
 20
2.3649582977806443
 10
9.550000202230104
 20
2.6649582271064447
 10
9.849997452537538
 20
2.664961167533873
 10
9.850000392964967
 20
2.964958179422729
 10
10.149999607035054
 20
2.964958179422707
 10
10.149999607035022
 20
2.364958297780628
 97
0
 75
0
 76
1
 98
0
  0
LWPOLYLINE
  5
E9
330
17
100
AcDbEntity
  8
E-COLUMNA
100
AcDbPolyline
 90
7
 70
0
 10
9.5500002022301
 20
2.3649582977806443
 10
9.550000202230104
 20
2.6649582271064447
 10
9.849997452537538
 20
2.664961167533873
 10
9.850000392964967
 20
2.964958179422729
 10
10.149999607035054
 20
2.964958179422707
 10
10.149999607035022
 20
2.364958297780628
 10
9.5500002022301
 20
2.3649582977806443
  0
LWPOLYLINE
  5
EA
330
17
100
AcDbEntity
  8
E-OCULTO
  6
OCULTA50
100
AcDbPolyline
 90
2
 70
0
 10
2.898000109726178
 20
9.864958774579726
 10
0.45199997658209445
 20
9.864958774582444
  0
LWPOLYLINE
  5
EB
330
17
100
AcDbEntity
  8
E-OCULTO
  6
OCULTA50
100
AcDbPolyline
 90
2
 70
0
 10
6.097999918991292
 20
9.864958774508388
 10
3.501999988989906
 20
9.864958774207022
  0
LWPOLYLINE
  5
EC
330
17
100
AcDbEntity
  8
E-OCULTO
  6
OCULTA50
100
AcDbPolyline
 90
2
 70
0
 10
9.54800020231498
 20
9.864958772890047
 10
6.701999797715161
 20
9.864958763129417
  0
LWPOLYLINE
  5
ED
330
17
100
AcDbEntity
  8
E-OCULTO
  6
OCULTA50
100
AcDbPolyline
 90
2
 70
0
 10
3.0479999631885124
 20
6.114958297742566
 10
0.15199999533308817
 20
6.114958297745785
  0
LWPOLYLINE
  5
EE
330
17
100
AcDbEntity
  8
E-OCULTO
  6
OCULTA50
100
AcDbPolyline
 90
2
 70
0
 10
0.15199999508823533
 20
6.414958465563099
 10
3.04799996294366
 20
6.414958465559879
  0
LWPOLYLINE
  5
EF
330
17
100
AcDbEntity
  8
E-OCULTO
  6
OCULTA50
100
AcDbPolyline
 90
2
 70
0
 10
6.248000010872231
 20
6.114958297742565
 10
3.3519998940051923
 20
6.114958297745786
  0
LWPOLYLINE
  5
F0
330
17
100
AcDbEntity
  8
E-OCULTO
  6
OCULTA50
100
AcDbPolyline
 90
2
 70
0
 10
3.3519998937603397
 20
6.414958465563098
 10
6.2480000106273765
 20
6.414958465559879
  0
LWPOLYLINE
  5
F1
330
17
100
AcDbEntity
  8
E-OCULTO
  6
OCULTA50
100
AcDbPolyline
 90
2
 70
0
 10
9.848000392341943
 20
6.114958297603182
 10
6.552000180107486
 20
6.114958297785747
  0
LWPOLYLINE
  5
F2
330
17
100
AcDbEntity
  8
E-OCULTO
  6
OCULTA50
100
AcDbPolyline
 90
2
 70
0
 10
6.552000179862631
 20
6.414958465702482
 10
9.848000392097099
 20
6.414958465519917
  0
LWPOLYLINE
  5
F3
330
17
100
AcDbEntity
  8
E-OCULTO
  6
OCULTA50
100
AcDbPolyline
 90
2
 70
0
 10
2.8980001097252397
 20
2.364958297742567
 10
0.4519999765820935
 20
2.364958297745285
  0
LWPOLYLINE
  5
F4
330
17
100
AcDbEntity
  8
E-OCULTO
  6
OCULTA50
100
AcDbPolyline
 90
2
 70
0
 10
0.45199997658198543
 20
2.6649582271440178
 10
2.8980001063775624
 20
2.6649582271413
  0
LWPOLYLINE
  5
F5
330
17
100
AcDbEntity
  8
E-OCULTO
  6
OCULTA50
100
AcDbPolyline
 90
2
 70
0
 10
6.096005515558622
 20
2.3649582976709933
 10
3.501999988989869
 20
2.364958297369848
  0
LWPOLYLINE
  5
F6
330
17
100
AcDbEntity
  8
E-OCULTO
  6
OCULTA50
100
AcDbPolyline
 90
2
 70
0
 10
3.5019999887263493
 20
2.6649582272158594
 10
6.097999915642699
 20
2.6649582275172374
  0
LWPOLYLINE
  5
F7
330
17
100
AcDbEntity
  8
E-OCULTO
  6
OCULTA50
100
AcDbPolyline
 90
2
 70
0
 10
9.548000202266122
 20
2.3649582970473912
 10
6.701999798072019
 20
2.364958293548581
  0
LWPOLYLINE
  5
F8
330
17
100
AcDbEntity
  8
E-OCULTO
  6
OCULTA50
100
AcDbPolyline
 90
2
 70
0
 10
6.7019997992589735
 20
2.664958227285193
 10
9.548000202321186
 20
2.6649582289605003
  0
LWPOLYLINE
  5
F9
330
17
100
AcDbEntity
  8
E-OCULTO
  6
OCULTA50
100
AcDbPolyline
 90
2
 70
0
 10
0.15000000529741028
 20
9.562958584415084
 10
0.14999999871955874
 20
6.566958084355907
  0
LWPOLYLINE
  5
FA
330
17
100
AcDbEntity
  8
E-OCULTO
  6
OCULTA50
100
AcDbPolyline
 90
2
 70
0
 10
-0.14999998732850758
 20
6.5669580842768855
 10
-0.1500000035179946
 20
9.562958584327674
  0
LWPOLYLINE
  5
FB
330
17
100
AcDbEntity
  8
E-OCULTO
  6
OCULTA50
100
AcDbPolyline
 90
2
 70
0
 10
-0.14999999616184406
 20
2.9669581793393807
 10
-0.14999999856203822
 20
5.96295820210486
  0
LWPOLYLINE
  5
FC
330
17
100
AcDbEntity
  8
E-OCULTO
  6
OCULTA50
100
AcDbPolyline
 90
2
 70
0
 10
0.14999999873512543
 20
5.962958202352651
 10
0.1500000052988361
 20
2.966958178890511
  0
LWPOLYLINE
  5
FD
330
17
100
AcDbEntity
  8
E-OCULTO
  6
OCULTA50
100
AcDbPolyline
 90
2
 70
0
 10
-0.1499999945205577
 20
0.9182514718530937
 10
-0.14999999567795988
 20
2.3629582978401187
  0
LWPOLYLINE
  5
FE
330
17
100
AcDbEntity
  8
E-OCULTO
  6
OCULTA50
100
AcDbPolyline
 90
2
 70
0
 10
0.14999999446523885
 20
2.3629582977805903
 10
0.1499999944758113
 20
0.8689582950486265
  0
LWPOLYLINE
  5
FF
330
17
100
AcDbEntity
  8
E-OCULTO
  6
OCULTA50
100
AcDbPolyline
 90
2
 70
0
 10
3.3499998933147888
 20
9.862958773880367
 10
3.3499998931322237
 20
6.566958084540405
  0
LWPOLYLINE
  5
100
330
17
100
AcDbEntity
  8
E-OCULTO
  6
OCULTA50
100
AcDbPolyline
 90
2
 70
0
 10
3.049999963634064
 20
6.566958084276886
 10
3.049999963816629
 20
9.862958773406708
  0
LWPOLYLINE
  5
101
330
17
100
AcDbEntity
  8
E-OCULTO
  6
OCULTA50
100
AcDbPolyline
 90
2
 70
0
 10
3.349999893314788
 20
5.962958202191619
 10
3.3499998931322237
 20
2.666958227974308
  0
LWPOLYLINE
  5
102
330
17
100
AcDbEntity
  8
E-OCULTO
  6
OCULTA50
100
AcDbPolyline
 90
2
 70
0
 10
3.0499999636340647
 20
2.6669582277294563
 10
3.049999963816629
 20
5.9629582019281
  0
LWPOLYLINE
  5
103
330
17
100
AcDbEntity
  8
E-OCULTO
  6
OCULTA50
100
AcDbPolyline
 90
2
 70
0
 10
6.550000179417082
 20
9.862958773880369
 10
6.550000179234518
 20
6.566958084540394
  0
LWPOLYLINE
  5
104
330
17
100
AcDbEntity
  8
E-OCULTO
  6
OCULTA50
100
AcDbPolyline
 90
2
 70
0
 10
6.250000011317781
 20
6.566958084276885
 10
6.250000011500346
 20
9.86295877340671
  0
LWPOLYLINE
  5
105
330
17
100
AcDbEntity
  8
E-OCULTO
  6
OCULTA50
100
AcDbPolyline
 90
2
 70
0
 10
6.550000179417082
 20
5.962958202191621
 10
6.550000179234518
 20
2.6669582300809265
  0
LWPOLYLINE
  5
106
330
17
100
AcDbEntity
  8
E-OCULTO
  6
OCULTA50
100
AcDbPolyline
 90
2
 70
0
 10
6.250000011317781
 20
2.666958228431662
 10
6.250000011500346
 20
5.962958201928112
  0
LWPOLYLINE
  5
107
330
17
100
AcDbEntity
  8
E-OCULTO
  6
OCULTA50
100
AcDbPolyline
 90
2
 70
0
 10
9.8500004001081
 20
6.5669580842768935
 10
9.850000393619068
 20
9.562958583882935
  0
LWPOLYLINE
  5
108
330
17
100
AcDbEntity
  8
E-OCULTO
  6
OCULTA50
100
AcDbPolyline
 90
2
 70
0
 10
9.850000392576035
 20
2.9669581794036217
 10
9.85000038871762
 20
5.9629582021122145
  0
LWPOLYLINE
  5
109
330
17
100
AcDbEntity
  8
E-OCULTO
  6
OCULTA50
100
AcDbPolyline
 90
2
 70
0
 10
6.550000181598091
 20
2.36295829645541
 10
6.550000181583869
 20
0.15195828624018903
  0
LWPOLYLINE
  5
10A
330
17
100
AcDbEntity
  8
E-OCULTO
  6
OCULTA50
100
AcDbPolyline
 90
2
 70
0
 10
6.250000009136772
 20
0.1519582864904818
 10
6.250000009150995
 20
2.362958294806115
  0
LWPOLYLINE
  5
10B
330
17
100
AcDbEntity
  8
E-OCULTO
  6
OCULTA50
100
AcDbPolyline
 90
2
 70
0
 10
10.149999607170393
 20
2.3629582977872783
 10
10.149999609138954
 20
0.15195828601176609
  0
LWPOLYLINE
  5
10C
330
17
100
AcDbEntity
  8
E-OCULTO
  6
OCULTA50
100
AcDbPolyline
 90
2
 70
0
 10
9.850000391785109
 20
0.15195828636533262
 10
9.850000392963901
 20
2.362958297780636
  0
LWPOLYLINE
  5
10D
330
17
100
AcDbEntity
  8
E-OCULTO
  6
OCULTA50
100
AcDbPolyline
 90
2
 70
0
 10
9.548000202232497
 20
-0.1500416879662326
 10
6.701999798255003
 20
-0.15004168796184283
  0
LWPOLYLINE
  5
10E
330
17
100
AcDbEntity
  8
E-OCULTO
  6
OCULTA50
100
AcDbPolyline
 90
2
 70
0
 10
6.701999797767502
 20
0.14995828616703283
 10
9.548000201745008
 20
0.14995828616573484
  0
LWPOLYLINE
  5
10F
330
17
100
AcDbEntity
  8
E-CORTE
100
AcDbPolyline
 90
7
 70
0
 10
-0.8500000052298083
 20
10.164957752908748
 10
10.149999607111337
 20
10.164957988729537
 10
10.149999607035033
 20
2.514958393148072
 10
6.100006077798244
 20
2.514957620448157
 10
6.099999893137329
 20
0.8649582977806403
 10
-0.14999999462078104
 20
0.864958294910878
 10
-0.8500000052298083
 20
10.164957752908748
  0
LWPOLYLINE
  5
110
330
17
100
AcDbEntity
  8
E-OCULTO
  6
OCULTA50
100
AcDbPolyline
 90
2
 70
0
 10
-0.3983870946298011
 20
4.164958095550537
 10
-0.1499999971216012
 20
4.164958095550537
  0
LWPOLYLINE
  5
111
330
17
100
AcDbEntity
  8
E-OCULTO
  6
OCULTA50
100
AcDbPolyline
 90
2
 70
0
 10
0.15000000267422836
 20
4.164958095550537
 10
3.0499999637170383
 20
4.164958095550537
  0
LWPOLYLINE
  5
112
330
17
100
AcDbEntity
  8
E-OCULTO
  6
OCULTA50
100
AcDbPolyline
 90
2
 70
0
 10
3.3499998932151973
 20
4.164958095550537
 10
6.250000011400755
 20
4.164958095550537
  0
LWPOLYLINE
  5
113
330
17
100
AcDbEntity
  8
E-OCULTO
  6
OCULTA50
100
AcDbPolyline
 90
2
 70
0
 10
6.550000179317491
 20
4.164958095550537
 10
9.850000391033184
 20
4.164958095550537
  0
LWPOLYLINE
  5
114
330
17
100
AcDbEntity
  8
E-OCULTO
  6
OCULTA50
100
AcDbPolyline
 90
2
 70
0
 10
-0.4209677414493137
 20
4.4649580955505375
 10
-0.14999999736194106
 20
4.4649580955505375
  0
LWPOLYLINE
  5
115
330
17
100
AcDbEntity
  8
E-OCULTO
  6
OCULTA50
100
AcDbPolyline
 90
2
 70
0
 10
0.15000000201698097
 20
4.4649580955505375
 10
3.0499999637336552
 20
4.4649580955505375
  0
LWPOLYLINE
  5
116
330
17
100
AcDbEntity
  8
E-OCULTO
  6
OCULTA50
100
AcDbPolyline
 90
2
 70
0
 10
3.3499998932318142
 20
4.4649580955505375
 10
6.250000011417372
 20
4.4649580955505375
  0
LWPOLYLINE
  5
117
330
17
100
AcDbEntity
  8
E-OCULTO
  6
OCULTA50
100
AcDbPolyline
 90
2
 70
0
 10
6.550000179334108
 20
4.4649580955505375
 10
9.850000390646827
 20
4.4649580955505375
  0
LWPOLYLINE
  5
118
330
17
100
AcDbEntity
  8
E-OCULTO
  6
OCULTA50
100
AcDbPolyline
 90
2
 70
0
 10
-0.6919355104616588
 20
8.064958190917968
 10
-0.14999999542325032
 20
8.064958190917968
  0
LWPOLYLINE
  5
119
330
17
100
AcDbEntity
  8
E-OCULTO
  6
OCULTA50
100
AcDbPolyline
 90
2
 70
0
 10
0.15000000200848418
 20
8.064958190917968
 10
3.049999963717038
 20
8.064958190917968
  0
LWPOLYLINE
  5
11A
330
17
100
AcDbEntity
  8
E-OCULTO
  6
OCULTA50
100
AcDbPolyline
 90
2
 70
0
 10
3.3499998932151978
 20
8.064958190917968
 10
6.250000011400755
 20
8.064958190917968
  0
LWPOLYLINE
  5
11B
330
17
100
AcDbEntity
  8
E-OCULTO
  6
OCULTA50
100
AcDbPolyline
 90
2
 70
0
 10
6.550000179317491
 20
8.064958190917968
 10
9.850000396863583
 20
8.064958190917968
  0
LWPOLYLINE
  5
11C
330
17
100
AcDbEntity
  8
E-OCULTO
  6
OCULTA50
100
AcDbPolyline
 90
2
 70
0
 10
-0.7145161572811713
 20
8.364958190917969
 10
-0.14999999704436023
 20
8.364958190917969
  0
LWPOLYLINE
  5
11D
330
17
100
AcDbEntity
  8
E-OCULTO
  6
OCULTA50
100
AcDbPolyline
 90
2
 70
0
 10
0.15000000266714744
 20
8.364958190917969
 10
3.049999963733655
 20
8.364958190917969
  0
LWPOLYLINE
  5
11E
330
17
100
AcDbEntity
  8
E-OCULTO
  6
OCULTA50
100
AcDbPolyline
 90
2
 70
0
 10
3.3499998932318147
 20
8.364958190917969
 10
6.250000011417372
 20
8.364958190917969
  0
LWPOLYLINE
  5
11F
330
17
100
AcDbEntity
  8
E-OCULTO
  6
OCULTA50
100
AcDbPolyline
 90
2
 70
0
 10
6.550000179334108
 20
8.364958190917969
 10
9.850000396213815
 20
8.364958190917969
  0
LWPOLYLINE
  5
120
330
17
100
AcDbEntity
  8
E-PROYECCION
100
AcDbPolyline
 90
2
 70
0
 10
-0.44731498350399
 20
4.765000000000001
 10
-0.14999999764237115
 20
4.765000000000001
  0
LWPOLYLINE
  5
121
330
17
100
AcDbEntity
  8
E-PROYECCION
100
AcDbPolyline
 90
2
 70
0
 10
-0.44731498350399
 20
4.865
 10
-0.14999999764237115
 20
4.865
  0
LWPOLYLINE
  5
122
330
17
100
AcDbEntity
  8
E-PROYECCION
100
AcDbPolyline
 90
2
 70
0
 10
0.15000000125010055
 20
4.765000000000001
 10
3.049999963753044
 20
4.765000000000001
  0
LWPOLYLINE
  5
123
330
17
100
AcDbEntity
  8
E-PROYECCION
100
AcDbPolyline
 90
2
 70
0
 10
0.15000000125010055
 20
4.865
 10
3.049999963753044
 20
4.865
  0
LWPOLYLINE
  5
124
330
17
100
AcDbEntity
  8
E-PROYECCION
100
AcDbPolyline
 90
2
 70
0
 10
3.349999893251203
 20
4.765000000000001
 10
6.250000011436761
 20
4.765000000000001
  0
LWPOLYLINE
  5
125
330
17
100
AcDbEntity
  8
E-PROYECCION
100
AcDbPolyline
 90
2
 70
0
 10
3.349999893251203
 20
4.865
 10
6.250000011436761
 20
4.865
  0
LWPOLYLINE
  5
126
330
17
100
AcDbEntity
  8
E-PROYECCION
100
AcDbPolyline
 90
2
 70
0
 10
6.550000179353497
 20
4.765000000000001
 10
9.850000390196023
 20
4.765000000000001
  0
LWPOLYLINE
  5
127
330
17
100
AcDbEntity
  8
E-PROYECCION
100
AcDbPolyline
 90
2
 70
0
 10
6.550000179353497
 20
4.865
 10
9.850000390196023
 20
4.865
  0
LWPOLYLINE
  5
128
330
17
100
AcDbEntity
  8
E-PROYECCION
100
AcDbPolyline
 90
2
 70
0
 10
-0.4774225125966734
 20
5.165
 10
-0.1499999979628243
 20
5.165
  0
LWPOLYLINE
  5
129
330
17
100
AcDbEntity
  8
E-PROYECCION
100
AcDbPolyline
 90
2
 70
0
 10
-0.4774225125966734
 20
5.265
 10
-0.1499999979628243
 20
5.265
  0
LWPOLYLINE
  5
12A
330
17
100
AcDbEntity
  8
E-PROYECCION
100
AcDbPolyline
 90
2
 70
0
 10
0.15000000037377068
 20
5.165
 10
3.0499999637751998
 20
5.165
  0
LWPOLYLINE
  5
12B
330
17
100
AcDbEntity
  8
E-PROYECCION
100
AcDbPolyline
 90
2
 70
0
 10
0.15000000037377068
 20
5.265
 10
3.0499999637751998
 20
5.265
  0
LWPOLYLINE
  5
12C
330
17
100
AcDbEntity
  8
E-PROYECCION
100
AcDbPolyline
 90
2
 70
0
 10
3.349999893273359
 20
5.165
 10
6.2500000114589165
 20
5.165
  0
LWPOLYLINE
  5
12D
330
17
100
AcDbEntity
  8
E-PROYECCION
100
AcDbPolyline
 90
2
 70
0
 10
3.349999893273359
 20
5.265
 10
6.2500000114589165
 20
5.265
  0
LWPOLYLINE
  5
12E
330
17
100
AcDbEntity
  8
E-PROYECCION
100
AcDbPolyline
 90
2
 70
0
 10
6.550000179375653
 20
5.165
 10
9.850000389680881
 20
5.165
  0
LWPOLYLINE
  5
12F
330
17
100
AcDbEntity
  8
E-PROYECCION
100
AcDbPolyline
 90
2
 70
0
 10
6.550000179375653
 20
5.265
 10
9.850000389680881
 20
5.265
  0
LWPOLYLINE
  5
130
330
17
100
AcDbEntity
  8
E-PROYECCION
100
AcDbPolyline
 90
2
 70
0
 10
-0.5075300416893569
 20
5.565
 10
-0.14999999828327745
 20
5.565
  0
LWPOLYLINE
  5
131
330
17
100
AcDbEntity
  8
E-PROYECCION
100
AcDbPolyline
 90
2
 70
0
 10
-0.5075300416893569
 20
5.665
 10
-0.14999999828327745
 20
5.665
  0
LWPOLYLINE
  5
132
330
17
100
AcDbEntity
  8
E-PROYECCION
100
AcDbPolyline
 90
2
 70
0
 10
0.14999999949744083
 20
5.565
 10
3.049999963797356
 20
5.565
  0
LWPOLYLINE
  5
133
330
17
100
AcDbEntity
  8
E-PROYECCION
100
AcDbPolyline
 90
2
 70
0
 10
0.14999999949744083
 20
5.665
 10
3.049999963797356
 20
5.665
  0
LWPOLYLINE
  5
134
330
17
100
AcDbEntity
  8
E-PROYECCION
100
AcDbPolyline
 90
2
 70
0
 10
3.349999893295515
 20
5.565
 10
6.250000011481072
 20
5.565
  0
LWPOLYLINE
  5
135
330
17
100
AcDbEntity
  8
E-PROYECCION
100
AcDbPolyline
 90
2
 70
0
 10
3.349999893295515
 20
5.665
 10
6.250000011481072
 20
5.665
  0
LWPOLYLINE
  5
136
330
17
100
AcDbEntity
  8
E-PROYECCION
100
AcDbPolyline
 90
2
 70
0
 10
6.550000179397808
 20
5.565
 10
9.85000038916574
 20
5.565
  0
LWPOLYLINE
  5
137
330
17
100
AcDbEntity
  8
E-PROYECCION
100
AcDbPolyline
 90
2
 70
0
 10
6.550000179397808
 20
5.665
 10
9.85000038916574
 20
5.665
  0
LWPOLYLINE
  5
138
330
17
100
AcDbEntity
  8
E-PROYECCION
100
AcDbPolyline
 90
2
 70
0
 10
-0.5940891878308217
 20
6.715
 10
-0.1499999883986666
 20
6.715
  0
LWPOLYLINE
  5
139
330
17
100
AcDbEntity
  8
E-PROYECCION
100
AcDbPolyline
 90
2
 70
0
 10
-0.5940891878308217
 20
6.8149999999999995
 10
-0.1499999883986666
 20
6.8149999999999995
  0
LWPOLYLINE
  5
13A
330
17
100
AcDbEntity
  8
E-PROYECCION
100
AcDbPolyline
 90
2
 70
0
 10
0.1499999991543685
 20
6.715
 10
3.0499999636450332
 20
6.715
  0
LWPOLYLINE
  5
13B
330
17
100
AcDbEntity
  8
E-PROYECCION
100
AcDbPolyline
 90
2
 70
0
 10
0.1499999991543685
 20
6.8149999999999995
 10
3.0499999636450332
 20
6.8149999999999995
  0
LWPOLYLINE
  5
13C
330
17
100
AcDbEntity
  8
E-PROYECCION
100
AcDbPolyline
 90
2
 70
0
 10
3.349999893143193
 20
6.715
 10
6.250000011328751
 20
6.715
  0
LWPOLYLINE
  5
13D
330
17
100
AcDbEntity
  8
E-PROYECCION
100
AcDbPolyline
 90
2
 70
0
 10
3.349999893143193
 20
6.8149999999999995
 10
6.250000011328751
 20
6.8149999999999995
  0
LWPOLYLINE
  5
13E
330
17
100
AcDbEntity
  8
E-PROYECCION
100
AcDbPolyline
 90
2
 70
0
 10
6.550000179245488
 20
6.715
 10
9.85000039967916
 20
6.715
  0
LWPOLYLINE
  5
13F
330
17
100
AcDbEntity
  8
E-PROYECCION
100
AcDbPolyline
 90
2
 70
0
 10
6.550000179245488
 20
6.8149999999999995
 10
9.85000039967916
 20
6.8149999999999995
  0
LWPOLYLINE
  5
140
330
17
100
AcDbEntity
  8
E-PROYECCION
100
AcDbPolyline
 90
2
 70
0
 10
-0.6241967169235051
 20
7.115
 10
-0.1499999905601465
 20
7.115
  0
LWPOLYLINE
  5
141
330
17
100
AcDbEntity
  8
E-PROYECCION
100
AcDbPolyline
 90
2
 70
0
 10
-0.6241967169235051
 20
7.215
 10
-0.1499999905601465
 20
7.215
  0
LWPOLYLINE
  5
142
330
17
100
AcDbEntity
  8
E-PROYECCION
100
AcDbPolyline
 90
2
 70
0
 10
0.1500000000325862
 20
7.115
 10
3.0499999636671893
 20
7.115
  0
LWPOLYLINE
  5
143
330
17
100
AcDbEntity
  8
E-PROYECCION
100
AcDbPolyline
 90
2
 70
0
 10
0.1500000000325862
 20
7.215
 10
3.0499999636671893
 20
7.215
  0
LWPOLYLINE
  5
144
330
17
100
AcDbEntity
  8
E-PROYECCION
100
AcDbPolyline
 90
2
 70
0
 10
3.349999893165349
 20
7.115
 10
6.250000011350907
 20
7.115
  0
LWPOLYLINE
  5
145
330
17
100
AcDbEntity
  8
E-PROYECCION
100
AcDbPolyline
 90
2
 70
0
 10
3.349999893165349
 20
7.215
 10
6.250000011350907
 20
7.215
  0
LWPOLYLINE
  5
146
330
17
100
AcDbEntity
  8
E-PROYECCION
100
AcDbPolyline
 90
2
 70
0
 10
6.550000179267643
 20
7.115
 10
9.850000398812801
 20
7.115
  0
LWPOLYLINE
  5
147
330
17
100
AcDbEntity
  8
E-PROYECCION
100
AcDbPolyline
 90
2
 70
0
 10
6.550000179267643
 20
7.215
 10
9.850000398812801
 20
7.215
  0
LWPOLYLINE
  5
148
330
17
100
AcDbEntity
  8
E-PROYECCION
100
AcDbPolyline
 90
2
 70
0
 10
-0.6543042460161885
 20
7.515000000000001
 10
-0.1499999927216264
 20
7.515000000000001
  0
LWPOLYLINE
  5
149
330
17
100
AcDbEntity
  8
E-PROYECCION
100
AcDbPolyline
 90
2
 70
0
 10
-0.6543042460161885
 20
7.615
 10
-0.1499999927216264
 20
7.615
  0
LWPOLYLINE
  5
14A
330
17
100
AcDbEntity
  8
E-PROYECCION
100
AcDbPolyline
 90
2
 70
0
 10
0.15000000091080387
 20
7.515000000000001
 10
3.0499999636893453
 20
7.515000000000001
  0
LWPOLYLINE
  5
14B
330
17
100
AcDbEntity
  8
E-PROYECCION
100
AcDbPolyline
 90
2
 70
0
 10
0.15000000091080387
 20
7.615
 10
3.0499999636893453
 20
7.615
  0
LWPOLYLINE
  5
14C
330
17
100
AcDbEntity
  8
E-PROYECCION
100
AcDbPolyline
 90
2
 70
0
 10
3.3499998931875052
 20
7.515000000000001
 10
6.2500000113730625
 20
7.515000000000001
  0
LWPOLYLINE
  5
14D
330
17
100
AcDbEntity
  8
E-PROYECCION
100
AcDbPolyline
 90
2
 70
0
 10
3.3499998931875052
 20
7.615
 10
6.2500000113730625
 20
7.615
  0
LWPOLYLINE
  5
14E
330
17
100
AcDbEntity
  8
E-PROYECCION
100
AcDbPolyline
 90
2
 70
0
 10
6.550000179289799
 20
7.515000000000001
 10
9.850000397946442
 20
7.515000000000001
  0
LWPOLYLINE
  5
14F
330
17
100
AcDbEntity
  8
E-PROYECCION
100
AcDbPolyline
 90
2
 70
0
 10
6.550000179289799
 20
7.615
 10
9.850000397946442
 20
7.615
  0
LWPOLYLINE
  5
150
330
17
100
AcDbEntity
  8
E-PROYECCION
100
AcDbPolyline
 90
2
 70
0
 10
9.5
 20
2.664958228961678
 10
9.5
 20
4.164958095550537
  0
LWPOLYLINE
  5
151
330
17
100
AcDbEntity
  8
E-PROYECCION
100
AcDbPolyline
 90
2
 70
0
 10
9.600000000000001
 20
2.664958228961678
 10
9.600000000000001
 20
4.164958095550537
  0
LWPOLYLINE
  5
152
330
17
100
AcDbEntity
  8
E-PROYECCION
100
AcDbPolyline
 90
2
 70
0
 10
9.1
 20
2.6649582287262166
 10
9.1
 20
4.164958095550537
  0
LWPOLYLINE
  5
153
330
17
100
AcDbEntity
  8
E-PROYECCION
100
AcDbPolyline
 90
2
 70
0
 10
9.200000000000001
 20
2.6649582287262166
 10
9.200000000000001
 20
4.164958095550537
  0
LWPOLYLINE
  5
154
330
17
100
AcDbEntity
  8
E-PROYECCION
100
AcDbPolyline
 90
2
 70
0
 10
8.7
 20
2.664958228490755
 10
8.7
 20
4.164958095550537
  0
LWPOLYLINE
  5
155
330
17
100
AcDbEntity
  8
E-PROYECCION
100
AcDbPolyline
 90
2
 70
0
 10
8.8
 20
2.664958228490755
 10
8.8
 20
4.164958095550537
  0
LWPOLYLINE
  5
156
330
17
100
AcDbEntity
  8
E-PROYECCION
100
AcDbPolyline
 90
2
 70
0
 10
8.299999999999999
 20
2.6649582282552937
 10
8.299999999999999
 20
4.164958095550537
  0
LWPOLYLINE
  5
157
330
17
100
AcDbEntity
  8
E-PROYECCION
100
AcDbPolyline
 90
2
 70
0
 10
8.4
 20
2.6649582282552937
 10
8.4
 20
4.164958095550537
  0
LWPOLYLINE
  5
158
330
17
100
AcDbEntity
  8
E-PROYECCION
100
AcDbPolyline
 90
2
 70
0
 10
7.9
 20
2.6649582280198323
 10
7.9
 20
4.164958095550537
  0
LWPOLYLINE
  5
159
330
17
100
AcDbEntity
  8
E-PROYECCION
100
AcDbPolyline
 90
2
 70
0
 10
8.0
 20
2.6649582280198323
 10
8.0
 20
4.164958095550537
  0
LWPOLYLINE
  5
15A
330
17
100
AcDbEntity
  8
E-PROYECCION
100
AcDbPolyline
 90
2
 70
0
 10
7.5
 20
2.664958227784371
 10
7.5
 20
4.164958095550537
  0
LWPOLYLINE
  5
15B
330
17
100
AcDbEntity
  8
E-PROYECCION
100
AcDbPolyline
 90
2
 70
0
 10
7.6
 20
2.664958227784371
 10
7.6
 20
4.164958095550537
  0
LWPOLYLINE
  5
15C
330
17
100
AcDbEntity
  8
E-PROYECCION
100
AcDbPolyline
 90
2
 70
0
 10
7.1000000000000005
 20
2.6649582275489094
 10
7.1000000000000005
 20
4.164958095550537
  0
LWPOLYLINE
  5
15D
330
17
100
AcDbEntity
  8
E-PROYECCION
100
AcDbPolyline
 90
2
 70
0
 10
7.2
 20
2.6649582275489094
 10
7.2
 20
4.164958095550537
  0
LWPOLYLINE
  5
15E
330
17
100
AcDbEntity
  8
E-PROYECCION
100
AcDbPolyline
 90
2
 70
0
 10
6.7
 20
2.664958227313448
 10
6.7
 20
4.164958095550537
  0
LWPOLYLINE
  5
15F
330
17
100
AcDbEntity
  8
E-PROYECCION
100
AcDbPolyline
 90
2
 70
0
 10
6.8
 20
2.664958227313448
 10
6.8
 20
4.164958095550537
  0
LWPOLYLINE
  5
160
330
17
100
AcDbEntity
  8
E-PROYECCION
100
AcDbPolyline
 90
2
 70
0
 10
5.9
 20
0.864958297711766
 10
5.9
 20
2.364958297654043
  0
LWPOLYLINE
  5
161
330
17
100
AcDbEntity
  8
E-PROYECCION
100
AcDbPolyline
 90
2
 70
0
 10
6.0
 20
0.864958297711766
 10
6.0
 20
2.364958297654043
  0
LWPOLYLINE
  5
162
330
17
100
AcDbEntity
  8
E-PROYECCION
100
AcDbPolyline
 90
2
 70
0
 10
5.9
 20
2.664958227500055
 10
5.9
 20
4.164958095550537
  0
LWPOLYLINE
  5
163
330
17
100
AcDbEntity
  8
E-PROYECCION
100
AcDbPolyline
 90
2
 70
0
 10
6.0
 20
2.664958227500055
 10
6.0
 20
4.164958095550537
  0
LWPOLYLINE
  5
164
330
17
100
AcDbEntity
  8
E-PROYECCION
100
AcDbPolyline
 90
2
 70
0
 10
5.5
 20
0.8649582975281013
 10
5.5
 20
2.3649582976076062
  0
LWPOLYLINE
  5
165
330
17
100
AcDbEntity
  8
E-PROYECCION
100
AcDbPolyline
 90
2
 70
0
 10
5.6
 20
0.8649582975281013
 10
5.6
 20
2.3649582976076062
  0
LWPOLYLINE
  5
166
330
17
100
AcDbEntity
  8
E-PROYECCION
100
AcDbPolyline
 90
2
 70
0
 10
5.5
 20
2.664958227453618
 10
5.5
 20
4.164958095550537
  0
LWPOLYLINE
  5
167
330
17
100
AcDbEntity
  8
E-PROYECCION
100
AcDbPolyline
 90
2
 70
0
 10
5.6
 20
2.664958227453618
 10
5.6
 20
4.164958095550537
  0
LWPOLYLINE
  5
168
330
17
100
AcDbEntity
  8
E-PROYECCION
100
AcDbPolyline
 90
2
 70
0
 10
5.1000000000000005
 20
0.8649582973444364
 10
5.1000000000000005
 20
2.364958297561169
  0
LWPOLYLINE
  5
169
330
17
100
AcDbEntity
  8
E-PROYECCION
100
AcDbPolyline
 90
2
 70
0
 10
5.2
 20
0.8649582973444364
 10
5.2
 20
2.364958297561169
  0
LWPOLYLINE
  5
16A
330
17
100
AcDbEntity
  8
E-PROYECCION
100
AcDbPolyline
 90
2
 70
0
 10
5.1000000000000005
 20
2.664958227407181
 10
5.1000000000000005
 20
4.164958095550537
  0
LWPOLYLINE
  5
16B
330
17
100
AcDbEntity
  8
E-PROYECCION
100
AcDbPolyline
 90
2
 70
0
 10
5.2
 20
2.664958227407181
 10
5.2
 20
4.164958095550537
  0
LWPOLYLINE
  5
16C
330
17
100
AcDbEntity
  8
E-PROYECCION
100
AcDbPolyline
 90
2
 70
0
 10
4.7
 20
0.8649582971607717
 10
4.7
 20
2.364958297514732
  0
LWPOLYLINE
  5
16D
330
17
100
AcDbEntity
  8
E-PROYECCION
100
AcDbPolyline
 90
2
 70
0
 10
4.8
 20
0.8649582971607717
 10
4.8
 20
2.364958297514732
  0
LWPOLYLINE
  5
16E
330
17
100
AcDbEntity
  8
E-PROYECCION
100
AcDbPolyline
 90
2
 70
0
 10
4.7
 20
2.664958227360744
 10
4.7
 20
4.164958095550537
  0
LWPOLYLINE
  5
16F
330
17
100
AcDbEntity
  8
E-PROYECCION
100
AcDbPolyline
 90
2
 70
0
 10
4.8
 20
2.664958227360744
 10
4.8
 20
4.164958095550537
  0
LWPOLYLINE
  5
170
330
17
100
AcDbEntity
  8
E-PROYECCION
100
AcDbPolyline
 90
2
 70
0
 10
4.3
 20
0.8649582969771068
 10
4.3
 20
2.364958297468295
  0
LWPOLYLINE
  5
171
330
17
100
AcDbEntity
  8
E-PROYECCION
100
AcDbPolyline
 90
2
 70
0
 10
4.3999999999999995
 20
0.8649582969771068
 10
4.3999999999999995
 20
2.364958297468295
  0
LWPOLYLINE
  5
172
330
17
100
AcDbEntity
  8
E-PROYECCION
100
AcDbPolyline
 90
2
 70
0
 10
4.3
 20
2.6649582273143064
 10
4.3
 20
4.164958095550537
  0
LWPOLYLINE
  5
173
330
17
100
AcDbEntity
  8
E-PROYECCION
100
AcDbPolyline
 90
2
 70
0
 10
4.3999999999999995
 20
2.6649582273143064
 10
4.3999999999999995
 20
4.164958095550537
  0
LWPOLYLINE
  5
174
330
17
100
AcDbEntity
  8
E-PROYECCION
100
AcDbPolyline
 90
2
 70
0
 10
3.9000000000000004
 20
0.864958296793442
 10
3.9000000000000004
 20
2.364958297421858
  0
LWPOLYLINE
  5
175
330
17
100
AcDbEntity
  8
E-PROYECCION
100
AcDbPolyline
 90
2
 70
0
 10
4.0
 20
0.864958296793442
 10
4.0
 20
2.364958297421858
  0
LWPOLYLINE
  5
176
330
17
100
AcDbEntity
  8
E-PROYECCION
100
AcDbPolyline
 90
2
 70
0
 10
3.9000000000000004
 20
2.6649582272678694
 10
3.9000000000000004
 20
4.164958095550537
  0
LWPOLYLINE
  5
177
330
17
100
AcDbEntity
  8
E-PROYECCION
100
AcDbPolyline
 90
2
 70
0
 10
4.0
 20
2.6649582272678694
 10
4.0
 20
4.164958095550537
  0
LWPOLYLINE
  5
178
330
17
100
AcDbEntity
  8
E-PROYECCION
100
AcDbPolyline
 90
2
 70
0
 10
3.5
 20
0.8649582966097773
 10
3.5
 20
2.364958297375421
  0
LWPOLYLINE
  5
179
330
17
100
AcDbEntity
  8
E-PROYECCION
100
AcDbPolyline
 90
2
 70
0
 10
3.5999999999999996
 20
0.8649582966097773
 10
3.5999999999999996
 20
2.364958297375421
  0
LWPOLYLINE
  5
17A
330
17
100
AcDbEntity
  8
E-PROYECCION
100
AcDbPolyline
 90
2
 70
0
 10
3.5
 20
2.6649582272214323
 10
3.5
 20
4.164958095550537
  0
LWPOLYLINE
  5
17B
330
17
100
AcDbEntity
  8
E-PROYECCION
100
AcDbPolyline
 90
2
 70
0
 10
3.5999999999999996
 20
2.6649582272214323
 10
3.5999999999999996
 20
4.164958095550537
  0
LWPOLYLINE
  5
17C
330
17
100
AcDbEntity
  8
E-PROYECCION
100
AcDbPolyline
 90
2
 70
0
 10
2.7
 20
0.8649582962424477
 10
2.7
 20
2.364958297742731
  0
LWPOLYLINE
  5
17D
330
17
100
AcDbEntity
  8
E-PROYECCION
100
AcDbPolyline
 90
2
 70
0
 10
2.8
 20
0.8649582962424477
 10
2.8
 20
2.364958297742731
  0
LWPOLYLINE
  5
17E
330
17
100
AcDbEntity
  8
E-PROYECCION
100
AcDbPolyline
 90
2
 70
0
 10
2.7
 20
2.664958227141464
 10
2.7
 20
4.164958095550537
  0
LWPOLYLINE
  5
17F
330
17
100
AcDbEntity
  8
E-PROYECCION
100
AcDbPolyline
 90
2
 70
0
 10
2.8
 20
2.664958227141464
 10
2.8
 20
4.164958095550537
  0
LWPOLYLINE
  5
180
330
17
100
AcDbEntity
  8
E-PROYECCION
100
AcDbPolyline
 90
2
 70
0
 10
2.3000000000000003
 20
0.8649582960587829
 10
2.3000000000000003
 20
2.3649582977431756
  0
LWPOLYLINE
  5
181
330
17
100
AcDbEntity
  8
E-PROYECCION
100
AcDbPolyline
 90
2
 70
0
 10
2.4
 20
0.8649582960587829
 10
2.4
 20
2.3649582977431756
  0
LWPOLYLINE
  5
182
330
17
100
AcDbEntity
  8
E-PROYECCION
100
AcDbPolyline
 90
2
 70
0
 10
2.3000000000000003
 20
2.6649582271419088
 10
2.3000000000000003
 20
4.164958095550537
  0
LWPOLYLINE
  5
183
330
17
100
AcDbEntity
  8
E-PROYECCION
100
AcDbPolyline
 90
2
 70
0
 10
2.4
 20
2.6649582271419088
 10
2.4
 20
4.164958095550537
  0
LWPOLYLINE
  5
184
330
17
100
AcDbEntity
  8
E-PROYECCION
100
AcDbPolyline
 90
2
 70
0
 10
1.9
 20
0.8649582958751181
 10
1.9
 20
2.3649582977436205
  0
LWPOLYLINE
  5
185
330
17
100
AcDbEntity
  8
E-PROYECCION
100
AcDbPolyline
 90
2
 70
0
 10
2.0
 20
0.8649582958751181
 10
2.0
 20
2.3649582977436205
  0
LWPOLYLINE
  5
186
330
17
100
AcDbEntity
  8
E-PROYECCION
100
AcDbPolyline
 90
2
 70
0
 10
1.9
 20
2.6649582271423533
 10
1.9
 20
4.164958095550537
  0
LWPOLYLINE
  5
187
330
17
100
AcDbEntity
  8
E-PROYECCION
100
AcDbPolyline
 90
2
 70
0
 10
2.0
 20
2.6649582271423533
 10
2.0
 20
4.164958095550537
  0
LWPOLYLINE
  5
188
330
17
100
AcDbEntity
  8
E-PROYECCION
100
AcDbPolyline
 90
2
 70
0
 10
1.5
 20
0.8649582956914533
 10
1.5
 20
2.364958297744065
  0
LWPOLYLINE
  5
189
330
17
100
AcDbEntity
  8
E-PROYECCION
100
AcDbPolyline
 90
2
 70
0
 10
1.6
 20
0.8649582956914533
 10
1.6
 20
2.364958297744065
  0
LWPOLYLINE
  5
18A
330
17
100
AcDbEntity
  8
E-PROYECCION
100
AcDbPolyline
 90
2
 70
0
 10
1.5
 20
2.664958227142798
 10
1.5
 20
4.164958095550537
  0
LWPOLYLINE
  5
18B
330
17
100
AcDbEntity
  8
E-PROYECCION
100
AcDbPolyline
 90
2
 70
0
 10
1.6
 20
2.664958227142798
 10
1.6
 20
4.164958095550537
  0
LWPOLYLINE
  5
18C
330
17
100
AcDbEntity
  8
E-PROYECCION
100
AcDbPolyline
 90
2
 70
0
 10
1.0999999999999999
 20
0.8649582955077885
 10
1.0999999999999999
 20
2.3649582977445096
  0
LWPOLYLINE
  5
18D
330
17
100
AcDbEntity
  8
E-PROYECCION
100
AcDbPolyline
 90
2
 70
0
 10
1.2
 20
0.8649582955077885
 10
1.2
 20
2.3649582977445096
  0
LWPOLYLINE
  5
18E
330
17
100
AcDbEntity
  8
E-PROYECCION
100
AcDbPolyline
 90
2
 70
0
 10
1.0999999999999999
 20
2.6649582271432424
 10
1.0999999999999999
 20
4.164958095550537
  0
LWPOLYLINE
  5
18F
330
17
100
AcDbEntity
  8
E-PROYECCION
100
AcDbPolyline
 90
2
 70
0
 10
1.2
 20
2.6649582271432424
 10
1.2
 20
4.164958095550537
  0
LWPOLYLINE
  5
190
330
17
100
AcDbEntity
  8
E-PROYECCION
100
AcDbPolyline
 90
2
 70
0
 10
0.7
 20
0.8649582953241237
 10
0.7
 20
2.364958297744954
  0
LWPOLYLINE
  5
191
330
17
100
AcDbEntity
  8
E-PROYECCION
100
AcDbPolyline
 90
2
 70
0
 10
0.8
 20
0.8649582953241237
 10
0.8
 20
2.364958297744954
  0
LWPOLYLINE
  5
192
330
17
100
AcDbEntity
  8
E-PROYECCION
100
AcDbPolyline
 90
2
 70
0
 10
0.7
 20
2.664958227143687
 10
0.7
 20
4.164958095550537
  0
LWPOLYLINE
  5
193
330
17
100
AcDbEntity
  8
E-PROYECCION
100
AcDbPolyline
 90
2
 70
0
 10
0.8
 20
2.664958227143687
 10
0.8
 20
4.164958095550537
  0
LWPOLYLINE
  5
194
330
17
100
AcDbEntity
  8
E-PROYECCION
100
AcDbPolyline
 90
2
 70
0
 10
0.3
 20
0.864958295140459
 10
0.3
 20
2.3649582977453987
  0
LWPOLYLINE
  5
195
330
17
100
AcDbEntity
  8
E-PROYECCION
100
AcDbPolyline
 90
2
 70
0
 10
0.39999999999999997
 20
0.864958295140459
 10
0.39999999999999997
 20
2.3649582977453987
  0
LWPOLYLINE
  5
196
330
17
100
AcDbEntity
  8
E-PROYECCION
100
AcDbPolyline
 90
2
 70
0
 10
0.3
 20
2.6649592072583568
 10
0.3
 20
4.164958095550537
  0
LWPOLYLINE
  5
197
330
17
100
AcDbEntity
  8
E-PROYECCION
100
AcDbPolyline
 90
2
 70
0
 10
0.39999999999999997
 20
2.6649592072583568
 10
0.39999999999999997
 20
4.164958095550537
  0
LWPOLYLINE
  5
198
330
17
100
AcDbEntity
  8
E-PROYECCION
100
AcDbPolyline
 90
2
 70
0
 10
9.5
 20
8.364958190917969
 10
9.5
 20
9.864958772896907
  0
LWPOLYLINE
  5
199
330
17
100
AcDbEntity
  8
E-PROYECCION
100
AcDbPolyline
 90
2
 70
0
 10
9.600000000000001
 20
8.364958190917969
 10
9.600000000000001
 20
9.864958772896907
  0
LWPOLYLINE
  5
19A
330
17
100
AcDbEntity
  8
E-PROYECCION
100
AcDbPolyline
 90
2
 70
0
 10
9.1
 20
8.364958190917969
 10
9.1
 20
9.864958771525068
  0
LWPOLYLINE
  5
19B
330
17
100
AcDbEntity
  8
E-PROYECCION
100
AcDbPolyline
 90
2
 70
0
 10
9.200000000000001
 20
8.364958190917969
 10
9.200000000000001
 20
9.864958771525068
  0
LWPOLYLINE
  5
19C
330
17
100
AcDbEntity
  8
E-PROYECCION
100
AcDbPolyline
 90
2
 70
0
 10
8.7
 20
8.364958190917969
 10
8.7
 20
9.86495877015323
  0
LWPOLYLINE
  5
19D
330
17
100
AcDbEntity
  8
E-PROYECCION
100
AcDbPolyline
 90
2
 70
0
 10
8.8
 20
8.364958190917969
 10
8.8
 20
9.86495877015323
  0
LWPOLYLINE
  5
19E
330
17
100
AcDbEntity
  8
E-PROYECCION
100
AcDbPolyline
 90
2
 70
0
 10
8.299999999999999
 20
8.364958190917969
 10
8.299999999999999
 20
9.864958768781392
  0
LWPOLYLINE
  5
19F
330
17
100
AcDbEntity
  8
E-PROYECCION
100
AcDbPolyline
 90
2
 70
0
 10
8.4
 20
8.364958190917969
 10
8.4
 20
9.864958768781392
  0
LWPOLYLINE
  5
1A0
330
17
100
AcDbEntity
  8
E-PROYECCION
100
AcDbPolyline
 90
2
 70
0
 10
7.9
 20
8.364958190917969
 10
7.9
 20
9.864958767409552
  0
LWPOLYLINE
  5
1A1
330
17
100
AcDbEntity
  8
E-PROYECCION
100
AcDbPolyline
 90
2
 70
0
 10
8.0
 20
8.364958190917969
 10
8.0
 20
9.864958767409552
  0
LWPOLYLINE
  5
1A2
330
17
100
AcDbEntity
  8
E-PROYECCION
100
AcDbPolyline
 90
2
 70
0
 10
7.5
 20
8.364958190917969
 10
7.5
 20
9.864958766037715
  0
LWPOLYLINE
  5
1A3
330
17
100
AcDbEntity
  8
E-PROYECCION
100
AcDbPolyline
 90
2
 70
0
 10
7.6
 20
8.364958190917969
 10
7.6
 20
9.864958766037715
  0
LWPOLYLINE
  5
1A4
330
17
100
AcDbEntity
  8
E-PROYECCION
100
AcDbPolyline
 90
2
 70
0
 10
7.1000000000000005
 20
8.364958190917969
 10
7.1000000000000005
 20
9.864958764665877
  0
LWPOLYLINE
  5
1A5
330
17
100
AcDbEntity
  8
E-PROYECCION
100
AcDbPolyline
 90
2
 70
0
 10
7.2
 20
8.364958190917969
 10
7.2
 20
9.864958764665877
  0
LWPOLYLINE
  5
1A6
330
17
100
AcDbEntity
  8
E-PROYECCION
100
AcDbPolyline
 90
2
 70
0
 10
6.7
 20
8.364958190917969
 10
6.7
 20
9.864958763294037
  0
LWPOLYLINE
  5
1A7
330
17
100
AcDbEntity
  8
E-PROYECCION
100
AcDbPolyline
 90
2
 70
0
 10
6.8
 20
8.364958190917969
 10
6.8
 20
9.864958763294037
  0
LWPOLYLINE
  5
1A8
330
17
100
AcDbEntity
  8
E-PROYECCION
100
AcDbPolyline
 90
2
 70
0
 10
5.9
 20
8.364958190917969
 10
5.9
 20
9.864958774491205
  0
LWPOLYLINE
  5
1A9
330
17
100
AcDbEntity
  8
E-PROYECCION
100
AcDbPolyline
 90
2
 70
0
 10
6.0
 20
8.364958190917969
 10
6.0
 20
9.864958774491205
  0
LWPOLYLINE
  5
1AA
330
17
100
AcDbEntity
  8
E-PROYECCION
100
AcDbPolyline
 90
2
 70
0
 10
5.5
 20
8.364958190917969
 10
5.5
 20
9.864958774444771
  0
LWPOLYLINE
  5
1AB
330
17
100
AcDbEntity
  8
E-PROYECCION
100
AcDbPolyline
 90
2
 70
0
 10
5.6
 20
8.364958190917969
 10
5.6
 20
9.864958774444771
  0
LWPOLYLINE
  5
1AC
330
17
100
AcDbEntity
  8
E-PROYECCION
100
AcDbPolyline
 90
2
 70
0
 10
5.1000000000000005
 20
8.364958190917969
 10
5.1000000000000005
 20
9.864958774398335
  0
LWPOLYLINE
  5
1AD
330
17
100
AcDbEntity
  8
E-PROYECCION
100
AcDbPolyline
 90
2
 70
0
 10
5.2
 20
8.364958190917969
 10
5.2
 20
9.864958774398335
  0
LWPOLYLINE
  5
1AE
330
17
100
AcDbEntity
  8
E-PROYECCION
100
AcDbPolyline
 90
2
 70
0
 10
4.7
 20
8.364958190917969
 10
4.7
 20
9.8649587743519
  0
LWPOLYLINE
  5
1AF
330
17
100
AcDbEntity
  8
E-PROYECCION
100
AcDbPolyline
 90
2
 70
0
 10
4.8
 20
8.364958190917969
 10
4.8
 20
9.8649587743519
  0
LWPOLYLINE
  5
1B0
330
17
100
AcDbEntity
  8
E-PROYECCION
100
AcDbPolyline
 90
2
 70
0
 10
4.3
 20
8.364958190917969
 10
4.3
 20
9.864958774305466
  0
LWPOLYLINE
  5
1B1
330
17
100
AcDbEntity
  8
E-PROYECCION
100
AcDbPolyline
 90
2
 70
0
 10
4.3999999999999995
 20
8.364958190917969
 10
4.3999999999999995
 20
9.864958774305466
  0
LWPOLYLINE
  5
1B2
330
17
100
AcDbEntity
  8
E-PROYECCION
100
AcDbPolyline
 90
2
 70
0
 10
3.9000000000000004
 20
8.364958190917969
 10
3.9000000000000004
 20
9.86495877425903
  0
LWPOLYLINE
  5
1B3
330
17
100
AcDbEntity
  8
E-PROYECCION
100
AcDbPolyline
 90
2
 70
0
 10
4.0
 20
8.364958190917969
 10
4.0
 20
9.86495877425903
  0
LWPOLYLINE
  5
1B4
330
17
100
AcDbEntity
  8
E-PROYECCION
100
AcDbPolyline
 90
2
 70
0
 10
3.5
 20
8.364958190917969
 10
3.5
 20
9.864958774212596
  0
LWPOLYLINE
  5
1B5
330
17
100
AcDbEntity
  8
E-PROYECCION
100
AcDbPolyline
 90
2
 70
0
 10
3.5999999999999996
 20
8.364958190917969
 10
3.5999999999999996
 20
9.864958774212596
  0
LWPOLYLINE
  5
1B6
330
17
100
AcDbEntity
  8
E-PROYECCION
100
AcDbPolyline
 90
2
 70
0
 10
2.7
 20
8.364958190917969
 10
2.7
 20
9.86495877457989
  0
LWPOLYLINE
  5
1B7
330
17
100
AcDbEntity
  8
E-PROYECCION
100
AcDbPolyline
 90
2
 70
0
 10
2.8
 20
8.364958190917969
 10
2.8
 20
9.86495877457989
  0
LWPOLYLINE
  5
1B8
330
17
100
AcDbEntity
  8
E-PROYECCION
100
AcDbPolyline
 90
2
 70
0
 10
2.3000000000000003
 20
8.364958190917969
 10
2.3000000000000003
 20
9.864958774580334
  0
LWPOLYLINE
  5
1B9
330
17
100
AcDbEntity
  8
E-PROYECCION
100
AcDbPolyline
 90
2
 70
0
 10
2.4
 20
8.364958190917969
 10
2.4
 20
9.864958774580334
  0
LWPOLYLINE
  5
1BA
330
17
100
AcDbEntity
  8
E-PROYECCION
100
AcDbPolyline
 90
2
 70
0
 10
1.9
 20
8.364958190917969
 10
1.9
 20
9.86495877458078
  0
LWPOLYLINE
  5
1BB
330
17
100
AcDbEntity
  8
E-PROYECCION
100
AcDbPolyline
 90
2
 70
0
 10
2.0
 20
8.364958190917969
 10
2.0
 20
9.86495877458078
  0
LWPOLYLINE
  5
1BC
330
17
100
AcDbEntity
  8
E-PROYECCION
100
AcDbPolyline
 90
2
 70
0
 10
1.5
 20
8.364958190917969
 10
1.5
 20
9.864958774581224
  0
LWPOLYLINE
  5
1BD
330
17
100
AcDbEntity
  8
E-PROYECCION
100
AcDbPolyline
 90
2
 70
0
 10
1.6
 20
8.364958190917969
 10
1.6
 20
9.864958774581224
  0
LWPOLYLINE
  5
1BE
330
17
100
AcDbEntity
  8
E-PROYECCION
100
AcDbPolyline
 90
2
 70
0
 10
1.0999999999999999
 20
8.364958190917969
 10
1.0999999999999999
 20
9.86495877458167
  0
LWPOLYLINE
  5
1BF
330
17
100
AcDbEntity
  8
E-PROYECCION
100
AcDbPolyline
 90
2
 70
0
 10
1.2
 20
8.364958190917969
 10
1.2
 20
9.86495877458167
  0
LWPOLYLINE
  5
1C0
330
17
100
AcDbEntity
  8
E-PROYECCION
100
AcDbPolyline
 90
2
 70
0
 10
0.7
 20
8.364958190917969
 10
0.7
 20
9.864958774582114
  0
LWPOLYLINE
  5
1C1
330
17
100
AcDbEntity
  8
E-PROYECCION
100
AcDbPolyline
 90
2
 70
0
 10
0.8
 20
8.364958190917969
 10
0.8
 20
9.864958774582114
  0
LWPOLYLINE
  5
1C2
330
17
100
AcDbEntity
  8
E-PROYECCION
100
AcDbPolyline
 90
2
 70
0
 10
0.3
 20
8.364958190917969
 10
0.3
 20
9.864957794465887
  0
LWPOLYLINE
  5
1C3
330
17
100
AcDbEntity
  8
E-PROYECCION
100
AcDbPolyline
 90
2
 70
0
 10
0.39999999999999997
 20
8.364958190917969
 10
0.39999999999999997
 20
9.864957794465887
  0
LWPOLYLINE
  5
1C4
330
17
100
AcDbEntity
  8
E-PROYECCION
100
AcDbPolyline
 90
2
 70
0
 10
-0.5
 20
8.364958190917969
 10
-0.5
 20
10.16495776148405
  0
LWPOLYLINE
  5
1C5
330
17
100
AcDbEntity
  8
E-PROYECCION
100
AcDbPolyline
 90
2
 70
0
 10
-0.4
 20
8.364958190917969
 10
-0.4
 20
10.16495776148405
  0
LINE
  5
1C6
330
17
100
AcDbEntity
  8
E-TEXTO
100
AcDbLine
 10
1.1000000000000207
 20
5.385
 30
0.0
 11
2.100000000000021
 21
5.385
 31
0.0
  0
HATCH
  5
1C7
330
17
100
AcDbEntity
  8
E-TEXTO
 62
7
100
AcDbHatch
 10
0.0
 20
0.0
 30
0.0
210
0.0
220
0.0
230
1.0
  2
SOLID
 70
1
 71
0
 91
1
 92
3
 72
0
 73
1
 93
3
 10
1.1000000000000207
 20
5.385
 10
1.2100000000000208
 20
5.42
 10
1.2100000000000208
 20
5.35
 97
0
 75
0
 76
1
 98
0
  0
HATCH
  5
1C8
330
17
100
AcDbEntity
  8
E-TEXTO
 62
7
100
AcDbHatch
 10
0.0
 20
0.0
 30
0.0
210
0.0
220
0.0
230
1.0
  2
SOLID
 70
1
 71
0
 91
1
 92
3
 72
0
 73
1
 93
3
 10
2.100000000000021
 20
5.385
 10
1.9900000000000209
 20
5.42
 10
1.9900000000000209
 20
5.35
 97
0
 75
0
 76
1
 98
0
  0
TEXT
  5
1C9
330
17
100
AcDbEntity
  8
E-TEXTO
100
AcDbText
 10
1.6000000000000207
 20
5.425
 30
0.0
 40
0.07500000000000001
  1
ALIG. h=0.20
  7
ARIAL
 41
0.9
 72
1
 11
1.6000000000000207
 21
5.425
 31
0.0
100
AcDbText
 73
1
  0
LINE
  5
1CA
330
17
100
AcDbEntity
  8
E-TEXTO
100
AcDbLine
 10
1.1000000000000207
 20
7.335
 30
0.0
 11
2.100000000000021
 21
7.335
 31
0.0
  0
HATCH
  5
1CB
330
17
100
AcDbEntity
  8
E-TEXTO
 62
7
100
AcDbHatch
 10
0.0
 20
0.0
 30
0.0
210
0.0
220
0.0
230
1.0
  2
SOLID
 70
1
 71
0
 91
1
 92
3
 72
0
 73
1
 93
3
 10
1.1000000000000207
 20
7.335
 10
1.2100000000000208
 20
7.37
 10
1.2100000000000208
 20
7.3
 97
0
 75
0
 76
1
 98
0
  0
HATCH
  5
1CC
330
17
100
AcDbEntity
  8
E-TEXTO
 62
7
100
AcDbHatch
 10
0.0
 20
0.0
 30
0.0
210
0.0
220
0.0
230
1.0
  2
SOLID
 70
1
 71
0
 91
1
 92
3
 72
0
 73
1
 93
3
 10
2.100000000000021
 20
7.335
 10
1.9900000000000209
 20
7.37
 10
1.9900000000000209
 20
7.3
 97
0
 75
0
 76
1
 98
0
  0
TEXT
  5
1CD
330
17
100
AcDbEntity
  8
E-TEXTO
100
AcDbText
 10
1.6000000000000207
 20
7.375
 30
0.0
 40
0.07500000000000001
  1
ALIG. h=0.20
  7
ARIAL
 41
0.9
 72
1
 11
1.6000000000000207
 21
7.375
 31
0.0
100
AcDbText
 73
1
  0
LINE
  5
1CE
330
17
100
AcDbEntity
  8
E-TEXTO
100
AcDbLine
 10
5.049999999999987
 20
5.385
 30
0.0
 11
6.049999999999987
 21
5.385
 31
0.0
  0
HATCH
  5
1CF
330
17
100
AcDbEntity
  8
E-TEXTO
 62
7
100
AcDbHatch
 10
0.0
 20
0.0
 30
0.0
210
0.0
220
0.0
230
1.0
  2
SOLID
 70
1
 71
0
 91
1
 92
3
 72
0
 73
1
 93
3
 10
5.049999999999987
 20
5.385
 10
5.159999999999988
 20
5.42
 10
5.159999999999988
 20
5.35
 97
0
 75
0
 76
1
 98
0
  0
HATCH
  5
1D0
330
17
100
AcDbEntity
  8
E-TEXTO
 62
7
100
AcDbHatch
 10
0.0
 20
0.0
 30
0.0
210
0.0
220
0.0
230
1.0
  2
SOLID
 70
1
 71
0
 91
1
 92
3
 72
0
 73
1
 93
3
 10
6.049999999999987
 20
5.385
 10
5.939999999999987
 20
5.42
 10
5.939999999999987
 20
5.35
 97
0
 75
0
 76
1
 98
0
  0
TEXT
  5
1D1
330
17
100
AcDbEntity
  8
E-TEXTO
100
AcDbText
 10
5.549999999999987
 20
5.425
 30
0.0
 40
0.07500000000000001
  1
ALIG. h=0.20
  7
ARIAL
 41
0.9
 72
1
 11
5.549999999999987
 21
5.425
 31
0.0
100
AcDbText
 73
1
  0
LINE
  5
1D2
330
17
100
AcDbEntity
  8
E-TEXTO
100
AcDbLine
 10
5.049999999999987
 20
7.335
 30
0.0
 11
6.049999999999987
 21
7.335
 31
0.0
  0
HATCH
  5
1D3
330
17
100
AcDbEntity
  8
E-TEXTO
 62
7
100
AcDbHatch
 10
0.0
 20
0.0
 30
0.0
210
0.0
220
0.0
230
1.0
  2
SOLID
 70
1
 71
0
 91
1
 92
3
 72
0
 73
1
 93
3
 10
5.049999999999987
 20
7.335
 10
5.159999999999988
 20
7.37
 10
5.159999999999988
 20
7.3
 97
0
 75
0
 76
1
 98
0
  0
HATCH
  5
1D4
330
17
100
AcDbEntity
  8
E-TEXTO
 62
7
100
AcDbHatch
 10
0.0
 20
0.0
 30
0.0
210
0.0
220
0.0
230
1.0
  2
SOLID
 70
1
 71
0
 91
1
 92
3
 72
0
 73
1
 93
3
 10
6.049999999999987
 20
7.335
 10
5.939999999999987
 20
7.37
 10
5.939999999999987
 20
7.3
 97
0
 75
0
 76
1
 98
0
  0
TEXT
  5
1D5
330
17
100
AcDbEntity
  8
E-TEXTO
100
AcDbText
 10
5.549999999999987
 20
7.375
 30
0.0
 40
0.07500000000000001
  1
ALIG. h=0.20
  7
ARIAL
 41
0.9
 72
1
 11
5.549999999999987
 21
7.375
 31
0.0
100
AcDbText
 73
1
  0
LINE
  5
1D6
330
17
100
AcDbEntity
  8
E-TEXTO
100
AcDbLine
 10
8.049999999999956
 20
5.385
 30
0.0
 11
9.049999999999956
 21
5.385
 31
0.0
  0
HATCH
  5
1D7
330
17
100
AcDbEntity
  8
E-TEXTO
 62
7
100
AcDbHatch
 10
0.0
 20
0.0
 30
0.0
210
0.0
220
0.0
230
1.0
  2
SOLID
 70
1
 71
0
 91
1
 92
3
 72
0
 73
1
 93
3
 10
8.049999999999956
 20
5.385
 10
8.159999999999956
 20
5.42
 10
8.159999999999956
 20
5.35
 97
0
 75
0
 76
1
 98
0
  0
HATCH
  5
1D8
330
17
100
AcDbEntity
  8
E-TEXTO
 62
7
100
AcDbHatch
 10
0.0
 20
0.0
 30
0.0
210
0.0
220
0.0
230
1.0
  2
SOLID
 70
1
 71
0
 91
1
 92
3
 72
0
 73
1
 93
3
 10
9.049999999999956
 20
5.385
 10
8.939999999999957
 20
5.42
 10
8.939999999999957
 20
5.35
 97
0
 75
0
 76
1
 98
0
  0
TEXT
  5
1D9
330
17
100
AcDbEntity
  8
E-TEXTO
100
AcDbText
 10
8.549999999999956
 20
5.425
 30
0.0
 40
0.07500000000000001
  1
ALIG. h=0.20
  7
ARIAL
 41
0.9
 72
1
 11
8.549999999999956
 21
5.425
 31
0.0
100
AcDbText
 73
1
  0
LINE
  5
1DA
330
17
100
AcDbEntity
  8
E-TEXTO
100
AcDbLine
 10
8.049999999999956
 20
7.335
 30
0.0
 11
9.049999999999956
 21
7.335
 31
0.0
  0
HATCH
  5
1DB
330
17
100
AcDbEntity
  8
E-TEXTO
 62
7
100
AcDbHatch
 10
0.0
 20
0.0
 30
0.0
210
0.0
220
0.0
230
1.0
  2
SOLID
 70
1
 71
0
 91
1
 92
3
 72
0
 73
1
 93
3
 10
8.049999999999956
 20
7.335
 10
8.159999999999956
 20
7.37
 10
8.159999999999956
 20
7.3
 97
0
 75
0
 76
1
 98
0
  0
HATCH
  5
1DC
330
17
100
AcDbEntity
  8
E-TEXTO
 62
7
100
AcDbHatch
 10
0.0
 20
0.0
 30
0.0
210
0.0
220
0.0
230
1.0
  2
SOLID
 70
1
 71
0
 91
1
 92
3
 72
0
 73
1
 93
3
 10
9.049999999999956
 20
7.335
 10
8.939999999999957
 20
7.37
 10
8.939999999999957
 20
7.3
 97
0
 75
0
 76
1
 98
0
  0
TEXT
  5
1DD
330
17
100
AcDbEntity
  8
E-TEXTO
100
AcDbText
 10
8.549999999999956
 20
7.375
 30
0.0
 40
0.07500000000000001
  1
ALIG. h=0.20
  7
ARIAL
 41
0.9
 72
1
 11
8.549999999999956
 21
7.375
 31
0.0
100
AcDbText
 73
1
  0
LINE
  5
1DE
330
17
100
AcDbEntity
  8
E-TEXTO
100
AcDbLine
 10
1.35
 20
1.164958297846224
 30
0.0
 11
1.35
 21
2.064958297846224
 31
0.0
  0
HATCH
  5
1DF
330
17
100
AcDbEntity
  8
E-TEXTO
 62
7
100
AcDbHatch
 10
0.0
 20
0.0
 30
0.0
210
0.0
220
0.0
230
1.0
  2
SOLID
 70
1
 71
0
 91
1
 92
3
 72
0
 73
1
 93
3
 10
1.35
 20
1.164958297846224
 10
1.3150000000000002
 20
1.2749582978462242
 10
1.385
 20
1.2749582978462242
 97
0
 75
0
 76
1
 98
0
  0
HATCH
  5
1E0
330
17
100
AcDbEntity
  8
E-TEXTO
 62
7
100
AcDbHatch
 10
0.0
 20
0.0
 30
0.0
210
0.0
220
0.0
230
1.0
  2
SOLID
 70
1
 71
0
 91
1
 92
3
 72
0
 73
1
 93
3
 10
1.35
 20
2.064958297846224
 10
1.3150000000000002
 20
1.9549582978462239
 10
1.385
 20
1.9549582978462239
 97
0
 75
0
 76
1
 98
0
  0
TEXT
  5
1E1
330
17
100
AcDbEntity
  8
E-TEXTO
100
AcDbText
 10
1.31
 20
1.614958297846224
 30
0.0
 40
0.07500000000000001
  1
ALIG. h=0.20
 50
90.0
  7
ARIAL
 41
0.9
 72
1
 11
1.31
 21
1.614958297846224
 31
0.0
100
AcDbText
 73
1
  0
LINE
  5
1E2
330
17
100
AcDbEntity
  8
E-TEXTO
100
AcDbLine
 10
2.55
 20
2.964958198166053
 30
0.0
 11
2.55
 21
3.8649581981660535
 31
0.0
  0
HATCH
  5
1E3
330
17
100
AcDbEntity
  8
E-TEXTO
 62
7
100
AcDbHatch
 10
0.0
 20
0.0
 30
0.0
210
0.0
220
0.0
230
1.0
  2
SOLID
 70
1
 71
0
 91
1
 92
3
 72
0
 73
1
 93
3
 10
2.55
 20
2.964958198166053
 10
2.5149999999999997
 20
3.074958198166053
 10
2.585
 20
3.074958198166053
 97
0
 75
0
 76
1
 98
0
  0
HATCH
  5
1E4
330
17
100
AcDbEntity
  8
E-TEXTO
 62
7
100
AcDbHatch
 10
0.0
 20
0.0
 30
0.0
210
0.0
220
0.0
230
1.0
  2
SOLID
 70
1
 71
0
 91
1
 92
3
 72
0
 73
1
 93
3
 10
2.55
 20
3.8649581981660535
 10
2.5149999999999997
 20
3.7549581981660536
 10
2.585
 20
3.7549581981660536
 97
0
 75
0
 76
1
 98
0
  0
TEXT
  5
1E5
330
17
100
AcDbEntity
  8
E-TEXTO
100
AcDbText
 10
2.51
 20
3.4149581981660533
 30
0.0
 40
0.07500000000000001
  1
ALIG. h=0.20
 50
90.0
  7
ARIAL
 41
0.9
 72
1
 11
2.51
 21
3.4149581981660533
 31
0.0
100
AcDbText
 73
1
  0
LINE
  5
1E6
330
17
100
AcDbEntity
  8
E-TEXTO
100
AcDbLine
 10
7.35
 20
2.964958198166053
 30
0.0
 11
7.35
 21
3.8649581981660535
 31
0.0
  0
HATCH
  5
1E7
330
17
100
AcDbEntity
  8
E-TEXTO
 62
7
100
AcDbHatch
 10
0.0
 20
0.0
 30
0.0
210
0.0
220
0.0
230
1.0
  2
SOLID
 70
1
 71
0
 91
1
 92
3
 72
0
 73
1
 93
3
 10
7.35
 20
2.964958198166053
 10
7.3149999999999995
 20
3.074958198166053
 10
7.385
 20
3.074958198166053
 97
0
 75
0
 76
1
 98
0
  0
HATCH
  5
1E8
330
17
100
AcDbEntity
  8
E-TEXTO
 62
7
100
AcDbHatch
 10
0.0
 20
0.0
 30
0.0
210
0.0
220
0.0
230
1.0
  2
SOLID
 70
1
 71
0
 91
1
 92
3
 72
0
 73
1
 93
3
 10
7.35
 20
3.8649581981660535
 10
7.3149999999999995
 20
3.7549581981660536
 10
7.385
 20
3.7549581981660536
 97
0
 75
0
 76
1
 98
0
  0
TEXT
  5
1E9
330
17
100
AcDbEntity
  8
E-TEXTO
100
AcDbText
 10
7.31
 20
3.4149581981660533
 30
0.0
 40
0.07500000000000001
  1
ALIG. h=0.20
 50
90.0
  7
ARIAL
 41
0.9
 72
1
 11
7.31
 21
3.4149581981660533
 31
0.0
100
AcDbText
 73
1
  0
LINE
  5
1EA
330
17
100
AcDbEntity
  8
E-TEXTO
100
AcDbLine
 10
1.35
 20
8.664958245849771
 30
0.0
 11
1.35
 21
9.56495824584977
 31
0.0
  0
HATCH
  5
1EB
330
17
100
AcDbEntity
  8
E-TEXTO
 62
7
100
AcDbHatch
 10
0.0
 20
0.0
 30
0.0
210
0.0
220
0.0
230
1.0
  2
SOLID
 70
1
 71
0
 91
1
 92
3
 72
0
 73
1
 93
3
 10
1.35
 20
8.664958245849771
 10
1.3150000000000002
 20
8.77495824584977
 10
1.385
 20
8.77495824584977
 97
0
 75
0
 76
1
 98
0
  0
HATCH
  5
1EC
330
17
100
AcDbEntity
  8
E-TEXTO
 62
7
100
AcDbHatch
 10
0.0
 20
0.0
 30
0.0
210
0.0
220
0.0
230
1.0
  2
SOLID
 70
1
 71
0
 91
1
 92
3
 72
0
 73
1
 93
3
 10
1.35
 20
9.56495824584977
 10
1.3150000000000002
 20
9.45495824584977
 10
1.385
 20
9.45495824584977
 97
0
 75
0
 76
1
 98
0
  0
TEXT
  5
1ED
330
17
100
AcDbEntity
  8
E-TEXTO
100
AcDbText
 10
1.31
 20
9.11495824584977
 30
0.0
 40
0.07500000000000001
  1
ALIG. h=0.20
 50
90.0
  7
ARIAL
 41
0.9
 72
1
 11
1.31
 21
9.11495824584977
 31
0.0
100
AcDbText
 73
1
  0
LINE
  5
1EE
330
17
100
AcDbEntity
  8
E-TEXTO
100
AcDbLine
 10
8.95
 20
8.664958245849771
 30
0.0
 11
8.95
 21
9.56495824584977
 31
0.0
  0
HATCH
  5
1EF
330
17
100
AcDbEntity
  8
E-TEXTO
 62
7
100
AcDbHatch
 10
0.0
 20
0.0
 30
0.0
210
0.0
220
0.0
230
1.0
  2
SOLID
 70
1
 71
0
 91
1
 92
3
 72
0
 73
1
 93
3
 10
8.95
 20
8.664958245849771
 10
8.915
 20
8.77495824584977
 10
8.985
 20
8.77495824584977
 97
0
 75
0
 76
1
 98
0
  0
HATCH
  5
1F0
330
17
100
AcDbEntity
  8
E-TEXTO
 62
7
100
AcDbHatch
 10
0.0
 20
0.0
 30
0.0
210
0.0
220
0.0
230
1.0
  2
SOLID
 70
1
 71
0
 91
1
 92
3
 72
0
 73
1
 93
3
 10
8.95
 20
9.56495824584977
 10
8.915
 20
9.45495824584977
 10
8.985
 20
9.45495824584977
 97
0
 75
0
 76
1
 98
0
  0
TEXT
  5
1F1
330
17
100
AcDbEntity
  8
E-TEXTO
100
AcDbText
 10
8.91
 20
9.11495824584977
 30
0.0
 40
0.07500000000000001
  1
ALIG. h=0.20
 50
90.0
  7
ARIAL
 41
0.9
 72
1
 11
8.91
 21
9.11495824584977
 31
0.0
100
AcDbText
 73
1
  0
LWPOLYLINE
  5
1F2
330
17
100
AcDbEntity
  8
E-ACERO
100
AcDbPolyline
 90
2
 70
0
 10
6.699999809265137
 20
4.829658508300781
 10
-0.4233475625514984
 20
4.829658508300781
  0
LWPOLYLINE
  5
1F3
330
17
100
AcDbEntity
  8
E-ACERO
100
AcDbPolyline
 90
2
 70
0
 10
10.125
 20
4.7989583015441895
 10
6.099999904632568
 20
4.7989583015441895
  0
TEXT
  5
1F4
330
17
100
AcDbEntity
  8
E-ACERO-TXT
100
AcDbText
 10
2.3000000000000207
 20
4.86
 30
0.0
 40
0.085
  1
1Ø1/2" inf. L=7.12
  7
ARIAL
 41
0.9
 72
1
 11
2.3000000000000207
 21
4.86
 31
0.0
100
AcDbText
 73
1
  0
TEXT
  5
1F5
330
17
100
AcDbEntity
  8
E-ACERO-TXT
100
AcDbText
 10
7.899999999999957
 20
4.86
 30
0.0
 40
0.085
  1
1Ø1/2" inf. L=4.03
  7
ARIAL
 41
0.9
 72
1
 11
7.899999999999957
 21
4.86
 31
0.0
100
AcDbText
 73
1
  0
DIMENSION
  5
1F6
330
17
100
AcDbEntity
  8
E-COTA
100
AcDbDimension
280
0
  2
*D1
  3
COTA50
 10
6.099999904632568
 20
4.9750000000000005
 30
0.0
 11
6.3999998569488525
 21
5.11
 31
0.0
 70
32
 71
5
  1
trasl. 0.60
100
AcDbAlignedDimension
 13
6.099999904632568
 23
4.815
 33
0.0
 14
6.699999809265137
 24
4.815
 34
0.0
 50
0.0
100
AcDbRotatedDimension
1001
ACAD
1000
DSTYLE
1002
{
1070
271
1070
2
1002
}
  0
LWPOLYLINE
  5
209
330
17
100
AcDbEntity
  8
E-ACERO
100
AcDbPolyline
 90
4
 70
0
 10
1.1166666746139526
 20
5.6149582862854
 10
-0.4316382110118866
 20
5.6149582862854
 10
-0.4630691111087799
 20
5.6149582862854
 10
-0.47608819603919983
 20
5.6149582862854
  0
LINE
  5
20A
330
17
100
AcDbEntity
  8
E-ACERO
100
AcDbLine
 10
-0.47608819603919983
 20
5.679958286285401
 30
0.0
 11
-0.47608819603919983
 21
5.5499582862854
 31
0.0
  0
TEXT
  5
20B
330
17
100
AcDbEntity
  8
E-ACERO-TXT
100
AcDbText
 10
0.3202892392873764
 20
5.57
 30
0.0
 40
0.085
  1
1Ø1/2" L=1.69
  7
ARIAL
 41
0.9
 72
1
 11
0.3202892392873764
 21
5.57
 31
0.0
100
AcDbText
 73
3
  0
DIMENSION
  5
20C
330
17
100
AcDbEntity
  8
E-COTA
100
AcDbDimension
280
0
  2
*D2
  3
COTA50
 10
-0.4761
 20
5.805000000000001
 30
0.0
 11
-0.31305
 21
5.94
 31
0.0
 70
32
 71
5
  1
<>
100
AcDbAlignedDimension
 13
-0.4761
 23
5.615
 33
0.0
 14
-0.15
 24
5.615
 34
0.0
 50
0.0
100
AcDbRotatedDimension
1001
ACAD
1000
DSTYLE
1002
{
1070
271
1070
2
1002
}
  0
DIMENSION
  5
21B
330
17
100
AcDbEntity
  8
E-COTA
100
AcDbDimension
280
0
  2
*D3
  3
COTA50
 10
-0.15
 20
5.805000000000001
 30
0.0
 11
0.0
 21
5.94
 31
0.0
 70
32
 71
5
  1
<>
100
AcDbAlignedDimension
 13
-0.15
 23
5.615
 33
0.0
 14
0.15
 24
5.615
 34
0.0
 50
0.0
100
AcDbRotatedDimension
1001
ACAD
1000
DSTYLE
1002
{
1070
271
1070
2
1002
}
  0
DIMENSION
  5
22A
330
17
100
AcDbEntity
  8
E-COTA
100
AcDbDimension
280
0
  2
*D4
  3
COTA50
 10
0.15
 20
5.805000000000001
 30
0.0
 11
0.63335
 21
5.880000000000001
 31
0.0
 70
32
 71
5
  1
<>
100
AcDbAlignedDimension
 13
0.15
 23
5.615
 33
0.0
 14
1.1167
 24
5.615
 34
0.0
 50
0.0
100
AcDbRotatedDimension
1001
ACAD
1000
DSTYLE
1002
{
1070
271
1070
2
1002
}
  0
LWPOLYLINE
  5
239
330
17
100
AcDbEntity
  8
E-ACERO
100
AcDbPolyline
 90
2
 70
0
 10
7.650000095367432
 20
5.6149582862854
 10
5.2833333015441895
 20
5.6149582862854
  0
TEXT
  5
23A
330
17
100
AcDbEntity
  8
E-ACERO-TXT
100
AcDbText
 10
6.4666666984558105
 20
5.57
 30
0.0
 40
0.085
  1
1Ø1/2" L=2.37
  7
ARIAL
 41
0.9
 72
1
 11
6.4666666984558105
 21
5.57
 31
0.0
100
AcDbText
 73
3
  0
DIMENSION
  5
23B
330
17
100
AcDbEntity
  8
E-COTA
100
AcDbDimension
280
0
  2
*D5
  3
COTA50
 10
5.2833
 20
5.805000000000001
 30
0.0
 11
5.76665
 21
5.880000000000001
 31
0.0
 70
32
 71
5
  1
<>
100
AcDbAlignedDimension
 13
5.2833
 23
5.615
 33
0.0
 14
6.25
 24
5.615
 34
0.0
 50
0.0
100
AcDbRotatedDimension
1001
ACAD
1000
DSTYLE
1002
{
1070
271
1070
2
1002
}
  0
DIMENSION
  5
24A
330
17
100
AcDbEntity
  8
E-COTA
100
AcDbDimension
280
0
  2
*D6
  3
COTA50
 10
6.25
 20
5.805000000000001
 30
0.0
 11
6.4
 21
5.94
 31
0.0
 70
32
 71
5
  1
<>
100
AcDbAlignedDimension
 13
6.25
 23
5.615
 33
0.0
 14
6.55
 24
5.615
 34
0.0
 50
0.0
100
AcDbRotatedDimension
1001
ACAD
1000
DSTYLE
1002
{
1070
271
1070
2
1002
}
  0
DIMENSION
  5
259
330
17
100
AcDbEntity
  8
E-COTA
100
AcDbDimension
280
0
  2
*D7
  3
COTA50
 10
6.55
 20
5.805000000000001
 30
0.0
 11
7.1
 21
5.880000000000001
 31
0.0
 70
32
 71
5
  1
<>
100
AcDbAlignedDimension
 13
6.55
 23
5.615
 33
0.0
 14
7.65
 24
5.615
 34
0.0
 50
0.0
100
AcDbRotatedDimension
1001
ACAD
1000
DSTYLE
1002
{
1070
271
1070
2
1002
}
  0
LWPOLYLINE
  5
268
330
17
100
AcDbEntity
  8
E-ACERO
100
AcDbPolyline
 90
2
 70
0
 10
4.316666603088379
 20
5.6149582862854
 10
2.0833332538604736
 20
5.6149582862854
  0
TEXT
  5
269
330
17
100
AcDbEntity
  8
E-ACERO-TXT
100
AcDbText
 10
3.1999999284744263
 20
5.57
 30
0.0
 40
0.085
  1
1Ø1/2" L=2.23
  7
ARIAL
 41
0.9
 72
1
 11
3.1999999284744263
 21
5.57
 31
0.0
100
AcDbText
 73
3
  0
DIMENSION
  5
26A
330
17
100
AcDbEntity
  8
E-COTA
100
AcDbDimension
280
0
  2
*D8
  3
COTA50
 10
2.0833
 20
5.805000000000001
 30
0.0
 11
2.56665
 21
5.880000000000001
 31
0.0
 70
32
 71
5
  1
<>
100
AcDbAlignedDimension
 13
2.0833
 23
5.615
 33
0.0
 14
3.05
 24
5.615
 34
0.0
 50
0.0
100
AcDbRotatedDimension
1001
ACAD
1000
DSTYLE
1002
{
1070
271
1070
2
1002
}
  0
DIMENSION
  5
279
330
17
100
AcDbEntity
  8
E-COTA
100
AcDbDimension
280
0
  2
*D9
  3
COTA50
 10
3.05
 20
5.805000000000001
 30
0.0
 11
3.2
 21
5.94
 31
0.0
 70
32
 71
5
  1
<>
100
AcDbAlignedDimension
 13
3.05
 23
5.615
 33
0.0
 14
3.35
 24
5.615
 34
0.0
 50
0.0
100
AcDbRotatedDimension
1001
ACAD
1000
DSTYLE
1002
{
1070
271
1070
2
1002
}
  0
DIMENSION
  5
288
330
17
100
AcDbEntity
  8
E-COTA
100
AcDbDimension
280
0
  2
*D10
  3
COTA50
 10
3.35
 20
5.805000000000001
 30
0.0
 11
3.8333500000000003
 21
5.880000000000001
 31
0.0
 70
32
 71
5
  1
<>
100
AcDbAlignedDimension
 13
3.35
 23
5.615
 33
0.0
 14
4.3167
 24
5.615
 34
0.0
 50
0.0
100
AcDbRotatedDimension
1001
ACAD
1000
DSTYLE
1002
{
1070
271
1070
2
1002
}
  0
LWPOLYLINE
  5
297
330
17
100
AcDbEntity
  8
E-ACERO
100
AcDbPolyline
 90
4
 70
0
 10
10.109999656677246
 20
5.622958183288574
 10
10.100235939025879
 20
5.622958183288574
 10
10.076662063598633
 20
5.622958183288574
 10
9.1899995803833
 20
5.622958183288574
  0
LINE
  5
298
330
17
100
AcDbEntity
  8
E-ACERO
100
AcDbLine
 10
10.109999656677246
 20
5.557958183288574
 30
0.0
 11
10.109999656677246
 21
5.687958183288575
 31
0.0
  0
TEXT
  5
299
330
17
100
AcDbEntity
  8
E-ACERO-TXT
100
AcDbText
 10
9.649999618530273
 20
5.57
 30
0.0
 40
0.085
  1
1Ø3/8" L=1.02
  7
ARIAL
 41
0.9
 72
1
 11
9.649999618530273
 21
5.57
 31
0.0
100
AcDbText
 73
3
  0
DIMENSION
  5
29A
330
17
100
AcDbEntity
  8
E-COTA
100
AcDbDimension
280
0
  2
*D11
  3
COTA50
 10
9.19
 20
5.805000000000001
 30
0.0
 11
9.52
 21
5.880000000000001
 31
0.0
 70
32
 71
5
  1
<>
100
AcDbAlignedDimension
 13
9.19
 23
5.615
 33
0.0
 14
9.85
 24
5.615
 34
0.0
 50
0.0
100
AcDbRotatedDimension
1001
ACAD
1000
DSTYLE
1002
{
1070
271
1070
2
1002
}
  0
DIMENSION
  5
2A9
330
17
100
AcDbEntity
  8
E-COTA
100
AcDbDimension
280
0
  2
*D12
  3
COTA50
 10
9.85
 20
5.805000000000001
 30
0.0
 11
9.98
 21
5.94
 31
0.0
 70
32
 71
5
  1
<>
100
AcDbAlignedDimension
 13
9.85
 23
5.615
 33
0.0
 14
10.11
 24
5.615
 34
0.0
 50
0.0
100
AcDbRotatedDimension
1001
ACAD
1000
DSTYLE
1002
{
1070
271
1070
2
1002
}
  0
TEXT
  5
2B8
330
17
100
AcDbEntity
  8
E-ACERO-TXT
100
AcDbText
 10
4.449999999999988
 20
4.86
 30
0.0
 40
0.07500000000000001
  1
(ídem en las 3 viguetas, @ .40)
  7
ARIAL
 41
0.9
 72
1
 11
4.449999999999988
 21
4.86
 31
0.0
100
AcDbText
 73
1
  0
LWPOLYLINE
  5
2B9
330
17
100
AcDbEntity
  8
E-ACERO
100
AcDbPolyline
 90
2
 70
0
 10
3.5
 20
6.779658317565918
 10
-0.5701217651367188
 20
6.779658317565918
  0
LWPOLYLINE
  5
2BA
330
17
100
AcDbEntity
  8
E-ACERO
100
AcDbPolyline
 90
2
 70
0
 10
10.125
 20
6.764958381652832
 10
2.9000000953674316
 20
6.764958381652832
  0
TEXT
  5
2BB
330
17
100
AcDbEntity
  8
E-ACERO-TXT
100
AcDbText
 10
2.3000000000000207
 20
6.81
 30
0.0
 40
0.085
  1
1Ø1/2" inf. L=4.07
  7
ARIAL
 41
0.9
 72
1
 11
2.3000000000000207
 21
6.81
 31
0.0
100
AcDbText
 73
1
  0
TEXT
  5
2BC
330
17
100
AcDbEntity
  8
E-ACERO-TXT
100
AcDbText
 10
7.899999999999957
 20
6.81
 30
0.0
 40
0.085
  1
1Ø1/2" inf. L=7.23
  7
ARIAL
 41
0.9
 72
1
 11
7.899999999999957
 21
6.81
 31
0.0
100
AcDbText
 73
1
  0
DIMENSION
  5
2BD
330
17
100
AcDbEntity
  8
E-COTA
100
AcDbDimension
280
0
  2
*D13
  3
COTA50
 10
2.9000000953674316
 20
6.925
 30
0.0
 11
3.200000047683716
 21
7.06
 31
0.0
 70
32
 71
5
  1
trasl. 0.60
100
AcDbAlignedDimension
 13
2.9000000953674316
 23
6.765
 33
0.0
 14
3.5
 24
6.765
 34
0.0
 50
0.0
100
AcDbRotatedDimension
1001
ACAD
1000
DSTYLE
1002
{
1070
271
1070
2
1002
}
  0
LWPOLYLINE
  5
2CC
330
17
100
AcDbEntity
  8
E-ACERO
100
AcDbPolyline
 90
4
 70
0
 10
1.1166666746139526
 20
7.564958095550537
 10
-0.5784124135971069
 20
7.564958095550537
 10
-0.6098433136940002
 20
7.564958095550537
 10
-0.6228623986244202
 20
7.564958095550537
  0
LINE
  5
2CD
330
17
100
AcDbEntity
  8
E-ACERO
100
AcDbLine
 10
-0.6228623986244202
 20
7.6299580955505375
 30
0.0
 11
-0.6228623986244202
 21
7.499958095550537
 31
0.0
  0
TEXT
  5
2CE
330
17
100
AcDbEntity
  8
E-ACERO-TXT
100
AcDbText
 10
0.24690213799476624
 20
7.5200000000000005
 30
0.0
 40
0.085
  1
1Ø1/2" L=1.84
  7
ARIAL
 41
0.9
 72
1
 11
0.24690213799476624
 21
7.5200000000000005
 31
0.0
100
AcDbText
 73
3
  0
DIMENSION
  5
2CF
330
17
100
AcDbEntity
  8
E-COTA
100
AcDbDimension
280
0
  2
*D14
  3
COTA50
 10
-0.6229
 20
7.755000000000001
 30
0.0
 11
-0.38645
 21
7.830000000000001
 31
0.0
 70
32
 71
5
  1
<>
100
AcDbAlignedDimension
 13
-0.6229
 23
7.565
 33
0.0
 14
-0.15
 24
7.565
 34
0.0
 50
0.0
100
AcDbRotatedDimension
1001
ACAD
1000
DSTYLE
1002
{
1070
271
1070
2
1002
}
  0
DIMENSION
  5
2DE
330
17
100
AcDbEntity
  8
E-COTA
100
AcDbDimension
280
0
  2
*D15
  3
COTA50
 10
-0.15
 20
7.755000000000001
 30
0.0
 11
0.0
 21
7.890000000000001
 31
0.0
 70
32
 71
5
  1
<>
100
AcDbAlignedDimension
 13
-0.15
 23
7.565
 33
0.0
 14
0.15
 24
7.565
 34
0.0
 50
0.0
100
AcDbRotatedDimension
1001
ACAD
1000
DSTYLE
1002
{
1070
271
1070
2
1002
}
  0
DIMENSION
  5
2ED
330
17
100
AcDbEntity
  8
E-COTA
100
AcDbDimension
280
0
  2
*D16
  3
COTA50
 10
0.15
 20
7.755000000000001
 30
0.0
 11
0.63335
 21
7.830000000000001
 31
0.0
 70
32
 71
5
  1
<>
100
AcDbAlignedDimension
 13
0.15
 23
7.565
 33
0.0
 14
1.1167
 24
7.565
 34
0.0
 50
0.0
100
AcDbRotatedDimension
1001
ACAD
1000
DSTYLE
1002
{
1070
271
1070
2
1002
}
  0
LWPOLYLINE
  5
2FC
330
17
100
AcDbEntity
  8
E-ACERO
100
AcDbPolyline
 90
2
 70
0
 10
7.650000095367432
 20
7.564958095550537
 10
5.2833333015441895
 20
7.564958095550537
  0
TEXT
  5
2FD
330
17
100
AcDbEntity
  8
E-ACERO-TXT
100
AcDbText
 10
6.4666666984558105
 20
7.5200000000000005
 30
0.0
 40
0.085
  1
1Ø1/2" L=2.37
  7
ARIAL
 41
0.9
 72
1
 11
6.4666666984558105
 21
7.5200000000000005
 31
0.0
100
AcDbText
 73
3
  0
DIMENSION
  5
2FE
330
17
100
AcDbEntity
  8
E-COTA
100
AcDbDimension
280
0
  2
*D17
  3
COTA50
 10
5.2833
 20
7.755000000000001
 30
0.0
 11
5.76665
 21
7.830000000000001
 31
0.0
 70
32
 71
5
  1
<>
100
AcDbAlignedDimension
 13
5.2833
 23
7.565
 33
0.0
 14
6.25
 24
7.565
 34
0.0
 50
0.0
100
AcDbRotatedDimension
1001
ACAD
1000
DSTYLE
1002
{
1070
271
1070
2
1002
}
  0
DIMENSION
  5
30D
330
17
100
AcDbEntity
  8
E-COTA
100
AcDbDimension
280
0
  2
*D18
  3
COTA50
 10
6.25
 20
7.755000000000001
 30
0.0
 11
6.4
 21
7.890000000000001
 31
0.0
 70
32
 71
5
  1
<>
100
AcDbAlignedDimension
 13
6.25
 23
7.565
 33
0.0
 14
6.55
 24
7.565
 34
0.0
 50
0.0
100
AcDbRotatedDimension
1001
ACAD
1000
DSTYLE
1002
{
1070
271
1070
2
1002
}
  0
DIMENSION
  5
31C
330
17
100
AcDbEntity
  8
E-COTA
100
AcDbDimension
280
0
  2
*D19
  3
COTA50
 10
6.55
 20
7.755000000000001
 30
0.0
 11
7.1
 21
7.830000000000001
 31
0.0
 70
32
 71
5
  1
<>
100
AcDbAlignedDimension
 13
6.55
 23
7.565
 33
0.0
 14
7.65
 24
7.565
 34
0.0
 50
0.0
100
AcDbRotatedDimension
1001
ACAD
1000
DSTYLE
1002
{
1070
271
1070
2
1002
}
  0
LWPOLYLINE
  5
32B
330
17
100
AcDbEntity
  8
E-ACERO
100
AcDbPolyline
 90
2
 70
0
 10
4.316666603088379
 20
7.564958095550537
 10
2.0833332538604736
 20
7.564958095550537
  0
TEXT
  5
32C
330
17
100
AcDbEntity
  8
E-ACERO-TXT
100
AcDbText
 10
3.1999999284744263
 20
7.5200000000000005
 30
0.0
 40
0.085
  1
1Ø1/2" L=2.23
  7
ARIAL
 41
0.9
 72
1
 11
3.1999999284744263
 21
7.5200000000000005
 31
0.0
100
AcDbText
 73
3
  0
DIMENSION
  5
32D
330
17
100
AcDbEntity
  8
E-COTA
100
AcDbDimension
280
0
  2
*D20
  3
COTA50
 10
2.0833
 20
7.755000000000001
 30
0.0
 11
2.56665
 21
7.830000000000001
 31
0.0
 70
32
 71
5
  1
<>
100
AcDbAlignedDimension
 13
2.0833
 23
7.565
 33
0.0
 14
3.05
 24
7.565
 34
0.0
 50
0.0
100
AcDbRotatedDimension
1001
ACAD
1000
DSTYLE
1002
{
1070
271
1070
2
1002
}
  0
DIMENSION
  5
33C
330
17
100
AcDbEntity
  8
E-COTA
100
AcDbDimension
280
0
  2
*D21
  3
COTA50
 10
3.05
 20
7.755000000000001
 30
0.0
 11
3.2
 21
7.890000000000001
 31
0.0
 70
32
 71
5
  1
<>
100
AcDbAlignedDimension
 13
3.05
 23
7.565
 33
0.0
 14
3.35
 24
7.565
 34
0.0
 50
0.0
100
AcDbRotatedDimension
1001
ACAD
1000
DSTYLE
1002
{
1070
271
1070
2
1002
}
  0
DIMENSION
  5
34B
330
17
100
AcDbEntity
  8
E-COTA
100
AcDbDimension
280
0
  2
*D22
  3
COTA50
 10
3.35
 20
7.755000000000001
 30
0.0
 11
3.8333500000000003
 21
7.830000000000001
 31
0.0
 70
32
 71
5
  1
<>
100
AcDbAlignedDimension
 13
3.35
 23
7.565
 33
0.0
 14
4.3167
 24
7.565
 34
0.0
 50
0.0
100
AcDbRotatedDimension
1001
ACAD
1000
DSTYLE
1002
{
1070
271
1070
2
1002
}
  0
LWPOLYLINE
  5
35A
330
17
100
AcDbEntity
  8
E-ACERO
100
AcDbPolyline
 90
4
 70
0
 10
10.109999656677246
 20
7.564958095550537
 10
10.100235939025879
 20
7.564958095550537
 10
10.076662063598633
 20
7.564958095550537
 10
9.1899995803833
 20
7.564958095550537
  0
LINE
  5
35B
330
17
100
AcDbEntity
  8
E-ACERO
100
AcDbLine
 10
10.109999656677246
 20
7.499958095550537
 30
0.0
 11
10.109999656677246
 21
7.6299580955505375
 31
0.0
  0
TEXT
  5
35C
330
17
100
AcDbEntity
  8
E-ACERO-TXT
100
AcDbText
 10
9.649999618530273
 20
7.5200000000000005
 30
0.0
 40
0.085
  1
1Ø3/8" L=1.02
  7
ARIAL
 41
0.9
 72
1
 11
9.649999618530273
 21
7.5200000000000005
 31
0.0
100
AcDbText
 73
3
  0
DIMENSION
  5
35D
330
17
100
AcDbEntity
  8
E-COTA
100
AcDbDimension
280
0
  2
*D23
  3
COTA50
 10
9.19
 20
7.755000000000001
 30
0.0
 11
9.52
 21
7.830000000000001
 31
0.0
 70
32
 71
5
  1
<>
100
AcDbAlignedDimension
 13
9.19
 23
7.565
 33
0.0
 14
9.85
 24
7.565
 34
0.0
 50
0.0
100
AcDbRotatedDimension
1001
ACAD
1000
DSTYLE
1002
{
1070
271
1070
2
1002
}
  0
DIMENSION
  5
36C
330
17
100
AcDbEntity
  8
E-COTA
100
AcDbDimension
280
0
  2
*D24
  3
COTA50
 10
9.85
 20
7.755000000000001
 30
0.0
 11
9.98
 21
7.890000000000001
 31
0.0
 70
32
 71
5
  1
<>
100
AcDbAlignedDimension
 13
9.85
 23
7.565
 33
0.0
 14
10.11
 24
7.565
 34
0.0
 50
0.0
100
AcDbRotatedDimension
1001
ACAD
1000
DSTYLE
1002
{
1070
271
1070
2
1002
}
  0
TEXT
  5
37B
330
17
100
AcDbEntity
  8
E-ACERO-TXT
100
AcDbText
 10
4.449999999999988
 20
6.81
 30
0.0
 40
0.07500000000000001
  1
(ídem en las 3 viguetas, @ .40)
  7
ARIAL
 41
0.9
 72
1
 11
4.449999999999988
 21
6.81
 31
0.0
100
AcDbText
 73
1
  0
LWPOLYLINE
  5
37C
330
17
100
AcDbEntity
  8
E-ACERO
100
AcDbPolyline
 90
6
 70
0
 10
4.75
 20
0.8963083028793335
 10
4.75
 20
0.9093273878097534
 10
4.75
 20
0.9407582879066467
 10
4.75
 20
4.3805084228515625
 10
4.75
 20
4.4119391441345215
 10
4.75
 20
4.424958229064941
  0
LINE
  5
37D
330
17
100
AcDbEntity
  8
E-ACERO
100
AcDbLine
 10
4.685
 20
0.8963083028793335
 30
0.0
 11
4.815
 21
0.8963083028793335
 31
0.0
  0
LINE
  5
37E
330
17
100
AcDbEntity
  8
E-ACERO
100
AcDbLine
 10
4.815
 20
4.424958229064941
 30
0.0
 11
4.685
 21
4.424958229064941
 31
0.0
  0
LWPOLYLINE
  5
37F
330
17
100
AcDbEntity
  8
E-ACERO
100
AcDbPolyline
 90
2
 70
0
 10
5.133999824523926
 20
0.8899583220481873
 10
5.133999824523926
 20
4.424958229064941
  0
TEXT
  5
380
330
17
100
AcDbEntity
  8
E-ACERO-TXT
100
AcDbText
 10
4.795
 20
2.6606332659721375
 30
0.0
 40
0.085
  1
1Ø1/2" sup. L=3.73
 50
90.0
  7
ARIAL
 41
0.9
 72
1
 11
4.795
 21
2.6606332659721375
 31
0.0
100
AcDbText
 73
3
  0
TEXT
  5
381
330
17
100
AcDbEntity
  8
E-ACERO-TXT
100
AcDbText
 10
5.178999824523926
 20
2.6574582755565643
 30
0.0
 40
0.085
  1
1Ø3/8" inf. L=3.54
 50
90.0
  7
ARIAL
 41
0.9
 72
1
 11
5.178999824523926
 21
2.6574582755565643
 31
0.0
100
AcDbText
 73
3
  0
DIMENSION
  5
382
330
17
100
AcDbEntity
  8
E-COTA
100
AcDbDimension
280
0
  2
*D25
  3
COTA50
 10
4.55
 20
0.8963
 30
0.0
 11
4.475
 21
1.6306500000000002
 31
0.0
 70
32
 71
5
  1
<>
100
AcDbAlignedDimension
 13
4.75
 23
0.8963
 33
0.0
 14
4.75
 24
2.365
 34
0.0
 50
90.0
100
AcDbRotatedDimension
1001
ACAD
1000
DSTYLE
1002
{
1070
271
1070
2
1002
}
  0
DIMENSION
  5
391
330
17
100
AcDbEntity
  8
E-COTA
100
AcDbDimension
280
0
  2
*D26
  3
COTA50
 10
4.55
 20
2.365
 30
0.0
 11
4.415
 21
2.515
 31
0.0
 70
32
 71
5
  1
<>
100
AcDbAlignedDimension
 13
4.75
 23
2.365
 33
0.0
 14
4.75
 24
2.665
 34
0.0
 50
90.0
100
AcDbRotatedDimension
1001
ACAD
1000
DSTYLE
1002
{
1070
271
1070
2
1002
}
  0
DIMENSION
  5
3A0
330
17
100
AcDbEntity
  8
E-COTA
100
AcDbDimension
280
0
  2
*D27
  3
COTA50
 10
4.55
 20
2.665
 30
0.0
 11
4.475
 21
3.415
 31
0.0
 70
32
 71
5
  1
<>
100
AcDbAlignedDimension
 13
4.75
 23
2.665
 33
0.0
 14
4.75
 24
4.165
 34
0.0
 50
90.0
100
AcDbRotatedDimension
1001
ACAD
1000
DSTYLE
1002
{
1070
271
1070
2
1002
}
  0
DIMENSION
  5
3AF
330
17
100
AcDbEntity
  8
E-COTA
100
AcDbDimension
280
0
  2
*D28
  3
COTA50
 10
4.55
 20
4.165
 30
0.0
 11
4.415
 21
4.295
 31
0.0
 70
32
 71
5
  1
<>
100
AcDbAlignedDimension
 13
4.75
 23
4.165
 33
0.0
 14
4.75
 24
4.425
 34
0.0
 50
90.0
100
AcDbRotatedDimension
1001
ACAD
1000
DSTYLE
1002
{
1070
271
1070
2
1002
}
  0
LWPOLYLINE
  5
3BE
330
17
100
AcDbEntity
  8
E-ACERO
100
AcDbPolyline
 90
6
 70
0
 10
8.350000381469727
 20
2.5549583435058594
 10
8.350000381469727
 20
2.5647225379943848
 10
8.350000381469727
 20
2.5882956981658936
 10
8.350000381469727
 20
4.391620635986328
 10
8.350000381469727
 20
4.415194034576416
 10
8.350000381469727
 20
4.424958229064941
  0
LINE
  5
3BF
330
17
100
AcDbEntity
  8
E-ACERO
100
AcDbLine
 10
8.285000381469727
 20
2.5549583435058594
 30
0.0
 11
8.415000381469726
 21
2.5549583435058594
 31
0.0
  0
LINE
  5
3C0
330
17
100
AcDbEntity
  8
E-ACERO
100
AcDbLine
 10
8.415000381469726
 20
4.424958229064941
 30
0.0
 11
8.285000381469727
 21
4.424958229064941
 31
0.0
  0
LWPOLYLINE
  5
3C1
330
17
100
AcDbEntity
  8
E-ACERO
100
AcDbPolyline
 90
2
 70
0
 10
7.949999809265137
 20
2.5549583435058594
 10
7.949999809265137
 20
4.424958229064941
  0
TEXT
  5
3C2
330
17
100
AcDbEntity
  8
E-ACERO-TXT
100
AcDbText
 10
8.395000381469726
 20
3.4899582862854004
 30
0.0
 40
0.085
  1
1Ø3/8" sup. L=2.08
 50
90.0
  7
ARIAL
 41
0.9
 72
1
 11
8.395000381469726
 21
3.4899582862854004
 31
0.0
100
AcDbText
 73
3
  0
TEXT
  5
3C3
330
17
100
AcDbEntity
  8
E-ACERO-TXT
100
AcDbText
 10
7.994999809265137
 20
3.4899582862854004
 30
0.0
 40
0.085
  1
1Ø3/8" inf. L=1.87
 50
90.0
  7
ARIAL
 41
0.9
 72
1
 11
7.994999809265137
 21
3.4899582862854004
 31
0.0
100
AcDbText
 73
3
  0
DIMENSION
  5
3C4
330
17
100
AcDbEntity
  8
E-COTA
100
AcDbDimension
280
0
  2
*D29
  3
COTA50
 10
8.82
 20
2.555
 30
0.0
 11
8.685
 21
2.6100000000000003
 31
0.0
 70
32
 71
5
  1
<>
100
AcDbAlignedDimension
 13
8.350000381469727
 23
2.555
 33
0.0
 14
8.350000381469727
 24
2.665
 34
0.0
 50
90.0
100
AcDbRotatedDimension
1001
ACAD
1000
DSTYLE
1002
{
1070
271
1070
2
1002
}
  0
DIMENSION
  5
3D3
330
17
100
AcDbEntity
  8
E-COTA
100
AcDbDimension
280
0
  2
*D30
  3
COTA50
 10
8.82
 20
2.665
 30
0.0
 11
8.745000000000001
 21
3.415
 31
0.0
 70
32
 71
5
  1
<>
100
AcDbAlignedDimension
 13
8.350000381469727
 23
2.665
 33
0.0
 14
8.350000381469727
 24
4.165
 34
0.0
 50
90.0
100
AcDbRotatedDimension
1001
ACAD
1000
DSTYLE
1002
{
1070
271
1070
2
1002
}
  0
DIMENSION
  5
3E2
330
17
100
AcDbEntity
  8
E-COTA
100
AcDbDimension
280
0
  2
*D31
  3
COTA50
 10
8.82
 20
4.165
 30
0.0
 11
8.685
 21
4.295
 31
0.0
 70
32
 71
5
  1
<>
100
AcDbAlignedDimension
 13
8.350000381469727
 23
4.165
 33
0.0
 14
8.350000381469727
 24
4.425
 34
0.0
 50
90.0
100
AcDbRotatedDimension
1001
ACAD
1000
DSTYLE
1002
{
1070
271
1070
2
1002
}
  0
LWPOLYLINE
  5
3F1
330
17
100
AcDbEntity
  8
E-ACERO
100
AcDbPolyline
 90
6
 70
0
 10
4.75
 20
10.124958038330078
 10
4.75
 20
10.115194320678711
 10
4.75
 20
10.091620445251465
 10
4.75
 20
8.138296127319336
 10
4.75
 20
8.11472225189209
 10
4.75
 20
8.104958534240723
  0
LINE
  5
3F2
330
17
100
AcDbEntity
  8
E-ACERO
100
AcDbLine
 10
4.815
 20
10.124958038330078
 30
0.0
 11
4.685
 21
10.124958038330078
 31
0.0
  0
LINE
  5
3F3
330
17
100
AcDbEntity
  8
E-ACERO
100
AcDbLine
 10
4.685
 20
8.104958534240723
 30
0.0
 11
4.815
 21
8.104958534240723
 31
0.0
  0
LWPOLYLINE
  5
3F4
330
17
100
AcDbEntity
  8
E-ACERO
100
AcDbPolyline
 90
2
 70
0
 10
5.133999824523926
 20
10.124958038330078
 10
5.133999824523926
 20
8.104958534240723
  0
TEXT
  5
3F5
330
17
100
AcDbEntity
  8
E-ACERO-TXT
100
AcDbText
 10
4.795
 20
9.1149582862854
 30
0.0
 40
0.085
  1
1Ø3/8" sup. L=2.23
 50
90.0
  7
ARIAL
 41
0.9
 72
1
 11
4.795
 21
9.1149582862854
 31
0.0
100
AcDbText
 73
3
  0
TEXT
  5
3F6
330
17
100
AcDbEntity
  8
E-ACERO-TXT
100
AcDbText
 10
5.178999824523926
 20
9.1149582862854
 30
0.0
 40
0.085
  1
1Ø3/8" inf. L=2.02
 50
90.0
  7
ARIAL
 41
0.9
 72
1
 11
5.178999824523926
 21
9.1149582862854
 31
0.0
100
AcDbText
 73
3
  0
DIMENSION
  5
3F7
330
17
100
AcDbEntity
  8
E-COTA
100
AcDbDimension
280
0
  2
*D32
  3
COTA50
 10
4.55
 20
8.105
 30
0.0
 11
4.415
 21
8.235
 31
0.0
 70
32
 71
5
  1
<>
100
AcDbAlignedDimension
 13
4.75
 23
8.105
 33
0.0
 14
4.75
 24
8.365
 34
0.0
 50
90.0
100
AcDbRotatedDimension
1001
ACAD
1000
DSTYLE
1002
{
1070
271
1070
2
1002
}
  0
DIMENSION
  5
406
330
17
100
AcDbEntity
  8
E-COTA
100
AcDbDimension
280
0
  2
*D33
  3
COTA50
 10
4.55
 20
8.365
 30
0.0
 11
4.475
 21
9.115
 31
0.0
 70
32
 71
5
  1
<>
100
AcDbAlignedDimension
 13
4.75
 23
8.365
 33
0.0
 14
4.75
 24
9.865
 34
0.0
 50
90.0
100
AcDbRotatedDimension
1001
ACAD
1000
DSTYLE
1002
{
1070
271
1070
2
1002
}
  0
DIMENSION
  5
415
330
17
100
AcDbEntity
  8
E-COTA
100
AcDbDimension
280
0
  2
*D34
  3
COTA50
 10
4.55
 20
9.865
 30
0.0
 11
4.415
 21
9.995000000000001
 31
0.0
 70
32
 71
5
  1
<>
100
AcDbAlignedDimension
 13
4.75
 23
9.865
 33
0.0
 14
4.75
 24
10.125
 34
0.0
 50
90.0
100
AcDbRotatedDimension
1001
ACAD
1000
DSTYLE
1002
{
1070
271
1070
2
1002
}
  0
LWPOLYLINE
  5
424
330
17
100
AcDbEntity
  8
E-ACERO
100
AcDbPolyline
 90
2
 70
0
 10
6.699999809265137
 20
4.2476582527160645
 10
-0.3795410990715027
 20
4.2476582527160645
  0
LWPOLYLINE
  5
425
330
17
100
AcDbEntity
  8
E-ACERO
100
AcDbPolyline
 90
2
 70
0
 10
10.125
 20
4.2329583168029785
 10
6.099999904632568
 20
4.2329583168029785
  0
TEXT
  5
426
330
17
100
AcDbEntity
  8
E-ACERO-TXT
100
AcDbText
 10
2.7
 20
4.614979047775268
 30
0.0
 40
0.07500000000000001
  1
VCH-L 0.30x0.20: 2Ø1/2" sup.+2Ø1/2" inf., Est. Ø1/4" @ .20 - det. 5-5
  7
ARIAL
 41
0.9
 72
1
 11
2.7
 21
4.614979047775268
 31
0.0
100
AcDbText
 73
2
  0
TEXT
  5
427
330
17
100
AcDbEntity
  8
E-ACERO-TXT
100
AcDbText
 10
6.3999998569488525
 20
4.614979047775268
 30
0.0
 40
0.07500000000000001
  1
trasl. VCH 0.60
  7
ARIAL
 41
0.9
 72
1
 11
6.3999998569488525
 21
4.614979047775268
 31
0.0
100
AcDbText
 73
2
  0
LWPOLYLINE
  5
428
330
17
100
AcDbEntity
  8
E-ACERO
100
AcDbPolyline
 90
2
 70
0
 10
3.5
 20
8.147658348083496
 10
-0.6730895042419434
 20
8.147658348083496
  0
LWPOLYLINE
  5
429
330
17
100
AcDbEntity
  8
E-ACERO
100
AcDbPolyline
 90
2
 70
0
 10
10.125
 20
8.13295841217041
 10
2.9000000953674316
 20
8.13295841217041
  0
TEXT
  5
42A
330
17
100
AcDbEntity
  8
E-ACERO-TXT
100
AcDbText
 10
7.3
 20
8.464958190917969
 30
0.0
 40
0.07500000000000001
  1
VCH-R 0.30x0.20: 2Ø1/2" sup.+2Ø1/2" inf., Est. Ø1/4" @ .20 - det. 5-5
  7
ARIAL
 41
0.9
 72
1
 11
7.3
 21
8.464958190917969
 31
0.0
100
AcDbText
 73
2
  0
TEXT
  5
42B
330
17
100
AcDbEntity
  8
E-ACERO-TXT
100
AcDbText
 10
3.200000047683716
 20
8.464958190917969
 30
0.0
 40
0.07500000000000001
  1
trasl. VCH 0.60
  7
ARIAL
 41
0.9
 72
1
 11
3.200000047683716
 21
8.464958190917969
 31
0.0
100
AcDbText
 73
2
  0
LWPOLYLINE
  5
42C
330
17
100
AcDbEntity
  8
E-ACERO
100
AcDbPolyline
 90
2
 70
0
 10
8.55
 20
8.639958381652832
 10
6.95
 20
8.639958381652832
  0
LWPOLYLINE
  5
42D
330
17
100
AcDbEntity
  8
E-ACERO
100
AcDbPolyline
 90
2
 70
0
 10
8.55
 20
8.889958381652832
 10
6.95
 20
8.889958381652832
  0
LWPOLYLINE
  5
42E
330
17
100
AcDbEntity
  8
E-ACERO
100
AcDbPolyline
 90
2
 70
0
 10
8.55
 20
9.139958381652832
 10
6.95
 20
9.139958381652832
  0
LWPOLYLINE
  5
42F
330
17
100
AcDbEntity
  8
E-ACERO
100
AcDbPolyline
 90
2
 70
0
 10
8.55
 20
9.389958381652832
 10
6.95
 20
9.389958381652832
  0
LWPOLYLINE
  5
430
330
17
100
AcDbEntity
  8
E-ACERO
100
AcDbPolyline
 90
2
 70
0
 10
8.382954597473145
 20
8.58495819091797
 10
8.382954597473145
 20
9.61495830078157
  0
LWPOLYLINE
  5
431
330
17
100
AcDbEntity
  8
E-ACERO
100
AcDbPolyline
 90
2
 70
0
 10
8.1340913772583
 20
8.58495819091797
 10
8.1340913772583
 20
9.61495830078157
  0
LWPOLYLINE
  5
432
330
17
100
AcDbEntity
  8
E-ACERO
100
AcDbPolyline
 90
2
 70
0
 10
7.885227203369141
 20
8.58495819091797
 10
7.885227203369141
 20
9.61495830078157
  0
LWPOLYLINE
  5
433
330
17
100
AcDbEntity
  8
E-ACERO
100
AcDbPolyline
 90
2
 70
0
 10
7.636363506317139
 20
8.58495819091797
 10
7.636363506317139
 20
9.61495830078157
  0
LWPOLYLINE
  5
434
330
17
100
AcDbEntity
  8
E-ACERO
100
AcDbPolyline
 90
2
 70
0
 10
7.387499809265137
 20
8.58495819091797
 10
7.387499809265137
 20
9.61495830078157
  0
LWPOLYLINE
  5
435
330
17
100
AcDbEntity
  8
E-ACERO
100
AcDbPolyline
 90
2
 70
0
 10
7.118636131286621
 20
8.58495819091797
 10
7.118636131286621
 20
9.61495830078157
  0
LWPOLYLINE
  5
436
330
17
100
AcDbEntity
  8
E-TEXTO
100
AcDbPolyline
 90
5
 70
0
 10
8.55
 20
8.58495819091797
 10
8.55
 20
9.61495830078157
 10
6.95
 20
9.61495830078157
 10
6.95
 20
8.58495819091797
 10
8.55
 20
8.58495819091797
  0
TEXT
  5
437
330
17
100
AcDbEntity
  8
E-ACERO-TXT
100
AcDbText
 10
7.75
 20
9.64495830078157
 30
0.0
 40
0.08000000000000002
  1
Malla temp. Ø1/4" @ .25 c/s
  7
ARIAL
 41
0.9
 72
1
 11
7.75
 21
9.64495830078157
 31
0.0
100
AcDbText
 73
1
  0
LWPOLYLINE
  5
438
330
17
100
AcDbEntity
  8
E-PROYECCION
100
AcDbPolyline
 90
5
 70
0
 10
7.300000205254653
 20
1.2649582727135396
 10
7.300000202230103
 20
2.3649582747901605
 10
9.050000179506544
 20
2.364958275521747
 10
9.050000179239623
 20
1.2649582739387824
 10
7.300000205254653
 20
1.2649582727135396
  0
LWPOLYLINE
  5
439
330
17
100
AcDbEntity
  8
E-PROYECCION
100
AcDbPolyline
 90
5
 70
0
 10
6.099999916081971
 20
2.3649582748740774
 10
7.300000179239624
 20
2.3649582747901605
 10
7.300000179285461
 20
0.14995830902160595
 10
6.099999916127808
 20
0.14995830910552274
 10
6.099999916081971
 20
2.3649582748740774
  0
HATCH
  5
43A
330
17
100
AcDbEntity
  8
E-CORTE-ACH
 62
8
100
AcDbHatch
 10
0.0
 20
0.0
 30
0.0
210
0.0
220
0.0
230
1.0
  2
ANSI31
 70
0
 71
0
 91
1
 92
3
 72
0
 73
1
 93
4
 10
6.099999916081971
 20
2.3649582748740774
 10
7.300000179239624
 20
2.3649582747901605
 10
7.300000179285461
 20
0.14995830902160595
 10
6.099999916127808
 20
0.14995830910552274
 97
0
 75
1
 76
1
 52
0.0
 41
0.02
 77
0
 78
1
 53
45.0
 43
0.0
 44
0.0
 45
-0.0449012806
 46
0.0449012806
 79
0
 98
0
  0
LWPOLYLINE
  5
43B
330
17
100
AcDbEntity
  8
E-CORTE
100
AcDbPolyline
 90
5
 70
0
 10
6.099999916081971
 20
2.3649582748740774
 10
7.300000179239624
 20
2.3649582747901605
 10
7.300000179285461
 20
0.14995830902160595
 10
6.099999916127808
 20
0.14995830910552274
 10
6.099999916081971
 20
2.3649582748740774
  0
TEXT
  5
43C
330
17
100
AcDbEntity
  8
E-TITULO
100
AcDbText
 10
6.700000047683716
 20
1.4774582919478416
 30
0.0
 40
0.09000000000000001
  1
ZONA MACIZA
 50
90.0
  7
ARIAL
 41
0.9
 72
1
 11
6.700000047683716
 21
1.4774582919478416
 31
0.0
100
AcDbText
 73
2
  0
TEXT
  5
43D
330
17
100
AcDbEntity
  8
E-TEXTO
100
AcDbText
 10
6.920000047683716
 20
1.4774582919478416
 30
0.0
 40
0.06999999999999999
  1
e = 0.15 (plataforma, ver E-09)
 50
90.0
  7
ARIAL
 41
0.9
 72
1
 11
6.920000047683716
 21
1.4774582919478416
 31
0.0
100
AcDbText
 73
2
  0
TEXT
  5
43E
330
17
100
AcDbEntity
  8
E-TEXTO
100
AcDbText
 10
2.3
 20
0.784958294910878
 30
0.0
 40
0.0725
  1
FRENTE EN VOLADO 1.50 (viguetas dir. Y ancladas en VCH)
  7
ARIAL
 41
0.9
 72
1
 11
2.3
 21
0.784958294910878
 31
0.0
100
AcDbText
 73
3
  0
TEXT
  5
43F
330
17
100
AcDbEntity
  8
E-TEXTO
100
AcDbText
 10
2.3
 20
0.6849582949108779
 30
0.0
 40
0.0725
  1
bordes sobre vigas en volado A-1, A-4 y collarín A-2
  7
ARIAL
 41
0.9
 72
1
 11
2.3
 21
0.6849582949108779
 31
0.0
100
AcDbText
 73
3
  0
TEXT
  5
440
330
17
100
AcDbEntity
  8
E-TEXTO
100
AcDbText
 10
8.62499999999998
 20
1.507479150390785
 30
0.0
 40
0.1
  1
ABERTURA / ESCALERA
  7
ARIAL
 41
0.9
 72
1
 11
8.62499999999998
 21
1.507479150390785
 31
0.0
100
AcDbText
 73
2
  0
TEXT
  5
441
330
17
100
AcDbEntity
  8
E-TEXTO
100
AcDbText
 10
8.62499999999998
 20
1.207479150390785
 30
0.0
 40
0.08000000000000002
  1
(ver lámina de escalera)
  7
ARIAL
 41
0.9
 72
1
 11
8.62499999999998
 21
1.207479150390785
 31
0.0
100
AcDbText
 73
2
  0
DIMENSION
  5
442
330
17
100
AcDbEntity
  8
E-COTA
100
AcDbDimension
280
0
  2
*D35
  3
COTA50
 10
-0.8500000052298083
 20
10.75
 30
0.0
 11
-0.42500000261489157
 21
10.825
 31
0.0
 70
32
 71
5
  1
<>
100
AcDbAlignedDimension
 13
-0.8500000052298083
 23
10.164957988729537
 33
0.0
 14
2.519676044985892e-14
 24
10.164957988729537
 34
0.0
 50
0.0
100
AcDbRotatedDimension
1001
ACAD
1000
DSTYLE
1002
{
1070
271
1070
2
1002
}
  0
DIMENSION
  5
451
330
17
100
AcDbEntity
  8
E-COTA
100
AcDbDimension
280
0
  2
*D36
  3
COTA50
 10
2.519676044985892e-14
 20
10.75
 30
0.0
 11
1.6000000000000205
 21
10.825
 31
0.0
 70
32
 71
5
  1
<>
100
AcDbAlignedDimension
 13
2.519676044985892e-14
 23
10.164957988729537
 33
0.0
 14
3.200000000000016
 24
10.164957988729537
 34
0.0
 50
0.0
100
AcDbRotatedDimension
1001
ACAD
1000
DSTYLE
1002
{
1070
271
1070
2
1002
}
  0
DIMENSION
  5
460
330
17
100
AcDbEntity
  8
E-COTA
100
AcDbDimension
280
0
  2
*D37
  3
COTA50
 10
3.200000000000016
 20
10.75
 30
0.0
 11
4.799999999999988
 21
10.825
 31
0.0
 70
32
 71
5
  1
<>
100
AcDbAlignedDimension
 13
3.200000000000016
 23
10.164957988729537
 33
0.0
 14
6.3999999999999595
 24
10.164957988729537
 34
0.0
 50
0.0
100
AcDbRotatedDimension
1001
ACAD
1000
DSTYLE
1002
{
1070
271
1070
2
1002
}
  0
DIMENSION
  5
46F
330
17
100
AcDbEntity
  8
E-COTA
100
AcDbDimension
280
0
  2
*D38
  3
COTA50
 10
6.3999999999999595
 20
10.75
 30
0.0
 11
8.199999999999957
 21
10.825
 31
0.0
 70
32
 71
5
  1
<>
100
AcDbAlignedDimension
 13
6.3999999999999595
 23
10.164957988729537
 33
0.0
 14
9.999999999999954
 24
10.164957988729537
 34
0.0
 50
0.0
100
AcDbRotatedDimension
1001
ACAD
1000
DSTYLE
1002
{
1070
271
1070
2
1002
}
  0
DIMENSION
  5
47E
330
17
100
AcDbEntity
  8
E-COTA
100
AcDbDimension
280
0
  2
*D39
  3
COTA50
 10
9.999999999999954
 20
10.75
 30
0.0
 11
10.074999803555645
 21
10.885
 31
0.0
 70
32
 71
5
  1
<>
100
AcDbAlignedDimension
 13
9.999999999999954
 23
10.164957988729537
 33
0.0
 14
10.149999607111337
 24
10.164957988729537
 34
0.0
 50
0.0
100
AcDbRotatedDimension
1001
ACAD
1000
DSTYLE
1002
{
1070
271
1070
2
1002
}
  0
DIMENSION
  5
48D
330
17
100
AcDbEntity
  8
E-COTA
100
AcDbDimension
280
0
  2
*D40
  3
COTA50
 10
-0.8500000052298083
 20
11.05
 30
0.0
 11
4.649999800940765
 21
11.125
 31
0.0
 70
32
 71
5
  1
<>
100
AcDbAlignedDimension
 13
-0.8500000052298083
 23
10.164957988729537
 33
0.0
 14
10.149999607111337
 24
10.164957988729537
 34
0.0
 50
0.0
100
AcDbRotatedDimension
1001
ACAD
1000
DSTYLE
1002
{
1070
271
1070
2
1002
}
  0
DIMENSION
  5
49C
330
17
100
AcDbEntity
  8
E-COTA
100
AcDbDimension
280
0
  2
*D41
  3
COTA50
 10
-1.45
 20
3.8581546245602195e-16
 30
0.0
 11
-1.525
 21
0.4324791474554392
 31
0.0
 70
32
 71
5
  1
<>
100
AcDbAlignedDimension
 13
-0.8500000052298083
 23
3.8581546245602195e-16
 33
0.0
 14
-0.8500000052298083
 24
0.864958294910878
 34
0.0
 50
90.0
100
AcDbRotatedDimension
1001
ACAD
1000
DSTYLE
1002
{
1070
271
1070
2
1002
}
  0
DIMENSION
  5
4AB
330
17
100
AcDbEntity
  8
E-COTA
100
AcDbDimension
280
0
  2
*D42
  3
COTA50
 10
-1.45
 20
0.864958294910878
 30
0.0
 11
-1.525
 21
1.689958297846224
 31
0.0
 70
32
 71
5
  1
<>
100
AcDbAlignedDimension
 13
-0.8500000052298083
 23
0.864958294910878
 33
0.0
 14
-0.8500000052298083
 24
2.51495830078157
 34
0.0
 50
90.0
100
AcDbRotatedDimension
1001
ACAD
1000
DSTYLE
1002
{
1070
271
1070
2
1002
}
  0
DIMENSION
  5
4BA
330
17
100
AcDbEntity
  8
E-COTA
100
AcDbDimension
280
0
  2
*D43
  3
COTA50
 10
-1.45
 20
2.51495830078157
 30
0.0
 11
-1.525
 21
4.3899583007815695
 31
0.0
 70
32
 71
5
  1
<>
100
AcDbAlignedDimension
 13
-0.8500000052298083
 23
2.51495830078157
 33
0.0
 14
-0.8500000052298083
 24
6.264958300781569
 34
0.0
 50
90.0
100
AcDbRotatedDimension
1001
ACAD
1000
DSTYLE
1002
{
1070
271
1070
2
1002
}
  0
DIMENSION
  5
4C9
330
17
100
AcDbEntity
  8
E-COTA
100
AcDbDimension
280
0
  2
*D44
  3
COTA50
 10
-1.45
 20
6.264958300781569
 30
0.0
 11
-1.525
 21
8.139958300781569
 31
0.0
 70
32
 71
5
  1
<>
100
AcDbAlignedDimension
 13
-0.8500000052298083
 23
6.264958300781569
 33
0.0
 14
-0.8500000052298083
 24
10.01495830078157
 34
0.0
 50
90.0
100
AcDbRotatedDimension
1001
ACAD
1000
DSTYLE
1002
{
1070
271
1070
2
1002
}
  0
DIMENSION
  5
4D8
330
17
100
AcDbEntity
  8
E-COTA
100
AcDbDimension
280
0
  2
*D45
  3
COTA50
 10
-1.45
 20
10.01495830078157
 30
0.0
 11
-1.585
 21
10.089958144755553
 31
0.0
 70
32
 71
5
  1
<>
100
AcDbAlignedDimension
 13
-0.8500000052298083
 23
10.01495830078157
 33
0.0
 14
-0.8500000052298083
 24
10.164957988729537
 34
0.0
 50
90.0
100
AcDbRotatedDimension
1001
ACAD
1000
DSTYLE
1002
{
1070
271
1070
2
1002
}
  0
DIMENSION
  5
4E7
330
17
100
AcDbEntity
  8
E-COTA
100
AcDbDimension
280
0
  2
*D46
  3
COTA50
 10
-1.8
 20
0.864958294910878
 30
0.0
 11
-1.875
 21
5.514958141820207
 31
0.0
 70
32
 71
5
  1
<>
100
AcDbAlignedDimension
 13
-0.8500000052298083
 23
0.864958294910878
 33
0.0
 14
-0.8500000052298083
 24
10.164957988729537
 34
0.0
 50
90.0
100
AcDbRotatedDimension
1001
ACAD
1000
DSTYLE
1002
{
1070
271
1070
2
1002
}
  0
DIMENSION
  5
4F6
330
17
100
AcDbEntity
  8
E-COTA
100
AcDbDimension
280
0
  2
*D47
  3
COTA50
 10
-0.8500000052298083
 20
10.464957988729537
 30
0.0
 11
-0.5000000026148916
 21
10.539957988729537
 31
0.0
 70
32
 71
5
  1
<>
100
AcDbAlignedDimension
 13
-0.8500000052298083
 23
10.164957988729537
 33
0.0
 14
-0.1499999999999748
 24
10.164957988729537
 34
0.0
 50
0.0
100
AcDbRotatedDimension
1001
ACAD
1000
DSTYLE
1002
{
1070
271
1070
2
1002
}
  0
TEXT
  5
505
330
17
100
AcDbEntity
  8
E-TEXTO
100
AcDbText
 10
-0.40586335866487117
 20
3.6
 30
0.0
 40
0.07500000000000001
  1
BORDE INCLINADO: VOLADO VARIABLE 0.00 A 0.70 DESDE LA CARA DE VIGA A-1
 50
94.3044691666825
  7
ARIAL
 41
0.9
 72
1
 11
-0.40586335866487117
 21
3.6
 31
0.0
100
AcDbText
 73
1
  0
DIMENSION
  5
506
330
17
100
AcDbEntity
  8
E-COTA
100
AcDbDimension
280
0
  2
*D48
  3
COTA50
 10
-0.75
 20
0.864958294910878
 30
0.0
 11
-0.825
 21
1.6149582978462238
 31
0.0
 70
32
 71
5
  1
<>
100
AcDbAlignedDimension
 13
-0.15
 23
0.864958294910878
 33
0.0
 14
-0.15
 24
2.36495830078157
 34
0.0
 50
90.0
100
AcDbRotatedDimension
1001
ACAD
1000
DSTYLE
1002
{
1070
271
1070
2
1002
}
  0
TEXT
  5
515
330
17
100
AcDbEntity
  8
E-TEXTO
100
AcDbText
 10
-0.95
 20
1.614958297846224
 30
0.0
 40
0.07500000000000001
  1
VOLADO
 50
90.0
  7
ARIAL
 41
0.9
 72
1
 11
-0.95
 21
1.614958297846224
 31
0.0
100
AcDbText
 73
1
  0
DIMENSION
  5
516
330
17
100
AcDbEntity
  8
E-COTA
100
AcDbDimension
280
0
  2
*D49
  3
COTA50
 10
-0.14999999462078104
 20
-0.45
 30
0.0
 11
-0.07499999731037792
 21
-0.315
 31
0.0
 70
32
 71
5
  1
<>
100
AcDbAlignedDimension
 13
-0.14999999462078104
 23
0.864958294910878
 33
0.0
 14
2.519676044985892e-14
 24
0.864958294910878
 34
0.0
 50
0.0
100
AcDbRotatedDimension
1001
ACAD
1000
DSTYLE
1002
{
1070
271
1070
2
1002
}
  0
DIMENSION
  5
525
330
17
100
AcDbEntity
  8
E-COTA
100
AcDbDimension
280
0
  2
*D50
  3
COTA50
 10
2.519676044985892e-14
 20
-0.45
 30
0.0
 11
1.6000000000000205
 21
-0.375
 31
0.0
 70
32
 71
5
  1
<>
100
AcDbAlignedDimension
 13
2.519676044985892e-14
 23
0.864958294910878
 33
0.0
 14
3.200000000000016
 24
0.864958294910878
 34
0.0
 50
0.0
100
AcDbRotatedDimension
1001
ACAD
1000
DSTYLE
1002
{
1070
271
1070
2
1002
}
  0
DIMENSION
  5
534
330
17
100
AcDbEntity
  8
E-COTA
100
AcDbDimension
280
0
  2
*D51
  3
COTA50
 10
3.200000000000016
 20
-0.45
 30
0.0
 11
4.6499999465686725
 21
-0.375
 31
0.0
 70
32
 71
5
  1
<>
100
AcDbAlignedDimension
 13
3.200000000000016
 23
0.864958294910878
 33
0.0
 14
6.099999893137329
 24
0.864958294910878
 34
0.0
 50
0.0
100
AcDbRotatedDimension
1001
ACAD
1000
DSTYLE
1002
{
1070
271
1070
2
1002
}
  0
DIMENSION
  5
543
330
17
100
AcDbEntity
  8
E-COTA
100
AcDbDimension
280
0
  2
*D52
  3
COTA50
 10
6.099999893137329
 20
-0.45
 30
0.0
 11
6.249999946568645
 21
-0.315
 31
0.0
 70
32
 71
5
  1
<>
100
AcDbAlignedDimension
 13
6.099999893137329
 23
0.864958294910878
 33
0.0
 14
6.3999999999999595
 24
0.864958294910878
 34
0.0
 50
0.0
100
AcDbRotatedDimension
1001
ACAD
1000
DSTYLE
1002
{
1070
271
1070
2
1002
}
  0
DIMENSION
  5
552
330
17
100
AcDbEntity
  8
E-COTA
100
AcDbDimension
280
0
  2
*D53
  3
COTA50
 10
6.3999999999999595
 20
-0.45
 30
0.0
 11
8.199999999999957
 21
-0.375
 31
0.0
 70
32
 71
5
  1
<>
100
AcDbAlignedDimension
 13
6.3999999999999595
 23
0.864958294910878
 33
0.0
 14
9.999999999999954
 24
0.864958294910878
 34
0.0
 50
0.0
100
AcDbRotatedDimension
1001
ACAD
1000
DSTYLE
1002
{
1070
271
1070
2
1002
}
  0
DIMENSION
  5
561
330
17
100
AcDbEntity
  8
E-COTA
100
AcDbDimension
280
0
  2
*D54
  3
COTA50
 10
9.999999999999954
 20
-0.45
 30
0.0
 11
10.074999803555645
 21
-0.315
 31
0.0
 70
32
 71
5
  1
<>
100
AcDbAlignedDimension
 13
9.999999999999954
 23
0.864958294910878
 33
0.0
 14
10.149999607111337
 24
0.864958294910878
 34
0.0
 50
0.0
100
AcDbRotatedDimension
1001
ACAD
1000
DSTYLE
1002
{
1070
271
1070
2
1002
}
  0
LWPOLYLINE
  5
570
330
17
100
AcDbEntity
  8
E-NIVEL
100
AcDbPolyline
 90
3
 70
1
 10
5.05
 20
0.3
 10
4.97
 20
0.42800000000000005
 10
5.13
 20
0.42800000000000005
  0
HATCH
  5
571
330
17
100
AcDbEntity
  8
E-NIVEL
 62
7
100
AcDbHatch
 10
0.0
 20
0.0
 30
0.0
210
0.0
220
0.0
230
1.0
  2
SOLID
 70
1
 71
0
 91
1
 92
3
 72
0
 73
1
 93
3
 10
5.05
 20
0.3
 10
4.97
 20
0.42800000000000005
 10
5.05
 20
0.42800000000000005
 97
0
 75
0
 76
1
 98
0
  0
LINE
  5
572
330
17
100
AcDbEntity
  8
E-NIVEL
100
AcDbLine
 10
4.97
 20
0.42800000000000005
 30
0.0
 11
5.6
 21
0.42800000000000005
 31
0.0
  0
TEXT
  5
573
330
17
100
AcDbEntity
  8
E-NIVEL
100
AcDbText
 10
5.21
 20
0.4680000000000001
 30
0.0
 40
0.1
  1
NPT +11.00
  7
ARIAL
 41
0.9
 11
5.21
 21
0.4680000000000001
 31
0.0
100
AcDbText
 73
1
  0
TEXT
  5
574
330
17
100
AcDbEntity
  8
E-NIVEL
100
AcDbText
 10
5.18
 20
0.24
 30
0.0
 40
0.07500000000000001
  1
Fondo de losa +10.80
  7
ARIAL
 41
0.9
 11
5.18
 21
0.24
 31
0.0
100
AcDbText
 73
3
  0
LWPOLYLINE
  5
575
330
17
100
AcDbEntity
  8
E-SECCION
100
AcDbPolyline
 90
2
 70
0
 43
0.034999999999999996
 10
8.95
 20
3.864958095550537
 10
8.95
 20
4.164958095550537
  0
LWPOLYLINE
  5
576
330
17
100
AcDbEntity
  8
E-SECCION
100
AcDbPolyline
 90
3
 70
0
 10
8.95
 20
3.9149580955505368
 10
8.75
 20
3.864958095550537
 10
8.95
 20
4.039958095550537
  0
CIRCLE
  5
577
330
17
100
AcDbEntity
  8
E-SECCION
100
AcDbCircle
 10
8.95
 20
3.689958095550537
 30
0.0
 40
0.15000000000000002
  0
TEXT
  5
578
330
17
100
AcDbEntity
  8
E-SECCION
100
AcDbText
 10
8.95
 20
3.689958095550537
 30
0.0
 40
0.13
  1
1
  7
ARIAL
 41
0.9
 72
1
 11
8.95
 21
3.689958095550537
 31
0.0
100
AcDbText
 73
2
  0
LWPOLYLINE
  5
579
330
17
100
AcDbEntity
  8
E-SECCION
100
AcDbPolyline
 90
2
 70
0
 43
0.034999999999999996
 10
8.95
 20
6.714958300781569
 10
8.95
 20
6.414958300781569
  0
LWPOLYLINE
  5
57A
330
17
100
AcDbEntity
  8
E-SECCION
100
AcDbPolyline
 90
3
 70
0
 10
8.95
 20
6.664958300781569
 10
8.75
 20
6.714958300781569
 10
8.95
 20
6.539958300781569
  0
CIRCLE
  5
57B
330
17
100
AcDbEntity
  8
E-SECCION
100
AcDbCircle
 10
8.95
 20
6.889958300781569
 30
0.0
 40
0.15000000000000002
  0
TEXT
  5
57C
330
17
100
AcDbEntity
  8
E-SECCION
100
AcDbText
 10
8.95
 20
6.889958300781569
 30
0.0
 40
0.13
  1
1
  7
ARIAL
 41
0.9
 72
1
 11
8.95
 21
6.889958300781569
 31
0.0
100
AcDbText
 73
2
  0
LWPOLYLINE
  5
57D
330
17
100
AcDbEntity
  8
E-SECCION
100
AcDbPolyline
 90
2
 70
0
 43
0.034999999999999996
 10
4.75
 20
0.564958294910878
 10
4.75
 20
0.8649582949108781
  0
LWPOLYLINE
  5
57E
330
17
100
AcDbEntity
  8
E-SECCION
100
AcDbPolyline
 90
3
 70
0
 10
4.75
 20
0.6149582949108781
 10
4.55
 20
0.564958294910878
 10
4.75
 20
0.7399582949108781
  0
CIRCLE
  5
57F
330
17
100
AcDbEntity
  8
E-SECCION
100
AcDbCircle
 10
4.75
 20
0.38995829491087797
 30
0.0
 40
0.15000000000000002
  0
TEXT
  5
580
330
17
100
AcDbEntity
  8
E-SECCION
100
AcDbText
 10
4.75
 20
0.38995829491087797
 30
0.0
 40
0.13
  1
2
  7
ARIAL
 41
0.9
 72
1
 11
4.75
 21
0.38995829491087797
 31
0.0
100
AcDbText
 73
2
  0
LWPOLYLINE
  5
581
330
17
100
AcDbEntity
  8
E-SECCION
100
AcDbPolyline
 90
2
 70
0
 43
0.034999999999999996
 10
4.75
 20
4.484958095550537
 10
4.75
 20
4.184958095550537
  0
LWPOLYLINE
  5
582
330
17
100
AcDbEntity
  8
E-SECCION
100
AcDbPolyline
 90
3
 70
0
 10
4.75
 20
4.434958095550537
 10
4.55
 20
4.484958095550537
 10
4.75
 20
4.309958095550537
  0
CIRCLE
  5
583
330
17
100
AcDbEntity
  8
E-SECCION
100
AcDbCircle
 10
4.75
 20
4.659958095550537
 30
0.0
 40
0.15000000000000002
  0
TEXT
  5
584
330
17
100
AcDbEntity
  8
E-SECCION
100
AcDbText
 10
4.75
 20
4.659958095550537
 30
0.0
 40
0.13
  1
2
  7
ARIAL
 41
0.9
 72
1
 11
4.75
 21
4.659958095550537
 31
0.0
100
AcDbText
 73
2
  0
LWPOLYLINE
  5
585
330
17
100
AcDbEntity
  8
E-SECCION
100
AcDbPolyline
 90
2
 70
0
 43
0.034999999999999996
 10
4.75
 20
8.044958190917969
 10
4.75
 20
8.34495819091797
  0
LWPOLYLINE
  5
586
330
17
100
AcDbEntity
  8
E-SECCION
100
AcDbPolyline
 90
3
 70
0
 10
4.75
 20
8.09495819091797
 10
4.55
 20
8.044958190917969
 10
4.75
 20
8.21995819091797
  0
CIRCLE
  5
587
330
17
100
AcDbEntity
  8
E-SECCION
100
AcDbCircle
 10
4.75
 20
7.869958190917969
 30
0.0
 40
0.15000000000000002
  0
TEXT
  5
588
330
17
100
AcDbEntity
  8
E-SECCION
100
AcDbText
 10
4.75
 20
7.869958190917969
 30
0.0
 40
0.13
  1
3
  7
ARIAL
 41
0.9
 72
1
 11
4.75
 21
7.869958190917969
 31
0.0
100
AcDbText
 73
2
  0
LWPOLYLINE
  5
589
330
17
100
AcDbEntity
  8
E-SECCION
100
AcDbPolyline
 90
2
 70
0
 43
0.034999999999999996
 10
4.75
 20
10.314957988729537
 10
4.75
 20
10.014957988729536
  0
LWPOLYLINE
  5
58A
330
17
100
AcDbEntity
  8
E-SECCION
100
AcDbPolyline
 90
3
 70
0
 10
4.75
 20
10.264957988729536
 10
4.55
 20
10.314957988729537
 10
4.75
 20
10.139957988729536
  0
CIRCLE
  5
58B
330
17
100
AcDbEntity
  8
E-SECCION
100
AcDbCircle
 10
4.75
 20
10.489957988729538
 30
0.0
 40
0.15000000000000002
  0
TEXT
  5
58C
330
17
100
AcDbEntity
  8
E-SECCION
100
AcDbText
 10
4.75
 20
10.489957988729538
 30
0.0
 40
0.13
  1
3
  7
ARIAL
 41
0.9
 72
1
 11
4.75
 21
10.489957988729538
 31
0.0
100
AcDbText
 73
2
  0
LWPOLYLINE
  5
58D
330
17
100
AcDbEntity
  8
E-SECCION
100
AcDbPolyline
 90
2
 70
0
 43
0.034999999999999996
 10
-1.2000000052298083
 20
5.615
 10
-0.9000000052298083
 20
5.615
  0
LWPOLYLINE
  5
58E
330
17
100
AcDbEntity
  8
E-SECCION
100
AcDbPolyline
 90
3
 70
0
 10
-1.1500000052298083
 20
5.615
 10
-1.2000000052298083
 20
5.415
 10
-1.0250000052298083
 20
5.615
  0
CIRCLE
  5
58F
330
17
100
AcDbEntity
  8
E-SECCION
100
AcDbCircle
 10
-1.3750000052298084
 20
5.615
 30
0.0
 40
0.15000000000000002
  0
TEXT
  5
590
330
17
100
AcDbEntity
  8
E-SECCION
100
AcDbText
 10
-1.3750000052298084
 20
5.615
 30
0.0
 40
0.13
  1
4
  7
ARIAL
 41
0.9
 72
1
 11
-1.3750000052298084
 21
5.615
 31
0.0
100
AcDbText
 73
2
  0
LWPOLYLINE
  5
591
330
17
100
AcDbEntity
  8
E-SECCION
100
AcDbPolyline
 90
2
 70
0
 43
0.034999999999999996
 10
10.499999607111336
 20
5.615
 10
10.199999607111335
 20
5.615
  0
LWPOLYLINE
  5
592
330
17
100
AcDbEntity
  8
E-SECCION
100
AcDbPolyline
 90
3
 70
0
 10
10.449999607111335
 20
5.615
 10
10.499999607111336
 20
5.415
 10
10.324999607111335
 20
5.615
  0
CIRCLE
  5
593
330
17
100
AcDbEntity
  8
E-SECCION
100
AcDbCircle
 10
10.674999607111337
 20
5.615
 30
0.0
 40
0.15000000000000002
  0
TEXT
  5
594
330
17
100
AcDbEntity
  8
E-SECCION
100
AcDbText
 10
10.674999607111337
 20
5.615
 30
0.0
 40
0.13
  1
4
  7
ARIAL
 41
0.9
 72
1
 11
10.674999607111337
 21
5.615
 31
0.0
100
AcDbText
 73
2
  0
LWPOLYLINE
  5
595
330
17
100
AcDbEntity
  8
E-SECCION
100
AcDbPolyline
 90
2
 70
0
 43
0.034999999999999996
 10
0.6473852851811577
 20
3.9449580955505366
 10
0.6473852851811577
 20
4.244958095550537
  0
LWPOLYLINE
  5
596
330
17
100
AcDbEntity
  8
E-SECCION
100
AcDbPolyline
 90
3
 70
0
 10
0.6473852851811577
 20
3.9949580955505364
 10
0.44738528518115767
 20
3.9449580955505366
 10
0.6473852851811577
 20
4.119958095550537
  0
CIRCLE
  5
597
330
17
100
AcDbEntity
  8
E-SECCION
100
AcDbCircle
 10
0.6473852851811577
 20
3.7699580955505367
 30
0.0
 40
0.15000000000000002
  0
TEXT
  5
598
330
17
100
AcDbEntity
  8
E-SECCION
100
AcDbText
 10
0.6473852851811577
 20
3.7699580955505367
 30
0.0
 40
0.13
  1
5
  7
ARIAL
 41
0.9
 72
1
 11
0.6473852851811577
 21
3.7699580955505367
 31
0.0
100
AcDbText
 73
2
  0
LWPOLYLINE
  5
599
330
17
100
AcDbEntity
  8
E-SECCION
100
AcDbPolyline
 90
2
 70
0
 43
0.034999999999999996
 10
0.6473852851811577
 20
4.684958095550537
 10
0.6473852851811577
 20
4.384958095550537
  0
LWPOLYLINE
  5
59A
330
17
100
AcDbEntity
  8
E-SECCION
100
AcDbPolyline
 90
3
 70
0
 10
0.6473852851811577
 20
4.634958095550537
 10
0.44738528518115767
 20
4.684958095550537
 10
0.6473852851811577
 20
4.509958095550537
  0
CIRCLE
  5
59B
330
17
100
AcDbEntity
  8
E-SECCION
100
AcDbCircle
 10
0.6473852851811577
 20
4.859958095550537
 30
0.0
 40
0.15000000000000002
  0
TEXT
  5
59C
330
17
100
AcDbEntity
  8
E-SECCION
100
AcDbText
 10
0.6473852851811577
 20
4.859958095550537
 30
0.0
 40
0.13
  1
5
  7
ARIAL
 41
0.9
 72
1
 11
0.6473852851811577
 21
4.859958095550537
 31
0.0
100
AcDbText
 73
2
  0
HATCH
  5
5A1
330
17
100
AcDbEntity
  8
E-CORTE-ACH
100
AcDbHatch
 10
0.0
 20
0.0
 30
0.0
210
0.0
220
0.0
230
1.0
  2
SOLID
 70
1
 71
0
 91
1
 92
3
 72
0
 73
1
 93
152
 10
-0.50753
 20
30.000012274311054
 10
-0.50753
 20
30.199987725688942
 10
-0.5075294252380107
 20
30.199999425238012
 10
-0.5075177256889547
 20
30.2
 10
10.149987725688955
 20
30.2
 10
10.149999425238011
 20
30.199999425238012
 10
10.15
 20
30.199987725688956
 10
10.15
 20
29.700012274311042
 10
10.149999425238011
 20
29.700000574761987
 10
10.149987725688955
 20
29.7
 10
9.850012274311045
 20
29.7
 10
9.850000574761989
 20
29.700000574761987
 10
9.85
 20
29.700012274311042
 10
9.85
 20
29.999499999999998
 10
9.849997592363335
 20
29.999549008570163
 10
9.849990392640201
 20
29.99959754516101
 10
9.849978470167866
 20
29.99964514233863
 10
9.849961939766255
 20
29.999691341716183
 10
9.849940960632173
 20
29.99973569836841
 10
9.84991573480615
 20
29.999777785116507
 10
9.84988650522668
 20
29.99981719664208
 10
9.849853553390592
 20
29.999853553390594
 10
9.84981719664208
 20
29.99988650522668
 10
9.849777785116508
 20
29.99991573480615
 10
9.849735698368413
 20
29.999940960632173
 10
9.849691341716182
 20
29.999961939766255
 10
9.849645142338627
 20
29.999978470167868
 10
9.849597545161007
 20
29.9999903926402
 10
9.849549008570165
 20
29.999997592363336
 10
9.849499999999999
 20
30.0
 10
6.5504999999999995
 20
30.0
 10
6.550450991429835
 20
29.999997592363336
 10
6.550402454838991
 20
29.9999903926402
 10
6.550354857661373
 20
29.999978470167868
 10
6.550308658283817
 20
29.999961939766255
 10
6.550264301631587
 20
29.999940960632173
 10
6.550222214883489
 20
29.99991573480615
 10
6.5501828033579175
 20
29.99988650522668
 10
6.550146446609406
 20
29.999853553390594
 10
6.550113494773318
 20
29.99981719664208
 10
6.550084265193848
 20
29.999777785116507
 10
6.5500590393678255
 20
29.99973569836841
 10
6.550038060233744
 20
29.999691341716183
 10
6.550021529832134
 20
29.99964514233863
 10
6.550009607359798
 20
29.99959754516101
 10
6.550002407636663
 20
29.999549008570163
 10
6.55
 20
29.999499999999998
 10
6.55
 20
29.70001227431105
 10
6.549999425238011
 20
29.700000574761987
 10
6.549987725688955
 20
29.7
 10
6.250012274311045
 20
29.7
 10
6.250000574761989
 20
29.700000574761987
 10
6.25
 20
29.70001227431105
 10
6.25
 20
29.999499999999998
 10
6.249997592363337
 20
29.999549008570163
 10
6.249990392640202
 20
29.99959754516101
 10
6.249978470167866
 20
29.99964514233863
 10
6.249961939766256
 20
29.999691341716183
 10
6.249940960632174
 20
29.99973569836841
 10
6.249915734806152
 20
29.999777785116507
 10
6.249886505226682
 20
29.99981719664208
 10
6.249853553390594
 20
29.999853553390594
 10
6.249817196642082
 20
29.99988650522668
 10
6.24977778511651
 20
29.99991573480615
 10
6.249735698368413
 20
29.999940960632173
 10
6.249691341716183
 20
29.999961939766255
 10
6.249645142338627
 20
29.999978470167868
 10
6.249597545161008
 20
29.9999903926402
 10
6.249549008570165
 20
29.999997592363336
 10
6.2495
 20
30.0
 10
3.3505000000000003
 20
30.0
 10
3.3504509914298355
 20
29.999997592363336
 10
3.350402454838992
 20
29.9999903926402
 10
3.350354857661373
 20
29.999978470167868
 10
3.3503086582838177
 20
29.999961939766255
 10
3.3502643016315874
 20
29.999940960632173
 10
3.3502222148834906
 20
29.99991573480615
 10
3.3501828033579186
 20
29.99988650522668
 10
3.350146446609407
 20
29.999853553390594
 10
3.350113494773319
 20
29.99981719664208
 10
3.350084265193849
 20
29.999777785116507
 10
3.3500590393678262
 20
29.99973569836841
 10
3.3500380602337447
 20
29.999691341716183
 10
3.350021529832134
 20
29.99964514233863
 10
3.3500096073597985
 20
29.99959754516101
 10
3.3500024076366643
 20
29.999549008570163
 10
3.35
 20
29.999499999999998
 10
3.35
 20
29.700012274311053
 10
3.3499994252380105
 20
29.700000574761987
 10
3.3499877256889548
 20
29.7
 10
3.050012274311045
 20
29.7
 10
3.0500005747619894
 20
29.700000574761987
 10
3.05
 20
29.700012274311053
 10
3.05
 20
29.999499999999998
 10
3.0499975923633356
 20
29.999549008570163
 10
3.0499903926402014
 20
29.99959754516101
 10
3.049978470167866
 20
29.99964514233863
 10
3.049961939766255
 20
29.999691341716183
 10
3.0499409606321737
 20
29.99973569836841
 10
3.049915734806151
 20
29.999777785116507
 10
3.049886505226681
 20
29.99981719664208
 10
3.049853553390593
 20
29.999853553390594
 10
3.0498171966420813
 20
29.99988650522668
 10
3.0497777851165093
 20
29.99991573480615
 10
3.0497356983684125
 20
29.999940960632173
 10
3.049691341716182
 20
29.999961939766255
 10
3.049645142338627
 20
29.999978470167868
 10
3.049597545161008
 20
29.9999903926402
 10
3.0495490085701644
 20
29.999997592363336
 10
3.0494999999999997
 20
30.0
 10
0.1505
 20
30.0
 10
0.1504509914298352
 20
29.999997592363336
 10
0.15040245483899192
 20
29.9999903926402
 10
0.15035485766137277
 20
29.999978470167868
 10
0.15030865828381745
 20
29.999961939766255
 10
0.150264301631587
 20
29.999940960632173
 10
0.1502222148834902
 20
29.99991573480615
 10
0.15018280335791817
 20
29.99988650522668
 10
0.1501464466094067
 20
29.999853553390594
 10
0.15011349477331862
 20
29.99981719664208
 10
0.1500842651938487
 20
29.999777785116507
 10
0.15005903936782583
 20
29.99973569836841
 10
0.15003806023374436
 20
29.999691341716183
 10
0.1500215298321339
 20
29.99964514233863
 10
0.15000960735979837
 20
29.99959754516101
 10
0.1500024076366639
 20
29.999549008570163
 10
0.15
 20
29.999499999999998
 10
0.15
 20
29.700012274311053
 10
0.1499994252380107
 20
29.700000574761987
 10
0.14998772568895472
 20
29.7
 10
-0.14998772568895472
 20
29.7
 10
-0.1499994252380107
 20
29.700000574761987
 10
-0.15
 20
29.700012274311053
 10
-0.15
 20
29.999499999999998
 10
-0.1500024076366639
 20
29.999549008570163
 10
-0.15000960735979837
 20
29.99959754516101
 10
-0.1500215298321339
 20
29.99964514233863
 10
-0.15003806023374436
 20
29.999691341716183
 10
-0.15005903936782583
 20
29.99973569836841
 10
-0.1500842651938487
 20
29.999777785116507
 10
-0.15011349477331862
 20
29.99981719664208
 10
-0.1501464466094067
 20
29.999853553390594
 10
-0.15018280335791817
 20
29.99988650522668
 10
-0.1502222148834902
 20
29.99991573480615
 10
-0.150264301631587
 20
29.999940960632173
 10
-0.15030865828381745
 20
29.999961939766255
 10
-0.15035485766137277
 20
29.999978470167868
 10
-0.15040245483899192
 20
29.9999903926402
 10
-0.1504509914298352
 20
29.999997592363336
 10
-0.1505
 20
30.0
 10
-0.5075177256889547
 20
30.0
 10
-0.5075294252380107
 20
30.00000057476199
 97
0
 75
0
 76
1
 98
0
  0
LWPOLYLINE
  5
5A2
330
17
100
AcDbEntity
  8
E-CORTE
100
AcDbPolyline
 90
153
 70
0
 10
-0.50753
 20
30.000012274311054
 10
-0.50753
 20
30.199987725688942
 10
-0.5075294252380107
 20
30.199999425238012
 10
-0.5075177256889547
 20
30.2
 10
10.149987725688955
 20
30.2
 10
10.149999425238011
 20
30.199999425238012
 10
10.15
 20
30.199987725688956
 10
10.15
 20
29.700012274311042
 10
10.149999425238011
 20
29.700000574761987
 10
10.149987725688955
 20
29.7
 10
9.850012274311045
 20
29.7
 10
9.850000574761989
 20
29.700000574761987
 10
9.85
 20
29.700012274311042
 10
9.85
 20
29.999499999999998
 10
9.849997592363335
 20
29.999549008570163
 10
9.849990392640201
 20
29.99959754516101
 10
9.849978470167866
 20
29.99964514233863
 10
9.849961939766255
 20
29.999691341716183
 10
9.849940960632173
 20
29.99973569836841
 10
9.84991573480615
 20
29.999777785116507
 10
9.84988650522668
 20
29.99981719664208
 10
9.849853553390592
 20
29.999853553390594
 10
9.84981719664208
 20
29.99988650522668
 10
9.849777785116508
 20
29.99991573480615
 10
9.849735698368413
 20
29.999940960632173
 10
9.849691341716182
 20
29.999961939766255
 10
9.849645142338627
 20
29.999978470167868
 10
9.849597545161007
 20
29.9999903926402
 10
9.849549008570165
 20
29.999997592363336
 10
9.849499999999999
 20
30.0
 10
6.5504999999999995
 20
30.0
 10
6.550450991429835
 20
29.999997592363336
 10
6.550402454838991
 20
29.9999903926402
 10
6.550354857661373
 20
29.999978470167868
 10
6.550308658283817
 20
29.999961939766255
 10
6.550264301631587
 20
29.999940960632173
 10
6.550222214883489
 20
29.99991573480615
 10
6.5501828033579175
 20
29.99988650522668
 10
6.550146446609406
 20
29.999853553390594
 10
6.550113494773318
 20
29.99981719664208
 10
6.550084265193848
 20
29.999777785116507
 10
6.5500590393678255
 20
29.99973569836841
 10
6.550038060233744
 20
29.999691341716183
 10
6.550021529832134
 20
29.99964514233863
 10
6.550009607359798
 20
29.99959754516101
 10
6.550002407636663
 20
29.999549008570163
 10
6.55
 20
29.999499999999998
 10
6.55
 20
29.70001227431105
 10
6.549999425238011
 20
29.700000574761987
 10
6.549987725688955
 20
29.7
 10
6.250012274311045
 20
29.7
 10
6.250000574761989
 20
29.700000574761987
 10
6.25
 20
29.70001227431105
 10
6.25
 20
29.999499999999998
 10
6.249997592363337
 20
29.999549008570163
 10
6.249990392640202
 20
29.99959754516101
 10
6.249978470167866
 20
29.99964514233863
 10
6.249961939766256
 20
29.999691341716183
 10
6.249940960632174
 20
29.99973569836841
 10
6.249915734806152
 20
29.999777785116507
 10
6.249886505226682
 20
29.99981719664208
 10
6.249853553390594
 20
29.999853553390594
 10
6.249817196642082
 20
29.99988650522668
 10
6.24977778511651
 20
29.99991573480615
 10
6.249735698368413
 20
29.999940960632173
 10
6.249691341716183
 20
29.999961939766255
 10
6.249645142338627
 20
29.999978470167868
 10
6.249597545161008
 20
29.9999903926402
 10
6.249549008570165
 20
29.999997592363336
 10
6.2495
 20
30.0
 10
3.3505000000000003
 20
30.0
 10
3.3504509914298355
 20
29.999997592363336
 10
3.350402454838992
 20
29.9999903926402
 10
3.350354857661373
 20
29.999978470167868
 10
3.3503086582838177
 20
29.999961939766255
 10
3.3502643016315874
 20
29.999940960632173
 10
3.3502222148834906
 20
29.99991573480615
 10
3.3501828033579186
 20
29.99988650522668
 10
3.350146446609407
 20
29.999853553390594
 10
3.350113494773319
 20
29.99981719664208
 10
3.350084265193849
 20
29.999777785116507
 10
3.3500590393678262
 20
29.99973569836841
 10
3.3500380602337447
 20
29.999691341716183
 10
3.350021529832134
 20
29.99964514233863
 10
3.3500096073597985
 20
29.99959754516101
 10
3.3500024076366643
 20
29.999549008570163
 10
3.35
 20
29.999499999999998
 10
3.35
 20
29.700012274311053
 10
3.3499994252380105
 20
29.700000574761987
 10
3.3499877256889548
 20
29.7
 10
3.050012274311045
 20
29.7
 10
3.0500005747619894
 20
29.700000574761987
 10
3.05
 20
29.700012274311053
 10
3.05
 20
29.999499999999998
 10
3.0499975923633356
 20
29.999549008570163
 10
3.0499903926402014
 20
29.99959754516101
 10
3.049978470167866
 20
29.99964514233863
 10
3.049961939766255
 20
29.999691341716183
 10
3.0499409606321737
 20
29.99973569836841
 10
3.049915734806151
 20
29.999777785116507
 10
3.049886505226681
 20
29.99981719664208
 10
3.049853553390593
 20
29.999853553390594
 10
3.0498171966420813
 20
29.99988650522668
 10
3.0497777851165093
 20
29.99991573480615
 10
3.0497356983684125
 20
29.999940960632173
 10
3.049691341716182
 20
29.999961939766255
 10
3.049645142338627
 20
29.999978470167868
 10
3.049597545161008
 20
29.9999903926402
 10
3.0495490085701644
 20
29.999997592363336
 10
3.0494999999999997
 20
30.0
 10
0.1505
 20
30.0
 10
0.1504509914298352
 20
29.999997592363336
 10
0.15040245483899192
 20
29.9999903926402
 10
0.15035485766137277
 20
29.999978470167868
 10
0.15030865828381745
 20
29.999961939766255
 10
0.150264301631587
 20
29.999940960632173
 10
0.1502222148834902
 20
29.99991573480615
 10
0.15018280335791817
 20
29.99988650522668
 10
0.1501464466094067
 20
29.999853553390594
 10
0.15011349477331862
 20
29.99981719664208
 10
0.1500842651938487
 20
29.999777785116507
 10
0.15005903936782583
 20
29.99973569836841
 10
0.15003806023374436
 20
29.999691341716183
 10
0.1500215298321339
 20
29.99964514233863
 10
0.15000960735979837
 20
29.99959754516101
 10
0.1500024076366639
 20
29.999549008570163
 10
0.15
 20
29.999499999999998
 10
0.15
 20
29.700012274311053
 10
0.1499994252380107
 20
29.700000574761987
 10
0.14998772568895472
 20
29.7
 10
-0.14998772568895472
 20
29.7
 10
-0.1499994252380107
 20
29.700000574761987
 10
-0.15
 20
29.700012274311053
 10
-0.15
 20
29.999499999999998
 10
-0.1500024076366639
 20
29.999549008570163
 10
-0.15000960735979837
 20
29.99959754516101
 10
-0.1500215298321339
 20
29.99964514233863
 10
-0.15003806023374436
 20
29.999691341716183
 10
-0.15005903936782583
 20
29.99973569836841
 10
-0.1500842651938487
 20
29.999777785116507
 10
-0.15011349477331862
 20
29.99981719664208
 10
-0.1501464466094067
 20
29.999853553390594
 10
-0.15018280335791817
 20
29.99988650522668
 10
-0.1502222148834902
 20
29.99991573480615
 10
-0.150264301631587
 20
29.999940960632173
 10
-0.15030865828381745
 20
29.999961939766255
 10
-0.15035485766137277
 20
29.999978470167868
 10
-0.15040245483899192
 20
29.9999903926402
 10
-0.1504509914298352
 20
29.999997592363336
 10
-0.1505
 20
30.0
 10
-0.5075177256889547
 20
30.0
 10
-0.5075294252380107
 20
30.00000057476199
 10
-0.50753
 20
30.000012274311054
  0
LWPOLYLINE
  5
5A3
330
17
100
AcDbEntity
  8
E-ACERO
100
AcDbPolyline
 90
2
 70
0
 10
10.125
 20
30.046350326538086
 10
6.099999904632568
 20
30.046350326538086
  0
LWPOLYLINE
  5
5A4
330
17
100
AcDbEntity
  8
E-ACERO
100
AcDbPolyline
 90
2
 70
0
 10
6.699999809265137
 20
30.031350326538085
 10
-0.4847669303417206
 20
30.031350326538085
  0
LWPOLYLINE
  5
5A5
330
17
100
AcDbEntity
  8
E-ACERO
100
AcDbPolyline
 90
5
 70
0
 10
10.109999656677246
 20
30.05523796081543
 10
10.109999656677246
 20
30.13690013885498
 10
10.100235939025879
 20
30.16047306060791
 10
10.076662063598633
 20
30.170237731933593
 10
9.1899995803833
 20
30.170237731933593
  0
LWPOLYLINE
  5
5A6
330
17
100
AcDbEntity
  8
E-ACERO
100
AcDbPolyline
 90
2
 70
0
 10
7.650000095367432
 20
30.168649864196777
 10
5.2833333015441895
 20
30.168649864196777
  0
LWPOLYLINE
  5
5A7
330
17
100
AcDbEntity
  8
E-ACERO
100
AcDbPolyline
 90
2
 70
0
 10
4.316666603088379
 20
30.168649864196777
 10
2.0833332538604736
 20
30.168649864196777
  0
LWPOLYLINE
  5
5A8
330
17
100
AcDbEntity
  8
E-ACERO
100
AcDbPolyline
 90
5
 70
0
 10
1.1166666746139526
 20
30.168649864196777
 10
-0.4316382110118866
 20
30.168649864196777
 10
-0.4630691111087799
 20
30.155631256103515
 10
-0.47608819603919983
 20
30.124200057983398
 10
-0.47608819603919983
 20
30.053650093078613
  0
CIRCLE
  5
5A9
330
17
100
AcDbEntity
  8
E-ACERO
100
AcDbCircle
 10
10.121825218200684
 20
30.16412467956543
 30
0.0
 40
0.011250000000000001
  0
HATCH
  5
5AA
330
17
100
AcDbEntity
  8
E-ACERO
100
AcDbHatch
 10
0.0
 20
0.0
 30
0.0
210
0.0
220
0.0
230
1.0
  2
SOLID
 70
1
 71
0
 91
1
 92
1
 93
1
 72
2
 10
10.121825218200684
 20
30.16412467956543
 40
0.011250000000000001
 50
0
 51
360
 73
1
 97
0
 75
0
 76
1
 98
0
  0
CIRCLE
  5
5AB
330
17
100
AcDbEntity
  8
E-ACERO
100
AcDbCircle
 10
9.876136779785156
 20
30.16412467956543
 30
0.0
 40
0.011250000000000001
  0
HATCH
  5
5AC
330
17
100
AcDbEntity
  8
E-ACERO
100
AcDbHatch
 10
0.0
 20
0.0
 30
0.0
210
0.0
220
0.0
230
1.0
  2
SOLID
 70
1
 71
0
 91
1
 92
1
 93
1
 72
2
 10
9.876136779785156
 20
30.16412467956543
 40
0.011250000000000001
 50
0
 51
360
 73
1
 97
0
 75
0
 76
1
 98
0
  0
CIRCLE
  5
5AD
330
17
100
AcDbEntity
  8
E-ACERO
100
AcDbCircle
 10
9.61727237701416
 20
30.16412467956543
 30
0.0
 40
0.011250000000000001
  0
HATCH
  5
5AE
330
17
100
AcDbEntity
  8
E-ACERO
100
AcDbHatch
 10
0.0
 20
0.0
 30
0.0
210
0.0
220
0.0
230
1.0
  2
SOLID
 70
1
 71
0
 91
1
 92
1
 93
1
 72
2
 10
9.61727237701416
 20
30.16412467956543
 40
0.011250000000000001
 50
0
 51
360
 73
1
 97
0
 75
0
 76
1
 98
0
  0
CIRCLE
  5
5AF
330
17
100
AcDbEntity
  8
E-ACERO
100
AcDbCircle
 10
9.378409385681152
 20
30.16412467956543
 30
0.0
 40
0.011250000000000001
  0
HATCH
  5
5B0
330
17
100
AcDbEntity
  8
E-ACERO
100
AcDbHatch
 10
0.0
 20
0.0
 30
0.0
210
0.0
220
0.0
230
1.0
  2
SOLID
 70
1
 71
0
 91
1
 92
1
 93
1
 72
2
 10
9.378409385681152
 20
30.16412467956543
 40
0.011250000000000001
 50
0
 51
360
 73
1
 97
0
 75
0
 76
1
 98
0
  0
CIRCLE
  5
5B1
330
17
100
AcDbEntity
  8
E-ACERO
100
AcDbCircle
 10
9.129545211791992
 20
30.16412467956543
 30
0.0
 40
0.011250000000000001
  0
HATCH
  5
5B2
330
17
100
AcDbEntity
  8
E-ACERO
100
AcDbHatch
 10
0.0
 20
0.0
 30
0.0
210
0.0
220
0.0
230
1.0
  2
SOLID
 70
1
 71
0
 91
1
 92
1
 93
1
 72
2
 10
9.129545211791992
 20
30.16412467956543
 40
0.011250000000000001
 50
0
 51
360
 73
1
 97
0
 75
0
 76
1
 98
0
  0
CIRCLE
  5
5B3
330
17
100
AcDbEntity
  8
E-ACERO
100
AcDbCircle
 10
8.880681991577148
 20
30.16412467956543
 30
0.0
 40
0.011250000000000001
  0
HATCH
  5
5B4
330
17
100
AcDbEntity
  8
E-ACERO
100
AcDbHatch
 10
0.0
 20
0.0
 30
0.0
210
0.0
220
0.0
230
1.0
  2
SOLID
 70
1
 71
0
 91
1
 92
1
 93
1
 72
2
 10
8.880681991577148
 20
30.16412467956543
 40
0.011250000000000001
 50
0
 51
360
 73
1
 97
0
 75
0
 76
1
 98
0
  0
CIRCLE
  5
5B5
330
17
100
AcDbEntity
  8
E-ACERO
100
AcDbCircle
 10
8.631817817687988
 20
30.16412467956543
 30
0.0
 40
0.011250000000000001
  0
HATCH
  5
5B6
330
17
100
AcDbEntity
  8
E-ACERO
100
AcDbHatch
 10
0.0
 20
0.0
 30
0.0
210
0.0
220
0.0
230
1.0
  2
SOLID
 70
1
 71
0
 91
1
 92
1
 93
1
 72
2
 10
8.631817817687988
 20
30.16412467956543
 40
0.011250000000000001
 50
0
 51
360
 73
1
 97
0
 75
0
 76
1
 98
0
  0
CIRCLE
  5
5B7
330
17
100
AcDbEntity
  8
E-ACERO
100
AcDbCircle
 10
8.382954597473145
 20
30.16412467956543
 30
0.0
 40
0.011250000000000001
  0
HATCH
  5
5B8
330
17
100
AcDbEntity
  8
E-ACERO
100
AcDbHatch
 10
0.0
 20
0.0
 30
0.0
210
0.0
220
0.0
230
1.0
  2
SOLID
 70
1
 71
0
 91
1
 92
1
 93
1
 72
2
 10
8.382954597473145
 20
30.16412467956543
 40
0.011250000000000001
 50
0
 51
360
 73
1
 97
0
 75
0
 76
1
 98
0
  0
CIRCLE
  5
5B9
330
17
100
AcDbEntity
  8
E-ACERO
100
AcDbCircle
 10
8.1340913772583
 20
30.16412467956543
 30
0.0
 40
0.011250000000000001
  0
HATCH
  5
5BA
330
17
100
AcDbEntity
  8
E-ACERO
100
AcDbHatch
 10
0.0
 20
0.0
 30
0.0
210
0.0
220
0.0
230
1.0
  2
SOLID
 70
1
 71
0
 91
1
 92
1
 93
1
 72
2
 10
8.1340913772583
 20
30.16412467956543
 40
0.011250000000000001
 50
0
 51
360
 73
1
 97
0
 75
0
 76
1
 98
0
  0
CIRCLE
  5
5BB
330
17
100
AcDbEntity
  8
E-ACERO
100
AcDbCircle
 10
7.885227203369141
 20
30.16412467956543
 30
0.0
 40
0.011250000000000001
  0
HATCH
  5
5BC
330
17
100
AcDbEntity
  8
E-ACERO
100
AcDbHatch
 10
0.0
 20
0.0
 30
0.0
210
0.0
220
0.0
230
1.0
  2
SOLID
 70
1
 71
0
 91
1
 92
1
 93
1
 72
2
 10
7.885227203369141
 20
30.16412467956543
 40
0.011250000000000001
 50
0
 51
360
 73
1
 97
0
 75
0
 76
1
 98
0
  0
CIRCLE
  5
5BD
330
17
100
AcDbEntity
  8
E-ACERO
100
AcDbCircle
 10
7.636363506317139
 20
30.16412467956543
 30
0.0
 40
0.011250000000000001
  0
HATCH
  5
5BE
330
17
100
AcDbEntity
  8
E-ACERO
100
AcDbHatch
 10
0.0
 20
0.0
 30
0.0
210
0.0
220
0.0
230
1.0
  2
SOLID
 70
1
 71
0
 91
1
 92
1
 93
1
 72
2
 10
7.636363506317139
 20
30.16412467956543
 40
0.011250000000000001
 50
0
 51
360
 73
1
 97
0
 75
0
 76
1
 98
0
  0
CIRCLE
  5
5BF
330
17
100
AcDbEntity
  8
E-ACERO
100
AcDbCircle
 10
7.387499809265137
 20
30.16412467956543
 30
0.0
 40
0.011250000000000001
  0
HATCH
  5
5C0
330
17
100
AcDbEntity
  8
E-ACERO
100
AcDbHatch
 10
0.0
 20
0.0
 30
0.0
210
0.0
220
0.0
230
1.0
  2
SOLID
 70
1
 71
0
 91
1
 92
1
 93
1
 72
2
 10
7.387499809265137
 20
30.16412467956543
 40
0.011250000000000001
 50
0
 51
360
 73
1
 97
0
 75
0
 76
1
 98
0
  0
CIRCLE
  5
5C1
330
17
100
AcDbEntity
  8
E-ACERO
100
AcDbCircle
 10
7.118636131286621
 20
30.16412467956543
 30
0.0
 40
0.011250000000000001
  0
HATCH
  5
5C2
330
17
100
AcDbEntity
  8
E-ACERO
100
AcDbHatch
 10
0.0
 20
0.0
 30
0.0
210
0.0
220
0.0
230
1.0
  2
SOLID
 70
1
 71
0
 91
1
 92
1
 93
1
 72
2
 10
7.118636131286621
 20
30.16412467956543
 40
0.011250000000000001
 50
0
 51
360
 73
1
 97
0
 75
0
 76
1
 98
0
  0
CIRCLE
  5
5C3
330
17
100
AcDbEntity
  8
E-ACERO
100
AcDbCircle
 10
6.889772891998291
 20
30.16412467956543
 30
0.0
 40
0.011250000000000001
  0
HATCH
  5
5C4
330
17
100
AcDbEntity
  8
E-ACERO
100
AcDbHatch
 10
0.0
 20
0.0
 30
0.0
210
0.0
220
0.0
230
1.0
  2
SOLID
 70
1
 71
0
 91
1
 92
1
 93
1
 72
2
 10
6.889772891998291
 20
30.16412467956543
 40
0.011250000000000001
 50
0
 51
360
 73
1
 97
0
 75
0
 76
1
 98
0
  0
CIRCLE
  5
5C5
330
17
100
AcDbEntity
  8
E-ACERO
100
AcDbCircle
 10
6.650908946990967
 20
30.16412467956543
 30
0.0
 40
0.011250000000000001
  0
HATCH
  5
5C6
330
17
100
AcDbEntity
  8
E-ACERO
100
AcDbHatch
 10
0.0
 20
0.0
 30
0.0
210
0.0
220
0.0
230
1.0
  2
SOLID
 70
1
 71
0
 91
1
 92
1
 93
1
 72
2
 10
6.650908946990967
 20
30.16412467956543
 40
0.011250000000000001
 50
0
 51
360
 73
1
 97
0
 75
0
 76
1
 98
0
  0
CIRCLE
  5
5C7
330
17
100
AcDbEntity
  8
E-ACERO
100
AcDbCircle
 10
6.392045497894287
 20
30.16412467956543
 30
0.0
 40
0.011250000000000001
  0
HATCH
  5
5C8
330
17
100
AcDbEntity
  8
E-ACERO
100
AcDbHatch
 10
0.0
 20
0.0
 30
0.0
210
0.0
220
0.0
230
1.0
  2
SOLID
 70
1
 71
0
 91
1
 92
1
 93
1
 72
2
 10
6.392045497894287
 20
30.16412467956543
 40
0.011250000000000001
 50
0
 51
360
 73
1
 97
0
 75
0
 76
1
 98
0
  0
CIRCLE
  5
5C9
330
17
100
AcDbEntity
  8
E-ACERO
100
AcDbCircle
 10
6.143181800842285
 20
30.16412467956543
 30
0.0
 40
0.011250000000000001
  0
HATCH
  5
5CA
330
17
100
AcDbEntity
  8
E-ACERO
100
AcDbHatch
 10
0.0
 20
0.0
 30
0.0
210
0.0
220
0.0
230
1.0
  2
SOLID
 70
1
 71
0
 91
1
 92
1
 93
1
 72
2
 10
6.143181800842285
 20
30.16412467956543
 40
0.011250000000000001
 50
0
 51
360
 73
1
 97
0
 75
0
 76
1
 98
0
  0
CIRCLE
  5
5CB
330
17
100
AcDbEntity
  8
E-ACERO
100
AcDbCircle
 10
5.894318103790283
 20
30.16412467956543
 30
0.0
 40
0.011250000000000001
  0
HATCH
  5
5CC
330
17
100
AcDbEntity
  8
E-ACERO
100
AcDbHatch
 10
0.0
 20
0.0
 30
0.0
210
0.0
220
0.0
230
1.0
  2
SOLID
 70
1
 71
0
 91
1
 92
1
 93
1
 72
2
 10
5.894318103790283
 20
30.16412467956543
 40
0.011250000000000001
 50
0
 51
360
 73
1
 97
0
 75
0
 76
1
 98
0
  0
CIRCLE
  5
5CD
330
17
100
AcDbEntity
  8
E-ACERO
100
AcDbCircle
 10
5.645454406738281
 20
30.16412467956543
 30
0.0
 40
0.011250000000000001
  0
HATCH
  5
5CE
330
17
100
AcDbEntity
  8
E-ACERO
100
AcDbHatch
 10
0.0
 20
0.0
 30
0.0
210
0.0
220
0.0
230
1.0
  2
SOLID
 70
1
 71
0
 91
1
 92
1
 93
1
 72
2
 10
5.645454406738281
 20
30.16412467956543
 40
0.011250000000000001
 50
0
 51
360
 73
1
 97
0
 75
0
 76
1
 98
0
  0
CIRCLE
  5
5CF
330
17
100
AcDbEntity
  8
E-ACERO
100
AcDbCircle
 10
5.396590709686279
 20
30.16412467956543
 30
0.0
 40
0.011250000000000001
  0
HATCH
  5
5D0
330
17
100
AcDbEntity
  8
E-ACERO
100
AcDbHatch
 10
0.0
 20
0.0
 30
0.0
210
0.0
220
0.0
230
1.0
  2
SOLID
 70
1
 71
0
 91
1
 92
1
 93
1
 72
2
 10
5.396590709686279
 20
30.16412467956543
 40
0.011250000000000001
 50
0
 51
360
 73
1
 97
0
 75
0
 76
1
 98
0
  0
CIRCLE
  5
5D1
330
17
100
AcDbEntity
  8
E-ACERO
100
AcDbCircle
 10
5.1377272605896
 20
30.16412467956543
 30
0.0
 40
0.011250000000000001
  0
HATCH
  5
5D2
330
17
100
AcDbEntity
  8
E-ACERO
100
AcDbHatch
 10
0.0
 20
0.0
 30
0.0
210
0.0
220
0.0
230
1.0
  2
SOLID
 70
1
 71
0
 91
1
 92
1
 93
1
 72
2
 10
5.1377272605896
 20
30.16412467956543
 40
0.011250000000000001
 50
0
 51
360
 73
1
 97
0
 75
0
 76
1
 98
0
  0
CIRCLE
  5
5D3
330
17
100
AcDbEntity
  8
E-ACERO
100
AcDbCircle
 10
4.898863792419434
 20
30.16412467956543
 30
0.0
 40
0.011250000000000001
  0
HATCH
  5
5D4
330
17
100
AcDbEntity
  8
E-ACERO
100
AcDbHatch
 10
0.0
 20
0.0
 30
0.0
210
0.0
220
0.0
230
1.0
  2
SOLID
 70
1
 71
0
 91
1
 92
1
 93
1
 72
2
 10
4.898863792419434
 20
30.16412467956543
 40
0.011250000000000001
 50
0
 51
360
 73
1
 97
0
 75
0
 76
1
 98
0
  0
CIRCLE
  5
5D5
330
17
100
AcDbEntity
  8
E-ACERO
100
AcDbCircle
 10
4.650000095367432
 20
30.16412467956543
 30
0.0
 40
0.011250000000000001
  0
HATCH
  5
5D6
330
17
100
AcDbEntity
  8
E-ACERO
100
AcDbHatch
 10
0.0
 20
0.0
 30
0.0
210
0.0
220
0.0
230
1.0
  2
SOLID
 70
1
 71
0
 91
1
 92
1
 93
1
 72
2
 10
4.650000095367432
 20
30.16412467956543
 40
0.011250000000000001
 50
0
 51
360
 73
1
 97
0
 75
0
 76
1
 98
0
  0
CIRCLE
  5
5D7
330
17
100
AcDbEntity
  8
E-ACERO
100
AcDbCircle
 10
4.40113639831543
 20
30.16412467956543
 30
0.0
 40
0.011250000000000001
  0
HATCH
  5
5D8
330
17
100
AcDbEntity
  8
E-ACERO
100
AcDbHatch
 10
0.0
 20
0.0
 30
0.0
210
0.0
220
0.0
230
1.0
  2
SOLID
 70
1
 71
0
 91
1
 92
1
 93
1
 72
2
 10
4.40113639831543
 20
30.16412467956543
 40
0.011250000000000001
 50
0
 51
360
 73
1
 97
0
 75
0
 76
1
 98
0
  0
CIRCLE
  5
5D9
330
17
100
AcDbEntity
  8
E-ACERO
100
AcDbCircle
 10
4.152272701263428
 20
30.16412467956543
 30
0.0
 40
0.011250000000000001
  0
HATCH
  5
5DA
330
17
100
AcDbEntity
  8
E-ACERO
100
AcDbHatch
 10
0.0
 20
0.0
 30
0.0
210
0.0
220
0.0
230
1.0
  2
SOLID
 70
1
 71
0
 91
1
 92
1
 93
1
 72
2
 10
4.152272701263428
 20
30.16412467956543
 40
0.011250000000000001
 50
0
 51
360
 73
1
 97
0
 75
0
 76
1
 98
0
  0
CIRCLE
  5
5DB
330
17
100
AcDbEntity
  8
E-ACERO
100
AcDbCircle
 10
3.903409004211426
 20
30.16412467956543
 30
0.0
 40
0.011250000000000001
  0
HATCH
  5
5DC
330
17
100
AcDbEntity
  8
E-ACERO
100
AcDbHatch
 10
0.0
 20
0.0
 30
0.0
210
0.0
220
0.0
230
1.0
  2
SOLID
 70
1
 71
0
 91
1
 92
1
 93
1
 72
2
 10
3.903409004211426
 20
30.16412467956543
 40
0.011250000000000001
 50
0
 51
360
 73
1
 97
0
 75
0
 76
1
 98
0
  0
CIRCLE
  5
5DD
330
17
100
AcDbEntity
  8
E-ACERO
100
AcDbCircle
 10
3.654545545578003
 20
30.16412467956543
 30
0.0
 40
0.011250000000000001
  0
HATCH
  5
5DE
330
17
100
AcDbEntity
  8
E-ACERO
100
AcDbHatch
 10
0.0
 20
0.0
 30
0.0
210
0.0
220
0.0
230
1.0
  2
SOLID
 70
1
 71
0
 91
1
 92
1
 93
1
 72
2
 10
3.654545545578003
 20
30.16412467956543
 40
0.011250000000000001
 50
0
 51
360
 73
1
 97
0
 75
0
 76
1
 98
0
  0
CIRCLE
  5
5DF
330
17
100
AcDbEntity
  8
E-ACERO
100
AcDbCircle
 10
3.4456818103790283
 20
30.16412467956543
 30
0.0
 40
0.011250000000000001
  0
HATCH
  5
5E0
330
17
100
AcDbEntity
  8
E-ACERO
100
AcDbHatch
 10
0.0
 20
0.0
 30
0.0
210
0.0
220
0.0
230
1.0
  2
SOLID
 70
1
 71
0
 91
1
 92
1
 93
1
 72
2
 10
3.4456818103790283
 20
30.16412467956543
 40
0.011250000000000001
 50
0
 51
360
 73
1
 97
0
 75
0
 76
1
 98
0
  0
CIRCLE
  5
5E1
330
17
100
AcDbEntity
  8
E-ACERO
100
AcDbCircle
 10
3.156818151473999
 20
30.16412467956543
 30
0.0
 40
0.011250000000000001
  0
HATCH
  5
5E2
330
17
100
AcDbEntity
  8
E-ACERO
100
AcDbHatch
 10
0.0
 20
0.0
 30
0.0
210
0.0
220
0.0
230
1.0
  2
SOLID
 70
1
 71
0
 91
1
 92
1
 93
1
 72
2
 10
3.156818151473999
 20
30.16412467956543
 40
0.011250000000000001
 50
0
 51
360
 73
1
 97
0
 75
0
 76
1
 98
0
  0
CIRCLE
  5
5E3
330
17
100
AcDbEntity
  8
E-ACERO
100
AcDbCircle
 10
2.907954454421997
 20
30.16412467956543
 30
0.0
 40
0.011250000000000001
  0
HATCH
  5
5E4
330
17
100
AcDbEntity
  8
E-ACERO
100
AcDbHatch
 10
0.0
 20
0.0
 30
0.0
210
0.0
220
0.0
230
1.0
  2
SOLID
 70
1
 71
0
 91
1
 92
1
 93
1
 72
2
 10
2.907954454421997
 20
30.16412467956543
 40
0.011250000000000001
 50
0
 51
360
 73
1
 97
0
 75
0
 76
1
 98
0
  0
CIRCLE
  5
5E5
330
17
100
AcDbEntity
  8
E-ACERO
100
AcDbCircle
 10
2.659090995788574
 20
30.16412467956543
 30
0.0
 40
0.011250000000000001
  0
HATCH
  5
5E6
330
17
100
AcDbEntity
  8
E-ACERO
100
AcDbHatch
 10
0.0
 20
0.0
 30
0.0
210
0.0
220
0.0
230
1.0
  2
SOLID
 70
1
 71
0
 91
1
 92
1
 93
1
 72
2
 10
2.659090995788574
 20
30.16412467956543
 40
0.011250000000000001
 50
0
 51
360
 73
1
 97
0
 75
0
 76
1
 98
0
  0
CIRCLE
  5
5E7
330
17
100
AcDbEntity
  8
E-ACERO
100
AcDbCircle
 10
2.4102272987365723
 20
30.16412467956543
 30
0.0
 40
0.011250000000000001
  0
HATCH
  5
5E8
330
17
100
AcDbEntity
  8
E-ACERO
100
AcDbHatch
 10
0.0
 20
0.0
 30
0.0
210
0.0
220
0.0
230
1.0
  2
SOLID
 70
1
 71
0
 91
1
 92
1
 93
1
 72
2
 10
2.4102272987365723
 20
30.16412467956543
 40
0.011250000000000001
 50
0
 51
360
 73
1
 97
0
 75
0
 76
1
 98
0
  0
CIRCLE
  5
5E9
330
17
100
AcDbEntity
  8
E-ACERO
100
AcDbCircle
 10
2.1613636016845703
 20
30.16412467956543
 30
0.0
 40
0.011250000000000001
  0
HATCH
  5
5EA
330
17
100
AcDbEntity
  8
E-ACERO
100
AcDbHatch
 10
0.0
 20
0.0
 30
0.0
210
0.0
220
0.0
230
1.0
  2
SOLID
 70
1
 71
0
 91
1
 92
1
 93
1
 72
2
 10
2.1613636016845703
 20
30.16412467956543
 40
0.011250000000000001
 50
0
 51
360
 73
1
 97
0
 75
0
 76
1
 98
0
  0
CIRCLE
  5
5EB
330
17
100
AcDbEntity
  8
E-ACERO
100
AcDbCircle
 10
1.912500023841858
 20
30.16412467956543
 30
0.0
 40
0.011250000000000001
  0
HATCH
  5
5EC
330
17
100
AcDbEntity
  8
E-ACERO
100
AcDbHatch
 10
0.0
 20
0.0
 30
0.0
210
0.0
220
0.0
230
1.0
  2
SOLID
 70
1
 71
0
 91
1
 92
1
 93
1
 72
2
 10
1.912500023841858
 20
30.16412467956543
 40
0.011250000000000001
 50
0
 51
360
 73
1
 97
0
 75
0
 76
1
 98
0
  0
CIRCLE
  5
5ED
330
17
100
AcDbEntity
  8
E-ACERO
100
AcDbCircle
 10
1.663636326789856
 20
30.16412467956543
 30
0.0
 40
0.011250000000000001
  0
HATCH
  5
5EE
330
17
100
AcDbEntity
  8
E-ACERO
100
AcDbHatch
 10
0.0
 20
0.0
 30
0.0
210
0.0
220
0.0
230
1.0
  2
SOLID
 70
1
 71
0
 91
1
 92
1
 93
1
 72
2
 10
1.663636326789856
 20
30.16412467956543
 40
0.011250000000000001
 50
0
 51
360
 73
1
 97
0
 75
0
 76
1
 98
0
  0
CIRCLE
  5
5EF
330
17
100
AcDbEntity
  8
E-ACERO
100
AcDbCircle
 10
1.4147727489471436
 20
30.16412467956543
 30
0.0
 40
0.011250000000000001
  0
HATCH
  5
5F0
330
17
100
AcDbEntity
  8
E-ACERO
100
AcDbHatch
 10
0.0
 20
0.0
 30
0.0
210
0.0
220
0.0
230
1.0
  2
SOLID
 70
1
 71
0
 91
1
 92
1
 93
1
 72
2
 10
1.4147727489471436
 20
30.16412467956543
 40
0.011250000000000001
 50
0
 51
360
 73
1
 97
0
 75
0
 76
1
 98
0
  0
CIRCLE
  5
5F1
330
17
100
AcDbEntity
  8
E-ACERO
100
AcDbCircle
 10
1.1659090518951416
 20
30.16412467956543
 30
0.0
 40
0.011250000000000001
  0
HATCH
  5
5F2
330
17
100
AcDbEntity
  8
E-ACERO
100
AcDbHatch
 10
0.0
 20
0.0
 30
0.0
210
0.0
220
0.0
230
1.0
  2
SOLID
 70
1
 71
0
 91
1
 92
1
 93
1
 72
2
 10
1.1659090518951416
 20
30.16412467956543
 40
0.011250000000000001
 50
0
 51
360
 73
1
 97
0
 75
0
 76
1
 98
0
  0
CIRCLE
  5
5F3
330
17
100
AcDbEntity
  8
E-ACERO
100
AcDbCircle
 10
0.9170454740524292
 20
30.16412467956543
 30
0.0
 40
0.011250000000000001
  0
HATCH
  5
5F4
330
17
100
AcDbEntity
  8
E-ACERO
100
AcDbHatch
 10
0.0
 20
0.0
 30
0.0
210
0.0
220
0.0
230
1.0
  2
SOLID
 70
1
 71
0
 91
1
 92
1
 93
1
 72
2
 10
0.9170454740524292
 20
30.16412467956543
 40
0.011250000000000001
 50
0
 51
360
 73
1
 97
0
 75
0
 76
1
 98
0
  0
CIRCLE
  5
5F5
330
17
100
AcDbEntity
  8
E-ACERO
100
AcDbCircle
 10
0.668181836605072
 20
30.16412467956543
 30
0.0
 40
0.011250000000000001
  0
HATCH
  5
5F6
330
17
100
AcDbEntity
  8
E-ACERO
100
AcDbHatch
 10
0.0
 20
0.0
 30
0.0
210
0.0
220
0.0
230
1.0
  2
SOLID
 70
1
 71
0
 91
1
 92
1
 93
1
 72
2
 10
0.668181836605072
 20
30.16412467956543
 40
0.011250000000000001
 50
0
 51
360
 73
1
 97
0
 75
0
 76
1
 98
0
  0
CIRCLE
  5
5F7
330
17
100
AcDbEntity
  8
E-ACERO
100
AcDbCircle
 10
0.41931816935539246
 20
30.16412467956543
 30
0.0
 40
0.011250000000000001
  0
HATCH
  5
5F8
330
17
100
AcDbEntity
  8
E-ACERO
100
AcDbHatch
 10
0.0
 20
0.0
 30
0.0
210
0.0
220
0.0
230
1.0
  2
SOLID
 70
1
 71
0
 91
1
 92
1
 93
1
 72
2
 10
0.41931816935539246
 20
30.16412467956543
 40
0.011250000000000001
 50
0
 51
360
 73
1
 97
0
 75
0
 76
1
 98
0
  0
CIRCLE
  5
5F9
330
17
100
AcDbEntity
  8
E-ACERO
100
AcDbCircle
 10
0.17045454680919647
 20
30.16412467956543
 30
0.0
 40
0.011250000000000001
  0
HATCH
  5
5FA
330
17
100
AcDbEntity
  8
E-ACERO
100
AcDbHatch
 10
0.0
 20
0.0
 30
0.0
210
0.0
220
0.0
230
1.0
  2
SOLID
 70
1
 71
0
 91
1
 92
1
 93
1
 72
2
 10
0.17045454680919647
 20
30.16412467956543
 40
0.011250000000000001
 50
0
 51
360
 73
1
 97
0
 75
0
 76
1
 98
0
  0
CIRCLE
  5
5FB
330
17
100
AcDbEntity
  8
E-ACERO
100
AcDbCircle
 10
-0.09840909391641617
 20
30.16412467956543
 30
0.0
 40
0.011250000000000001
  0
HATCH
  5
5FC
330
17
100
AcDbEntity
  8
E-ACERO
100
AcDbHatch
 10
0.0
 20
0.0
 30
0.0
210
0.0
220
0.0
230
1.0
  2
SOLID
 70
1
 71
0
 91
1
 92
1
 93
1
 72
2
 10
-0.09840909391641617
 20
30.16412467956543
 40
0.011250000000000001
 50
0
 51
360
 73
1
 97
0
 75
0
 76
1
 98
0
  0
CIRCLE
  5
5FD
330
17
100
AcDbEntity
  8
E-ACERO
100
AcDbCircle
 10
-0.3272727131843567
 20
30.16412467956543
 30
0.0
 40
0.011250000000000001
  0
HATCH
  5
5FE
330
17
100
AcDbEntity
  8
E-ACERO
100
AcDbHatch
 10
0.0
 20
0.0
 30
0.0
210
0.0
220
0.0
230
1.0
  2
SOLID
 70
1
 71
0
 91
1
 92
1
 93
1
 72
2
 10
-0.3272727131843567
 20
30.16412467956543
 40
0.011250000000000001
 50
0
 51
360
 73
1
 97
0
 75
0
 76
1
 98
0
  0
LWPOLYLINE
  5
5FF
330
17
100
AcDbEntity
  8
E-ACERO
100
AcDbPolyline
 90
3
 70
0
 10
-0.03961894288659096
 20
29.839294624328613
 10
-0.09350048005580902
 20
29.785412979125976
 10
-0.09804397528957261
 20
29.762571471824415
  0
LWPOLYLINE
  5
600
330
17
100
AcDbEntity
  8
E-ACERO
100
AcDbPolyline
 90
3
 70
0
 10
-0.09804397528957261
 20
29.762571471824415
 10
-0.09866238385438919
 20
29.759462547302245
 10
-0.09379251594359779
 20
29.75620858664388
  0
LWPOLYLINE
  5
601
330
17
100
AcDbEntity
  8
E-ACERO
100
AcDbPolyline
 90
2
 70
0
 10
-0.09379251594359779
 20
29.75620858664388
 10
-0.08742788763759794
 20
29.751955853203828
  0
LWPOLYLINE
  5
602
330
17
100
AcDbEntity
  8
E-ACERO
100
AcDbPolyline
 90
13
 70
0
 10
-0.08742788763759794
 20
29.751955853203828
 10
-0.07666250318288803
 20
29.74476261138916
 10
0.0814250037074089
 20
29.74476261138916
 10
0.0982629805803299
 20
29.75173683166504
 10
0.10523749887943268
 20
29.768574905395507
 10
0.10523749887943268
 20
30.13142509460449
 10
0.09827011078596115
 20
30.14826316833496
 10
0.08144934475421906
 20
30.15523738861084
 10
-0.08144934475421906
 20
30.15523738861084
 10
-0.09827011078596115
 20
30.14826316833496
 10
-0.10523749887943268
 20
30.13142509460449
 10
-0.10523749887943268
 20
29.77333755493164
 10
-0.09804397528957261
 20
29.762571471824415
  0
LWPOLYLINE
  5
603
330
17
100
AcDbEntity
  8
E-ACERO
100
AcDbPolyline
 90
2
 70
0
 10
-0.09804397528957261
 20
29.762571471824415
 10
-0.09379251594359779
 20
29.75620858664388
  0
LWPOLYLINE
  5
604
330
17
100
AcDbEntity
  8
E-ACERO
100
AcDbPolyline
 90
3
 70
0
 10
-0.09379251594359779
 20
29.75620858664388
 10
-0.0905376523733139
 20
29.751337242126464
 10
-0.08742788763759794
 20
29.751955853203828
  0
LWPOLYLINE
  5
605
330
17
100
AcDbEntity
  8
E-ACERO
100
AcDbPolyline
 90
3
 70
0
 10
-0.08742788763759794
 20
29.751955853203828
 10
-0.06458701938390732
 20
29.75649948120117
 10
-0.01070548314601183
 20
29.810381126403808
  0
LWPOLYLINE
  5
606
330
17
100
AcDbEntity
  8
E-ACERO
100
AcDbPolyline
 90
3
 70
0
 10
-0.03961894288659096
 20
29.839294624328613
 10
-0.09350048005580902
 20
29.785412979125976
 10
-0.09804397528957261
 20
29.762571471824415
  0
LWPOLYLINE
  5
607
330
17
100
AcDbEntity
  8
E-ACERO
100
AcDbPolyline
 90
3
 70
0
 10
-0.09804397528957261
 20
29.762571471824415
 10
-0.09866238385438919
 20
29.759462547302245
 10
-0.09379251594359779
 20
29.75620858664388
  0
LWPOLYLINE
  5
608
330
17
100
AcDbEntity
  8
E-ACERO
100
AcDbPolyline
 90
2
 70
0
 10
-0.09379251594359779
 20
29.75620858664388
 10
-0.08742788763759794
 20
29.751955853203828
  0
LWPOLYLINE
  5
609
330
17
100
AcDbEntity
  8
E-ACERO
100
AcDbPolyline
 90
13
 70
0
 10
-0.08742788763759794
 20
29.751955853203828
 10
-0.07666250318288803
 20
29.74476261138916
 10
0.0814250037074089
 20
29.74476261138916
 10
0.0982629805803299
 20
29.75173683166504
 10
0.10523749887943268
 20
29.768574905395507
 10
0.10523749887943268
 20
30.13142509460449
 10
0.09827011078596115
 20
30.14826316833496
 10
0.08144934475421906
 20
30.15523738861084
 10
-0.08144934475421906
 20
30.15523738861084
 10
-0.09827011078596115
 20
30.14826316833496
 10
-0.10523749887943268
 20
30.13142509460449
 10
-0.10523749887943268
 20
29.77333755493164
 10
-0.09804397528957261
 20
29.762571471824415
  0
LWPOLYLINE
  5
60A
330
17
100
AcDbEntity
  8
E-ACERO
100
AcDbPolyline
 90
2
 70
0
 10
-0.09804397528957261
 20
29.762571471824415
 10
-0.09379251594359779
 20
29.75620858664388
  0
LWPOLYLINE
  5
60B
330
17
100
AcDbEntity
  8
E-ACERO
100
AcDbPolyline
 90
3
 70
0
 10
-0.09379251594359779
 20
29.75620858664388
 10
-0.0905376523733139
 20
29.751337242126464
 10
-0.08742788763759794
 20
29.751955853203828
  0
LWPOLYLINE
  5
60C
330
17
100
AcDbEntity
  8
E-ACERO
100
AcDbPolyline
 90
3
 70
0
 10
-0.08742788763759794
 20
29.751955853203828
 10
-0.06458701938390732
 20
29.75649948120117
 10
-0.01070548314601183
 20
29.810381126403808
  0
LWPOLYLINE
  5
60D
330
17
100
AcDbEntity
  8
E-ACERO
100
AcDbPolyline
 90
3
 70
0
 10
-0.03961894288659096
 20
29.839294624328613
 10
-0.09350048005580902
 20
29.785412979125976
 10
-0.09804397528957261
 20
29.762571471824415
  0
LWPOLYLINE
  5
60E
330
17
100
AcDbEntity
  8
E-ACERO
100
AcDbPolyline
 90
3
 70
0
 10
-0.09804397528957261
 20
29.762571471824415
 10
-0.09866238385438919
 20
29.759462547302245
 10
-0.09379251594359779
 20
29.75620858664388
  0
LWPOLYLINE
  5
60F
330
17
100
AcDbEntity
  8
E-ACERO
100
AcDbPolyline
 90
2
 70
0
 10
-0.09379251594359779
 20
29.75620858664388
 10
-0.08742788763759794
 20
29.751955853203828
  0
LWPOLYLINE
  5
610
330
17
100
AcDbEntity
  8
E-ACERO
100
AcDbPolyline
 90
13
 70
0
 10
-0.08742788763759794
 20
29.751955853203828
 10
-0.07666250318288803
 20
29.74476261138916
 10
0.0814250037074089
 20
29.74476261138916
 10
0.0982629805803299
 20
29.75173683166504
 10
0.10523749887943268
 20
29.768574905395507
 10
0.10523749887943268
 20
30.13142509460449
 10
0.09827011078596115
 20
30.14826316833496
 10
0.08144934475421906
 20
30.15523738861084
 10
-0.08144934475421906
 20
30.15523738861084
 10
-0.09827011078596115
 20
30.14826316833496
 10
-0.10523749887943268
 20
30.13142509460449
 10
-0.10523749887943268
 20
29.77333755493164
 10
-0.09804397528957261
 20
29.762571471824415
  0
LWPOLYLINE
  5
611
330
17
100
AcDbEntity
  8
E-ACERO
100
AcDbPolyline
 90
2
 70
0
 10
-0.09804397528957261
 20
29.762571471824415
 10
-0.09379251594359779
 20
29.75620858664388
  0
LWPOLYLINE
  5
612
330
17
100
AcDbEntity
  8
E-ACERO
100
AcDbPolyline
 90
3
 70
0
 10
-0.09379251594359779
 20
29.75620858664388
 10
-0.0905376523733139
 20
29.751337242126464
 10
-0.08742788763759794
 20
29.751955853203828
  0
LWPOLYLINE
  5
613
330
17
100
AcDbEntity
  8
E-ACERO
100
AcDbPolyline
 90
3
 70
0
 10
-0.08742788763759794
 20
29.751955853203828
 10
-0.06458701938390732
 20
29.75649948120117
 10
-0.01070548314601183
 20
29.810381126403808
  0
LWPOLYLINE
  5
614
330
17
100
AcDbEntity
  8
E-ACERO
100
AcDbPolyline
 90
3
 70
0
 10
-0.03961894288659096
 20
29.839294624328613
 10
-0.09350048005580902
 20
29.785412979125976
 10
-0.09804397528957261
 20
29.762571471824415
  0
LWPOLYLINE
  5
615
330
17
100
AcDbEntity
  8
E-ACERO
100
AcDbPolyline
 90
3
 70
0
 10
-0.09804397528957261
 20
29.762571471824415
 10
-0.09866238385438919
 20
29.759462547302245
 10
-0.09379251594359779
 20
29.75620858664388
  0
LWPOLYLINE
  5
616
330
17
100
AcDbEntity
  8
E-ACERO
100
AcDbPolyline
 90
2
 70
0
 10
-0.09379251594359779
 20
29.75620858664388
 10
-0.08742788763759794
 20
29.751955853203828
  0
LWPOLYLINE
  5
617
330
17
100
AcDbEntity
  8
E-ACERO
100
AcDbPolyline
 90
13
 70
0
 10
-0.08742788763759794
 20
29.751955853203828
 10
-0.07666250318288803
 20
29.74476261138916
 10
0.0814250037074089
 20
29.74476261138916
 10
0.0982629805803299
 20
29.75173683166504
 10
0.10523749887943268
 20
29.768574905395507
 10
0.10523749887943268
 20
30.13142509460449
 10
0.09827011078596115
 20
30.14826316833496
 10
0.08144934475421906
 20
30.15523738861084
 10
-0.08144934475421906
 20
30.15523738861084
 10
-0.09827011078596115
 20
30.14826316833496
 10
-0.10523749887943268
 20
30.13142509460449
 10
-0.10523749887943268
 20
29.77333755493164
 10
-0.09804397528957261
 20
29.762571471824415
  0
LWPOLYLINE
  5
618
330
17
100
AcDbEntity
  8
E-ACERO
100
AcDbPolyline
 90
2
 70
0
 10
-0.09804397528957261
 20
29.762571471824415
 10
-0.09379251594359779
 20
29.75620858664388
  0
LWPOLYLINE
  5
619
330
17
100
AcDbEntity
  8
E-ACERO
100
AcDbPolyline
 90
3
 70
0
 10
-0.09379251594359779
 20
29.75620858664388
 10
-0.0905376523733139
 20
29.751337242126464
 10
-0.08742788763759794
 20
29.751955853203828
  0
LWPOLYLINE
  5
61A
330
17
100
AcDbEntity
  8
E-ACERO
100
AcDbPolyline
 90
3
 70
0
 10
-0.08742788763759794
 20
29.751955853203828
 10
-0.06458701938390732
 20
29.75649948120117
 10
-0.01070548314601183
 20
29.810381126403808
  0
LWPOLYLINE
  5
61B
330
17
100
AcDbEntity
  8
E-ACERO
100
AcDbPolyline
 90
3
 70
0
 10
-0.03961894288659096
 20
29.839294624328613
 10
-0.09350048005580902
 20
29.785412979125976
 10
-0.09804397528957261
 20
29.762571471824415
  0
LWPOLYLINE
  5
61C
330
17
100
AcDbEntity
  8
E-ACERO
100
AcDbPolyline
 90
3
 70
0
 10
-0.09804397528957261
 20
29.762571471824415
 10
-0.09866238385438919
 20
29.759462547302245
 10
-0.09379251594359779
 20
29.75620858664388
  0
LWPOLYLINE
  5
61D
330
17
100
AcDbEntity
  8
E-ACERO
100
AcDbPolyline
 90
2
 70
0
 10
-0.09379251594359779
 20
29.75620858664388
 10
-0.08742788763759794
 20
29.751955853203828
  0
LWPOLYLINE
  5
61E
330
17
100
AcDbEntity
  8
E-ACERO
100
AcDbPolyline
 90
13
 70
0
 10
-0.08742788763759794
 20
29.751955853203828
 10
-0.07666250318288803
 20
29.74476261138916
 10
0.0814250037074089
 20
29.74476261138916
 10
0.0982629805803299
 20
29.75173683166504
 10
0.10523749887943268
 20
29.768574905395507
 10
0.10523749887943268
 20
30.13142509460449
 10
0.09827011078596115
 20
30.14826316833496
 10
0.08144934475421906
 20
30.15523738861084
 10
-0.08144934475421906
 20
30.15523738861084
 10
-0.09827011078596115
 20
30.14826316833496
 10
-0.10523749887943268
 20
30.13142509460449
 10
-0.10523749887943268
 20
29.77333755493164
 10
-0.09804397528957261
 20
29.762571471824415
  0
LWPOLYLINE
  5
61F
330
17
100
AcDbEntity
  8
E-ACERO
100
AcDbPolyline
 90
2
 70
0
 10
-0.09804397528957261
 20
29.762571471824415
 10
-0.09379251594359779
 20
29.75620858664388
  0
LWPOLYLINE
  5
620
330
17
100
AcDbEntity
  8
E-ACERO
100
AcDbPolyline
 90
3
 70
0
 10
-0.09379251594359779
 20
29.75620858664388
 10
-0.0905376523733139
 20
29.751337242126464
 10
-0.08742788763759794
 20
29.751955853203828
  0
LWPOLYLINE
  5
621
330
17
100
AcDbEntity
  8
E-ACERO
100
AcDbPolyline
 90
3
 70
0
 10
-0.08742788763759794
 20
29.751955853203828
 10
-0.06458701938390732
 20
29.75649948120117
 10
-0.01070548314601183
 20
29.810381126403808
  0
LWPOLYLINE
  5
622
330
17
100
AcDbEntity
  8
E-ACERO
100
AcDbPolyline
 90
3
 70
0
 10
-0.03961894288659096
 20
29.839294624328613
 10
-0.09350048005580902
 20
29.785412979125976
 10
-0.09804397528957261
 20
29.762571471824415
  0
LWPOLYLINE
  5
623
330
17
100
AcDbEntity
  8
E-ACERO
100
AcDbPolyline
 90
3
 70
0
 10
-0.09804397528957261
 20
29.762571471824415
 10
-0.09866238385438919
 20
29.759462547302245
 10
-0.09379251594359779
 20
29.75620858664388
  0
LWPOLYLINE
  5
624
330
17
100
AcDbEntity
  8
E-ACERO
100
AcDbPolyline
 90
2
 70
0
 10
-0.09379251594359779
 20
29.75620858664388
 10
-0.08742788763759794
 20
29.751955853203828
  0
LWPOLYLINE
  5
625
330
17
100
AcDbEntity
  8
E-ACERO
100
AcDbPolyline
 90
13
 70
0
 10
-0.08742788763759794
 20
29.751955853203828
 10
-0.07666250318288803
 20
29.74476261138916
 10
0.0814250037074089
 20
29.74476261138916
 10
0.0982629805803299
 20
29.75173683166504
 10
0.10523749887943268
 20
29.768574905395507
 10
0.10523749887943268
 20
30.13142509460449
 10
0.09827011078596115
 20
30.14826316833496
 10
0.08144934475421906
 20
30.15523738861084
 10
-0.08144934475421906
 20
30.15523738861084
 10
-0.09827011078596115
 20
30.14826316833496
 10
-0.10523749887943268
 20
30.13142509460449
 10
-0.10523749887943268
 20
29.77333755493164
 10
-0.09804397528957261
 20
29.762571471824415
  0
LWPOLYLINE
  5
626
330
17
100
AcDbEntity
  8
E-ACERO
100
AcDbPolyline
 90
2
 70
0
 10
-0.09804397528957261
 20
29.762571471824415
 10
-0.09379251594359779
 20
29.75620858664388
  0
LWPOLYLINE
  5
627
330
17
100
AcDbEntity
  8
E-ACERO
100
AcDbPolyline
 90
3
 70
0
 10
-0.09379251594359779
 20
29.75620858664388
 10
-0.0905376523733139
 20
29.751337242126464
 10
-0.08742788763759794
 20
29.751955853203828
  0
LWPOLYLINE
  5
628
330
17
100
AcDbEntity
  8
E-ACERO
100
AcDbPolyline
 90
3
 70
0
 10
-0.08742788763759794
 20
29.751955853203828
 10
-0.06458701938390732
 20
29.75649948120117
 10
-0.01070548314601183
 20
29.810381126403808
  0
LWPOLYLINE
  5
629
330
17
100
AcDbEntity
  8
E-ACERO
100
AcDbPolyline
 90
3
 70
0
 10
-0.03961894288659096
 20
29.839294624328613
 10
-0.09350048005580902
 20
29.785412979125976
 10
-0.09804397528957261
 20
29.762571471824415
  0
LWPOLYLINE
  5
62A
330
17
100
AcDbEntity
  8
E-ACERO
100
AcDbPolyline
 90
3
 70
0
 10
-0.09804397528957261
 20
29.762571471824415
 10
-0.09866238385438919
 20
29.759462547302245
 10
-0.09379251594359779
 20
29.75620858664388
  0
LWPOLYLINE
  5
62B
330
17
100
AcDbEntity
  8
E-ACERO
100
AcDbPolyline
 90
2
 70
0
 10
-0.09379251594359779
 20
29.75620858664388
 10
-0.08742788763759794
 20
29.751955853203828
  0
LWPOLYLINE
  5
62C
330
17
100
AcDbEntity
  8
E-ACERO
100
AcDbPolyline
 90
13
 70
0
 10
-0.08742788763759794
 20
29.751955853203828
 10
-0.07666250318288803
 20
29.74476261138916
 10
0.0814250037074089
 20
29.74476261138916
 10
0.0982629805803299
 20
29.75173683166504
 10
0.10523749887943268
 20
29.768574905395507
 10
0.10523749887943268
 20
30.13142509460449
 10
0.09827011078596115
 20
30.14826316833496
 10
0.08144934475421906
 20
30.15523738861084
 10
-0.08144934475421906
 20
30.15523738861084
 10
-0.09827011078596115
 20
30.14826316833496
 10
-0.10523749887943268
 20
30.13142509460449
 10
-0.10523749887943268
 20
29.77333755493164
 10
-0.09804397528957261
 20
29.762571471824415
  0
LWPOLYLINE
  5
62D
330
17
100
AcDbEntity
  8
E-ACERO
100
AcDbPolyline
 90
2
 70
0
 10
-0.09804397528957261
 20
29.762571471824415
 10
-0.09379251594359779
 20
29.75620858664388
  0
LWPOLYLINE
  5
62E
330
17
100
AcDbEntity
  8
E-ACERO
100
AcDbPolyline
 90
3
 70
0
 10
-0.09379251594359779
 20
29.75620858664388
 10
-0.0905376523733139
 20
29.751337242126464
 10
-0.08742788763759794
 20
29.751955853203828
  0
LWPOLYLINE
  5
62F
330
17
100
AcDbEntity
  8
E-ACERO
100
AcDbPolyline
 90
3
 70
0
 10
-0.08742788763759794
 20
29.751955853203828
 10
-0.06458701938390732
 20
29.75649948120117
 10
-0.01070548314601183
 20
29.810381126403808
  0
LWPOLYLINE
  5
630
330
17
100
AcDbEntity
  8
E-ACERO
100
AcDbPolyline
 90
3
 70
0
 10
6.360381126403809
 20
29.839294624328613
 10
6.306499481201172
 20
29.785412979125976
 10
6.301956126205554
 20
29.762571550435766
  0
LWPOLYLINE
  5
631
330
17
100
AcDbEntity
  8
E-ACERO
100
AcDbPolyline
 90
3
 70
0
 10
6.301956126205554
 20
29.762571550435766
 10
6.301337718963623
 20
29.759462547302245
 10
6.306207734070404
 20
29.756208481677866
  0
LWPOLYLINE
  5
632
330
17
100
AcDbEntity
  8
E-ACERO
100
AcDbPolyline
 90
2
 70
0
 10
6.306207734070404
 20
29.756208481677866
 10
6.31257221427927
 20
29.75195583855242
  0
LWPOLYLINE
  5
633
330
17
100
AcDbEntity
  8
E-ACERO
100
AcDbPolyline
 90
13
 70
0
 10
6.31257221427927
 20
29.75195583855242
 10
6.323337554931641
 20
29.74476261138916
 10
6.481424808502197
 20
29.74476261138916
 10
6.498262882232666
 20
29.75173683166504
 10
6.505237579345703
 20
29.768574905395507
 10
6.505237579345703
 20
30.13142509460449
 10
6.498270034790039
 20
30.14826316833496
 10
6.481449127197266
 20
30.15523738861084
 10
6.3185505867004395
 20
30.15523738861084
 10
6.301729679107666
 20
30.14826316833496
 10
6.29476261138916
 20
30.13142509460449
 10
6.29476261138916
 20
29.77333755493164
 10
6.301956126205554
 20
29.762571550435766
  0
LWPOLYLINE
  5
634
330
17
100
AcDbEntity
  8
E-ACERO
100
AcDbPolyline
 90
2
 70
0
 10
6.301956126205554
 20
29.762571550435766
 10
6.306207734070404
 20
29.756208481677866
  0
LWPOLYLINE
  5
635
330
17
100
AcDbEntity
  8
E-ACERO
100
AcDbPolyline
 90
3
 70
0
 10
6.306207734070404
 20
29.756208481677866
 10
6.309462547302246
 20
29.751337242126464
 10
6.31257221427927
 20
29.75195583855242
  0
LWPOLYLINE
  5
636
330
17
100
AcDbEntity
  8
E-ACERO
100
AcDbPolyline
 90
3
 70
0
 10
6.31257221427927
 20
29.75195583855242
 10
6.335412979125977
 20
29.75649948120117
 10
6.389294624328613
 20
29.810381126403808
  0
LWPOLYLINE
  5
637
330
17
100
AcDbEntity
  8
E-ACERO
100
AcDbPolyline
 90
3
 70
0
 10
6.360381126403809
 20
29.839294624328613
 10
6.306499481201172
 20
29.785412979125976
 10
6.301956126205554
 20
29.762571550435766
  0
LWPOLYLINE
  5
638
330
17
100
AcDbEntity
  8
E-ACERO
100
AcDbPolyline
 90
3
 70
0
 10
6.301956126205554
 20
29.762571550435766
 10
6.301337718963623
 20
29.759462547302245
 10
6.306207734070404
 20
29.756208481677866
  0
LWPOLYLINE
  5
639
330
17
100
AcDbEntity
  8
E-ACERO
100
AcDbPolyline
 90
2
 70
0
 10
6.306207734070404
 20
29.756208481677866
 10
6.31257221427927
 20
29.75195583855242
  0
LWPOLYLINE
  5
63A
330
17
100
AcDbEntity
  8
E-ACERO
100
AcDbPolyline
 90
13
 70
0
 10
6.31257221427927
 20
29.75195583855242
 10
6.323337554931641
 20
29.74476261138916
 10
6.481424808502197
 20
29.74476261138916
 10
6.498262882232666
 20
29.75173683166504
 10
6.505237579345703
 20
29.768574905395507
 10
6.505237579345703
 20
30.13142509460449
 10
6.498270034790039
 20
30.14826316833496
 10
6.481449127197266
 20
30.15523738861084
 10
6.3185505867004395
 20
30.15523738861084
 10
6.301729679107666
 20
30.14826316833496
 10
6.29476261138916
 20
30.13142509460449
 10
6.29476261138916
 20
29.77333755493164
 10
6.301956126205554
 20
29.762571550435766
  0
LWPOLYLINE
  5
63B
330
17
100
AcDbEntity
  8
E-ACERO
100
AcDbPolyline
 90
2
 70
0
 10
6.301956126205554
 20
29.762571550435766
 10
6.306207734070404
 20
29.756208481677866
  0
LWPOLYLINE
  5
63C
330
17
100
AcDbEntity
  8
E-ACERO
100
AcDbPolyline
 90
3
 70
0
 10
6.306207734070404
 20
29.756208481677866
 10
6.309462547302246
 20
29.751337242126464
 10
6.31257221427927
 20
29.75195583855242
  0
LWPOLYLINE
  5
63D
330
17
100
AcDbEntity
  8
E-ACERO
100
AcDbPolyline
 90
3
 70
0
 10
6.31257221427927
 20
29.75195583855242
 10
6.335412979125977
 20
29.75649948120117
 10
6.389294624328613
 20
29.810381126403808
  0
LWPOLYLINE
  5
63E
330
17
100
AcDbEntity
  8
E-ACERO
100
AcDbPolyline
 90
3
 70
0
 10
6.360381126403809
 20
29.839294624328613
 10
6.306499481201172
 20
29.785412979125976
 10
6.301956126205554
 20
29.762571550435766
  0
LWPOLYLINE
  5
63F
330
17
100
AcDbEntity
  8
E-ACERO
100
AcDbPolyline
 90
3
 70
0
 10
6.301956126205554
 20
29.762571550435766
 10
6.301337718963623
 20
29.759462547302245
 10
6.306207734070404
 20
29.756208481677866
  0
LWPOLYLINE
  5
640
330
17
100
AcDbEntity
  8
E-ACERO
100
AcDbPolyline
 90
2
 70
0
 10
6.306207734070404
 20
29.756208481677866
 10
6.31257221427927
 20
29.75195583855242
  0
LWPOLYLINE
  5
641
330
17
100
AcDbEntity
  8
E-ACERO
100
AcDbPolyline
 90
13
 70
0
 10
6.31257221427927
 20
29.75195583855242
 10
6.323337554931641
 20
29.74476261138916
 10
6.481424808502197
 20
29.74476261138916
 10
6.498262882232666
 20
29.75173683166504
 10
6.505237579345703
 20
29.768574905395507
 10
6.505237579345703
 20
30.13142509460449
 10
6.498270034790039
 20
30.14826316833496
 10
6.481449127197266
 20
30.15523738861084
 10
6.3185505867004395
 20
30.15523738861084
 10
6.301729679107666
 20
30.14826316833496
 10
6.29476261138916
 20
30.13142509460449
 10
6.29476261138916
 20
29.77333755493164
 10
6.301956126205554
 20
29.762571550435766
  0
LWPOLYLINE
  5
642
330
17
100
AcDbEntity
  8
E-ACERO
100
AcDbPolyline
 90
2
 70
0
 10
6.301956126205554
 20
29.762571550435766
 10
6.306207734070404
 20
29.756208481677866
  0
LWPOLYLINE
  5
643
330
17
100
AcDbEntity
  8
E-ACERO
100
AcDbPolyline
 90
3
 70
0
 10
6.306207734070404
 20
29.756208481677866
 10
6.309462547302246
 20
29.751337242126464
 10
6.31257221427927
 20
29.75195583855242
  0
LWPOLYLINE
  5
644
330
17
100
AcDbEntity
  8
E-ACERO
100
AcDbPolyline
 90
3
 70
0
 10
6.31257221427927
 20
29.75195583855242
 10
6.335412979125977
 20
29.75649948120117
 10
6.389294624328613
 20
29.810381126403808
  0
LWPOLYLINE
  5
645
330
17
100
AcDbEntity
  8
E-ACERO
100
AcDbPolyline
 90
3
 70
0
 10
6.360381126403809
 20
29.839294624328613
 10
6.306499481201172
 20
29.785412979125976
 10
6.301956126205554
 20
29.762571550435766
  0
LWPOLYLINE
  5
646
330
17
100
AcDbEntity
  8
E-ACERO
100
AcDbPolyline
 90
3
 70
0
 10
6.301956126205554
 20
29.762571550435766
 10
6.301337718963623
 20
29.759462547302245
 10
6.306207734070404
 20
29.756208481677866
  0
LWPOLYLINE
  5
647
330
17
100
AcDbEntity
  8
E-ACERO
100
AcDbPolyline
 90
2
 70
0
 10
6.306207734070404
 20
29.756208481677866
 10
6.31257221427927
 20
29.75195583855242
  0
LWPOLYLINE
  5
648
330
17
100
AcDbEntity
  8
E-ACERO
100
AcDbPolyline
 90
13
 70
0
 10
6.31257221427927
 20
29.75195583855242
 10
6.323337554931641
 20
29.74476261138916
 10
6.481424808502197
 20
29.74476261138916
 10
6.498262882232666
 20
29.75173683166504
 10
6.505237579345703
 20
29.768574905395507
 10
6.505237579345703
 20
30.13142509460449
 10
6.498270034790039
 20
30.14826316833496
 10
6.481449127197266
 20
30.15523738861084
 10
6.3185505867004395
 20
30.15523738861084
 10
6.301729679107666
 20
30.14826316833496
 10
6.29476261138916
 20
30.13142509460449
 10
6.29476261138916
 20
29.77333755493164
 10
6.301956126205554
 20
29.762571550435766
  0
LWPOLYLINE
  5
649
330
17
100
AcDbEntity
  8
E-ACERO
100
AcDbPolyline
 90
2
 70
0
 10
6.301956126205554
 20
29.762571550435766
 10
6.306207734070404
 20
29.756208481677866
  0
LWPOLYLINE
  5
64A
330
17
100
AcDbEntity
  8
E-ACERO
100
AcDbPolyline
 90
3
 70
0
 10
6.306207734070404
 20
29.756208481677866
 10
6.309462547302246
 20
29.751337242126464
 10
6.31257221427927
 20
29.75195583855242
  0
LWPOLYLINE
  5
64B
330
17
100
AcDbEntity
  8
E-ACERO
100
AcDbPolyline
 90
3
 70
0
 10
6.31257221427927
 20
29.75195583855242
 10
6.335412979125977
 20
29.75649948120117
 10
6.389294624328613
 20
29.810381126403808
  0
LWPOLYLINE
  5
64C
330
17
100
AcDbEntity
  8
E-ACERO
100
AcDbPolyline
 90
3
 70
0
 10
6.360381126403809
 20
29.839294624328613
 10
6.306499481201172
 20
29.785412979125976
 10
6.301956126205554
 20
29.762571550435766
  0
LWPOLYLINE
  5
64D
330
17
100
AcDbEntity
  8
E-ACERO
100
AcDbPolyline
 90
3
 70
0
 10
6.301956126205554
 20
29.762571550435766
 10
6.301337718963623
 20
29.759462547302245
 10
6.306207734070404
 20
29.756208481677866
  0
LWPOLYLINE
  5
64E
330
17
100
AcDbEntity
  8
E-ACERO
100
AcDbPolyline
 90
2
 70
0
 10
6.306207734070404
 20
29.756208481677866
 10
6.31257221427927
 20
29.75195583855242
  0
LWPOLYLINE
  5
64F
330
17
100
AcDbEntity
  8
E-ACERO
100
AcDbPolyline
 90
13
 70
0
 10
6.31257221427927
 20
29.75195583855242
 10
6.323337554931641
 20
29.74476261138916
 10
6.481424808502197
 20
29.74476261138916
 10
6.498262882232666
 20
29.75173683166504
 10
6.505237579345703
 20
29.768574905395507
 10
6.505237579345703
 20
30.13142509460449
 10
6.498270034790039
 20
30.14826316833496
 10
6.481449127197266
 20
30.15523738861084
 10
6.3185505867004395
 20
30.15523738861084
 10
6.301729679107666
 20
30.14826316833496
 10
6.29476261138916
 20
30.13142509460449
 10
6.29476261138916
 20
29.77333755493164
 10
6.301956126205554
 20
29.762571550435766
  0
LWPOLYLINE
  5
650
330
17
100
AcDbEntity
  8
E-ACERO
100
AcDbPolyline
 90
2
 70
0
 10
6.301956126205554
 20
29.762571550435766
 10
6.306207734070404
 20
29.756208481677866
  0
LWPOLYLINE
  5
651
330
17
100
AcDbEntity
  8
E-ACERO
100
AcDbPolyline
 90
3
 70
0
 10
6.306207734070404
 20
29.756208481677866
 10
6.309462547302246
 20
29.751337242126464
 10
6.31257221427927
 20
29.75195583855242
  0
LWPOLYLINE
  5
652
330
17
100
AcDbEntity
  8
E-ACERO
100
AcDbPolyline
 90
3
 70
0
 10
6.31257221427927
 20
29.75195583855242
 10
6.335412979125977
 20
29.75649948120117
 10
6.389294624328613
 20
29.810381126403808
  0
LWPOLYLINE
  5
653
330
17
100
AcDbEntity
  8
E-ACERO
100
AcDbPolyline
 90
3
 70
0
 10
6.360381126403809
 20
29.839294624328613
 10
6.306499481201172
 20
29.785412979125976
 10
6.301956126205554
 20
29.762571550435766
  0
LWPOLYLINE
  5
654
330
17
100
AcDbEntity
  8
E-ACERO
100
AcDbPolyline
 90
3
 70
0
 10
6.301956126205554
 20
29.762571550435766
 10
6.301337718963623
 20
29.759462547302245
 10
6.306207734070404
 20
29.756208481677866
  0
LWPOLYLINE
  5
655
330
17
100
AcDbEntity
  8
E-ACERO
100
AcDbPolyline
 90
2
 70
0
 10
6.306207734070404
 20
29.756208481677866
 10
6.31257221427927
 20
29.75195583855242
  0
LWPOLYLINE
  5
656
330
17
100
AcDbEntity
  8
E-ACERO
100
AcDbPolyline
 90
13
 70
0
 10
6.31257221427927
 20
29.75195583855242
 10
6.323337554931641
 20
29.74476261138916
 10
6.481424808502197
 20
29.74476261138916
 10
6.498262882232666
 20
29.75173683166504
 10
6.505237579345703
 20
29.768574905395507
 10
6.505237579345703
 20
30.13142509460449
 10
6.498270034790039
 20
30.14826316833496
 10
6.481449127197266
 20
30.15523738861084
 10
6.3185505867004395
 20
30.15523738861084
 10
6.301729679107666
 20
30.14826316833496
 10
6.29476261138916
 20
30.13142509460449
 10
6.29476261138916
 20
29.77333755493164
 10
6.301956126205554
 20
29.762571550435766
  0
LWPOLYLINE
  5
657
330
17
100
AcDbEntity
  8
E-ACERO
100
AcDbPolyline
 90
2
 70
0
 10
6.301956126205554
 20
29.762571550435766
 10
6.306207734070404
 20
29.756208481677866
  0
LWPOLYLINE
  5
658
330
17
100
AcDbEntity
  8
E-ACERO
100
AcDbPolyline
 90
3
 70
0
 10
6.306207734070404
 20
29.756208481677866
 10
6.309462547302246
 20
29.751337242126464
 10
6.31257221427927
 20
29.75195583855242
  0
LWPOLYLINE
  5
659
330
17
100
AcDbEntity
  8
E-ACERO
100
AcDbPolyline
 90
3
 70
0
 10
6.31257221427927
 20
29.75195583855242
 10
6.335412979125977
 20
29.75649948120117
 10
6.389294624328613
 20
29.810381126403808
  0
LWPOLYLINE
  5
65A
330
17
100
AcDbEntity
  8
E-ACERO
100
AcDbPolyline
 90
3
 70
0
 10
6.360381126403809
 20
29.839294624328613
 10
6.306499481201172
 20
29.785412979125976
 10
6.301956126205554
 20
29.762571550435766
  0
LWPOLYLINE
  5
65B
330
17
100
AcDbEntity
  8
E-ACERO
100
AcDbPolyline
 90
3
 70
0
 10
6.301956126205554
 20
29.762571550435766
 10
6.301337718963623
 20
29.759462547302245
 10
6.306207734070404
 20
29.756208481677866
  0
LWPOLYLINE
  5
65C
330
17
100
AcDbEntity
  8
E-ACERO
100
AcDbPolyline
 90
2
 70
0
 10
6.306207734070404
 20
29.756208481677866
 10
6.31257221427927
 20
29.75195583855242
  0
LWPOLYLINE
  5
65D
330
17
100
AcDbEntity
  8
E-ACERO
100
AcDbPolyline
 90
13
 70
0
 10
6.31257221427927
 20
29.75195583855242
 10
6.323337554931641
 20
29.74476261138916
 10
6.481424808502197
 20
29.74476261138916
 10
6.498262882232666
 20
29.75173683166504
 10
6.505237579345703
 20
29.768574905395507
 10
6.505237579345703
 20
30.13142509460449
 10
6.498270034790039
 20
30.14826316833496
 10
6.481449127197266
 20
30.15523738861084
 10
6.3185505867004395
 20
30.15523738861084
 10
6.301729679107666
 20
30.14826316833496
 10
6.29476261138916
 20
30.13142509460449
 10
6.29476261138916
 20
29.77333755493164
 10
6.301956126205554
 20
29.762571550435766
  0
LWPOLYLINE
  5
65E
330
17
100
AcDbEntity
  8
E-ACERO
100
AcDbPolyline
 90
2
 70
0
 10
6.301956126205554
 20
29.762571550435766
 10
6.306207734070404
 20
29.756208481677866
  0
LWPOLYLINE
  5
65F
330
17
100
AcDbEntity
  8
E-ACERO
100
AcDbPolyline
 90
3
 70
0
 10
6.306207734070404
 20
29.756208481677866
 10
6.309462547302246
 20
29.751337242126464
 10
6.31257221427927
 20
29.75195583855242
  0
LWPOLYLINE
  5
660
330
17
100
AcDbEntity
  8
E-ACERO
100
AcDbPolyline
 90
3
 70
0
 10
6.31257221427927
 20
29.75195583855242
 10
6.335412979125977
 20
29.75649948120117
 10
6.389294624328613
 20
29.810381126403808
  0
LWPOLYLINE
  5
661
330
17
100
AcDbEntity
  8
E-ACERO
100
AcDbPolyline
 90
3
 70
0
 10
6.360381126403809
 20
29.839294624328613
 10
6.306499481201172
 20
29.785412979125976
 10
6.301956126205554
 20
29.762571550435766
  0
LWPOLYLINE
  5
662
330
17
100
AcDbEntity
  8
E-ACERO
100
AcDbPolyline
 90
3
 70
0
 10
6.301956126205554
 20
29.762571550435766
 10
6.301337718963623
 20
29.759462547302245
 10
6.306207734070404
 20
29.756208481677866
  0
LWPOLYLINE
  5
663
330
17
100
AcDbEntity
  8
E-ACERO
100
AcDbPolyline
 90
2
 70
0
 10
6.306207734070404
 20
29.756208481677866
 10
6.31257221427927
 20
29.75195583855242
  0
LWPOLYLINE
  5
664
330
17
100
AcDbEntity
  8
E-ACERO
100
AcDbPolyline
 90
13
 70
0
 10
6.31257221427927
 20
29.75195583855242
 10
6.323337554931641
 20
29.74476261138916
 10
6.481424808502197
 20
29.74476261138916
 10
6.498262882232666
 20
29.75173683166504
 10
6.505237579345703
 20
29.768574905395507
 10
6.505237579345703
 20
30.13142509460449
 10
6.498270034790039
 20
30.14826316833496
 10
6.481449127197266
 20
30.15523738861084
 10
6.3185505867004395
 20
30.15523738861084
 10
6.301729679107666
 20
30.14826316833496
 10
6.29476261138916
 20
30.13142509460449
 10
6.29476261138916
 20
29.77333755493164
 10
6.301956126205554
 20
29.762571550435766
  0
LWPOLYLINE
  5
665
330
17
100
AcDbEntity
  8
E-ACERO
100
AcDbPolyline
 90
2
 70
0
 10
6.301956126205554
 20
29.762571550435766
 10
6.306207734070404
 20
29.756208481677866
  0
LWPOLYLINE
  5
666
330
17
100
AcDbEntity
  8
E-ACERO
100
AcDbPolyline
 90
3
 70
0
 10
6.306207734070404
 20
29.756208481677866
 10
6.309462547302246
 20
29.751337242126464
 10
6.31257221427927
 20
29.75195583855242
  0
LWPOLYLINE
  5
667
330
17
100
AcDbEntity
  8
E-ACERO
100
AcDbPolyline
 90
3
 70
0
 10
6.31257221427927
 20
29.75195583855242
 10
6.335412979125977
 20
29.75649948120117
 10
6.389294624328613
 20
29.810381126403808
  0
LWPOLYLINE
  5
668
330
17
100
AcDbEntity
  8
E-ACERO
100
AcDbPolyline
 90
3
 70
0
 10
6.360381126403809
 20
29.839294624328613
 10
6.306499481201172
 20
29.785412979125976
 10
6.301956126205554
 20
29.762571550435766
  0
LWPOLYLINE
  5
669
330
17
100
AcDbEntity
  8
E-ACERO
100
AcDbPolyline
 90
3
 70
0
 10
6.301956126205554
 20
29.762571550435766
 10
6.301337718963623
 20
29.759462547302245
 10
6.306207734070404
 20
29.756208481677866
  0
LWPOLYLINE
  5
66A
330
17
100
AcDbEntity
  8
E-ACERO
100
AcDbPolyline
 90
2
 70
0
 10
6.306207734070404
 20
29.756208481677866
 10
6.31257221427927
 20
29.75195583855242
  0
LWPOLYLINE
  5
66B
330
17
100
AcDbEntity
  8
E-ACERO
100
AcDbPolyline
 90
13
 70
0
 10
6.31257221427927
 20
29.75195583855242
 10
6.323337554931641
 20
29.74476261138916
 10
6.481424808502197
 20
29.74476261138916
 10
6.498262882232666
 20
29.75173683166504
 10
6.505237579345703
 20
29.768574905395507
 10
6.505237579345703
 20
30.13142509460449
 10
6.498270034790039
 20
30.14826316833496
 10
6.481449127197266
 20
30.15523738861084
 10
6.3185505867004395
 20
30.15523738861084
 10
6.301729679107666
 20
30.14826316833496
 10
6.29476261138916
 20
30.13142509460449
 10
6.29476261138916
 20
29.77333755493164
 10
6.301956126205554
 20
29.762571550435766
  0
LWPOLYLINE
  5
66C
330
17
100
AcDbEntity
  8
E-ACERO
100
AcDbPolyline
 90
2
 70
0
 10
6.301956126205554
 20
29.762571550435766
 10
6.306207734070404
 20
29.756208481677866
  0
LWPOLYLINE
  5
66D
330
17
100
AcDbEntity
  8
E-ACERO
100
AcDbPolyline
 90
3
 70
0
 10
6.306207734070404
 20
29.756208481677866
 10
6.309462547302246
 20
29.751337242126464
 10
6.31257221427927
 20
29.75195583855242
  0
LWPOLYLINE
  5
66E
330
17
100
AcDbEntity
  8
E-ACERO
100
AcDbPolyline
 90
3
 70
0
 10
6.31257221427927
 20
29.75195583855242
 10
6.335412979125977
 20
29.75649948120117
 10
6.389294624328613
 20
29.810381126403808
  0
LWPOLYLINE
  5
66F
330
17
100
AcDbEntity
  8
E-ACERO
100
AcDbPolyline
 90
3
 70
0
 10
6.360381126403809
 20
29.839294624328613
 10
6.306499481201172
 20
29.785412979125976
 10
6.301956126205554
 20
29.762571550435766
  0
LWPOLYLINE
  5
670
330
17
100
AcDbEntity
  8
E-ACERO
100
AcDbPolyline
 90
3
 70
0
 10
6.301956126205554
 20
29.762571550435766
 10
6.301337718963623
 20
29.759462547302245
 10
6.306207734070404
 20
29.756208481677866
  0
LWPOLYLINE
  5
671
330
17
100
AcDbEntity
  8
E-ACERO
100
AcDbPolyline
 90
2
 70
0
 10
6.306207734070404
 20
29.756208481677866
 10
6.31257221427927
 20
29.75195583855242
  0
LWPOLYLINE
  5
672
330
17
100
AcDbEntity
  8
E-ACERO
100
AcDbPolyline
 90
13
 70
0
 10
6.31257221427927
 20
29.75195583855242
 10
6.323337554931641
 20
29.74476261138916
 10
6.481424808502197
 20
29.74476261138916
 10
6.498262882232666
 20
29.75173683166504
 10
6.505237579345703
 20
29.768574905395507
 10
6.505237579345703
 20
30.13142509460449
 10
6.498270034790039
 20
30.14826316833496
 10
6.481449127197266
 20
30.15523738861084
 10
6.3185505867004395
 20
30.15523738861084
 10
6.301729679107666
 20
30.14826316833496
 10
6.29476261138916
 20
30.13142509460449
 10
6.29476261138916
 20
29.77333755493164
 10
6.301956126205554
 20
29.762571550435766
  0
LWPOLYLINE
  5
673
330
17
100
AcDbEntity
  8
E-ACERO
100
AcDbPolyline
 90
2
 70
0
 10
6.301956126205554
 20
29.762571550435766
 10
6.306207734070404
 20
29.756208481677866
  0
LWPOLYLINE
  5
674
330
17
100
AcDbEntity
  8
E-ACERO
100
AcDbPolyline
 90
3
 70
0
 10
6.306207734070404
 20
29.756208481677866
 10
6.309462547302246
 20
29.751337242126464
 10
6.31257221427927
 20
29.75195583855242
  0
LWPOLYLINE
  5
675
330
17
100
AcDbEntity
  8
E-ACERO
100
AcDbPolyline
 90
3
 70
0
 10
6.31257221427927
 20
29.75195583855242
 10
6.335412979125977
 20
29.75649948120117
 10
6.389294624328613
 20
29.810381126403808
  0
LWPOLYLINE
  5
676
330
17
100
AcDbEntity
  8
E-ACERO
100
AcDbPolyline
 90
3
 70
0
 10
6.360381126403809
 20
29.839294624328613
 10
6.306499481201172
 20
29.785412979125976
 10
6.301956126205554
 20
29.762571550435766
  0
LWPOLYLINE
  5
677
330
17
100
AcDbEntity
  8
E-ACERO
100
AcDbPolyline
 90
3
 70
0
 10
6.301956126205554
 20
29.762571550435766
 10
6.301337718963623
 20
29.759462547302245
 10
6.306207734070404
 20
29.756208481677866
  0
LWPOLYLINE
  5
678
330
17
100
AcDbEntity
  8
E-ACERO
100
AcDbPolyline
 90
2
 70
0
 10
6.306207734070404
 20
29.756208481677866
 10
6.31257221427927
 20
29.75195583855242
  0
LWPOLYLINE
  5
679
330
17
100
AcDbEntity
  8
E-ACERO
100
AcDbPolyline
 90
13
 70
0
 10
6.31257221427927
 20
29.75195583855242
 10
6.323337554931641
 20
29.74476261138916
 10
6.481424808502197
 20
29.74476261138916
 10
6.498262882232666
 20
29.75173683166504
 10
6.505237579345703
 20
29.768574905395507
 10
6.505237579345703
 20
30.13142509460449
 10
6.498270034790039
 20
30.14826316833496
 10
6.481449127197266
 20
30.15523738861084
 10
6.3185505867004395
 20
30.15523738861084
 10
6.301729679107666
 20
30.14826316833496
 10
6.29476261138916
 20
30.13142509460449
 10
6.29476261138916
 20
29.77333755493164
 10
6.301956126205554
 20
29.762571550435766
  0
LWPOLYLINE
  5
67A
330
17
100
AcDbEntity
  8
E-ACERO
100
AcDbPolyline
 90
2
 70
0
 10
6.301956126205554
 20
29.762571550435766
 10
6.306207734070404
 20
29.756208481677866
  0
LWPOLYLINE
  5
67B
330
17
100
AcDbEntity
  8
E-ACERO
100
AcDbPolyline
 90
3
 70
0
 10
6.306207734070404
 20
29.756208481677866
 10
6.309462547302246
 20
29.751337242126464
 10
6.31257221427927
 20
29.75195583855242
  0
LWPOLYLINE
  5
67C
330
17
100
AcDbEntity
  8
E-ACERO
100
AcDbPolyline
 90
3
 70
0
 10
6.31257221427927
 20
29.75195583855242
 10
6.335412979125977
 20
29.75649948120117
 10
6.389294624328613
 20
29.810381126403808
  0
LWPOLYLINE
  5
67D
330
17
100
AcDbEntity
  8
E-ACERO
100
AcDbPolyline
 90
3
 70
0
 10
9.960381507873535
 20
29.839294624328613
 10
9.906499862670898
 20
29.785412979125976
 10
9.901955965465032
 20
29.76257093462776
  0
LWPOLYLINE
  5
67E
330
17
100
AcDbEntity
  8
E-ACERO
100
AcDbPolyline
 90
3
 70
0
 10
9.901955965465032
 20
29.76257093462776
 10
9.901337623596191
 20
29.759462547302245
 10
9.9062066921529
 20
29.756209184662637
  0
LWPOLYLINE
  5
67F
330
17
100
AcDbEntity
  8
E-ACERO
100
AcDbPolyline
 90
2
 70
0
 10
9.9062066921529
 20
29.756209184662637
 10
9.912572223377989
 20
29.75195593145255
  0
LWPOLYLINE
  5
680
330
17
100
AcDbEntity
  8
E-ACERO
100
AcDbPolyline
 90
13
 70
0
 10
9.912572223377989
 20
29.75195593145255
 10
9.923337936401367
 20
29.74476261138916
 10
10.081424713134766
 20
29.74476261138916
 10
10.098262786865234
 20
29.75173683166504
 10
10.10523796081543
 20
29.768574905395507
 10
10.10523796081543
 20
30.13142509460449
 10
10.098270416259766
 20
30.14826316833496
 10
10.081449508666992
 20
30.15523738861084
 10
9.918550491333008
 20
30.15523738861084
 10
9.901729583740234
 20
30.14826316833496
 10
9.89476203918457
 20
30.13142509460449
 10
9.89476203918457
 20
29.77333755493164
 10
9.901955965465032
 20
29.76257093462776
  0
LWPOLYLINE
  5
681
330
17
100
AcDbEntity
  8
E-ACERO
100
AcDbPolyline
 90
2
 70
0
 10
9.901955965465032
 20
29.76257093462776
 10
9.9062066921529
 20
29.756209184662637
  0
LWPOLYLINE
  5
682
330
17
100
AcDbEntity
  8
E-ACERO
100
AcDbPolyline
 90
3
 70
0
 10
9.9062066921529
 20
29.756209184662637
 10
9.909461975097656
 20
29.751337242126464
 10
9.912572223377989
 20
29.75195593145255
  0
LWPOLYLINE
  5
683
330
17
100
AcDbEntity
  8
E-ACERO
100
AcDbPolyline
 90
3
 70
0
 10
9.912572223377989
 20
29.75195593145255
 10
9.935413360595703
 20
29.75649948120117
 10
9.989294052124023
 20
29.810381126403808
  0
LWPOLYLINE
  5
684
330
17
100
AcDbEntity
  8
E-ACERO
100
AcDbPolyline
 90
3
 70
0
 10
9.960381507873535
 20
29.839294624328613
 10
9.906499862670898
 20
29.785412979125976
 10
9.901955965465032
 20
29.76257093462776
  0
LWPOLYLINE
  5
685
330
17
100
AcDbEntity
  8
E-ACERO
100
AcDbPolyline
 90
3
 70
0
 10
9.901955965465032
 20
29.76257093462776
 10
9.901337623596191
 20
29.759462547302245
 10
9.9062066921529
 20
29.756209184662637
  0
LWPOLYLINE
  5
686
330
17
100
AcDbEntity
  8
E-ACERO
100
AcDbPolyline
 90
2
 70
0
 10
9.9062066921529
 20
29.756209184662637
 10
9.912572223377989
 20
29.75195593145255
  0
LWPOLYLINE
  5
687
330
17
100
AcDbEntity
  8
E-ACERO
100
AcDbPolyline
 90
13
 70
0
 10
9.912572223377989
 20
29.75195593145255
 10
9.923337936401367
 20
29.74476261138916
 10
10.081424713134766
 20
29.74476261138916
 10
10.098262786865234
 20
29.75173683166504
 10
10.10523796081543
 20
29.768574905395507
 10
10.10523796081543
 20
30.13142509460449
 10
10.098270416259766
 20
30.14826316833496
 10
10.081449508666992
 20
30.15523738861084
 10
9.918550491333008
 20
30.15523738861084
 10
9.901729583740234
 20
30.14826316833496
 10
9.89476203918457
 20
30.13142509460449
 10
9.89476203918457
 20
29.77333755493164
 10
9.901955965465032
 20
29.76257093462776
  0
LWPOLYLINE
  5
688
330
17
100
AcDbEntity
  8
E-ACERO
100
AcDbPolyline
 90
2
 70
0
 10
9.901955965465032
 20
29.76257093462776
 10
9.9062066921529
 20
29.756209184662637
  0
LWPOLYLINE
  5
689
330
17
100
AcDbEntity
  8
E-ACERO
100
AcDbPolyline
 90
3
 70
0
 10
9.9062066921529
 20
29.756209184662637
 10
9.909461975097656
 20
29.751337242126464
 10
9.912572223377989
 20
29.75195593145255
  0
LWPOLYLINE
  5
68A
330
17
100
AcDbEntity
  8
E-ACERO
100
AcDbPolyline
 90
3
 70
0
 10
9.912572223377989
 20
29.75195593145255
 10
9.935413360595703
 20
29.75649948120117
 10
9.989294052124023
 20
29.810381126403808
  0
LWPOLYLINE
  5
68B
330
17
100
AcDbEntity
  8
E-ACERO
100
AcDbPolyline
 90
3
 70
0
 10
9.960381507873535
 20
29.839294624328613
 10
9.906499862670898
 20
29.785412979125976
 10
9.901955965465032
 20
29.76257093462776
  0
LWPOLYLINE
  5
68C
330
17
100
AcDbEntity
  8
E-ACERO
100
AcDbPolyline
 90
3
 70
0
 10
9.901955965465032
 20
29.76257093462776
 10
9.901337623596191
 20
29.759462547302245
 10
9.9062066921529
 20
29.756209184662637
  0
LWPOLYLINE
  5
68D
330
17
100
AcDbEntity
  8
E-ACERO
100
AcDbPolyline
 90
2
 70
0
 10
9.9062066921529
 20
29.756209184662637
 10
9.912572223377989
 20
29.75195593145255
  0
LWPOLYLINE
  5
68E
330
17
100
AcDbEntity
  8
E-ACERO
100
AcDbPolyline
 90
13
 70
0
 10
9.912572223377989
 20
29.75195593145255
 10
9.923337936401367
 20
29.74476261138916
 10
10.081424713134766
 20
29.74476261138916
 10
10.098262786865234
 20
29.75173683166504
 10
10.10523796081543
 20
29.768574905395507
 10
10.10523796081543
 20
30.13142509460449
 10
10.098270416259766
 20
30.14826316833496
 10
10.081449508666992
 20
30.15523738861084
 10
9.918550491333008
 20
30.15523738861084
 10
9.901729583740234
 20
30.14826316833496
 10
9.89476203918457
 20
30.13142509460449
 10
9.89476203918457
 20
29.77333755493164
 10
9.901955965465032
 20
29.76257093462776
  0
LWPOLYLINE
  5
68F
330
17
100
AcDbEntity
  8
E-ACERO
100
AcDbPolyline
 90
2
 70
0
 10
9.901955965465032
 20
29.76257093462776
 10
9.9062066921529
 20
29.756209184662637
  0
LWPOLYLINE
  5
690
330
17
100
AcDbEntity
  8
E-ACERO
100
AcDbPolyline
 90
3
 70
0
 10
9.9062066921529
 20
29.756209184662637
 10
9.909461975097656
 20
29.751337242126464
 10
9.912572223377989
 20
29.75195593145255
  0
LWPOLYLINE
  5
691
330
17
100
AcDbEntity
  8
E-ACERO
100
AcDbPolyline
 90
3
 70
0
 10
9.912572223377989
 20
29.75195593145255
 10
9.935413360595703
 20
29.75649948120117
 10
9.989294052124023
 20
29.810381126403808
  0
LWPOLYLINE
  5
692
330
17
100
AcDbEntity
  8
E-ACERO
100
AcDbPolyline
 90
3
 70
0
 10
9.960381507873535
 20
29.839294624328613
 10
9.906499862670898
 20
29.785412979125976
 10
9.901955965465032
 20
29.76257093462776
  0
LWPOLYLINE
  5
693
330
17
100
AcDbEntity
  8
E-ACERO
100
AcDbPolyline
 90
3
 70
0
 10
9.901955965465032
 20
29.76257093462776
 10
9.901337623596191
 20
29.759462547302245
 10
9.9062066921529
 20
29.756209184662637
  0
LWPOLYLINE
  5
694
330
17
100
AcDbEntity
  8
E-ACERO
100
AcDbPolyline
 90
2
 70
0
 10
9.9062066921529
 20
29.756209184662637
 10
9.912572223377989
 20
29.75195593145255
  0
LWPOLYLINE
  5
695
330
17
100
AcDbEntity
  8
E-ACERO
100
AcDbPolyline
 90
13
 70
0
 10
9.912572223377989
 20
29.75195593145255
 10
9.923337936401367
 20
29.74476261138916
 10
10.081424713134766
 20
29.74476261138916
 10
10.098262786865234
 20
29.75173683166504
 10
10.10523796081543
 20
29.768574905395507
 10
10.10523796081543
 20
30.13142509460449
 10
10.098270416259766
 20
30.14826316833496
 10
10.081449508666992
 20
30.15523738861084
 10
9.918550491333008
 20
30.15523738861084
 10
9.901729583740234
 20
30.14826316833496
 10
9.89476203918457
 20
30.13142509460449
 10
9.89476203918457
 20
29.77333755493164
 10
9.901955965465032
 20
29.76257093462776
  0
LWPOLYLINE
  5
696
330
17
100
AcDbEntity
  8
E-ACERO
100
AcDbPolyline
 90
2
 70
0
 10
9.901955965465032
 20
29.76257093462776
 10
9.9062066921529
 20
29.756209184662637
  0
LWPOLYLINE
  5
697
330
17
100
AcDbEntity
  8
E-ACERO
100
AcDbPolyline
 90
3
 70
0
 10
9.9062066921529
 20
29.756209184662637
 10
9.909461975097656
 20
29.751337242126464
 10
9.912572223377989
 20
29.75195593145255
  0
LWPOLYLINE
  5
698
330
17
100
AcDbEntity
  8
E-ACERO
100
AcDbPolyline
 90
3
 70
0
 10
9.912572223377989
 20
29.75195593145255
 10
9.935413360595703
 20
29.75649948120117
 10
9.989294052124023
 20
29.810381126403808
  0
LWPOLYLINE
  5
699
330
17
100
AcDbEntity
  8
E-ACERO
100
AcDbPolyline
 90
3
 70
0
 10
9.960381507873535
 20
29.839294624328613
 10
9.906499862670898
 20
29.785412979125976
 10
9.901955965465032
 20
29.76257093462776
  0
LWPOLYLINE
  5
69A
330
17
100
AcDbEntity
  8
E-ACERO
100
AcDbPolyline
 90
3
 70
0
 10
9.901955965465032
 20
29.76257093462776
 10
9.901337623596191
 20
29.759462547302245
 10
9.9062066921529
 20
29.756209184662637
  0
LWPOLYLINE
  5
69B
330
17
100
AcDbEntity
  8
E-ACERO
100
AcDbPolyline
 90
2
 70
0
 10
9.9062066921529
 20
29.756209184662637
 10
9.912572223377989
 20
29.75195593145255
  0
LWPOLYLINE
  5
69C
330
17
100
AcDbEntity
  8
E-ACERO
100
AcDbPolyline
 90
13
 70
0
 10
9.912572223377989
 20
29.75195593145255
 10
9.923337936401367
 20
29.74476261138916
 10
10.081424713134766
 20
29.74476261138916
 10
10.098262786865234
 20
29.75173683166504
 10
10.10523796081543
 20
29.768574905395507
 10
10.10523796081543
 20
30.13142509460449
 10
10.098270416259766
 20
30.14826316833496
 10
10.081449508666992
 20
30.15523738861084
 10
9.918550491333008
 20
30.15523738861084
 10
9.901729583740234
 20
30.14826316833496
 10
9.89476203918457
 20
30.13142509460449
 10
9.89476203918457
 20
29.77333755493164
 10
9.901955965465032
 20
29.76257093462776
  0
LWPOLYLINE
  5
69D
330
17
100
AcDbEntity
  8
E-ACERO
100
AcDbPolyline
 90
2
 70
0
 10
9.901955965465032
 20
29.76257093462776
 10
9.9062066921529
 20
29.756209184662637
  0
LWPOLYLINE
  5
69E
330
17
100
AcDbEntity
  8
E-ACERO
100
AcDbPolyline
 90
3
 70
0
 10
9.9062066921529
 20
29.756209184662637
 10
9.909461975097656
 20
29.751337242126464
 10
9.912572223377989
 20
29.75195593145255
  0
LWPOLYLINE
  5
69F
330
17
100
AcDbEntity
  8
E-ACERO
100
AcDbPolyline
 90
3
 70
0
 10
9.912572223377989
 20
29.75195593145255
 10
9.935413360595703
 20
29.75649948120117
 10
9.989294052124023
 20
29.810381126403808
  0
LWPOLYLINE
  5
6A0
330
17
100
AcDbEntity
  8
E-ACERO
100
AcDbPolyline
 90
3
 70
0
 10
9.960381507873535
 20
29.839294624328613
 10
9.906499862670898
 20
29.785412979125976
 10
9.901955965465032
 20
29.76257093462776
  0
LWPOLYLINE
  5
6A1
330
17
100
AcDbEntity
  8
E-ACERO
100
AcDbPolyline
 90
3
 70
0
 10
9.901955965465032
 20
29.76257093462776
 10
9.901337623596191
 20
29.759462547302245
 10
9.9062066921529
 20
29.756209184662637
  0
LWPOLYLINE
  5
6A2
330
17
100
AcDbEntity
  8
E-ACERO
100
AcDbPolyline
 90
2
 70
0
 10
9.9062066921529
 20
29.756209184662637
 10
9.912572223377989
 20
29.75195593145255
  0
LWPOLYLINE
  5
6A3
330
17
100
AcDbEntity
  8
E-ACERO
100
AcDbPolyline
 90
13
 70
0
 10
9.912572223377989
 20
29.75195593145255
 10
9.923337936401367
 20
29.74476261138916
 10
10.081424713134766
 20
29.74476261138916
 10
10.098262786865234
 20
29.75173683166504
 10
10.10523796081543
 20
29.768574905395507
 10
10.10523796081543
 20
30.13142509460449
 10
10.098270416259766
 20
30.14826316833496
 10
10.081449508666992
 20
30.15523738861084
 10
9.918550491333008
 20
30.15523738861084
 10
9.901729583740234
 20
30.14826316833496
 10
9.89476203918457
 20
30.13142509460449
 10
9.89476203918457
 20
29.77333755493164
 10
9.901955965465032
 20
29.76257093462776
  0
LWPOLYLINE
  5
6A4
330
17
100
AcDbEntity
  8
E-ACERO
100
AcDbPolyline
 90
2
 70
0
 10
9.901955965465032
 20
29.76257093462776
 10
9.9062066921529
 20
29.756209184662637
  0
LWPOLYLINE
  5
6A5
330
17
100
AcDbEntity
  8
E-ACERO
100
AcDbPolyline
 90
3
 70
0
 10
9.9062066921529
 20
29.756209184662637
 10
9.909461975097656
 20
29.751337242126464
 10
9.912572223377989
 20
29.75195593145255
  0
LWPOLYLINE
  5
6A6
330
17
100
AcDbEntity
  8
E-ACERO
100
AcDbPolyline
 90
3
 70
0
 10
9.912572223377989
 20
29.75195593145255
 10
9.935413360595703
 20
29.75649948120117
 10
9.989294052124023
 20
29.810381126403808
  0
LWPOLYLINE
  5
6A7
330
17
100
AcDbEntity
  8
E-ACERO
100
AcDbPolyline
 90
3
 70
0
 10
9.960381507873535
 20
29.839294624328613
 10
9.906499862670898
 20
29.785412979125976
 10
9.901955965465032
 20
29.76257093462776
  0
LWPOLYLINE
  5
6A8
330
17
100
AcDbEntity
  8
E-ACERO
100
AcDbPolyline
 90
3
 70
0
 10
9.901955965465032
 20
29.76257093462776
 10
9.901337623596191
 20
29.759462547302245
 10
9.9062066921529
 20
29.756209184662637
  0
LWPOLYLINE
  5
6A9
330
17
100
AcDbEntity
  8
E-ACERO
100
AcDbPolyline
 90
2
 70
0
 10
9.9062066921529
 20
29.756209184662637
 10
9.912572223377989
 20
29.75195593145255
  0
LWPOLYLINE
  5
6AA
330
17
100
AcDbEntity
  8
E-ACERO
100
AcDbPolyline
 90
13
 70
0
 10
9.912572223377989
 20
29.75195593145255
 10
9.923337936401367
 20
29.74476261138916
 10
10.081424713134766
 20
29.74476261138916
 10
10.098262786865234
 20
29.75173683166504
 10
10.10523796081543
 20
29.768574905395507
 10
10.10523796081543
 20
30.13142509460449
 10
10.098270416259766
 20
30.14826316833496
 10
10.081449508666992
 20
30.15523738861084
 10
9.918550491333008
 20
30.15523738861084
 10
9.901729583740234
 20
30.14826316833496
 10
9.89476203918457
 20
30.13142509460449
 10
9.89476203918457
 20
29.77333755493164
 10
9.901955965465032
 20
29.76257093462776
  0
LWPOLYLINE
  5
6AB
330
17
100
AcDbEntity
  8
E-ACERO
100
AcDbPolyline
 90
2
 70
0
 10
9.901955965465032
 20
29.76257093462776
 10
9.9062066921529
 20
29.756209184662637
  0
LWPOLYLINE
  5
6AC
330
17
100
AcDbEntity
  8
E-ACERO
100
AcDbPolyline
 90
3
 70
0
 10
9.9062066921529
 20
29.756209184662637
 10
9.909461975097656
 20
29.751337242126464
 10
9.912572223377989
 20
29.75195593145255
  0
LWPOLYLINE
  5
6AD
330
17
100
AcDbEntity
  8
E-ACERO
100
AcDbPolyline
 90
3
 70
0
 10
9.912572223377989
 20
29.75195593145255
 10
9.935413360595703
 20
29.75649948120117
 10
9.989294052124023
 20
29.810381126403808
  0
LWPOLYLINE
  5
6AE
330
17
100
AcDbEntity
  8
E-ACERO
100
AcDbPolyline
 90
3
 70
0
 10
9.960381507873535
 20
29.839294624328613
 10
9.906499862670898
 20
29.785412979125976
 10
9.901955965465032
 20
29.76257093462776
  0
LWPOLYLINE
  5
6AF
330
17
100
AcDbEntity
  8
E-ACERO
100
AcDbPolyline
 90
3
 70
0
 10
9.901955965465032
 20
29.76257093462776
 10
9.901337623596191
 20
29.759462547302245
 10
9.9062066921529
 20
29.756209184662637
  0
LWPOLYLINE
  5
6B0
330
17
100
AcDbEntity
  8
E-ACERO
100
AcDbPolyline
 90
2
 70
0
 10
9.9062066921529
 20
29.756209184662637
 10
9.912572223377989
 20
29.75195593145255
  0
LWPOLYLINE
  5
6B1
330
17
100
AcDbEntity
  8
E-ACERO
100
AcDbPolyline
 90
13
 70
0
 10
9.912572223377989
 20
29.75195593145255
 10
9.923337936401367
 20
29.74476261138916
 10
10.081424713134766
 20
29.74476261138916
 10
10.098262786865234
 20
29.75173683166504
 10
10.10523796081543
 20
29.768574905395507
 10
10.10523796081543
 20
30.13142509460449
 10
10.098270416259766
 20
30.14826316833496
 10
10.081449508666992
 20
30.15523738861084
 10
9.918550491333008
 20
30.15523738861084
 10
9.901729583740234
 20
30.14826316833496
 10
9.89476203918457
 20
30.13142509460449
 10
9.89476203918457
 20
29.77333755493164
 10
9.901955965465032
 20
29.76257093462776
  0
LWPOLYLINE
  5
6B2
330
17
100
AcDbEntity
  8
E-ACERO
100
AcDbPolyline
 90
2
 70
0
 10
9.901955965465032
 20
29.76257093462776
 10
9.9062066921529
 20
29.756209184662637
  0
LWPOLYLINE
  5
6B3
330
17
100
AcDbEntity
  8
E-ACERO
100
AcDbPolyline
 90
3
 70
0
 10
9.9062066921529
 20
29.756209184662637
 10
9.909461975097656
 20
29.751337242126464
 10
9.912572223377989
 20
29.75195593145255
  0
LWPOLYLINE
  5
6B4
330
17
100
AcDbEntity
  8
E-ACERO
100
AcDbPolyline
 90
3
 70
0
 10
9.912572223377989
 20
29.75195593145255
 10
9.935413360595703
 20
29.75649948120117
 10
9.989294052124023
 20
29.810381126403808
  0
LWPOLYLINE
  5
6B5
330
17
100
AcDbEntity
  8
E-ACERO
100
AcDbPolyline
 90
3
 70
0
 10
9.960381507873535
 20
29.839294624328613
 10
9.906499862670898
 20
29.785412979125976
 10
9.901955965465032
 20
29.76257093462776
  0
LWPOLYLINE
  5
6B6
330
17
100
AcDbEntity
  8
E-ACERO
100
AcDbPolyline
 90
3
 70
0
 10
9.901955965465032
 20
29.76257093462776
 10
9.901337623596191
 20
29.759462547302245
 10
9.9062066921529
 20
29.756209184662637
  0
LWPOLYLINE
  5
6B7
330
17
100
AcDbEntity
  8
E-ACERO
100
AcDbPolyline
 90
2
 70
0
 10
9.9062066921529
 20
29.756209184662637
 10
9.912572223377989
 20
29.75195593145255
  0
LWPOLYLINE
  5
6B8
330
17
100
AcDbEntity
  8
E-ACERO
100
AcDbPolyline
 90
13
 70
0
 10
9.912572223377989
 20
29.75195593145255
 10
9.923337936401367
 20
29.74476261138916
 10
10.081424713134766
 20
29.74476261138916
 10
10.098262786865234
 20
29.75173683166504
 10
10.10523796081543
 20
29.768574905395507
 10
10.10523796081543
 20
30.13142509460449
 10
10.098270416259766
 20
30.14826316833496
 10
10.081449508666992
 20
30.15523738861084
 10
9.918550491333008
 20
30.15523738861084
 10
9.901729583740234
 20
30.14826316833496
 10
9.89476203918457
 20
30.13142509460449
 10
9.89476203918457
 20
29.77333755493164
 10
9.901955965465032
 20
29.76257093462776
  0
LWPOLYLINE
  5
6B9
330
17
100
AcDbEntity
  8
E-ACERO
100
AcDbPolyline
 90
2
 70
0
 10
9.901955965465032
 20
29.76257093462776
 10
9.9062066921529
 20
29.756209184662637
  0
LWPOLYLINE
  5
6BA
330
17
100
AcDbEntity
  8
E-ACERO
100
AcDbPolyline
 90
3
 70
0
 10
9.9062066921529
 20
29.756209184662637
 10
9.909461975097656
 20
29.751337242126464
 10
9.912572223377989
 20
29.75195593145255
  0
LWPOLYLINE
  5
6BB
330
17
100
AcDbEntity
  8
E-ACERO
100
AcDbPolyline
 90
3
 70
0
 10
9.912572223377989
 20
29.75195593145255
 10
9.935413360595703
 20
29.75649948120117
 10
9.989294052124023
 20
29.810381126403808
  0
LWPOLYLINE
  5
6BC
330
17
100
AcDbEntity
  8
E-ACERO
100
AcDbPolyline
 90
3
 70
0
 10
9.960381507873535
 20
29.839294624328613
 10
9.906499862670898
 20
29.785412979125976
 10
9.901955965465032
 20
29.76257093462776
  0
LWPOLYLINE
  5
6BD
330
17
100
AcDbEntity
  8
E-ACERO
100
AcDbPolyline
 90
3
 70
0
 10
9.901955965465032
 20
29.76257093462776
 10
9.901337623596191
 20
29.759462547302245
 10
9.9062066921529
 20
29.756209184662637
  0
LWPOLYLINE
  5
6BE
330
17
100
AcDbEntity
  8
E-ACERO
100
AcDbPolyline
 90
2
 70
0
 10
9.9062066921529
 20
29.756209184662637
 10
9.912572223377989
 20
29.75195593145255
  0
LWPOLYLINE
  5
6BF
330
17
100
AcDbEntity
  8
E-ACERO
100
AcDbPolyline
 90
13
 70
0
 10
9.912572223377989
 20
29.75195593145255
 10
9.923337936401367
 20
29.74476261138916
 10
10.081424713134766
 20
29.74476261138916
 10
10.098262786865234
 20
29.75173683166504
 10
10.10523796081543
 20
29.768574905395507
 10
10.10523796081543
 20
30.13142509460449
 10
10.098270416259766
 20
30.14826316833496
 10
10.081449508666992
 20
30.15523738861084
 10
9.918550491333008
 20
30.15523738861084
 10
9.901729583740234
 20
30.14826316833496
 10
9.89476203918457
 20
30.13142509460449
 10
9.89476203918457
 20
29.77333755493164
 10
9.901955965465032
 20
29.76257093462776
  0
LWPOLYLINE
  5
6C0
330
17
100
AcDbEntity
  8
E-ACERO
100
AcDbPolyline
 90
2
 70
0
 10
9.901955965465032
 20
29.76257093462776
 10
9.9062066921529
 20
29.756209184662637
  0
LWPOLYLINE
  5
6C1
330
17
100
AcDbEntity
  8
E-ACERO
100
AcDbPolyline
 90
3
 70
0
 10
9.9062066921529
 20
29.756209184662637
 10
9.909461975097656
 20
29.751337242126464
 10
9.912572223377989
 20
29.75195593145255
  0
LWPOLYLINE
  5
6C2
330
17
100
AcDbEntity
  8
E-ACERO
100
AcDbPolyline
 90
3
 70
0
 10
9.912572223377989
 20
29.75195593145255
 10
9.935413360595703
 20
29.75649948120117
 10
9.989294052124023
 20
29.810381126403808
  0
LWPOLYLINE
  5
6C3
330
17
100
AcDbEntity
  8
E-ACERO
100
AcDbPolyline
 90
3
 70
0
 10
9.960381507873535
 20
29.839294624328613
 10
9.906499862670898
 20
29.785412979125976
 10
9.901955965465032
 20
29.76257093462776
  0
LWPOLYLINE
  5
6C4
330
17
100
AcDbEntity
  8
E-ACERO
100
AcDbPolyline
 90
3
 70
0
 10
9.901955965465032
 20
29.76257093462776
 10
9.901337623596191
 20
29.759462547302245
 10
9.9062066921529
 20
29.756209184662637
  0
LWPOLYLINE
  5
6C5
330
17
100
AcDbEntity
  8
E-ACERO
100
AcDbPolyline
 90
2
 70
0
 10
9.9062066921529
 20
29.756209184662637
 10
9.912572223377989
 20
29.75195593145255
  0
LWPOLYLINE
  5
6C6
330
17
100
AcDbEntity
  8
E-ACERO
100
AcDbPolyline
 90
13
 70
0
 10
9.912572223377989
 20
29.75195593145255
 10
9.923337936401367
 20
29.74476261138916
 10
10.081424713134766
 20
29.74476261138916
 10
10.098262786865234
 20
29.75173683166504
 10
10.10523796081543
 20
29.768574905395507
 10
10.10523796081543
 20
30.13142509460449
 10
10.098270416259766
 20
30.14826316833496
 10
10.081449508666992
 20
30.15523738861084
 10
9.918550491333008
 20
30.15523738861084
 10
9.901729583740234
 20
30.14826316833496
 10
9.89476203918457
 20
30.13142509460449
 10
9.89476203918457
 20
29.77333755493164
 10
9.901955965465032
 20
29.76257093462776
  0
LWPOLYLINE
  5
6C7
330
17
100
AcDbEntity
  8
E-ACERO
100
AcDbPolyline
 90
2
 70
0
 10
9.901955965465032
 20
29.76257093462776
 10
9.9062066921529
 20
29.756209184662637
  0
LWPOLYLINE
  5
6C8
330
17
100
AcDbEntity
  8
E-ACERO
100
AcDbPolyline
 90
3
 70
0
 10
9.9062066921529
 20
29.756209184662637
 10
9.909461975097656
 20
29.751337242126464
 10
9.912572223377989
 20
29.75195593145255
  0
LWPOLYLINE
  5
6C9
330
17
100
AcDbEntity
  8
E-ACERO
100
AcDbPolyline
 90
3
 70
0
 10
9.912572223377989
 20
29.75195593145255
 10
9.935413360595703
 20
29.75649948120117
 10
9.989294052124023
 20
29.810381126403808
  0
LWPOLYLINE
  5
6CA
330
17
100
AcDbEntity
  8
E-ACERO
100
AcDbPolyline
 90
3
 70
0
 10
3.1603810787200928
 20
29.839294624328613
 10
3.106499433517456
 20
29.785412979125976
 10
3.1019560517568845
 20
29.762571415876664
  0
LWPOLYLINE
  5
6CB
330
17
100
AcDbEntity
  8
E-ACERO
100
AcDbPolyline
 90
3
 70
0
 10
3.1019560517568845
 20
29.762571415876664
 10
3.1013376712799072
 20
29.759462547302245
 10
3.106207351042767
 20
29.756208705749273
  0
LWPOLYLINE
  5
6CC
330
17
100
AcDbEntity
  8
E-ACERO
100
AcDbPolyline
 90
2
 70
0
 10
3.106207351042767
 20
29.756208705749273
 10
3.11257211845379
 20
29.751955870719968
  0
LWPOLYLINE
  5
6CD
330
17
100
AcDbEntity
  8
E-ACERO
100
AcDbPolyline
 90
13
 70
0
 10
3.11257211845379
 20
29.751955870719968
 10
3.123337507247925
 20
29.74476261138916
 10
3.2814249992370605
 20
29.74476261138916
 10
3.2982630729675293
 20
29.75173683166504
 10
3.3052375316619873
 20
29.768574905395507
 10
3.3052375316619873
 20
30.13142509460449
 10
3.2982702255249023
 20
30.14826316833496
 10
3.281449317932129
 20
30.15523738861084
 10
3.1185505390167236
 20
30.15523738861084
 10
3.1017298698425293
 20
30.14826316833496
 10
3.0947625637054443
 20
30.13142509460449
 10
3.0947625637054443
 20
29.77333755493164
 10
3.1019560517568845
 20
29.762571415876664
  0
LWPOLYLINE
  5
6CE
330
17
100
AcDbEntity
  8
E-ACERO
100
AcDbPolyline
 90
2
 70
0
 10
3.1019560517568845
 20
29.762571415876664
 10
3.106207351042767
 20
29.756208705749273
  0
LWPOLYLINE
  5
6CF
330
17
100
AcDbEntity
  8
E-ACERO
100
AcDbPolyline
 90
3
 70
0
 10
3.106207351042767
 20
29.756208705749273
 10
3.109462261199951
 20
29.751337242126464
 10
3.11257211845379
 20
29.751955870719968
  0
LWPOLYLINE
  5
6D0
330
17
100
AcDbEntity
  8
E-ACERO
100
AcDbPolyline
 90
3
 70
0
 10
3.11257211845379
 20
29.751955870719968
 10
3.1354129314422607
 20
29.75649948120117
 10
3.1892945766448975
 20
29.810381126403808
  0
LWPOLYLINE
  5
6D1
330
17
100
AcDbEntity
  8
E-ACERO
100
AcDbPolyline
 90
3
 70
0
 10
3.1603810787200928
 20
29.839294624328613
 10
3.106499433517456
 20
29.785412979125976
 10
3.1019560517568845
 20
29.762571415876664
  0
LWPOLYLINE
  5
6D2
330
17
100
AcDbEntity
  8
E-ACERO
100
AcDbPolyline
 90
3
 70
0
 10
3.1019560517568845
 20
29.762571415876664
 10
3.1013376712799072
 20
29.759462547302245
 10
3.106207351042767
 20
29.756208705749273
  0
LWPOLYLINE
  5
6D3
330
17
100
AcDbEntity
  8
E-ACERO
100
AcDbPolyline
 90
2
 70
0
 10
3.106207351042767
 20
29.756208705749273
 10
3.11257211845379
 20
29.751955870719968
  0
LWPOLYLINE
  5
6D4
330
17
100
AcDbEntity
  8
E-ACERO
100
AcDbPolyline
 90
13
 70
0
 10
3.11257211845379
 20
29.751955870719968
 10
3.123337507247925
 20
29.74476261138916
 10
3.2814249992370605
 20
29.74476261138916
 10
3.2982630729675293
 20
29.75173683166504
 10
3.3052375316619873
 20
29.768574905395507
 10
3.3052375316619873
 20
30.13142509460449
 10
3.2982702255249023
 20
30.14826316833496
 10
3.281449317932129
 20
30.15523738861084
 10
3.1185505390167236
 20
30.15523738861084
 10
3.1017298698425293
 20
30.14826316833496
 10
3.0947625637054443
 20
30.13142509460449
 10
3.0947625637054443
 20
29.77333755493164
 10
3.1019560517568845
 20
29.762571415876664
  0
LWPOLYLINE
  5
6D5
330
17
100
AcDbEntity
  8
E-ACERO
100
AcDbPolyline
 90
2
 70
0
 10
3.1019560517568845
 20
29.762571415876664
 10
3.106207351042767
 20
29.756208705749273
  0
LWPOLYLINE
  5
6D6
330
17
100
AcDbEntity
  8
E-ACERO
100
AcDbPolyline
 90
3
 70
0
 10
3.106207351042767
 20
29.756208705749273
 10
3.109462261199951
 20
29.751337242126464
 10
3.11257211845379
 20
29.751955870719968
  0
LWPOLYLINE
  5
6D7
330
17
100
AcDbEntity
  8
E-ACERO
100
AcDbPolyline
 90
3
 70
0
 10
3.11257211845379
 20
29.751955870719968
 10
3.1354129314422607
 20
29.75649948120117
 10
3.1892945766448975
 20
29.810381126403808
  0
LWPOLYLINE
  5
6D8
330
17
100
AcDbEntity
  8
E-ACERO
100
AcDbPolyline
 90
3
 70
0
 10
3.1603810787200928
 20
29.839294624328613
 10
3.106499433517456
 20
29.785412979125976
 10
3.1019560517568845
 20
29.762571415876664
  0
LWPOLYLINE
  5
6D9
330
17
100
AcDbEntity
  8
E-ACERO
100
AcDbPolyline
 90
3
 70
0
 10
3.1019560517568845
 20
29.762571415876664
 10
3.1013376712799072
 20
29.759462547302245
 10
3.106207351042767
 20
29.756208705749273
  0
LWPOLYLINE
  5
6DA
330
17
100
AcDbEntity
  8
E-ACERO
100
AcDbPolyline
 90
2
 70
0
 10
3.106207351042767
 20
29.756208705749273
 10
3.11257211845379
 20
29.751955870719968
  0
LWPOLYLINE
  5
6DB
330
17
100
AcDbEntity
  8
E-ACERO
100
AcDbPolyline
 90
13
 70
0
 10
3.11257211845379
 20
29.751955870719968
 10
3.123337507247925
 20
29.74476261138916
 10
3.2814249992370605
 20
29.74476261138916
 10
3.2982630729675293
 20
29.75173683166504
 10
3.3052375316619873
 20
29.768574905395507
 10
3.3052375316619873
 20
30.13142509460449
 10
3.2982702255249023
 20
30.14826316833496
 10
3.281449317932129
 20
30.15523738861084
 10
3.1185505390167236
 20
30.15523738861084
 10
3.1017298698425293
 20
30.14826316833496
 10
3.0947625637054443
 20
30.13142509460449
 10
3.0947625637054443
 20
29.77333755493164
 10
3.1019560517568845
 20
29.762571415876664
  0
LWPOLYLINE
  5
6DC
330
17
100
AcDbEntity
  8
E-ACERO
100
AcDbPolyline
 90
2
 70
0
 10
3.1019560517568845
 20
29.762571415876664
 10
3.106207351042767
 20
29.756208705749273
  0
LWPOLYLINE
  5
6DD
330
17
100
AcDbEntity
  8
E-ACERO
100
AcDbPolyline
 90
3
 70
0
 10
3.106207351042767
 20
29.756208705749273
 10
3.109462261199951
 20
29.751337242126464
 10
3.11257211845379
 20
29.751955870719968
  0
LWPOLYLINE
  5
6DE
330
17
100
AcDbEntity
  8
E-ACERO
100
AcDbPolyline
 90
3
 70
0
 10
3.11257211845379
 20
29.751955870719968
 10
3.1354129314422607
 20
29.75649948120117
 10
3.1892945766448975
 20
29.810381126403808
  0
LWPOLYLINE
  5
6DF
330
17
100
AcDbEntity
  8
E-ACERO
100
AcDbPolyline
 90
3
 70
0
 10
3.1603810787200928
 20
29.839294624328613
 10
3.106499433517456
 20
29.785412979125976
 10
3.1019560517568845
 20
29.762571415876664
  0
LWPOLYLINE
  5
6E0
330
17
100
AcDbEntity
  8
E-ACERO
100
AcDbPolyline
 90
3
 70
0
 10
3.1019560517568845
 20
29.762571415876664
 10
3.1013376712799072
 20
29.759462547302245
 10
3.106207351042767
 20
29.756208705749273
  0
LWPOLYLINE
  5
6E1
330
17
100
AcDbEntity
  8
E-ACERO
100
AcDbPolyline
 90
2
 70
0
 10
3.106207351042767
 20
29.756208705749273
 10
3.11257211845379
 20
29.751955870719968
  0
LWPOLYLINE
  5
6E2
330
17
100
AcDbEntity
  8
E-ACERO
100
AcDbPolyline
 90
13
 70
0
 10
3.11257211845379
 20
29.751955870719968
 10
3.123337507247925
 20
29.74476261138916
 10
3.2814249992370605
 20
29.74476261138916
 10
3.2982630729675293
 20
29.75173683166504
 10
3.3052375316619873
 20
29.768574905395507
 10
3.3052375316619873
 20
30.13142509460449
 10
3.2982702255249023
 20
30.14826316833496
 10
3.281449317932129
 20
30.15523738861084
 10
3.1185505390167236
 20
30.15523738861084
 10
3.1017298698425293
 20
30.14826316833496
 10
3.0947625637054443
 20
30.13142509460449
 10
3.0947625637054443
 20
29.77333755493164
 10
3.1019560517568845
 20
29.762571415876664
  0
LWPOLYLINE
  5
6E3
330
17
100
AcDbEntity
  8
E-ACERO
100
AcDbPolyline
 90
2
 70
0
 10
3.1019560517568845
 20
29.762571415876664
 10
3.106207351042767
 20
29.756208705749273
  0
LWPOLYLINE
  5
6E4
330
17
100
AcDbEntity
  8
E-ACERO
100
AcDbPolyline
 90
3
 70
0
 10
3.106207351042767
 20
29.756208705749273
 10
3.109462261199951
 20
29.751337242126464
 10
3.11257211845379
 20
29.751955870719968
  0
LWPOLYLINE
  5
6E5
330
17
100
AcDbEntity
  8
E-ACERO
100
AcDbPolyline
 90
3
 70
0
 10
3.11257211845379
 20
29.751955870719968
 10
3.1354129314422607
 20
29.75649948120117
 10
3.1892945766448975
 20
29.810381126403808
  0
LWPOLYLINE
  5
6E6
330
17
100
AcDbEntity
  8
E-ACERO
100
AcDbPolyline
 90
3
 70
0
 10
3.1603810787200928
 20
29.839294624328613
 10
3.106499433517456
 20
29.785412979125976
 10
3.1019560517568845
 20
29.762571415876664
  0
LWPOLYLINE
  5
6E7
330
17
100
AcDbEntity
  8
E-ACERO
100
AcDbPolyline
 90
3
 70
0
 10
3.1019560517568845
 20
29.762571415876664
 10
3.1013376712799072
 20
29.759462547302245
 10
3.106207351042767
 20
29.756208705749273
  0
LWPOLYLINE
  5
6E8
330
17
100
AcDbEntity
  8
E-ACERO
100
AcDbPolyline
 90
2
 70
0
 10
3.106207351042767
 20
29.756208705749273
 10
3.11257211845379
 20
29.751955870719968
  0
LWPOLYLINE
  5
6E9
330
17
100
AcDbEntity
  8
E-ACERO
100
AcDbPolyline
 90
13
 70
0
 10
3.11257211845379
 20
29.751955870719968
 10
3.123337507247925
 20
29.74476261138916
 10
3.2814249992370605
 20
29.74476261138916
 10
3.2982630729675293
 20
29.75173683166504
 10
3.3052375316619873
 20
29.768574905395507
 10
3.3052375316619873
 20
30.13142509460449
 10
3.2982702255249023
 20
30.14826316833496
 10
3.281449317932129
 20
30.15523738861084
 10
3.1185505390167236
 20
30.15523738861084
 10
3.1017298698425293
 20
30.14826316833496
 10
3.0947625637054443
 20
30.13142509460449
 10
3.0947625637054443
 20
29.77333755493164
 10
3.1019560517568845
 20
29.762571415876664
  0
LWPOLYLINE
  5
6EA
330
17
100
AcDbEntity
  8
E-ACERO
100
AcDbPolyline
 90
2
 70
0
 10
3.1019560517568845
 20
29.762571415876664
 10
3.106207351042767
 20
29.756208705749273
  0
LWPOLYLINE
  5
6EB
330
17
100
AcDbEntity
  8
E-ACERO
100
AcDbPolyline
 90
3
 70
0
 10
3.106207351042767
 20
29.756208705749273
 10
3.109462261199951
 20
29.751337242126464
 10
3.11257211845379
 20
29.751955870719968
  0
LWPOLYLINE
  5
6EC
330
17
100
AcDbEntity
  8
E-ACERO
100
AcDbPolyline
 90
3
 70
0
 10
3.11257211845379
 20
29.751955870719968
 10
3.1354129314422607
 20
29.75649948120117
 10
3.1892945766448975
 20
29.810381126403808
  0
LWPOLYLINE
  5
6ED
330
17
100
AcDbEntity
  8
E-ACERO
100
AcDbPolyline
 90
3
 70
0
 10
3.1603810787200928
 20
29.839294624328613
 10
3.106499433517456
 20
29.785412979125976
 10
3.1019560517568845
 20
29.762571415876664
  0
LWPOLYLINE
  5
6EE
330
17
100
AcDbEntity
  8
E-ACERO
100
AcDbPolyline
 90
3
 70
0
 10
3.1019560517568845
 20
29.762571415876664
 10
3.1013376712799072
 20
29.759462547302245
 10
3.106207351042767
 20
29.756208705749273
  0
LWPOLYLINE
  5
6EF
330
17
100
AcDbEntity
  8
E-ACERO
100
AcDbPolyline
 90
2
 70
0
 10
3.106207351042767
 20
29.756208705749273
 10
3.11257211845379
 20
29.751955870719968
  0
LWPOLYLINE
  5
6F0
330
17
100
AcDbEntity
  8
E-ACERO
100
AcDbPolyline
 90
13
 70
0
 10
3.11257211845379
 20
29.751955870719968
 10
3.123337507247925
 20
29.74476261138916
 10
3.2814249992370605
 20
29.74476261138916
 10
3.2982630729675293
 20
29.75173683166504
 10
3.3052375316619873
 20
29.768574905395507
 10
3.3052375316619873
 20
30.13142509460449
 10
3.2982702255249023
 20
30.14826316833496
 10
3.281449317932129
 20
30.15523738861084
 10
3.1185505390167236
 20
30.15523738861084
 10
3.1017298698425293
 20
30.14826316833496
 10
3.0947625637054443
 20
30.13142509460449
 10
3.0947625637054443
 20
29.77333755493164
 10
3.1019560517568845
 20
29.762571415876664
  0
LWPOLYLINE
  5
6F1
330
17
100
AcDbEntity
  8
E-ACERO
100
AcDbPolyline
 90
2
 70
0
 10
3.1019560517568845
 20
29.762571415876664
 10
3.106207351042767
 20
29.756208705749273
  0
LWPOLYLINE
  5
6F2
330
17
100
AcDbEntity
  8
E-ACERO
100
AcDbPolyline
 90
3
 70
0
 10
3.106207351042767
 20
29.756208705749273
 10
3.109462261199951
 20
29.751337242126464
 10
3.11257211845379
 20
29.751955870719968
  0
LWPOLYLINE
  5
6F3
330
17
100
AcDbEntity
  8
E-ACERO
100
AcDbPolyline
 90
3
 70
0
 10
3.11257211845379
 20
29.751955870719968
 10
3.1354129314422607
 20
29.75649948120117
 10
3.1892945766448975
 20
29.810381126403808
  0
CIRCLE
  5
6F4
330
17
100
AcDbEntity
  8
E-ACERO
100
AcDbCircle
 10
-0.09094999999999998
 20
30.140949999999997
 30
0.0
 40
0.011250000000000001
  0
HATCH
  5
6F5
330
17
100
AcDbEntity
  8
E-ACERO
100
AcDbHatch
 10
0.0
 20
0.0
 30
0.0
210
0.0
220
0.0
230
1.0
  2
SOLID
 70
1
 71
0
 91
1
 92
1
 93
1
 72
2
 10
-0.09094999999999998
 20
30.140949999999997
 40
0.011250000000000001
 50
0
 51
360
 73
1
 97
0
 75
0
 76
1
 98
0
  0
CIRCLE
  5
6F6
330
17
100
AcDbEntity
  8
E-ACERO
100
AcDbCircle
 10
0.09094999999999998
 20
30.140949999999997
 30
0.0
 40
0.011250000000000001
  0
HATCH
  5
6F7
330
17
100
AcDbEntity
  8
E-ACERO
100
AcDbHatch
 10
0.0
 20
0.0
 30
0.0
210
0.0
220
0.0
230
1.0
  2
SOLID
 70
1
 71
0
 91
1
 92
1
 93
1
 72
2
 10
0.09094999999999998
 20
30.140949999999997
 40
0.011250000000000001
 50
0
 51
360
 73
1
 97
0
 75
0
 76
1
 98
0
  0
CIRCLE
  5
6F8
330
17
100
AcDbEntity
  8
E-ACERO
100
AcDbCircle
 10
-0.09094999999999998
 20
29.75905
 30
0.0
 40
0.011250000000000001
  0
HATCH
  5
6F9
330
17
100
AcDbEntity
  8
E-ACERO
100
AcDbHatch
 10
0.0
 20
0.0
 30
0.0
210
0.0
220
0.0
230
1.0
  2
SOLID
 70
1
 71
0
 91
1
 92
1
 93
1
 72
2
 10
-0.09094999999999998
 20
29.75905
 40
0.011250000000000001
 50
0
 51
360
 73
1
 97
0
 75
0
 76
1
 98
0
  0
CIRCLE
  5
6FA
330
17
100
AcDbEntity
  8
E-ACERO
100
AcDbCircle
 10
0.03031666666666666
 20
29.75905
 30
0.0
 40
0.011250000000000001
  0
HATCH
  5
6FB
330
17
100
AcDbEntity
  8
E-ACERO
100
AcDbHatch
 10
0.0
 20
0.0
 30
0.0
210
0.0
220
0.0
230
1.0
  2
SOLID
 70
1
 71
0
 91
1
 92
1
 93
1
 72
2
 10
0.03031666666666666
 20
29.75905
 40
0.011250000000000001
 50
0
 51
360
 73
1
 97
0
 75
0
 76
1
 98
0
  0
CIRCLE
  5
6FC
330
17
100
AcDbEntity
  8
E-ACERO
100
AcDbCircle
 10
6.309050095367431
 20
30.140949999999997
 30
0.0
 40
0.011250000000000001
  0
HATCH
  5
6FD
330
17
100
AcDbEntity
  8
E-ACERO
100
AcDbHatch
 10
0.0
 20
0.0
 30
0.0
210
0.0
220
0.0
230
1.0
  2
SOLID
 70
1
 71
0
 91
1
 92
1
 93
1
 72
2
 10
6.309050095367431
 20
30.140949999999997
 40
0.011250000000000001
 50
0
 51
360
 73
1
 97
0
 75
0
 76
1
 98
0
  0
CIRCLE
  5
6FE
330
17
100
AcDbEntity
  8
E-ACERO
100
AcDbCircle
 10
6.490950095367432
 20
30.140949999999997
 30
0.0
 40
0.011250000000000001
  0
HATCH
  5
6FF
330
17
100
AcDbEntity
  8
E-ACERO
100
AcDbHatch
 10
0.0
 20
0.0
 30
0.0
210
0.0
220
0.0
230
1.0
  2
SOLID
 70
1
 71
0
 91
1
 92
1
 93
1
 72
2
 10
6.490950095367432
 20
30.140949999999997
 40
0.011250000000000001
 50
0
 51
360
 73
1
 97
0
 75
0
 76
1
 98
0
  0
CIRCLE
  5
700
330
17
100
AcDbEntity
  8
E-ACERO
100
AcDbCircle
 10
6.309050095367431
 20
29.75905
 30
0.0
 40
0.011250000000000001
  0
HATCH
  5
701
330
17
100
AcDbEntity
  8
E-ACERO
100
AcDbHatch
 10
0.0
 20
0.0
 30
0.0
210
0.0
220
0.0
230
1.0
  2
SOLID
 70
1
 71
0
 91
1
 92
1
 93
1
 72
2
 10
6.309050095367431
 20
29.75905
 40
0.011250000000000001
 50
0
 51
360
 73
1
 97
0
 75
0
 76
1
 98
0
  0
CIRCLE
  5
702
330
17
100
AcDbEntity
  8
E-ACERO
100
AcDbCircle
 10
6.430316762034098
 20
29.75905
 30
0.0
 40
0.011250000000000001
  0
HATCH
  5
703
330
17
100
AcDbEntity
  8
E-ACERO
100
AcDbHatch
 10
0.0
 20
0.0
 30
0.0
210
0.0
220
0.0
230
1.0
  2
SOLID
 70
1
 71
0
 91
1
 92
1
 93
1
 72
2
 10
6.430316762034098
 20
29.75905
 40
0.011250000000000001
 50
0
 51
360
 73
1
 97
0
 75
0
 76
1
 98
0
  0
CIRCLE
  5
704
330
17
100
AcDbEntity
  8
E-ACERO
100
AcDbCircle
 10
9.90905
 20
30.140949999999997
 30
0.0
 40
0.011250000000000001
  0
HATCH
  5
705
330
17
100
AcDbEntity
  8
E-ACERO
100
AcDbHatch
 10
0.0
 20
0.0
 30
0.0
210
0.0
220
0.0
230
1.0
  2
SOLID
 70
1
 71
0
 91
1
 92
1
 93
1
 72
2
 10
9.90905
 20
30.140949999999997
 40
0.011250000000000001
 50
0
 51
360
 73
1
 97
0
 75
0
 76
1
 98
0
  0
CIRCLE
  5
706
330
17
100
AcDbEntity
  8
E-ACERO
100
AcDbCircle
 10
10.09095
 20
30.140949999999997
 30
0.0
 40
0.011250000000000001
  0
HATCH
  5
707
330
17
100
AcDbEntity
  8
E-ACERO
100
AcDbHatch
 10
0.0
 20
0.0
 30
0.0
210
0.0
220
0.0
230
1.0
  2
SOLID
 70
1
 71
0
 91
1
 92
1
 93
1
 72
2
 10
10.09095
 20
30.140949999999997
 40
0.011250000000000001
 50
0
 51
360
 73
1
 97
0
 75
0
 76
1
 98
0
  0
CIRCLE
  5
708
330
17
100
AcDbEntity
  8
E-ACERO
100
AcDbCircle
 10
9.90905
 20
29.75905
 30
0.0
 40
0.011250000000000001
  0
HATCH
  5
709
330
17
100
AcDbEntity
  8
E-ACERO
100
AcDbHatch
 10
0.0
 20
0.0
 30
0.0
210
0.0
220
0.0
230
1.0
  2
SOLID
 70
1
 71
0
 91
1
 92
1
 93
1
 72
2
 10
9.90905
 20
29.75905
 40
0.011250000000000001
 50
0
 51
360
 73
1
 97
0
 75
0
 76
1
 98
0
  0
CIRCLE
  5
70A
330
17
100
AcDbEntity
  8
E-ACERO
100
AcDbCircle
 10
10.030316666666666
 20
29.75905
 30
0.0
 40
0.011250000000000001
  0
HATCH
  5
70B
330
17
100
AcDbEntity
  8
E-ACERO
100
AcDbHatch
 10
0.0
 20
0.0
 30
0.0
210
0.0
220
0.0
230
1.0
  2
SOLID
 70
1
 71
0
 91
1
 92
1
 93
1
 72
2
 10
10.030316666666666
 20
29.75905
 40
0.011250000000000001
 50
0
 51
360
 73
1
 97
0
 75
0
 76
1
 98
0
  0
CIRCLE
  5
70C
330
17
100
AcDbEntity
  8
E-ACERO
100
AcDbCircle
 10
3.109049809265137
 20
30.140949999999997
 30
0.0
 40
0.011250000000000001
  0
HATCH
  5
70D
330
17
100
AcDbEntity
  8
E-ACERO
100
AcDbHatch
 10
0.0
 20
0.0
 30
0.0
210
0.0
220
0.0
230
1.0
  2
SOLID
 70
1
 71
0
 91
1
 92
1
 93
1
 72
2
 10
3.109049809265137
 20
30.140949999999997
 40
0.011250000000000001
 50
0
 51
360
 73
1
 97
0
 75
0
 76
1
 98
0
  0
CIRCLE
  5
70E
330
17
100
AcDbEntity
  8
E-ACERO
100
AcDbCircle
 10
3.2909498092651366
 20
30.140949999999997
 30
0.0
 40
0.011250000000000001
  0
HATCH
  5
70F
330
17
100
AcDbEntity
  8
E-ACERO
100
AcDbHatch
 10
0.0
 20
0.0
 30
0.0
210
0.0
220
0.0
230
1.0
  2
SOLID
 70
1
 71
0
 91
1
 92
1
 93
1
 72
2
 10
3.2909498092651366
 20
30.140949999999997
 40
0.011250000000000001
 50
0
 51
360
 73
1
 97
0
 75
0
 76
1
 98
0
  0
CIRCLE
  5
710
330
17
100
AcDbEntity
  8
E-ACERO
100
AcDbCircle
 10
3.109049809265137
 20
29.75905
 30
0.0
 40
0.011250000000000001
  0
HATCH
  5
711
330
17
100
AcDbEntity
  8
E-ACERO
100
AcDbHatch
 10
0.0
 20
0.0
 30
0.0
210
0.0
220
0.0
230
1.0
  2
SOLID
 70
1
 71
0
 91
1
 92
1
 93
1
 72
2
 10
3.109049809265137
 20
29.75905
 40
0.011250000000000001
 50
0
 51
360
 73
1
 97
0
 75
0
 76
1
 98
0
  0
CIRCLE
  5
712
330
17
100
AcDbEntity
  8
E-ACERO
100
AcDbCircle
 10
3.2303164759318035
 20
29.75905
 30
0.0
 40
0.011250000000000001
  0
HATCH
  5
713
330
17
100
AcDbEntity
  8
E-ACERO
100
AcDbHatch
 10
0.0
 20
0.0
 30
0.0
210
0.0
220
0.0
230
1.0
  2
SOLID
 70
1
 71
0
 91
1
 92
1
 93
1
 72
2
 10
3.2303164759318035
 20
29.75905
 40
0.011250000000000001
 50
0
 51
360
 73
1
 97
0
 75
0
 76
1
 98
0
  0
LINE
  5
714
330
17
100
AcDbEntity
  8
E-EJES
  6
EJE25
100
AcDbLine
 10
2.519676044985892e-14
 20
29.4
 30
0.0
 11
2.519676044985892e-14
 21
30.22
 31
0.0
  0
CIRCLE
  5
715
330
17
100
AcDbEntity
  8
E-EJES-ID
100
AcDbCircle
 10
2.519676044985892e-14
 20
29.299999999999997
 30
0.0
 40
0.1
  0
TEXT
  5
716
330
17
100
AcDbEntity
  8
E-EJES-ID
100
AcDbText
 10
2.519676044985892e-14
 20
29.299999999999997
 30
0.0
 40
0.07500000000000001
  1
A-1
  7
ARIAL
 41
0.8
 72
1
 11
2.519676044985892e-14
 21
29.299999999999997
 31
0.0
100
AcDbText
 73
2
  0
LINE
  5
717
330
17
100
AcDbEntity
  8
E-EJES
  6
EJE25
100
AcDbLine
 10
6.3999999999999595
 20
29.4
 30
0.0
 11
6.3999999999999595
 21
30.22
 31
0.0
  0
CIRCLE
  5
718
330
17
100
AcDbEntity
  8
E-EJES-ID
100
AcDbCircle
 10
6.3999999999999595
 20
29.299999999999997
 30
0.0
 40
0.1
  0
TEXT
  5
719
330
17
100
AcDbEntity
  8
E-EJES-ID
100
AcDbText
 10
6.3999999999999595
 20
29.299999999999997
 30
0.0
 40
0.07500000000000001
  1
A-2
  7
ARIAL
 41
0.8
 72
1
 11
6.3999999999999595
 21
29.299999999999997
 31
0.0
100
AcDbText
 73
2
  0
LINE
  5
71A
330
17
100
AcDbEntity
  8
E-EJES
  6
EJE25
100
AcDbLine
 10
9.999999999999954
 20
29.4
 30
0.0
 11
9.999999999999954
 21
30.22
 31
0.0
  0
CIRCLE
  5
71B
330
17
100
AcDbEntity
  8
E-EJES-ID
100
AcDbCircle
 10
9.999999999999954
 20
29.299999999999997
 30
0.0
 40
0.1
  0
TEXT
  5
71C
330
17
100
AcDbEntity
  8
E-EJES-ID
100
AcDbText
 10
9.999999999999954
 20
29.299999999999997
 30
0.0
 40
0.07500000000000001
  1
A-3
  7
ARIAL
 41
0.8
 72
1
 11
9.999999999999954
 21
29.299999999999997
 31
0.0
100
AcDbText
 73
2
  0
LINE
  5
71D
330
17
100
AcDbEntity
  8
E-EJES
  6
EJE25
100
AcDbLine
 10
3.200000000000016
 20
29.4
 30
0.0
 11
3.200000000000016
 21
30.22
 31
0.0
  0
CIRCLE
  5
71E
330
17
100
AcDbEntity
  8
E-EJES-ID
100
AcDbCircle
 10
3.200000000000016
 20
29.299999999999997
 30
0.0
 40
0.1
  0
TEXT
  5
71F
330
17
100
AcDbEntity
  8
E-EJES-ID
100
AcDbText
 10
3.200000000000016
 20
29.299999999999997
 30
0.0
 40
0.07500000000000001
  1
A-4
  7
ARIAL
 41
0.8
 72
1
 11
3.200000000000016
 21
29.299999999999997
 31
0.0
100
AcDbText
 73
2
  0
DIMENSION
  5
720
330
17
100
AcDbEntity
  8
E-COTA
100
AcDbDimension
280
0
  2
*D55
  3
COTA25
 10
-0.5075300416893568
 20
29.5875
 30
0.0
 11
-0.3287650208446658
 21
29.625
 31
0.0
 70
32
 71
5
  1
<>
100
AcDbAlignedDimension
 13
-0.5075300416893568
 23
29.7
 33
0.0
 14
-0.1499999999999748
 24
29.7
 34
0.0
 50
0.0
100
AcDbRotatedDimension
1001
ACAD
1000
DSTYLE
1002
{
1070
271
1070
2
1002
}
  0
DIMENSION
  5
72F
330
17
100
AcDbEntity
  8
E-COTA
100
AcDbDimension
280
0
  2
*D56
  3
COTA25
 10
-0.1499999999999748
 20
29.5875
 30
0.0
 11
2.5202062658991053e-14
 21
29.625
 31
0.0
 70
32
 71
5
  1
<>
100
AcDbAlignedDimension
 13
-0.1499999999999748
 23
29.7
 33
0.0
 14
0.1500000000000252
 24
29.7
 34
0.0
 50
0.0
100
AcDbRotatedDimension
1001
ACAD
1000
DSTYLE
1002
{
1070
271
1070
2
1002
}
  0
DIMENSION
  5
73E
330
17
100
AcDbEntity
  8
E-COTA
100
AcDbDimension
280
0
  2
*D57
  3
COTA25
 10
0.1500000000000252
 20
29.5875
 30
0.0
 11
1.6000000000000207
 21
29.625
 31
0.0
 70
32
 71
5
  1
<>
100
AcDbAlignedDimension
 13
0.1500000000000252
 23
29.7
 33
0.0
 14
3.0500000000000163
 24
29.7
 34
0.0
 50
0.0
100
AcDbRotatedDimension
1001
ACAD
1000
DSTYLE
1002
{
1070
271
1070
2
1002
}
  0
DIMENSION
  5
74D
330
17
100
AcDbEntity
  8
E-COTA
100
AcDbDimension
280
0
  2
*D58
  3
COTA25
 10
3.0500000000000163
 20
29.5875
 30
0.0
 11
3.200000000000016
 21
29.625
 31
0.0
 70
32
 71
5
  1
<>
100
AcDbAlignedDimension
 13
3.0500000000000163
 23
29.7
 33
0.0
 14
3.350000000000016
 24
29.7
 34
0.0
 50
0.0
100
AcDbRotatedDimension
1001
ACAD
1000
DSTYLE
1002
{
1070
271
1070
2
1002
}
  0
DIMENSION
  5
75C
330
17
100
AcDbEntity
  8
E-COTA
100
AcDbDimension
280
0
  2
*D59
  3
COTA25
 10
3.350000000000016
 20
29.5875
 30
0.0
 11
4.799999999999987
 21
29.625
 31
0.0
 70
32
 71
5
  1
<>
100
AcDbAlignedDimension
 13
3.350000000000016
 23
29.7
 33
0.0
 14
6.249999999999959
 24
29.7
 34
0.0
 50
0.0
100
AcDbRotatedDimension
1001
ACAD
1000
DSTYLE
1002
{
1070
271
1070
2
1002
}
  0
DIMENSION
  5
76B
330
17
100
AcDbEntity
  8
E-COTA
100
AcDbDimension
280
0
  2
*D60
  3
COTA25
 10
6.249999999999959
 20
29.5875
 30
0.0
 11
6.3999999999999595
 21
29.625
 31
0.0
 70
32
 71
5
  1
<>
100
AcDbAlignedDimension
 13
6.249999999999959
 23
29.7
 33
0.0
 14
6.54999999999996
 24
29.7
 34
0.0
 50
0.0
100
AcDbRotatedDimension
1001
ACAD
1000
DSTYLE
1002
{
1070
271
1070
2
1002
}
  0
DIMENSION
  5
77A
330
17
100
AcDbEntity
  8
E-COTA
100
AcDbDimension
280
0
  2
*D61
  3
COTA25
 10
6.54999999999996
 20
29.5875
 30
0.0
 11
8.199999999999957
 21
29.625
 31
0.0
 70
32
 71
5
  1
<>
100
AcDbAlignedDimension
 13
6.54999999999996
 23
29.7
 33
0.0
 14
9.849999999999953
 24
29.7
 34
0.0
 50
0.0
100
AcDbRotatedDimension
1001
ACAD
1000
DSTYLE
1002
{
1070
271
1070
2
1002
}
  0
DIMENSION
  5
789
330
17
100
AcDbEntity
  8
E-COTA
100
AcDbDimension
280
0
  2
*D62
  3
COTA25
 10
9.849999999999953
 20
29.5875
 30
0.0
 11
9.999999999999954
 21
29.625
 31
0.0
 70
32
 71
5
  1
<>
100
AcDbAlignedDimension
 13
9.849999999999953
 23
29.7
 33
0.0
 14
10.149999999999954
 24
29.7
 34
0.0
 50
0.0
100
AcDbRotatedDimension
1001
ACAD
1000
DSTYLE
1002
{
1070
271
1070
2
1002
}
  0
DIMENSION
  5
798
330
17
100
AcDbEntity
  8
E-COTA
100
AcDbDimension
280
0
  2
*D63
  3
COTA25
 10
9.1899995803833
 20
30.3375
 30
0.0
 11
9.519999790191626
 21
30.375
 31
0.0
 70
32
 71
5
  1
<>
100
AcDbAlignedDimension
 13
9.1899995803833
 23
30.2
 33
0.0
 14
9.849999999999953
 24
30.2
 34
0.0
 50
0.0
100
AcDbRotatedDimension
1001
ACAD
1000
DSTYLE
1002
{
1070
271
1070
2
1002
}
  0
DIMENSION
  5
7A7
330
17
100
AcDbEntity
  8
E-COTA
100
AcDbDimension
280
0
  2
*D64
  3
COTA25
 10
9.849999999999953
 20
30.3375
 30
0.0
 11
9.979999828338599
 21
30.375
 31
0.0
 70
32
 71
5
  1
<>
100
AcDbAlignedDimension
 13
9.849999999999953
 23
30.2
 33
0.0
 14
10.109999656677246
 24
30.2
 34
0.0
 50
0.0
100
AcDbRotatedDimension
1001
ACAD
1000
DSTYLE
1002
{
1070
271
1070
2
1002
}
  0
TEXT
  5
7B6
330
17
100
AcDbEntity
  8
E-ACERO-TXT
100
AcDbText
 10
9.649999618530273
 20
30.4425
 30
0.0
 40
0.045000000000000005
  1
1Ø3/8" L=1.02
  7
ARIAL
 41
0.9
 72
1
 11
9.649999618530273
 21
30.4425
 31
0.0
100
AcDbText
 73
1
  0
DIMENSION
  5
7B7
330
17
100
AcDbEntity
  8
E-COTA
100
AcDbDimension
280
0
  2
*D65
  3
COTA25
 10
5.2833333015441895
 20
30.3375
 30
0.0
 11
5.766666650772074
 21
30.375
 31
0.0
 70
32
 71
5
  1
<>
100
AcDbAlignedDimension
 13
5.2833333015441895
 23
30.2
 33
0.0
 14
6.249999999999959
 24
30.2
 34
0.0
 50
0.0
100
AcDbRotatedDimension
1001
ACAD
1000
DSTYLE
1002
{
1070
271
1070
2
1002
}
  0
DIMENSION
  5
7C6
330
17
100
AcDbEntity
  8
E-COTA
100
AcDbDimension
280
0
  2
*D66
  3
COTA25
 10
6.249999999999959
 20
30.3375
 30
0.0
 11
6.3999999999999595
 21
30.375
 31
0.0
 70
32
 71
5
  1
<>
100
AcDbAlignedDimension
 13
6.249999999999959
 23
30.2
 33
0.0
 14
6.54999999999996
 24
30.2
 34
0.0
 50
0.0
100
AcDbRotatedDimension
1001
ACAD
1000
DSTYLE
1002
{
1070
271
1070
2
1002
}
  0
DIMENSION
  5
7D5
330
17
100
AcDbEntity
  8
E-COTA
100
AcDbDimension
280
0
  2
*D67
  3
COTA25
 10
6.54999999999996
 20
30.3375
 30
0.0
 11
7.100000047683696
 21
30.375
 31
0.0
 70
32
 71
5
  1
<>
100
AcDbAlignedDimension
 13
6.54999999999996
 23
30.2
 33
0.0
 14
7.650000095367432
 24
30.2
 34
0.0
 50
0.0
100
AcDbRotatedDimension
1001
ACAD
1000
DSTYLE
1002
{
1070
271
1070
2
1002
}
  0
TEXT
  5
7E4
330
17
100
AcDbEntity
  8
E-ACERO-TXT
100
AcDbText
 10
6.4666666984558105
 20
30.4425
 30
0.0
 40
0.045000000000000005
  1
1Ø1/2" L=2.37
  7
ARIAL
 41
0.9
 72
1
 11
6.4666666984558105
 21
30.4425
 31
0.0
100
AcDbText
 73
1
  0
DIMENSION
  5
7E5
330
17
100
AcDbEntity
  8
E-COTA
100
AcDbDimension
280
0
  2
*D68
  3
COTA25
 10
2.0833332538604736
 20
30.3375
 30
0.0
 11
2.566666626930245
 21
30.375
 31
0.0
 70
32
 71
5
  1
<>
100
AcDbAlignedDimension
 13
2.0833332538604736
 23
30.2
 33
0.0
 14
3.0500000000000163
 24
30.2
 34
0.0
 50
0.0
100
AcDbRotatedDimension
1001
ACAD
1000
DSTYLE
1002
{
1070
271
1070
2
1002
}
  0
DIMENSION
  5
7F4
330
17
100
AcDbEntity
  8
E-COTA
100
AcDbDimension
280
0
  2
*D69
  3
COTA25
 10
3.0500000000000163
 20
30.3375
 30
0.0
 11
3.200000000000016
 21
30.375
 31
0.0
 70
32
 71
5
  1
<>
100
AcDbAlignedDimension
 13
3.0500000000000163
 23
30.2
 33
0.0
 14
3.350000000000016
 24
30.2
 34
0.0
 50
0.0
100
AcDbRotatedDimension
1001
ACAD
1000
DSTYLE
1002
{
1070
271
1070
2
1002
}
  0
DIMENSION
  5
803
330
17
100
AcDbEntity
  8
E-COTA
100
AcDbDimension
280
0
  2
*D70
  3
COTA25
 10
3.350000000000016
 20
30.3375
 30
0.0
 11
3.8333333015441973
 21
30.375
 31
0.0
 70
32
 71
5
  1
<>
100
AcDbAlignedDimension
 13
3.350000000000016
 23
30.2
 33
0.0
 14
4.316666603088379
 24
30.2
 34
0.0
 50
0.0
100
AcDbRotatedDimension
1001
ACAD
1000
DSTYLE
1002
{
1070
271
1070
2
1002
}
  0
TEXT
  5
812
330
17
100
AcDbEntity
  8
E-ACERO-TXT
100
AcDbText
 10
3.1999999284744263
 20
30.4425
 30
0.0
 40
0.045000000000000005
  1
1Ø1/2" L=2.23
  7
ARIAL
 41
0.9
 72
1
 11
3.1999999284744263
 21
30.4425
 31
0.0
100
AcDbText
 73
1
  0
DIMENSION
  5
813
330
17
100
AcDbEntity
  8
E-COTA
100
AcDbDimension
280
0
  2
*D71
  3
COTA25
 10
-0.47608819603919983
 20
30.3375
 30
0.0
 11
-0.3130440980195873
 21
30.375
 31
0.0
 70
32
 71
5
  1
<>
100
AcDbAlignedDimension
 13
-0.47608819603919983
 23
30.2
 33
0.0
 14
-0.1499999999999748
 24
30.2
 34
0.0
 50
0.0
100
AcDbRotatedDimension
1001
ACAD
1000
DSTYLE
1002
{
1070
271
1070
2
1002
}
  0
DIMENSION
  5
822
330
17
100
AcDbEntity
  8
E-COTA
100
AcDbDimension
280
0
  2
*D72
  3
COTA25
 10
-0.1499999999999748
 20
30.3375
 30
0.0
 11
2.5202062658991053e-14
 21
30.375
 31
0.0
 70
32
 71
5
  1
<>
100
AcDbAlignedDimension
 13
-0.1499999999999748
 23
30.2
 33
0.0
 14
0.1500000000000252
 24
30.2
 34
0.0
 50
0.0
100
AcDbRotatedDimension
1001
ACAD
1000
DSTYLE
1002
{
1070
271
1070
2
1002
}
  0
DIMENSION
  5
831
330
17
100
AcDbEntity
  8
E-COTA
100
AcDbDimension
280
0
  2
*D73
  3
COTA25
 10
0.1500000000000252
 20
30.3375
 30
0.0
 11
0.6333333373069889
 21
30.375
 31
0.0
 70
32
 71
5
  1
<>
100
AcDbAlignedDimension
 13
0.1500000000000252
 23
30.2
 33
0.0
 14
1.1166666746139526
 24
30.2
 34
0.0
 50
0.0
100
AcDbRotatedDimension
1001
ACAD
1000
DSTYLE
1002
{
1070
271
1070
2
1002
}
  0
TEXT
  5
840
330
17
100
AcDbEntity
  8
E-ACERO-TXT
100
AcDbText
 10
0.3202892392873764
 20
30.4425
 30
0.0
 40
0.045000000000000005
  1
1Ø1/2" L=1.69
  7
ARIAL
 41
0.9
 72
1
 11
0.3202892392873764
 21
30.4425
 31
0.0
100
AcDbText
 73
1
  0
LWPOLYLINE
  5
841
330
17
100
AcDbEntity
  8
E-ACERO-TXT
100
AcDbPolyline
 90
3
 70
0
 10
1.5152330696582794
 20
30.031
 10
1.8152330696582792
 20
29.799999999999997
 10
1.8652330696582793
 20
29.799999999999997
  0
CIRCLE
  5
842
330
17
100
AcDbEntity
  8
E-ACERO-TXT
100
AcDbCircle
 10
1.5152330696582794
 20
30.031
 30
0.0
 40
0.0125
  0
HATCH
  5
843
330
17
100
AcDbEntity
  8
E-ACERO-TXT
100
AcDbHatch
 10
0.0
 20
0.0
 30
0.0
210
0.0
220
0.0
230
1.0
  2
SOLID
 70
1
 71
0
 91
1
 92
1
 93
1
 72
2
 10
1.5152330696582794
 20
30.031
 40
0.0125
 50
0
 51
360
 73
1
 97
0
 75
0
 76
1
 98
0
  0
TEXT
  5
844
330
17
100
AcDbEntity
  8
E-ACERO-TXT
100
AcDbText
 10
1.8852330696582793
 20
29.799999999999997
 30
0.0
 40
0.045000000000000005
  1
1Ø1/2" inf. corrido: L=7.18 + 4.03
  7
ARIAL
 41
0.9
 11
1.8852330696582793
 21
29.799999999999997
 31
0.0
100
AcDbText
 73
2
  0
LWPOLYLINE
  5
845
330
17
100
AcDbEntity
  8
E-ACERO-TXT
100
AcDbPolyline
 90
3
 70
0
 10
6.3999998569488525
 20
30.036
 10
7.199999809265137
 20
29.799999999999997
 10
7.2499998092651365
 20
29.799999999999997
  0
CIRCLE
  5
846
330
17
100
AcDbEntity
  8
E-ACERO-TXT
100
AcDbCircle
 10
6.3999998569488525
 20
30.036
 30
0.0
 40
0.0125
  0
HATCH
  5
847
330
17
100
AcDbEntity
  8
E-ACERO-TXT
100
AcDbHatch
 10
0.0
 20
0.0
 30
0.0
210
0.0
220
0.0
230
1.0
  2
SOLID
 70
1
 71
0
 91
1
 92
1
 93
1
 72
2
 10
6.3999998569488525
 20
30.036
 40
0.0125
 50
0
 51
360
 73
1
 97
0
 75
0
 76
1
 98
0
  0
TEXT
  5
848
330
17
100
AcDbEntity
  8
E-ACERO-TXT
100
AcDbText
 10
7.269999809265136
 20
29.799999999999997
 30
0.0
 40
0.045000000000000005
  1
trasl. 0.60 sobre eje A-2 (según modelo)
  7
ARIAL
 41
0.9
 11
7.269999809265136
 21
29.799999999999997
 31
0.0
100
AcDbText
 73
2
  0
LWPOLYLINE
  5
849
330
17
100
AcDbEntity
  8
E-ACERO-TXT
100
AcDbPolyline
 90
3
 70
0
 10
8.15
 20
30.18
 10
7.95
 20
30.5
 10
7.9
 20
30.5
  0
CIRCLE
  5
84A
330
17
100
AcDbEntity
  8
E-ACERO-TXT
100
AcDbCircle
 10
8.15
 20
30.18
 30
0.0
 40
0.0125
  0
HATCH
  5
84B
330
17
100
AcDbEntity
  8
E-ACERO-TXT
100
AcDbHatch
 10
0.0
 20
0.0
 30
0.0
210
0.0
220
0.0
230
1.0
  2
SOLID
 70
1
 71
0
 91
1
 92
1
 93
1
 72
2
 10
8.15
 20
30.18
 40
0.0125
 50
0
 51
360
 73
1
 97
0
 75
0
 76
1
 98
0
  0
TEXT
  5
84C
330
17
100
AcDbEntity
  8
E-ACERO-TXT
100
AcDbText
 10
7.880000000000001
 20
30.5
 30
0.0
 40
0.04000000000000001
  1
malla Ø1/4" @ .25
  7
ARIAL
 41
0.9
 72
2
 11
7.880000000000001
 21
30.5
 31
0.0
100
AcDbText
 73
2
  0
DIMENSION
  5
84D
330
17
100
AcDbEntity
  8
E-COTA
100
AcDbDimension
280
0
  2
*D74
  3
COTA25
 10
-0.7075300416893568
 20
30.0
 30
0.0
 11
-0.7450300416893568
 21
30.1
 31
0.0
 70
32
 71
5
  1
<>
100
AcDbAlignedDimension
 13
-0.5075300416893568
 23
30.0
 33
0.0
 14
-0.5075300416893568
 24
30.2
 34
0.0
 50
90.0
100
AcDbRotatedDimension
1001
ACAD
1000
DSTYLE
1002
{
1070
271
1070
2
1002
}
  0
LWPOLYLINE
  5
85C
330
17
100
AcDbEntity
  8
E-NIVEL
100
AcDbPolyline
 90
3
 70
1
 10
8.45
 20
30.2
 10
8.41
 20
30.264
 10
8.489999999999998
 20
30.264
  0
HATCH
  5
85D
330
17
100
AcDbEntity
  8
E-NIVEL
 62
7
100
AcDbHatch
 10
0.0
 20
0.0
 30
0.0
210
0.0
220
0.0
230
1.0
  2
SOLID
 70
1
 71
0
 91
1
 92
3
 72
0
 73
1
 93
3
 10
8.45
 20
30.2
 10
8.41
 20
30.264
 10
8.45
 20
30.264
 97
0
 75
0
 76
1
 98
0
  0
LINE
  5
85E
330
17
100
AcDbEntity
  8
E-NIVEL
100
AcDbLine
 10
8.174999999999999
 20
30.264
 30
0.0
 11
8.489999999999998
 21
30.264
 31
0.0
  0
TEXT
  5
85F
330
17
100
AcDbEntity
  8
E-NIVEL
100
AcDbText
 10
8.187499999999998
 20
30.284
 30
0.0
 40
0.05
  1
NPT +11.00
  7
ARIAL
 41
0.9
 11
8.187499999999998
 21
30.284
 31
0.0
100
AcDbText
 73
1
  0
HATCH
  5
864
330
17
100
AcDbEntity
  8
E-CORTE-ACH
100
AcDbHatch
 10
0.0
 20
0.0
 30
0.0
210
0.0
220
0.0
230
1.0
  2
SOLID
 70
1
 71
0
 91
1
 92
3
 72
0
 73
1
 93
46
 10
36.114958300781566
 20
0.0
 10
36.114958300781566
 20
0.14999999999999858
 10
35.665
 20
0.14999999999999858
 10
35.665
 20
0.0
 10
35.565
 20
0.0
 10
35.565
 20
0.14999999999999858
 10
35.265
 20
0.14999999999999858
 10
35.265
 20
0.0
 10
35.165
 20
0.0
 10
35.165
 20
0.14999999999999858
 10
34.865
 20
0.14999999999999858
 10
34.865
 20
0.0
 10
34.765
 20
0.0
 10
34.765
 20
0.14999999999999858
 10
34.464958095550536
 20
0.14999999999999858
 10
34.464958095550536
 20
0.0
 10
34.16495809555054
 20
0.0
 10
34.16495809555054
 20
0.14999999999999858
 10
33.88495809555054
 20
0.14999999999999858
 10
33.88495809555054
 20
0.1999999999999993
 10
34.16495809555054
 20
0.1999999999999993
 10
34.464958095550536
 20
0.1999999999999993
 10
34.765
 20
0.1999999999999993
 10
34.865
 20
0.1999999999999993
 10
35.165
 20
0.1999999999999993
 10
35.265
 20
0.1999999999999993
 10
35.565
 20
0.1999999999999993
 10
35.665
 20
0.1999999999999993
 10
36.114958300781566
 20
0.1999999999999993
 10
36.41495830078157
 20
0.1999999999999993
 10
36.67495830078157
 20
0.1999999999999993
 10
36.67495830078157
 20
0.14999999999999858
 10
36.41495830078157
 20
0.14999999999999858
 10
36.41495830078157
 20
0.0
 10
36.41494572568895
 20
0.0
 10
36.414957425238015
 20
-5.747619891138811e-07
 10
36.414958
 20
-1.2274311048443565e-05
 10
36.414958
 20
-0.29998772568895227
 10
36.414957425238015
 20
-0.2999994252380116
 10
36.41494572568895
 20
-0.3000000000000007
 10
36.11497027431105
 20
-0.3000000000000007
 10
36.114958574761985
 20
-0.2999994252380116
 10
36.114958
 20
-0.29998772568895227
 10
36.114958
 20
-1.2274311048443565e-05
 10
36.114958574761985
 20
-5.747619891138811e-07
 10
36.11497027431105
 20
0.0
 97
0
 75
0
 76
1
 98
0
  0
LWPOLYLINE
  5
865
330
17
100
AcDbEntity
  8
E-CORTE
100
AcDbPolyline
 90
19
 70
0
 10
36.114958300781566
 20
0.0
 10
36.114958300781566
 20
0.14999999999999858
 10
35.665
 20
0.14999999999999858
 10
35.665
 20
0.0
 10
35.565
 20
0.0
 10
35.565
 20
0.14999999999999858
 10
35.265
 20
0.14999999999999858
 10
35.265
 20
0.0
 10
35.165
 20
0.0
 10
35.165
 20
0.14999999999999858
 10
34.865
 20
0.14999999999999858
 10
34.865
 20
0.0
 10
34.765
 20
0.0
 10
34.765
 20
0.14999999999999858
 10
34.464958095550536
 20
0.14999999999999858
 10
34.464958095550536
 20
0.0
 10
34.16495809555054
 20
0.0
 10
34.16495809555054
 20
0.14999999999999858
 10
33.885058095550534
 20
0.14999999999999858
  0
LWPOLYLINE
  5
866
330
17
100
AcDbEntity
  8
E-CORTE
100
AcDbPolyline
 90
12
 70
0
 10
33.885058095550534
 20
0.1999999999999993
 10
34.16495809555054
 20
0.1999999999999993
 10
34.464958095550536
 20
0.1999999999999993
 10
34.765
 20
0.1999999999999993
 10
34.865
 20
0.1999999999999993
 10
35.165
 20
0.1999999999999993
 10
35.265
 20
0.1999999999999993
 10
35.565
 20
0.1999999999999993
 10
35.665
 20
0.1999999999999993
 10
36.114958300781566
 20
0.1999999999999993
 10
36.41495830078157
 20
0.1999999999999993
 10
36.674858300781565
 20
0.1999999999999993
  0
LWPOLYLINE
  5
867
330
17
100
AcDbEntity
  8
E-CORTE
100
AcDbPolyline
 90
16
 70
0
 10
36.674858300781565
 20
0.14999999999999858
 10
36.41495830078157
 20
0.14999999999999858
 10
36.41495830078157
 20
0.0
 10
36.41494572568895
 20
0.0
 10
36.414957425238015
 20
-5.747619891138811e-07
 10
36.414958
 20
-1.2274311048443565e-05
 10
36.414958
 20
-0.29998772568895227
 10
36.414957425238015
 20
-0.2999994252380116
 10
36.41494572568895
 20
-0.3000000000000007
 10
36.11497027431105
 20
-0.3000000000000007
 10
36.114958574761985
 20
-0.2999994252380116
 10
36.114958
 20
-0.29998772568895227
 10
36.114958
 20
-1.2274311048443565e-05
 10
36.114958574761985
 20
-5.747619891138811e-07
 10
36.11497027431105
 20
0.0
 10
36.114958300781566
 20
0.0
  0
LWPOLYLINE
  5
868
330
17
100
AcDbEntity
  8
E-CORTE
100
AcDbPolyline
 90
6
 70
0
 10
33.885058095550534
 20
0.14999999999999858
 10
33.885058095550534
 20
0.14499999999999957
 10
33.84005809555054
 20
0.1659999999999986
 10
33.930058095550535
 20
0.18399999999999928
 10
33.885058095550534
 20
0.2049999999999983
 10
33.885058095550534
 20
0.1999999999999993
  0
LWPOLYLINE
  5
869
330
17
100
AcDbEntity
  8
E-CORTE
100
AcDbPolyline
 90
6
 70
0
 10
36.674858300781565
 20
0.1999999999999993
 10
36.674858300781565
 20
0.2049999999999983
 10
36.71985830078157
 20
0.18399999999999928
 10
36.62985830078157
 20
0.1659999999999986
 10
36.674858300781565
 20
0.14499999999999957
 10
36.674858300781565
 20
0.14999999999999858
  0
LINE
  5
86A
330
17
100
AcDbEntity
  8
E-PROYECCION
100
AcDbLine
 10
36.41495830078157
 20
0.15000000000000036
 30
0.0
 11
36.67495830078157
 21
0.15000000000000036
 31
0.0
  0
LINE
  5
86B
330
17
100
AcDbEntity
  8
E-PROYECCION
100
AcDbLine
 10
36.41495830078157
 20
0.0
 30
0.0
 11
36.41495830078157
 21
0.15000000000000036
 31
0.0
  0
LINE
  5
86C
330
17
100
AcDbEntity
  8
E-PROYECCION
100
AcDbLine
 10
36.41495830078157
 20
0.0
 30
0.0
 11
36.544958300781566
 21
0.15000000000000036
 31
0.0
  0
LINE
  5
86D
330
17
100
AcDbEntity
  8
E-PROYECCION
100
AcDbLine
 10
36.41495830078157
 20
0.15000000000000036
 30
0.0
 11
36.544958300781566
 21
0.0
 31
0.0
  0
LINE
  5
86E
330
17
100
AcDbEntity
  8
E-PROYECCION
100
AcDbLine
 10
36.544958300781566
 20
0.0
 30
0.0
 11
36.67495830078157
 21
0.15000000000000036
 31
0.0
  0
LINE
  5
86F
330
17
100
AcDbEntity
  8
E-PROYECCION
100
AcDbLine
 10
36.544958300781566
 20
0.15000000000000036
 30
0.0
 11
36.67495830078157
 21
0.0
 31
0.0
  0
LINE
  5
870
330
17
100
AcDbEntity
  8
E-PROYECCION
  6
OCULTA20
100
AcDbLine
 10
36.41495830078157
 20
0.0
 30
0.0
 11
36.67495830078157
 21
0.0
 31
0.0
  0
LINE
  5
871
330
17
100
AcDbEntity
  8
E-PROYECCION
100
AcDbLine
 10
35.665
 20
0.15000000000000036
 30
0.0
 11
36.114958300781566
 21
0.15000000000000036
 31
0.0
  0
LINE
  5
872
330
17
100
AcDbEntity
  8
E-PROYECCION
100
AcDbLine
 10
35.665
 20
0.0
 30
0.0
 11
35.665
 21
0.15000000000000036
 31
0.0
  0
LINE
  5
873
330
17
100
AcDbEntity
  8
E-PROYECCION
100
AcDbLine
 10
36.114958300781566
 20
0.0
 30
0.0
 11
36.114958300781566
 21
0.15000000000000036
 31
0.0
  0
LINE
  5
874
330
17
100
AcDbEntity
  8
E-PROYECCION
100
AcDbLine
 10
35.665
 20
0.0
 30
0.0
 11
35.814986100260526
 21
0.15000000000000036
 31
0.0
  0
LINE
  5
875
330
17
100
AcDbEntity
  8
E-PROYECCION
100
AcDbLine
 10
35.665
 20
0.15000000000000036
 30
0.0
 11
35.814986100260526
 21
0.0
 31
0.0
  0
LINE
  5
876
330
17
100
AcDbEntity
  8
E-PROYECCION
100
AcDbLine
 10
35.814986100260526
 20
0.0
 30
0.0
 11
35.964972200521046
 21
0.15000000000000036
 31
0.0
  0
LINE
  5
877
330
17
100
AcDbEntity
  8
E-PROYECCION
100
AcDbLine
 10
35.814986100260526
 20
0.15000000000000036
 30
0.0
 11
35.964972200521046
 21
0.0
 31
0.0
  0
LINE
  5
878
330
17
100
AcDbEntity
  8
E-PROYECCION
100
AcDbLine
 10
35.964972200521046
 20
0.0
 30
0.0
 11
36.114958300781566
 21
0.15000000000000036
 31
0.0
  0
LINE
  5
879
330
17
100
AcDbEntity
  8
E-PROYECCION
100
AcDbLine
 10
35.964972200521046
 20
0.15000000000000036
 30
0.0
 11
36.114958300781566
 21
0.0
 31
0.0
  0
LINE
  5
87A
330
17
100
AcDbEntity
  8
E-PROYECCION
  6
OCULTA20
100
AcDbLine
 10
35.665
 20
0.0
 30
0.0
 11
36.114958300781566
 21
0.0
 31
0.0
  0
LINE
  5
87B
330
17
100
AcDbEntity
  8
E-PROYECCION
100
AcDbLine
 10
35.265
 20
0.15000000000000036
 30
0.0
 11
35.565
 21
0.15000000000000036
 31
0.0
  0
LINE
  5
87C
330
17
100
AcDbEntity
  8
E-PROYECCION
100
AcDbLine
 10
35.265
 20
0.0
 30
0.0
 11
35.265
 21
0.15000000000000036
 31
0.0
  0
LINE
  5
87D
330
17
100
AcDbEntity
  8
E-PROYECCION
100
AcDbLine
 10
35.565
 20
0.0
 30
0.0
 11
35.565
 21
0.15000000000000036
 31
0.0
  0
LINE
  5
87E
330
17
100
AcDbEntity
  8
E-PROYECCION
100
AcDbLine
 10
35.265
 20
0.0
 30
0.0
 11
35.415
 21
0.15000000000000036
 31
0.0
  0
LINE
  5
87F
330
17
100
AcDbEntity
  8
E-PROYECCION
100
AcDbLine
 10
35.265
 20
0.15000000000000036
 30
0.0
 11
35.415
 21
0.0
 31
0.0
  0
LINE
  5
880
330
17
100
AcDbEntity
  8
E-PROYECCION
100
AcDbLine
 10
35.415
 20
0.0
 30
0.0
 11
35.565
 21
0.15000000000000036
 31
0.0
  0
LINE
  5
881
330
17
100
AcDbEntity
  8
E-PROYECCION
100
AcDbLine
 10
35.415
 20
0.15000000000000036
 30
0.0
 11
35.565
 21
0.0
 31
0.0
  0
LINE
  5
882
330
17
100
AcDbEntity
  8
E-PROYECCION
  6
OCULTA20
100
AcDbLine
 10
35.265
 20
0.0
 30
0.0
 11
35.565
 21
0.0
 31
0.0
  0
LINE
  5
883
330
17
100
AcDbEntity
  8
E-PROYECCION
100
AcDbLine
 10
34.865
 20
0.15000000000000036
 30
0.0
 11
35.165
 21
0.15000000000000036
 31
0.0
  0
LINE
  5
884
330
17
100
AcDbEntity
  8
E-PROYECCION
100
AcDbLine
 10
34.865
 20
0.0
 30
0.0
 11
34.865
 21
0.15000000000000036
 31
0.0
  0
LINE
  5
885
330
17
100
AcDbEntity
  8
E-PROYECCION
100
AcDbLine
 10
35.165
 20
0.0
 30
0.0
 11
35.165
 21
0.15000000000000036
 31
0.0
  0
LINE
  5
886
330
17
100
AcDbEntity
  8
E-PROYECCION
100
AcDbLine
 10
34.865
 20
0.0
 30
0.0
 11
35.015
 21
0.15000000000000036
 31
0.0
  0
LINE
  5
887
330
17
100
AcDbEntity
  8
E-PROYECCION
100
AcDbLine
 10
34.865
 20
0.15000000000000036
 30
0.0
 11
35.015
 21
0.0
 31
0.0
  0
LINE
  5
888
330
17
100
AcDbEntity
  8
E-PROYECCION
100
AcDbLine
 10
35.015
 20
0.0
 30
0.0
 11
35.165
 21
0.15000000000000036
 31
0.0
  0
LINE
  5
889
330
17
100
AcDbEntity
  8
E-PROYECCION
100
AcDbLine
 10
35.015
 20
0.15000000000000036
 30
0.0
 11
35.165
 21
0.0
 31
0.0
  0
LINE
  5
88A
330
17
100
AcDbEntity
  8
E-PROYECCION
  6
OCULTA20
100
AcDbLine
 10
34.865
 20
0.0
 30
0.0
 11
35.165
 21
0.0
 31
0.0
  0
LINE
  5
88B
330
17
100
AcDbEntity
  8
E-PROYECCION
100
AcDbLine
 10
34.464958095550536
 20
0.15000000000000036
 30
0.0
 11
34.765
 21
0.15000000000000036
 31
0.0
  0
LINE
  5
88C
330
17
100
AcDbEntity
  8
E-PROYECCION
100
AcDbLine
 10
34.464958095550536
 20
0.0
 30
0.0
 11
34.464958095550536
 21
0.15000000000000036
 31
0.0
  0
LINE
  5
88D
330
17
100
AcDbEntity
  8
E-PROYECCION
100
AcDbLine
 10
34.765
 20
0.0
 30
0.0
 11
34.765
 21
0.15000000000000036
 31
0.0
  0
LINE
  5
88E
330
17
100
AcDbEntity
  8
E-PROYECCION
100
AcDbLine
 10
34.464958095550536
 20
0.0
 30
0.0
 11
34.61497904777527
 21
0.15000000000000036
 31
0.0
  0
LINE
  5
88F
330
17
100
AcDbEntity
  8
E-PROYECCION
100
AcDbLine
 10
34.464958095550536
 20
0.15000000000000036
 30
0.0
 11
34.61497904777527
 21
0.0
 31
0.0
  0
LINE
  5
890
330
17
100
AcDbEntity
  8
E-PROYECCION
100
AcDbLine
 10
34.61497904777527
 20
0.0
 30
0.0
 11
34.765
 21
0.15000000000000036
 31
0.0
  0
LINE
  5
891
330
17
100
AcDbEntity
  8
E-PROYECCION
100
AcDbLine
 10
34.61497904777527
 20
0.15000000000000036
 30
0.0
 11
34.765
 21
0.0
 31
0.0
  0
LINE
  5
892
330
17
100
AcDbEntity
  8
E-PROYECCION
  6
OCULTA20
100
AcDbLine
 10
34.464958095550536
 20
0.0
 30
0.0
 11
34.765
 21
0.0
 31
0.0
  0
LINE
  5
893
330
17
100
AcDbEntity
  8
E-PROYECCION
100
AcDbLine
 10
33.88495809555054
 20
0.15000000000000036
 30
0.0
 11
34.16495809555054
 21
0.15000000000000036
 31
0.0
  0
LINE
  5
894
330
17
100
AcDbEntity
  8
E-PROYECCION
100
AcDbLine
 10
34.16495809555054
 20
0.0
 30
0.0
 11
34.16495809555054
 21
0.15000000000000036
 31
0.0
  0
LINE
  5
895
330
17
100
AcDbEntity
  8
E-PROYECCION
100
AcDbLine
 10
33.88495809555054
 20
0.0
 30
0.0
 11
34.02495809555054
 21
0.15000000000000036
 31
0.0
  0
LINE
  5
896
330
17
100
AcDbEntity
  8
E-PROYECCION
100
AcDbLine
 10
33.88495809555054
 20
0.15000000000000036
 30
0.0
 11
34.02495809555054
 21
0.0
 31
0.0
  0
LINE
  5
897
330
17
100
AcDbEntity
  8
E-PROYECCION
100
AcDbLine
 10
34.02495809555054
 20
0.0
 30
0.0
 11
34.16495809555054
 21
0.15000000000000036
 31
0.0
  0
LINE
  5
898
330
17
100
AcDbEntity
  8
E-PROYECCION
100
AcDbLine
 10
34.02495809555054
 20
0.15000000000000036
 30
0.0
 11
34.16495809555054
 21
0.0
 31
0.0
  0
LINE
  5
899
330
17
100
AcDbEntity
  8
E-PROYECCION
  6
OCULTA20
100
AcDbLine
 10
33.88495809555054
 20
0.0
 30
0.0
 11
34.16495809555054
 21
0.0
 31
0.0
  0
LWPOLYLINE
  5
89A
330
17
100
AcDbEntity
  8
E-ACERO
100
AcDbPolyline
 90
2
 70
0
 10
33.88495809555054
 20
0.16412467956542898
 10
36.67495830078157
 20
0.16412467956542898
  0
CIRCLE
  5
89B
330
17
100
AcDbEntity
  8
E-ACERO
100
AcDbCircle
 10
34.79895830154419
 20
0.03135032653808523
 30
0.0
 40
0.009000000000000001
  0
HATCH
  5
89C
330
17
100
AcDbEntity
  8
E-ACERO
100
AcDbHatch
 10
0.0
 20
0.0
 30
0.0
210
0.0
220
0.0
230
1.0
  2
SOLID
 70
1
 71
0
 91
1
 92
1
 93
1
 72
2
 10
34.79895830154419
 20
0.03135032653808523
 40
0.009000000000000001
 50
0
 51
360
 73
1
 97
0
 75
0
 76
1
 98
0
  0
CIRCLE
  5
89D
330
17
100
AcDbEntity
  8
E-ACERO
100
AcDbCircle
 10
35.230958461761475
 20
0.03135032653808523
 30
0.0
 40
0.009000000000000001
  0
HATCH
  5
89E
330
17
100
AcDbEntity
  8
E-ACERO
100
AcDbHatch
 10
0.0
 20
0.0
 30
0.0
210
0.0
220
0.0
230
1.0
  2
SOLID
 70
1
 71
0
 91
1
 92
1
 93
1
 72
2
 10
35.230958461761475
 20
0.03135032653808523
 40
0.009000000000000001
 50
0
 51
360
 73
1
 97
0
 75
0
 76
1
 98
0
  0
CIRCLE
  5
89F
330
17
100
AcDbEntity
  8
E-ACERO
100
AcDbCircle
 10
35.63095808029175
 20
0.03135032653808523
 30
0.0
 40
0.009000000000000001
  0
HATCH
  5
8A0
330
17
100
AcDbEntity
  8
E-ACERO
100
AcDbHatch
 10
0.0
 20
0.0
 30
0.0
210
0.0
220
0.0
230
1.0
  2
SOLID
 70
1
 71
0
 91
1
 92
1
 93
1
 72
2
 10
35.63095808029175
 20
0.03135032653808523
 40
0.009000000000000001
 50
0
 51
360
 73
1
 97
0
 75
0
 76
1
 98
0
  0
CIRCLE
  5
8A1
330
17
100
AcDbEntity
  8
E-ACERO
100
AcDbCircle
 10
33.88995838165283
 20
0.17182464599609304
 30
0.0
 40
0.009000000000000001
  0
HATCH
  5
8A2
330
17
100
AcDbEntity
  8
E-ACERO
100
AcDbHatch
 10
0.0
 20
0.0
 30
0.0
210
0.0
220
0.0
230
1.0
  2
SOLID
 70
1
 71
0
 91
1
 92
1
 93
1
 72
2
 10
33.88995838165283
 20
0.17182464599609304
 40
0.009000000000000001
 50
0
 51
360
 73
1
 97
0
 75
0
 76
1
 98
0
  0
CIRCLE
  5
8A3
330
17
100
AcDbEntity
  8
E-ACERO
100
AcDbCircle
 10
34.13995838165283
 20
0.17182464599609304
 30
0.0
 40
0.009000000000000001
  0
HATCH
  5
8A4
330
17
100
AcDbEntity
  8
E-ACERO
100
AcDbHatch
 10
0.0
 20
0.0
 30
0.0
210
0.0
220
0.0
230
1.0
  2
SOLID
 70
1
 71
0
 91
1
 92
1
 93
1
 72
2
 10
34.13995838165283
 20
0.17182464599609304
 40
0.009000000000000001
 50
0
 51
360
 73
1
 97
0
 75
0
 76
1
 98
0
  0
CIRCLE
  5
8A5
330
17
100
AcDbEntity
  8
E-ACERO
100
AcDbCircle
 10
34.38995838165283
 20
0.17182464599609304
 30
0.0
 40
0.009000000000000001
  0
HATCH
  5
8A6
330
17
100
AcDbEntity
  8
E-ACERO
100
AcDbHatch
 10
0.0
 20
0.0
 30
0.0
210
0.0
220
0.0
230
1.0
  2
SOLID
 70
1
 71
0
 91
1
 92
1
 93
1
 72
2
 10
34.38995838165283
 20
0.17182464599609304
 40
0.009000000000000001
 50
0
 51
360
 73
1
 97
0
 75
0
 76
1
 98
0
  0
CIRCLE
  5
8A7
330
17
100
AcDbEntity
  8
E-ACERO
100
AcDbCircle
 10
34.63995838165283
 20
0.17182464599609304
 30
0.0
 40
0.009000000000000001
  0
HATCH
  5
8A8
330
17
100
AcDbEntity
  8
E-ACERO
100
AcDbHatch
 10
0.0
 20
0.0
 30
0.0
210
0.0
220
0.0
230
1.0
  2
SOLID
 70
1
 71
0
 91
1
 92
1
 93
1
 72
2
 10
34.63995838165283
 20
0.17182464599609304
 40
0.009000000000000001
 50
0
 51
360
 73
1
 97
0
 75
0
 76
1
 98
0
  0
CIRCLE
  5
8A9
330
17
100
AcDbEntity
  8
E-ACERO
100
AcDbCircle
 10
34.88995838165283
 20
0.17182464599609304
 30
0.0
 40
0.009000000000000001
  0
HATCH
  5
8AA
330
17
100
AcDbEntity
  8
E-ACERO
100
AcDbHatch
 10
0.0
 20
0.0
 30
0.0
210
0.0
220
0.0
230
1.0
  2
SOLID
 70
1
 71
0
 91
1
 92
1
 93
1
 72
2
 10
34.88995838165283
 20
0.17182464599609304
 40
0.009000000000000001
 50
0
 51
360
 73
1
 97
0
 75
0
 76
1
 98
0
  0
CIRCLE
  5
8AB
330
17
100
AcDbEntity
  8
E-ACERO
100
AcDbCircle
 10
35.13995838165283
 20
0.17182464599609304
 30
0.0
 40
0.009000000000000001
  0
HATCH
  5
8AC
330
17
100
AcDbEntity
  8
E-ACERO
100
AcDbHatch
 10
0.0
 20
0.0
 30
0.0
210
0.0
220
0.0
230
1.0
  2
SOLID
 70
1
 71
0
 91
1
 92
1
 93
1
 72
2
 10
35.13995838165283
 20
0.17182464599609304
 40
0.009000000000000001
 50
0
 51
360
 73
1
 97
0
 75
0
 76
1
 98
0
  0
CIRCLE
  5
8AD
330
17
100
AcDbEntity
  8
E-ACERO
100
AcDbCircle
 10
35.38995838165283
 20
0.17182464599609304
 30
0.0
 40
0.009000000000000001
  0
HATCH
  5
8AE
330
17
100
AcDbEntity
  8
E-ACERO
100
AcDbHatch
 10
0.0
 20
0.0
 30
0.0
210
0.0
220
0.0
230
1.0
  2
SOLID
 70
1
 71
0
 91
1
 92
1
 93
1
 72
2
 10
35.38995838165283
 20
0.17182464599609304
 40
0.009000000000000001
 50
0
 51
360
 73
1
 97
0
 75
0
 76
1
 98
0
  0
CIRCLE
  5
8AF
330
17
100
AcDbEntity
  8
E-ACERO
100
AcDbCircle
 10
35.63995838165283
 20
0.17182464599609304
 30
0.0
 40
0.009000000000000001
  0
HATCH
  5
8B0
330
17
100
AcDbEntity
  8
E-ACERO
100
AcDbHatch
 10
0.0
 20
0.0
 30
0.0
210
0.0
220
0.0
230
1.0
  2
SOLID
 70
1
 71
0
 91
1
 92
1
 93
1
 72
2
 10
35.63995838165283
 20
0.17182464599609304
 40
0.009000000000000001
 50
0
 51
360
 73
1
 97
0
 75
0
 76
1
 98
0
  0
CIRCLE
  5
8B1
330
17
100
AcDbEntity
  8
E-ACERO
100
AcDbCircle
 10
35.88995838165283
 20
0.17182464599609304
 30
0.0
 40
0.009000000000000001
  0
HATCH
  5
8B2
330
17
100
AcDbEntity
  8
E-ACERO
100
AcDbHatch
 10
0.0
 20
0.0
 30
0.0
210
0.0
220
0.0
230
1.0
  2
SOLID
 70
1
 71
0
 91
1
 92
1
 93
1
 72
2
 10
35.88995838165283
 20
0.17182464599609304
 40
0.009000000000000001
 50
0
 51
360
 73
1
 97
0
 75
0
 76
1
 98
0
  0
CIRCLE
  5
8B3
330
17
100
AcDbEntity
  8
E-ACERO
100
AcDbCircle
 10
36.13995838165283
 20
0.17182464599609304
 30
0.0
 40
0.009000000000000001
  0
HATCH
  5
8B4
330
17
100
AcDbEntity
  8
E-ACERO
100
AcDbHatch
 10
0.0
 20
0.0
 30
0.0
210
0.0
220
0.0
230
1.0
  2
SOLID
 70
1
 71
0
 91
1
 92
1
 93
1
 72
2
 10
36.13995838165283
 20
0.17182464599609304
 40
0.009000000000000001
 50
0
 51
360
 73
1
 97
0
 75
0
 76
1
 98
0
  0
CIRCLE
  5
8B5
330
17
100
AcDbEntity
  8
E-ACERO
100
AcDbCircle
 10
36.38995838165283
 20
0.17182464599609304
 30
0.0
 40
0.009000000000000001
  0
HATCH
  5
8B6
330
17
100
AcDbEntity
  8
E-ACERO
100
AcDbHatch
 10
0.0
 20
0.0
 30
0.0
210
0.0
220
0.0
230
1.0
  2
SOLID
 70
1
 71
0
 91
1
 92
1
 93
1
 72
2
 10
36.38995838165283
 20
0.17182464599609304
 40
0.009000000000000001
 50
0
 51
360
 73
1
 97
0
 75
0
 76
1
 98
0
  0
CIRCLE
  5
8B7
330
17
100
AcDbEntity
  8
E-ACERO
100
AcDbCircle
 10
36.63995838165283
 20
0.17182464599609304
 30
0.0
 40
0.009000000000000001
  0
HATCH
  5
8B8
330
17
100
AcDbEntity
  8
E-ACERO
100
AcDbHatch
 10
0.0
 20
0.0
 30
0.0
210
0.0
220
0.0
230
1.0
  2
SOLID
 70
1
 71
0
 91
1
 92
1
 93
1
 72
2
 10
36.63995838165283
 20
0.17182464599609304
 40
0.009000000000000001
 50
0
 51
360
 73
1
 97
0
 75
0
 76
1
 98
0
  0
CIRCLE
  5
8B9
330
17
100
AcDbEntity
  8
E-ACERO
100
AcDbCircle
 10
34.23295831680298
 20
0.11889953613281179
 30
0.0
 40
0.009000000000000001
  0
HATCH
  5
8BA
330
17
100
AcDbEntity
  8
E-ACERO
100
AcDbHatch
 10
0.0
 20
0.0
 30
0.0
210
0.0
220
0.0
230
1.0
  2
SOLID
 70
1
 71
0
 91
1
 92
1
 93
1
 72
2
 10
34.23295831680298
 20
0.11889953613281179
 40
0.009000000000000001
 50
0
 51
360
 73
1
 97
0
 75
0
 76
1
 98
0
  0
CIRCLE
  5
8BB
330
17
100
AcDbEntity
  8
E-ACERO
100
AcDbCircle
 10
34.396958351135254
 20
0.11889953613281179
 30
0.0
 40
0.009000000000000001
  0
HATCH
  5
8BC
330
17
100
AcDbEntity
  8
E-ACERO
100
AcDbHatch
 10
0.0
 20
0.0
 30
0.0
210
0.0
220
0.0
230
1.0
  2
SOLID
 70
1
 71
0
 91
1
 92
1
 93
1
 72
2
 10
34.396958351135254
 20
0.11889953613281179
 40
0.009000000000000001
 50
0
 51
360
 73
1
 97
0
 75
0
 76
1
 98
0
  0
CIRCLE
  5
8BD
330
17
100
AcDbEntity
  8
E-ACERO
100
AcDbCircle
 10
34.23295831680298
 20
0.042225074768065696
 30
0.0
 40
0.009000000000000001
  0
HATCH
  5
8BE
330
17
100
AcDbEntity
  8
E-ACERO
100
AcDbHatch
 10
0.0
 20
0.0
 30
0.0
210
0.0
220
0.0
230
1.0
  2
SOLID
 70
1
 71
0
 91
1
 92
1
 93
1
 72
2
 10
34.23295831680298
 20
0.042225074768065696
 40
0.009000000000000001
 50
0
 51
360
 73
1
 97
0
 75
0
 76
1
 98
0
  0
CIRCLE
  5
8BF
330
17
100
AcDbEntity
  8
E-ACERO
100
AcDbCircle
 10
34.396958351135254
 20
0.042225074768065696
 30
0.0
 40
0.009000000000000001
  0
HATCH
  5
8C0
330
17
100
AcDbEntity
  8
E-ACERO
100
AcDbHatch
 10
0.0
 20
0.0
 30
0.0
210
0.0
220
0.0
230
1.0
  2
SOLID
 70
1
 71
0
 91
1
 92
1
 93
1
 72
2
 10
34.396958351135254
 20
0.042225074768065696
 40
0.009000000000000001
 50
0
 51
360
 73
1
 97
0
 75
0
 76
1
 98
0
  0
LWPOLYLINE
  5
8C1
330
17
100
AcDbEntity
  8
E-ACERO
100
AcDbPolyline
 90
3
 70
0
 10
34.23370409011841
 20
0.09572143554687429
 10
34.19778299331665
 20
0.05980033874511648
 10
34.194754024713994
 20
0.04457281500373789
  0
LWPOLYLINE
  5
8C2
330
17
100
AcDbEntity
  8
E-ACERO
100
AcDbPolyline
 90
3
 70
0
 10
34.194754024713994
 20
0.04457281500373789
 10
34.1943416595459
 20
0.042499732971190696
 10
34.197589115379245
 20
0.04032983530921719
  0
LWPOLYLINE
  5
8C3
330
17
100
AcDbEntity
  8
E-ACERO
100
AcDbPolyline
 90
2
 70
0
 10
34.197589115379245
 20
0.04032983530921719
 10
34.201830283354326
 20
0.037495955205706366
  0
LWPOLYLINE
  5
8C4
330
17
100
AcDbEntity
  8
E-ACERO
100
AcDbPolyline
 90
13
 70
0
 10
34.201830283354326
 20
0.037495955205706366
 10
34.20900821685791
 20
0.03269977569580007
 10
34.42408323287964
 20
0.03269977569580007
 10
34.4353084564209
 20
0.037349891662596946
 10
34.43995809555054
 20
0.04857463836669851
 10
34.43995809555054
 20
0.13612480163574148
 10
34.43530988693237
 20
0.14735050201415945
 10
34.42408847808838
 20
0.15199966430663991
 10
34.20582818984985
 20
0.15199966430663991
 10
34.1946063041687
 20
0.14735050201415945
 10
34.18995809555054
 20
0.13612480163574148
 10
34.18995809555054
 20
0.05175037384033132
 10
34.194754024713994
 20
0.04457281500373789
  0
LWPOLYLINE
  5
8C5
330
17
100
AcDbEntity
  8
E-ACERO
100
AcDbPolyline
 90
2
 70
0
 10
34.194754024713994
 20
0.04457281500373789
 10
34.197589115379245
 20
0.04032983530921719
  0
LWPOLYLINE
  5
8C6
330
17
100
AcDbEntity
  8
E-ACERO
100
AcDbPolyline
 90
3
 70
0
 10
34.197589115379245
 20
0.04032983530921719
 10
34.19975805282593
 20
0.0370838165283196
 10
34.201830283354326
 20
0.037495955205706366
  0
LWPOLYLINE
  5
8C7
330
17
100
AcDbEntity
  8
E-ACERO
100
AcDbPolyline
 90
3
 70
0
 10
34.201830283354326
 20
0.037495955205706366
 10
34.21705865859985
 20
0.04052467346191335
 10
34.25297975540161
 20
0.07644577026367116
  0
LWPOLYLINE
  5
8C8
330
17
100
AcDbEntity
  8
E-ACERO
100
AcDbPolyline
 90
3
 70
0
 10
34.23370409011841
 20
0.09572143554687429
 10
34.19778299331665
 20
0.05980033874511648
 10
34.194754024713994
 20
0.04457281500373789
  0
LWPOLYLINE
  5
8C9
330
17
100
AcDbEntity
  8
E-ACERO
100
AcDbPolyline
 90
3
 70
0
 10
34.194754024713994
 20
0.04457281500373789
 10
34.1943416595459
 20
0.042499732971190696
 10
34.197589115379245
 20
0.04032983530921719
  0
LWPOLYLINE
  5
8CA
330
17
100
AcDbEntity
  8
E-ACERO
100
AcDbPolyline
 90
2
 70
0
 10
34.197589115379245
 20
0.04032983530921719
 10
34.201830283354326
 20
0.037495955205706366
  0
LWPOLYLINE
  5
8CB
330
17
100
AcDbEntity
  8
E-ACERO
100
AcDbPolyline
 90
13
 70
0
 10
34.201830283354326
 20
0.037495955205706366
 10
34.20900821685791
 20
0.03269977569580007
 10
34.42408323287964
 20
0.03269977569580007
 10
34.4353084564209
 20
0.037349891662596946
 10
34.43995809555054
 20
0.04857463836669851
 10
34.43995809555054
 20
0.13612480163574148
 10
34.43530988693237
 20
0.14735050201415945
 10
34.42408847808838
 20
0.15199966430663991
 10
34.20582818984985
 20
0.15199966430663991
 10
34.1946063041687
 20
0.14735050201415945
 10
34.18995809555054
 20
0.13612480163574148
 10
34.18995809555054
 20
0.05175037384033132
 10
34.194754024713994
 20
0.04457281500373789
  0
LWPOLYLINE
  5
8CC
330
17
100
AcDbEntity
  8
E-ACERO
100
AcDbPolyline
 90
2
 70
0
 10
34.194754024713994
 20
0.04457281500373789
 10
34.197589115379245
 20
0.04032983530921719
  0
LWPOLYLINE
  5
8CD
330
17
100
AcDbEntity
  8
E-ACERO
100
AcDbPolyline
 90
3
 70
0
 10
34.197589115379245
 20
0.04032983530921719
 10
34.19975805282593
 20
0.0370838165283196
 10
34.201830283354326
 20
0.037495955205706366
  0
LWPOLYLINE
  5
8CE
330
17
100
AcDbEntity
  8
E-ACERO
100
AcDbPolyline
 90
3
 70
0
 10
34.201830283354326
 20
0.037495955205706366
 10
34.21705865859985
 20
0.04052467346191335
 10
34.25297975540161
 20
0.07644577026367116
  0
LWPOLYLINE
  5
8CF
330
17
100
AcDbEntity
  8
E-ACERO
100
AcDbPolyline
 90
3
 70
0
 10
36.22533941268921
 20
-0.16070537567138743
 10
36.17145776748657
 20
-0.21458702087402415
 10
36.166914412490954
 20
-0.23742844956423248
  0
LWPOLYLINE
  5
8D0
330
17
100
AcDbEntity
  8
E-ACERO
100
AcDbPolyline
 90
3
 70
0
 10
36.166914412490954
 20
-0.23742844956423248
 10
36.16629600524902
 20
-0.24053745269775462
 10
36.171166020355805
 20
-0.24379151832213175
  0
LWPOLYLINE
  5
8D1
330
17
100
AcDbEntity
  8
E-ACERO
100
AcDbPolyline
 90
2
 70
0
 10
36.171166020355805
 20
-0.24379151832213175
 10
36.17753050056467
 20
-0.24804416144758257
  0
LWPOLYLINE
  5
8D2
330
17
100
AcDbEntity
  8
E-ACERO
100
AcDbPolyline
 90
13
 70
0
 10
36.17753050056467
 20
-0.24804416144758257
 10
36.18829584121704
 20
-0.25523738861084055
 10
36.3463830947876
 20
-0.25523738861084055
 10
36.363221168518066
 20
-0.24826316833496165
 10
36.3701958656311
 20
-0.2314250946044929
 10
36.3701958656311
 20
0.13142509460449148
 10
36.36322832107544
 20
0.14826316833496023
 10
36.346407413482666
 20
0.15523738861083913
 10
36.18350887298584
 20
0.15523738861083913
 10
36.166687965393066
 20
0.14826316833496023
 10
36.15972089767456
 20
0.13142509460449148
 10
36.15972089767456
 20
-0.22666244506836009
 10
36.166914412490954
 20
-0.23742844956423248
  0
LWPOLYLINE
  5
8D3
330
17
100
AcDbEntity
  8
E-ACERO
100
AcDbPolyline
 90
2
 70
0
 10
36.166914412490954
 20
-0.23742844956423248
 10
36.171166020355805
 20
-0.24379151832213175
  0
LWPOLYLINE
  5
8D4
330
17
100
AcDbEntity
  8
E-ACERO
100
AcDbPolyline
 90
3
 70
0
 10
36.171166020355805
 20
-0.24379151832213175
 10
36.17442083358765
 20
-0.24866275787353587
 10
36.17753050056467
 20
-0.24804416144758257
  0
LWPOLYLINE
  5
8D5
330
17
100
AcDbEntity
  8
E-ACERO
100
AcDbPolyline
 90
3
 70
0
 10
36.17753050056467
 20
-0.24804416144758257
 10
36.20037126541138
 20
-0.24350051879882884
 10
36.254252910614014
 20
-0.18961887359619212
  0
LWPOLYLINE
  5
8D6
330
17
100
AcDbEntity
  8
E-ACERO
100
AcDbPolyline
 90
3
 70
0
 10
36.22533941268921
 20
-0.16070537567138743
 10
36.17145776748657
 20
-0.21458702087402415
 10
36.166914412490954
 20
-0.23742844956423248
  0
LWPOLYLINE
  5
8D7
330
17
100
AcDbEntity
  8
E-ACERO
100
AcDbPolyline
 90
3
 70
0
 10
36.166914412490954
 20
-0.23742844956423248
 10
36.16629600524902
 20
-0.24053745269775462
 10
36.171166020355805
 20
-0.24379151832213175
  0
LWPOLYLINE
  5
8D8
330
17
100
AcDbEntity
  8
E-ACERO
100
AcDbPolyline
 90
2
 70
0
 10
36.171166020355805
 20
-0.24379151832213175
 10
36.17753050056467
 20
-0.24804416144758257
  0
LWPOLYLINE
  5
8D9
330
17
100
AcDbEntity
  8
E-ACERO
100
AcDbPolyline
 90
13
 70
0
 10
36.17753050056467
 20
-0.24804416144758257
 10
36.18829584121704
 20
-0.25523738861084055
 10
36.3463830947876
 20
-0.25523738861084055
 10
36.363221168518066
 20
-0.24826316833496165
 10
36.3701958656311
 20
-0.2314250946044929
 10
36.3701958656311
 20
0.13142509460449148
 10
36.36322832107544
 20
0.14826316833496023
 10
36.346407413482666
 20
0.15523738861083913
 10
36.18350887298584
 20
0.15523738861083913
 10
36.166687965393066
 20
0.14826316833496023
 10
36.15972089767456
 20
0.13142509460449148
 10
36.15972089767456
 20
-0.22666244506836009
 10
36.166914412490954
 20
-0.23742844956423248
  0
LWPOLYLINE
  5
8DA
330
17
100
AcDbEntity
  8
E-ACERO
100
AcDbPolyline
 90
2
 70
0
 10
36.166914412490954
 20
-0.23742844956423248
 10
36.171166020355805
 20
-0.24379151832213175
  0
LWPOLYLINE
  5
8DB
330
17
100
AcDbEntity
  8
E-ACERO
100
AcDbPolyline
 90
3
 70
0
 10
36.171166020355805
 20
-0.24379151832213175
 10
36.17442083358765
 20
-0.24866275787353587
 10
36.17753050056467
 20
-0.24804416144758257
  0
LWPOLYLINE
  5
8DC
330
17
100
AcDbEntity
  8
E-ACERO
100
AcDbPolyline
 90
3
 70
0
 10
36.17753050056467
 20
-0.24804416144758257
 10
36.20037126541138
 20
-0.24350051879882884
 10
36.254252910614014
 20
-0.18961887359619212
  0
LWPOLYLINE
  5
8DD
330
17
100
AcDbEntity
  8
E-ACERO
100
AcDbPolyline
 90
3
 70
0
 10
36.22533941268921
 20
-0.16070537567138743
 10
36.17145776748657
 20
-0.21458702087402415
 10
36.166914412490954
 20
-0.23742844956423248
  0
LWPOLYLINE
  5
8DE
330
17
100
AcDbEntity
  8
E-ACERO
100
AcDbPolyline
 90
3
 70
0
 10
36.166914412490954
 20
-0.23742844956423248
 10
36.16629600524902
 20
-0.24053745269775462
 10
36.171166020355805
 20
-0.24379151832213175
  0
LWPOLYLINE
  5
8DF
330
17
100
AcDbEntity
  8
E-ACERO
100
AcDbPolyline
 90
2
 70
0
 10
36.171166020355805
 20
-0.24379151832213175
 10
36.17753050056467
 20
-0.24804416144758257
  0
LWPOLYLINE
  5
8E0
330
17
100
AcDbEntity
  8
E-ACERO
100
AcDbPolyline
 90
13
 70
0
 10
36.17753050056467
 20
-0.24804416144758257
 10
36.18829584121704
 20
-0.25523738861084055
 10
36.3463830947876
 20
-0.25523738861084055
 10
36.363221168518066
 20
-0.24826316833496165
 10
36.3701958656311
 20
-0.2314250946044929
 10
36.3701958656311
 20
0.13142509460449148
 10
36.36322832107544
 20
0.14826316833496023
 10
36.346407413482666
 20
0.15523738861083913
 10
36.18350887298584
 20
0.15523738861083913
 10
36.166687965393066
 20
0.14826316833496023
 10
36.15972089767456
 20
0.13142509460449148
 10
36.15972089767456
 20
-0.22666244506836009
 10
36.166914412490954
 20
-0.23742844956423248
  0
LWPOLYLINE
  5
8E1
330
17
100
AcDbEntity
  8
E-ACERO
100
AcDbPolyline
 90
2
 70
0
 10
36.166914412490954
 20
-0.23742844956423248
 10
36.171166020355805
 20
-0.24379151832213175
  0
LWPOLYLINE
  5
8E2
330
17
100
AcDbEntity
  8
E-ACERO
100
AcDbPolyline
 90
3
 70
0
 10
36.171166020355805
 20
-0.24379151832213175
 10
36.17442083358765
 20
-0.24866275787353587
 10
36.17753050056467
 20
-0.24804416144758257
  0
LWPOLYLINE
  5
8E3
330
17
100
AcDbEntity
  8
E-ACERO
100
AcDbPolyline
 90
3
 70
0
 10
36.17753050056467
 20
-0.24804416144758257
 10
36.20037126541138
 20
-0.24350051879882884
 10
36.254252910614014
 20
-0.18961887359619212
  0
LWPOLYLINE
  5
8E4
330
17
100
AcDbEntity
  8
E-ACERO
100
AcDbPolyline
 90
3
 70
0
 10
36.22533941268921
 20
-0.16070537567138743
 10
36.17145776748657
 20
-0.21458702087402415
 10
36.166914412490954
 20
-0.23742844956423248
  0
LWPOLYLINE
  5
8E5
330
17
100
AcDbEntity
  8
E-ACERO
100
AcDbPolyline
 90
3
 70
0
 10
36.166914412490954
 20
-0.23742844956423248
 10
36.16629600524902
 20
-0.24053745269775462
 10
36.171166020355805
 20
-0.24379151832213175
  0
LWPOLYLINE
  5
8E6
330
17
100
AcDbEntity
  8
E-ACERO
100
AcDbPolyline
 90
2
 70
0
 10
36.171166020355805
 20
-0.24379151832213175
 10
36.17753050056467
 20
-0.24804416144758257
  0
LWPOLYLINE
  5
8E7
330
17
100
AcDbEntity
  8
E-ACERO
100
AcDbPolyline
 90
13
 70
0
 10
36.17753050056467
 20
-0.24804416144758257
 10
36.18829584121704
 20
-0.25523738861084055
 10
36.3463830947876
 20
-0.25523738861084055
 10
36.363221168518066
 20
-0.24826316833496165
 10
36.3701958656311
 20
-0.2314250946044929
 10
36.3701958656311
 20
0.13142509460449148
 10
36.36322832107544
 20
0.14826316833496023
 10
36.346407413482666
 20
0.15523738861083913
 10
36.18350887298584
 20
0.15523738861083913
 10
36.166687965393066
 20
0.14826316833496023
 10
36.15972089767456
 20
0.13142509460449148
 10
36.15972089767456
 20
-0.22666244506836009
 10
36.166914412490954
 20
-0.23742844956423248
  0
LWPOLYLINE
  5
8E8
330
17
100
AcDbEntity
  8
E-ACERO
100
AcDbPolyline
 90
2
 70
0
 10
36.166914412490954
 20
-0.23742844956423248
 10
36.171166020355805
 20
-0.24379151832213175
  0
LWPOLYLINE
  5
8E9
330
17
100
AcDbEntity
  8
E-ACERO
100
AcDbPolyline
 90
3
 70
0
 10
36.171166020355805
 20
-0.24379151832213175
 10
36.17442083358765
 20
-0.24866275787353587
 10
36.17753050056467
 20
-0.24804416144758257
  0
LWPOLYLINE
  5
8EA
330
17
100
AcDbEntity
  8
E-ACERO
100
AcDbPolyline
 90
3
 70
0
 10
36.17753050056467
 20
-0.24804416144758257
 10
36.20037126541138
 20
-0.24350051879882884
 10
36.254252910614014
 20
-0.18961887359619212
  0
LWPOLYLINE
  5
8EB
330
17
100
AcDbEntity
  8
E-ACERO
100
AcDbPolyline
 90
3
 70
0
 10
36.22533941268921
 20
-0.16070537567138743
 10
36.17145776748657
 20
-0.21458702087402415
 10
36.166914412490954
 20
-0.23742844956423248
  0
LWPOLYLINE
  5
8EC
330
17
100
AcDbEntity
  8
E-ACERO
100
AcDbPolyline
 90
3
 70
0
 10
36.166914412490954
 20
-0.23742844956423248
 10
36.16629600524902
 20
-0.24053745269775462
 10
36.171166020355805
 20
-0.24379151832213175
  0
LWPOLYLINE
  5
8ED
330
17
100
AcDbEntity
  8
E-ACERO
100
AcDbPolyline
 90
2
 70
0
 10
36.171166020355805
 20
-0.24379151832213175
 10
36.17753050056467
 20
-0.24804416144758257
  0
LWPOLYLINE
  5
8EE
330
17
100
AcDbEntity
  8
E-ACERO
100
AcDbPolyline
 90
13
 70
0
 10
36.17753050056467
 20
-0.24804416144758257
 10
36.18829584121704
 20
-0.25523738861084055
 10
36.3463830947876
 20
-0.25523738861084055
 10
36.363221168518066
 20
-0.24826316833496165
 10
36.3701958656311
 20
-0.2314250946044929
 10
36.3701958656311
 20
0.13142509460449148
 10
36.36322832107544
 20
0.14826316833496023
 10
36.346407413482666
 20
0.15523738861083913
 10
36.18350887298584
 20
0.15523738861083913
 10
36.166687965393066
 20
0.14826316833496023
 10
36.15972089767456
 20
0.13142509460449148
 10
36.15972089767456
 20
-0.22666244506836009
 10
36.166914412490954
 20
-0.23742844956423248
  0
LWPOLYLINE
  5
8EF
330
17
100
AcDbEntity
  8
E-ACERO
100
AcDbPolyline
 90
2
 70
0
 10
36.166914412490954
 20
-0.23742844956423248
 10
36.171166020355805
 20
-0.24379151832213175
  0
LWPOLYLINE
  5
8F0
330
17
100
AcDbEntity
  8
E-ACERO
100
AcDbPolyline
 90
3
 70
0
 10
36.171166020355805
 20
-0.24379151832213175
 10
36.17442083358765
 20
-0.24866275787353587
 10
36.17753050056467
 20
-0.24804416144758257
  0
LWPOLYLINE
  5
8F1
330
17
100
AcDbEntity
  8
E-ACERO
100
AcDbPolyline
 90
3
 70
0
 10
36.17753050056467
 20
-0.24804416144758257
 10
36.20037126541138
 20
-0.24350051879882884
 10
36.254252910614014
 20
-0.18961887359619212
  0
LWPOLYLINE
  5
8F2
330
17
100
AcDbEntity
  8
E-ACERO
100
AcDbPolyline
 90
3
 70
0
 10
36.22533941268921
 20
-0.16070537567138743
 10
36.17145776748657
 20
-0.21458702087402415
 10
36.166914412490954
 20
-0.23742844956423248
  0
LWPOLYLINE
  5
8F3
330
17
100
AcDbEntity
  8
E-ACERO
100
AcDbPolyline
 90
3
 70
0
 10
36.166914412490954
 20
-0.23742844956423248
 10
36.16629600524902
 20
-0.24053745269775462
 10
36.171166020355805
 20
-0.24379151832213175
  0
LWPOLYLINE
  5
8F4
330
17
100
AcDbEntity
  8
E-ACERO
100
AcDbPolyline
 90
2
 70
0
 10
36.171166020355805
 20
-0.24379151832213175
 10
36.17753050056467
 20
-0.24804416144758257
  0
LWPOLYLINE
  5
8F5
330
17
100
AcDbEntity
  8
E-ACERO
100
AcDbPolyline
 90
13
 70
0
 10
36.17753050056467
 20
-0.24804416144758257
 10
36.18829584121704
 20
-0.25523738861084055
 10
36.3463830947876
 20
-0.25523738861084055
 10
36.363221168518066
 20
-0.24826316833496165
 10
36.3701958656311
 20
-0.2314250946044929
 10
36.3701958656311
 20
0.13142509460449148
 10
36.36322832107544
 20
0.14826316833496023
 10
36.346407413482666
 20
0.15523738861083913
 10
36.18350887298584
 20
0.15523738861083913
 10
36.166687965393066
 20
0.14826316833496023
 10
36.15972089767456
 20
0.13142509460449148
 10
36.15972089767456
 20
-0.22666244506836009
 10
36.166914412490954
 20
-0.23742844956423248
  0
LWPOLYLINE
  5
8F6
330
17
100
AcDbEntity
  8
E-ACERO
100
AcDbPolyline
 90
2
 70
0
 10
36.166914412490954
 20
-0.23742844956423248
 10
36.171166020355805
 20
-0.24379151832213175
  0
LWPOLYLINE
  5
8F7
330
17
100
AcDbEntity
  8
E-ACERO
100
AcDbPolyline
 90
3
 70
0
 10
36.171166020355805
 20
-0.24379151832213175
 10
36.17442083358765
 20
-0.24866275787353587
 10
36.17753050056467
 20
-0.24804416144758257
  0
LWPOLYLINE
  5
8F8
330
17
100
AcDbEntity
  8
E-ACERO
100
AcDbPolyline
 90
3
 70
0
 10
36.17753050056467
 20
-0.24804416144758257
 10
36.20037126541138
 20
-0.24350051879882884
 10
36.254252910614014
 20
-0.18961887359619212
  0
LWPOLYLINE
  5
8F9
330
17
100
AcDbEntity
  8
E-ACERO
100
AcDbPolyline
 90
3
 70
0
 10
36.22533941268921
 20
-0.16070537567138743
 10
36.17145776748657
 20
-0.21458702087402415
 10
36.166914412490954
 20
-0.23742844956423248
  0
LWPOLYLINE
  5
8FA
330
17
100
AcDbEntity
  8
E-ACERO
100
AcDbPolyline
 90
3
 70
0
 10
36.166914412490954
 20
-0.23742844956423248
 10
36.16629600524902
 20
-0.24053745269775462
 10
36.171166020355805
 20
-0.24379151832213175
  0
LWPOLYLINE
  5
8FB
330
17
100
AcDbEntity
  8
E-ACERO
100
AcDbPolyline
 90
2
 70
0
 10
36.171166020355805
 20
-0.24379151832213175
 10
36.17753050056467
 20
-0.24804416144758257
  0
LWPOLYLINE
  5
8FC
330
17
100
AcDbEntity
  8
E-ACERO
100
AcDbPolyline
 90
13
 70
0
 10
36.17753050056467
 20
-0.24804416144758257
 10
36.18829584121704
 20
-0.25523738861084055
 10
36.3463830947876
 20
-0.25523738861084055
 10
36.363221168518066
 20
-0.24826316833496165
 10
36.3701958656311
 20
-0.2314250946044929
 10
36.3701958656311
 20
0.13142509460449148
 10
36.36322832107544
 20
0.14826316833496023
 10
36.346407413482666
 20
0.15523738861083913
 10
36.18350887298584
 20
0.15523738861083913
 10
36.166687965393066
 20
0.14826316833496023
 10
36.15972089767456
 20
0.13142509460449148
 10
36.15972089767456
 20
-0.22666244506836009
 10
36.166914412490954
 20
-0.23742844956423248
  0
LWPOLYLINE
  5
8FD
330
17
100
AcDbEntity
  8
E-ACERO
100
AcDbPolyline
 90
2
 70
0
 10
36.166914412490954
 20
-0.23742844956423248
 10
36.171166020355805
 20
-0.24379151832213175
  0
LWPOLYLINE
  5
8FE
330
17
100
AcDbEntity
  8
E-ACERO
100
AcDbPolyline
 90
3
 70
0
 10
36.171166020355805
 20
-0.24379151832213175
 10
36.17442083358765
 20
-0.24866275787353587
 10
36.17753050056467
 20
-0.24804416144758257
  0
LWPOLYLINE
  5
8FF
330
17
100
AcDbEntity
  8
E-ACERO
100
AcDbPolyline
 90
3
 70
0
 10
36.17753050056467
 20
-0.24804416144758257
 10
36.20037126541138
 20
-0.24350051879882884
 10
36.254252910614014
 20
-0.18961887359619212
  0
LWPOLYLINE
  5
900
330
17
100
AcDbEntity
  8
E-ACERO
100
AcDbPolyline
 90
3
 70
0
 10
36.22533941268921
 20
-0.16070537567138743
 10
36.17145776748657
 20
-0.21458702087402415
 10
36.166914412490954
 20
-0.23742844956423248
  0
LWPOLYLINE
  5
901
330
17
100
AcDbEntity
  8
E-ACERO
100
AcDbPolyline
 90
3
 70
0
 10
36.166914412490954
 20
-0.23742844956423248
 10
36.16629600524902
 20
-0.24053745269775462
 10
36.171166020355805
 20
-0.24379151832213175
  0
LWPOLYLINE
  5
902
330
17
100
AcDbEntity
  8
E-ACERO
100
AcDbPolyline
 90
2
 70
0
 10
36.171166020355805
 20
-0.24379151832213175
 10
36.17753050056467
 20
-0.24804416144758257
  0
LWPOLYLINE
  5
903
330
17
100
AcDbEntity
  8
E-ACERO
100
AcDbPolyline
 90
13
 70
0
 10
36.17753050056467
 20
-0.24804416144758257
 10
36.18829584121704
 20
-0.25523738861084055
 10
36.3463830947876
 20
-0.25523738861084055
 10
36.363221168518066
 20
-0.24826316833496165
 10
36.3701958656311
 20
-0.2314250946044929
 10
36.3701958656311
 20
0.13142509460449148
 10
36.36322832107544
 20
0.14826316833496023
 10
36.346407413482666
 20
0.15523738861083913
 10
36.18350887298584
 20
0.15523738861083913
 10
36.166687965393066
 20
0.14826316833496023
 10
36.15972089767456
 20
0.13142509460449148
 10
36.15972089767456
 20
-0.22666244506836009
 10
36.166914412490954
 20
-0.23742844956423248
  0
LWPOLYLINE
  5
904
330
17
100
AcDbEntity
  8
E-ACERO
100
AcDbPolyline
 90
2
 70
0
 10
36.166914412490954
 20
-0.23742844956423248
 10
36.171166020355805
 20
-0.24379151832213175
  0
LWPOLYLINE
  5
905
330
17
100
AcDbEntity
  8
E-ACERO
100
AcDbPolyline
 90
3
 70
0
 10
36.171166020355805
 20
-0.24379151832213175
 10
36.17442083358765
 20
-0.24866275787353587
 10
36.17753050056467
 20
-0.24804416144758257
  0
LWPOLYLINE
  5
906
330
17
100
AcDbEntity
  8
E-ACERO
100
AcDbPolyline
 90
3
 70
0
 10
36.17753050056467
 20
-0.24804416144758257
 10
36.20037126541138
 20
-0.24350051879882884
 10
36.254252910614014
 20
-0.18961887359619212
  0
LWPOLYLINE
  5
907
330
17
100
AcDbEntity
  8
E-ACERO
100
AcDbPolyline
 90
3
 70
0
 10
36.22533941268921
 20
-0.16070537567138743
 10
36.17145776748657
 20
-0.21458702087402415
 10
36.166914412490954
 20
-0.23742844956423248
  0
LWPOLYLINE
  5
908
330
17
100
AcDbEntity
  8
E-ACERO
100
AcDbPolyline
 90
3
 70
0
 10
36.166914412490954
 20
-0.23742844956423248
 10
36.16629600524902
 20
-0.24053745269775462
 10
36.171166020355805
 20
-0.24379151832213175
  0
LWPOLYLINE
  5
909
330
17
100
AcDbEntity
  8
E-ACERO
100
AcDbPolyline
 90
2
 70
0
 10
36.171166020355805
 20
-0.24379151832213175
 10
36.17753050056467
 20
-0.24804416144758257
  0
LWPOLYLINE
  5
90A
330
17
100
AcDbEntity
  8
E-ACERO
100
AcDbPolyline
 90
13
 70
0
 10
36.17753050056467
 20
-0.24804416144758257
 10
36.18829584121704
 20
-0.25523738861084055
 10
36.3463830947876
 20
-0.25523738861084055
 10
36.363221168518066
 20
-0.24826316833496165
 10
36.3701958656311
 20
-0.2314250946044929
 10
36.3701958656311
 20
0.13142509460449148
 10
36.36322832107544
 20
0.14826316833496023
 10
36.346407413482666
 20
0.15523738861083913
 10
36.18350887298584
 20
0.15523738861083913
 10
36.166687965393066
 20
0.14826316833496023
 10
36.15972089767456
 20
0.13142509460449148
 10
36.15972089767456
 20
-0.22666244506836009
 10
36.166914412490954
 20
-0.23742844956423248
  0
LWPOLYLINE
  5
90B
330
17
100
AcDbEntity
  8
E-ACERO
100
AcDbPolyline
 90
2
 70
0
 10
36.166914412490954
 20
-0.23742844956423248
 10
36.171166020355805
 20
-0.24379151832213175
  0
LWPOLYLINE
  5
90C
330
17
100
AcDbEntity
  8
E-ACERO
100
AcDbPolyline
 90
3
 70
0
 10
36.171166020355805
 20
-0.24379151832213175
 10
36.17442083358765
 20
-0.24866275787353587
 10
36.17753050056467
 20
-0.24804416144758257
  0
LWPOLYLINE
  5
90D
330
17
100
AcDbEntity
  8
E-ACERO
100
AcDbPolyline
 90
3
 70
0
 10
36.17753050056467
 20
-0.24804416144758257
 10
36.20037126541138
 20
-0.24350051879882884
 10
36.254252910614014
 20
-0.18961887359619212
  0
LWPOLYLINE
  5
90E
330
17
100
AcDbEntity
  8
E-ACERO
100
AcDbPolyline
 90
3
 70
0
 10
36.22533941268921
 20
-0.16070537567138743
 10
36.17145776748657
 20
-0.21458702087402415
 10
36.166914412490954
 20
-0.23742844956423248
  0
LWPOLYLINE
  5
90F
330
17
100
AcDbEntity
  8
E-ACERO
100
AcDbPolyline
 90
3
 70
0
 10
36.166914412490954
 20
-0.23742844956423248
 10
36.16629600524902
 20
-0.24053745269775462
 10
36.171166020355805
 20
-0.24379151832213175
  0
LWPOLYLINE
  5
910
330
17
100
AcDbEntity
  8
E-ACERO
100
AcDbPolyline
 90
2
 70
0
 10
36.171166020355805
 20
-0.24379151832213175
 10
36.17753050056467
 20
-0.24804416144758257
  0
LWPOLYLINE
  5
911
330
17
100
AcDbEntity
  8
E-ACERO
100
AcDbPolyline
 90
13
 70
0
 10
36.17753050056467
 20
-0.24804416144758257
 10
36.18829584121704
 20
-0.25523738861084055
 10
36.3463830947876
 20
-0.25523738861084055
 10
36.363221168518066
 20
-0.24826316833496165
 10
36.3701958656311
 20
-0.2314250946044929
 10
36.3701958656311
 20
0.13142509460449148
 10
36.36322832107544
 20
0.14826316833496023
 10
36.346407413482666
 20
0.15523738861083913
 10
36.18350887298584
 20
0.15523738861083913
 10
36.166687965393066
 20
0.14826316833496023
 10
36.15972089767456
 20
0.13142509460449148
 10
36.15972089767456
 20
-0.22666244506836009
 10
36.166914412490954
 20
-0.23742844956423248
  0
LWPOLYLINE
  5
912
330
17
100
AcDbEntity
  8
E-ACERO
100
AcDbPolyline
 90
2
 70
0
 10
36.166914412490954
 20
-0.23742844956423248
 10
36.171166020355805
 20
-0.24379151832213175
  0
LWPOLYLINE
  5
913
330
17
100
AcDbEntity
  8
E-ACERO
100
AcDbPolyline
 90
3
 70
0
 10
36.171166020355805
 20
-0.24379151832213175
 10
36.17442083358765
 20
-0.24866275787353587
 10
36.17753050056467
 20
-0.24804416144758257
  0
LWPOLYLINE
  5
914
330
17
100
AcDbEntity
  8
E-ACERO
100
AcDbPolyline
 90
3
 70
0
 10
36.17753050056467
 20
-0.24804416144758257
 10
36.20037126541138
 20
-0.24350051879882884
 10
36.254252910614014
 20
-0.18961887359619212
  0
LWPOLYLINE
  5
915
330
17
100
AcDbEntity
  8
E-ACERO
100
AcDbPolyline
 90
3
 70
0
 10
36.22533941268921
 20
-0.16070537567138743
 10
36.17145776748657
 20
-0.21458702087402415
 10
36.166914412490954
 20
-0.23742844956423248
  0
LWPOLYLINE
  5
916
330
17
100
AcDbEntity
  8
E-ACERO
100
AcDbPolyline
 90
3
 70
0
 10
36.166914412490954
 20
-0.23742844956423248
 10
36.16629600524902
 20
-0.24053745269775462
 10
36.171166020355805
 20
-0.24379151832213175
  0
LWPOLYLINE
  5
917
330
17
100
AcDbEntity
  8
E-ACERO
100
AcDbPolyline
 90
2
 70
0
 10
36.171166020355805
 20
-0.24379151832213175
 10
36.17753050056467
 20
-0.24804416144758257
  0
LWPOLYLINE
  5
918
330
17
100
AcDbEntity
  8
E-ACERO
100
AcDbPolyline
 90
13
 70
0
 10
36.17753050056467
 20
-0.24804416144758257
 10
36.18829584121704
 20
-0.25523738861084055
 10
36.3463830947876
 20
-0.25523738861084055
 10
36.363221168518066
 20
-0.24826316833496165
 10
36.3701958656311
 20
-0.2314250946044929
 10
36.3701958656311
 20
0.13142509460449148
 10
36.36322832107544
 20
0.14826316833496023
 10
36.346407413482666
 20
0.15523738861083913
 10
36.18350887298584
 20
0.15523738861083913
 10
36.166687965393066
 20
0.14826316833496023
 10
36.15972089767456
 20
0.13142509460449148
 10
36.15972089767456
 20
-0.22666244506836009
 10
36.166914412490954
 20
-0.23742844956423248
  0
LWPOLYLINE
  5
919
330
17
100
AcDbEntity
  8
E-ACERO
100
AcDbPolyline
 90
2
 70
0
 10
36.166914412490954
 20
-0.23742844956423248
 10
36.171166020355805
 20
-0.24379151832213175
  0
LWPOLYLINE
  5
91A
330
17
100
AcDbEntity
  8
E-ACERO
100
AcDbPolyline
 90
3
 70
0
 10
36.171166020355805
 20
-0.24379151832213175
 10
36.17442083358765
 20
-0.24866275787353587
 10
36.17753050056467
 20
-0.24804416144758257
  0
LWPOLYLINE
  5
91B
330
17
100
AcDbEntity
  8
E-ACERO
100
AcDbPolyline
 90
3
 70
0
 10
36.17753050056467
 20
-0.24804416144758257
 10
36.20037126541138
 20
-0.24350051879882884
 10
36.254252910614014
 20
-0.18961887359619212
  0
LWPOLYLINE
  5
91C
330
17
100
AcDbEntity
  8
E-ACERO
100
AcDbPolyline
 90
3
 70
0
 10
36.22533941268921
 20
-0.16070537567138743
 10
36.17145776748657
 20
-0.21458702087402415
 10
36.166914412490954
 20
-0.23742844956423248
  0
LWPOLYLINE
  5
91D
330
17
100
AcDbEntity
  8
E-ACERO
100
AcDbPolyline
 90
3
 70
0
 10
36.166914412490954
 20
-0.23742844956423248
 10
36.16629600524902
 20
-0.24053745269775462
 10
36.171166020355805
 20
-0.24379151832213175
  0
LWPOLYLINE
  5
91E
330
17
100
AcDbEntity
  8
E-ACERO
100
AcDbPolyline
 90
2
 70
0
 10
36.171166020355805
 20
-0.24379151832213175
 10
36.17753050056467
 20
-0.24804416144758257
  0
LWPOLYLINE
  5
91F
330
17
100
AcDbEntity
  8
E-ACERO
100
AcDbPolyline
 90
13
 70
0
 10
36.17753050056467
 20
-0.24804416144758257
 10
36.18829584121704
 20
-0.25523738861084055
 10
36.3463830947876
 20
-0.25523738861084055
 10
36.363221168518066
 20
-0.24826316833496165
 10
36.3701958656311
 20
-0.2314250946044929
 10
36.3701958656311
 20
0.13142509460449148
 10
36.36322832107544
 20
0.14826316833496023
 10
36.346407413482666
 20
0.15523738861083913
 10
36.18350887298584
 20
0.15523738861083913
 10
36.166687965393066
 20
0.14826316833496023
 10
36.15972089767456
 20
0.13142509460449148
 10
36.15972089767456
 20
-0.22666244506836009
 10
36.166914412490954
 20
-0.23742844956423248
  0
LWPOLYLINE
  5
920
330
17
100
AcDbEntity
  8
E-ACERO
100
AcDbPolyline
 90
2
 70
0
 10
36.166914412490954
 20
-0.23742844956423248
 10
36.171166020355805
 20
-0.24379151832213175
  0
LWPOLYLINE
  5
921
330
17
100
AcDbEntity
  8
E-ACERO
100
AcDbPolyline
 90
3
 70
0
 10
36.171166020355805
 20
-0.24379151832213175
 10
36.17442083358765
 20
-0.24866275787353587
 10
36.17753050056467
 20
-0.24804416144758257
  0
LWPOLYLINE
  5
922
330
17
100
AcDbEntity
  8
E-ACERO
100
AcDbPolyline
 90
3
 70
0
 10
36.17753050056467
 20
-0.24804416144758257
 10
36.20037126541138
 20
-0.24350051879882884
 10
36.254252910614014
 20
-0.18961887359619212
  0
LWPOLYLINE
  5
923
330
17
100
AcDbEntity
  8
E-ACERO
100
AcDbPolyline
 90
3
 70
0
 10
36.22533941268921
 20
-0.16070537567138743
 10
36.17145776748657
 20
-0.21458702087402415
 10
36.166914412490954
 20
-0.23742844956423248
  0
LWPOLYLINE
  5
924
330
17
100
AcDbEntity
  8
E-ACERO
100
AcDbPolyline
 90
3
 70
0
 10
36.166914412490954
 20
-0.23742844956423248
 10
36.16629600524902
 20
-0.24053745269775462
 10
36.171166020355805
 20
-0.24379151832213175
  0
LWPOLYLINE
  5
925
330
17
100
AcDbEntity
  8
E-ACERO
100
AcDbPolyline
 90
2
 70
0
 10
36.171166020355805
 20
-0.24379151832213175
 10
36.17753050056467
 20
-0.24804416144758257
  0
LWPOLYLINE
  5
926
330
17
100
AcDbEntity
  8
E-ACERO
100
AcDbPolyline
 90
13
 70
0
 10
36.17753050056467
 20
-0.24804416144758257
 10
36.18829584121704
 20
-0.25523738861084055
 10
36.3463830947876
 20
-0.25523738861084055
 10
36.363221168518066
 20
-0.24826316833496165
 10
36.3701958656311
 20
-0.2314250946044929
 10
36.3701958656311
 20
0.13142509460449148
 10
36.36322832107544
 20
0.14826316833496023
 10
36.346407413482666
 20
0.15523738861083913
 10
36.18350887298584
 20
0.15523738861083913
 10
36.166687965393066
 20
0.14826316833496023
 10
36.15972089767456
 20
0.13142509460449148
 10
36.15972089767456
 20
-0.22666244506836009
 10
36.166914412490954
 20
-0.23742844956423248
  0
LWPOLYLINE
  5
927
330
17
100
AcDbEntity
  8
E-ACERO
100
AcDbPolyline
 90
2
 70
0
 10
36.166914412490954
 20
-0.23742844956423248
 10
36.171166020355805
 20
-0.24379151832213175
  0
LWPOLYLINE
  5
928
330
17
100
AcDbEntity
  8
E-ACERO
100
AcDbPolyline
 90
3
 70
0
 10
36.171166020355805
 20
-0.24379151832213175
 10
36.17442083358765
 20
-0.24866275787353587
 10
36.17753050056467
 20
-0.24804416144758257
  0
LWPOLYLINE
  5
929
330
17
100
AcDbEntity
  8
E-ACERO
100
AcDbPolyline
 90
3
 70
0
 10
36.17753050056467
 20
-0.24804416144758257
 10
36.20037126541138
 20
-0.24350051879882884
 10
36.254252910614014
 20
-0.18961887359619212
  0
LWPOLYLINE
  5
92A
330
17
100
AcDbEntity
  8
E-ACERO
100
AcDbPolyline
 90
3
 70
0
 10
36.22533941268921
 20
-0.16070537567138743
 10
36.17145776748657
 20
-0.21458702087402415
 10
36.166914412490954
 20
-0.23742844956423248
  0
LWPOLYLINE
  5
92B
330
17
100
AcDbEntity
  8
E-ACERO
100
AcDbPolyline
 90
3
 70
0
 10
36.166914412490954
 20
-0.23742844956423248
 10
36.16629600524902
 20
-0.24053745269775462
 10
36.171166020355805
 20
-0.24379151832213175
  0
LWPOLYLINE
  5
92C
330
17
100
AcDbEntity
  8
E-ACERO
100
AcDbPolyline
 90
2
 70
0
 10
36.171166020355805
 20
-0.24379151832213175
 10
36.17753050056467
 20
-0.24804416144758257
  0
LWPOLYLINE
  5
92D
330
17
100
AcDbEntity
  8
E-ACERO
100
AcDbPolyline
 90
13
 70
0
 10
36.17753050056467
 20
-0.24804416144758257
 10
36.18829584121704
 20
-0.25523738861084055
 10
36.3463830947876
 20
-0.25523738861084055
 10
36.363221168518066
 20
-0.24826316833496165
 10
36.3701958656311
 20
-0.2314250946044929
 10
36.3701958656311
 20
0.13142509460449148
 10
36.36322832107544
 20
0.14826316833496023
 10
36.346407413482666
 20
0.15523738861083913
 10
36.18350887298584
 20
0.15523738861083913
 10
36.166687965393066
 20
0.14826316833496023
 10
36.15972089767456
 20
0.13142509460449148
 10
36.15972089767456
 20
-0.22666244506836009
 10
36.166914412490954
 20
-0.23742844956423248
  0
LWPOLYLINE
  5
92E
330
17
100
AcDbEntity
  8
E-ACERO
100
AcDbPolyline
 90
2
 70
0
 10
36.166914412490954
 20
-0.23742844956423248
 10
36.171166020355805
 20
-0.24379151832213175
  0
LWPOLYLINE
  5
92F
330
17
100
AcDbEntity
  8
E-ACERO
100
AcDbPolyline
 90
3
 70
0
 10
36.171166020355805
 20
-0.24379151832213175
 10
36.17442083358765
 20
-0.24866275787353587
 10
36.17753050056467
 20
-0.24804416144758257
  0
LWPOLYLINE
  5
930
330
17
100
AcDbEntity
  8
E-ACERO
100
AcDbPolyline
 90
3
 70
0
 10
36.17753050056467
 20
-0.24804416144758257
 10
36.20037126541138
 20
-0.24350051879882884
 10
36.254252910614014
 20
-0.18961887359619212
  0
CIRCLE
  5
931
330
17
100
AcDbEntity
  8
E-ACERO
100
AcDbCircle
 10
36.26495838165283
 20
0.14094999999999835
 30
0.0
 40
0.00953
  0
HATCH
  5
932
330
17
100
AcDbEntity
  8
E-ACERO
100
AcDbHatch
 10
0.0
 20
0.0
 30
0.0
210
0.0
220
0.0
230
1.0
  2
SOLID
 70
1
 71
0
 91
1
 92
1
 93
1
 72
2
 10
36.26495838165283
 20
0.14094999999999835
 40
0.00953
 50
0
 51
360
 73
1
 97
0
 75
0
 76
1
 98
0
  0
CIRCLE
  5
933
330
17
100
AcDbEntity
  8
E-ACERO
100
AcDbCircle
 10
36.23464171498617
 20
-0.24095000000000155
 30
0.0
 40
0.00953
  0
HATCH
  5
934
330
17
100
AcDbEntity
  8
E-ACERO
100
AcDbHatch
 10
0.0
 20
0.0
 30
0.0
210
0.0
220
0.0
230
1.0
  2
SOLID
 70
1
 71
0
 91
1
 92
1
 93
1
 72
2
 10
36.23464171498617
 20
-0.24095000000000155
 40
0.00953
 50
0
 51
360
 73
1
 97
0
 75
0
 76
1
 98
0
  0
CIRCLE
  5
935
330
17
100
AcDbEntity
  8
E-ACERO
100
AcDbCircle
 10
36.35590838165283
 20
-0.24095000000000155
 30
0.0
 40
0.00953
  0
HATCH
  5
936
330
17
100
AcDbEntity
  8
E-ACERO
100
AcDbHatch
 10
0.0
 20
0.0
 30
0.0
210
0.0
220
0.0
230
1.0
  2
SOLID
 70
1
 71
0
 91
1
 92
1
 93
1
 72
2
 10
36.35590838165283
 20
-0.24095000000000155
 40
0.00953
 50
0
 51
360
 73
1
 97
0
 75
0
 76
1
 98
0
  0
LINE
  5
937
330
17
100
AcDbEntity
  8
E-EJES
  6
EJE20
100
AcDbLine
 10
36.26495830078157
 20
-0.5500000000000007
 30
0.0
 11
36.26495830078157
 21
0.25
 31
0.0
  0
CIRCLE
  5
938
330
17
100
AcDbEntity
  8
E-EJES-ID
100
AcDbCircle
 10
36.26495830078157
 20
-0.6300000000000008
 30
0.0
 40
0.08
  0
TEXT
  5
939
330
17
100
AcDbEntity
  8
E-EJES-ID
100
AcDbText
 10
36.26495830078157
 20
-0.6300000000000008
 30
0.0
 40
0.06
  1
N-2
  7
ARIAL
 41
0.8
 72
1
 11
36.26495830078157
 21
-0.6300000000000008
 31
0.0
100
AcDbText
 73
2
  0
DIMENSION
  5
93A
330
17
100
AcDbEntity
  8
E-COTA
100
AcDbDimension
280
0
  2
*D75
  3
COTA20
 10
34.16495809555054
 20
-0.08000000000000007
 30
0.0
 11
34.31495809555054
 21
-0.05000000000000007
 31
0.0
 70
32
 71
5
  1
<>
100
AcDbAlignedDimension
 13
34.16495809555054
 23
0.0
 33
0.0
 14
34.464958095550536
 24
0.0
 34
0.0
 50
0.0
100
AcDbRotatedDimension
1001
ACAD
1000
DSTYLE
1002
{
1070
271
1070
2
1002
}
  0
DIMENSION
  5
949
330
17
100
AcDbEntity
  8
E-COTA
100
AcDbDimension
280
0
  2
*D76
  3
COTA20
 10
34.464958095550536
 20
-0.08000000000000007
 30
0.0
 11
34.614979047775265
 21
-0.05000000000000007
 31
0.0
 70
32
 71
5
  1
<>
100
AcDbAlignedDimension
 13
34.464958095550536
 23
0.0
 33
0.0
 14
34.765
 24
0.0
 34
0.0
 50
0.0
100
AcDbRotatedDimension
1001
ACAD
1000
DSTYLE
1002
{
1070
271
1070
2
1002
}
  0
DIMENSION
  5
958
330
17
100
AcDbEntity
  8
E-COTA
100
AcDbDimension
280
0
  2
*D77
  3
COTA20
 10
34.865
 20
-0.08000000000000007
 30
0.0
 11
35.015
 21
-0.05000000000000007
 31
0.0
 70
32
 71
5
  1
<>
100
AcDbAlignedDimension
 13
34.865
 23
0.0
 33
0.0
 14
35.165
 24
0.0
 34
0.0
 50
0.0
100
AcDbRotatedDimension
1001
ACAD
1000
DSTYLE
1002
{
1070
271
1070
2
1002
}
  0
DIMENSION
  5
967
330
17
100
AcDbEntity
  8
E-COTA
100
AcDbDimension
280
0
  2
*D78
  3
COTA20
 10
34.765
 20
-0.17999999999999972
 30
0.0
 11
34.815
 21
-0.12599999999999972
 31
0.0
 70
32
 71
5
  1
<>
100
AcDbAlignedDimension
 13
34.765
 23
0.0
 33
0.0
 14
34.865
 24
0.0
 34
0.0
 50
0.0
100
AcDbRotatedDimension
1001
ACAD
1000
DSTYLE
1002
{
1070
271
1070
2
1002
}
  0
DIMENSION
  5
976
330
17
100
AcDbEntity
  8
E-COTA
100
AcDbDimension
280
0
  2
*D79
  3
COTA20
 10
35.665
 20
-0.08000000000000007
 30
0.0
 11
35.889979150390786
 21
-0.05000000000000007
 31
0.0
 70
32
 71
5
  1
<>
100
AcDbAlignedDimension
 13
35.665
 23
0.0
 33
0.0
 14
36.114958300781566
 24
0.0
 34
0.0
 50
0.0
100
AcDbRotatedDimension
1001
ACAD
1000
DSTYLE
1002
{
1070
271
1070
2
1002
}
  0
DIMENSION
  5
985
330
17
100
AcDbEntity
  8
E-COTA
100
AcDbDimension
280
0
  2
*D80
  3
COTA20
 10
36.87495830078157
 20
0.0
 30
0.0
 11
36.84495830078157
 21
0.09999999999999964
 31
0.0
 70
32
 71
5
  1
<>
100
AcDbAlignedDimension
 13
36.67495830078157
 23
0.0
 33
0.0
 14
36.67495830078157
 24
0.1999999999999993
 34
0.0
 50
90.0
100
AcDbRotatedDimension
1001
ACAD
1000
DSTYLE
1002
{
1070
271
1070
2
1002
}
  0
LWPOLYLINE
  5
994
330
17
100
AcDbEntity
  8
E-TEXTO
100
AcDbPolyline
 90
3
 70
0
 10
35.215
 20
0.07000000000000028
 10
35.335
 20
-0.2599999999999998
 10
35.375
 20
-0.2599999999999998
  0
CIRCLE
  5
995
330
17
100
AcDbEntity
  8
E-TEXTO
100
AcDbCircle
 10
35.215
 20
0.07000000000000028
 30
0.0
 40
0.01
  0
HATCH
  5
996
330
17
100
AcDbEntity
  8
E-TEXTO
100
AcDbHatch
 10
0.0
 20
0.0
 30
0.0
210
0.0
220
0.0
230
1.0
  2
SOLID
 70
1
 71
0
 91
1
 92
1
 93
1
 72
2
 10
35.215
 20
0.07000000000000028
 40
0.01
 50
0
 51
360
 73
1
 97
0
 75
0
 76
1
 98
0
  0
TEXT
  5
997
330
17
100
AcDbEntity
  8
E-TEXTO
100
AcDbText
 10
35.391
 20
-0.2599999999999998
 30
0.0
 40
0.034
  1
vigueta 0.10
  7
ARIAL
 41
0.9
 11
35.391
 21
-0.2599999999999998
 31
0.0
100
AcDbText
 73
2
  0
LWPOLYLINE
  5
998
330
17
100
AcDbEntity
  8
E-TEXTO
100
AcDbPolyline
 90
3
 70
0
 10
35.465
 20
0.05000000000000071
 10
35.665
 20
0.5
 10
35.705
 20
0.5
  0
CIRCLE
  5
999
330
17
100
AcDbEntity
  8
E-TEXTO
100
AcDbCircle
 10
35.465
 20
0.05000000000000071
 30
0.0
 40
0.01
  0
HATCH
  5
99A
330
17
100
AcDbEntity
  8
E-TEXTO
100
AcDbHatch
 10
0.0
 20
0.0
 30
0.0
210
0.0
220
0.0
230
1.0
  2
SOLID
 70
1
 71
0
 91
1
 92
1
 93
1
 72
2
 10
35.465
 20
0.05000000000000071
 40
0.01
 50
0
 51
360
 73
1
 97
0
 75
0
 76
1
 98
0
  0
TEXT
  5
99B
330
17
100
AcDbEntity
  8
E-TEXTO
100
AcDbText
 10
35.721000000000004
 20
0.5
 30
0.0
 40
0.034
  1
bloque 0.30 x 0.15
  7
ARIAL
 41
0.9
 11
35.721000000000004
 21
0.5
 31
0.0
100
AcDbText
 73
2
  0
LWPOLYLINE
  5
99C
330
17
100
AcDbEntity
  8
E-TEXTO
100
AcDbPolyline
 90
3
 70
0
 10
34.01495809555054
 20
0.17499999999999893
 10
34.044958095550534
 20
0.41999999999999993
 10
34.004958095550535
 20
0.41999999999999993
  0
CIRCLE
  5
99D
330
17
100
AcDbEntity
  8
E-TEXTO
100
AcDbCircle
 10
34.01495809555054
 20
0.17499999999999893
 30
0.0
 40
0.01
  0
HATCH
  5
99E
330
17
100
AcDbEntity
  8
E-TEXTO
100
AcDbHatch
 10
0.0
 20
0.0
 30
0.0
210
0.0
220
0.0
230
1.0
  2
SOLID
 70
1
 71
0
 91
1
 92
1
 93
1
 72
2
 10
34.01495809555054
 20
0.17499999999999893
 40
0.01
 50
0
 51
360
 73
1
 97
0
 75
0
 76
1
 98
0
  0
TEXT
  5
99F
330
17
100
AcDbEntity
  8
E-TEXTO
100
AcDbText
 10
33.98895809555054
 20
0.41999999999999993
 30
0.0
 40
0.034
  1
losita 0.05
  7
ARIAL
 41
0.9
 72
2
 11
33.98895809555054
 21
0.41999999999999993
 31
0.0
100
AcDbText
 73
2
  0
LWPOLYLINE
  5
9A0
330
17
100
AcDbEntity
  8
E-ACERO-TXT
100
AcDbPolyline
 90
3
 70
0
 10
34.815
 20
0.031000000000000583
 10
34.765
 20
-0.2599999999999998
 10
34.725
 20
-0.2599999999999998
  0
CIRCLE
  5
9A1
330
17
100
AcDbEntity
  8
E-ACERO-TXT
100
AcDbCircle
 10
34.815
 20
0.031000000000000583
 30
0.0
 40
0.01
  0
HATCH
  5
9A2
330
17
100
AcDbEntity
  8
E-ACERO-TXT
100
AcDbHatch
 10
0.0
 20
0.0
 30
0.0
210
0.0
220
0.0
230
1.0
  2
SOLID
 70
1
 71
0
 91
1
 92
1
 93
1
 72
2
 10
34.815
 20
0.031000000000000583
 40
0.01
 50
0
 51
360
 73
1
 97
0
 75
0
 76
1
 98
0
  0
TEXT
  5
9A3
330
17
100
AcDbEntity
  8
E-ACERO-TXT
100
AcDbText
 10
34.709
 20
-0.2599999999999998
 30
0.0
 40
0.034
  1
1Ø1/2" inf. (V1)
  7
ARIAL
 41
0.9
 72
2
 11
34.709
 21
-0.2599999999999998
 31
0.0
100
AcDbText
 73
2
  0
LWPOLYLINE
  5
9A4
330
17
100
AcDbEntity
  8
E-ACERO-TXT
100
AcDbPolyline
 90
3
 70
0
 10
34.31495809555054
 20
0.09999999999999964
 10
34.364958095550534
 20
0.3199999999999985
 10
34.40495809555054
 20
0.3199999999999985
  0
CIRCLE
  5
9A5
330
17
100
AcDbEntity
  8
E-ACERO-TXT
100
AcDbCircle
 10
34.31495809555054
 20
0.09999999999999964
 30
0.0
 40
0.01
  0
HATCH
  5
9A6
330
17
100
AcDbEntity
  8
E-ACERO-TXT
100
AcDbHatch
 10
0.0
 20
0.0
 30
0.0
210
0.0
220
0.0
230
1.0
  2
SOLID
 70
1
 71
0
 91
1
 92
1
 93
1
 72
2
 10
34.31495809555054
 20
0.09999999999999964
 40
0.01
 50
0
 51
360
 73
1
 97
0
 75
0
 76
1
 98
0
  0
TEXT
  5
9A7
330
17
100
AcDbEntity
  8
E-ACERO-TXT
100
AcDbText
 10
34.42095809555054
 20
0.3199999999999985
 30
0.0
 40
0.034
  1
VCH (det. 5-5)
  7
ARIAL
 41
0.9
 11
34.42095809555054
 21
0.3199999999999985
 31
0.0
100
AcDbText
 73
2
  0
LWPOLYLINE
  5
9A8
330
17
100
AcDbEntity
  8
E-NIVEL
100
AcDbPolyline
 90
3
 70
1
 10
33.90495809555053
 20
0.1999999999999993
 10
33.87295809555054
 20
0.251199999999999
 10
33.93695809555054
 20
0.251199999999999
  0
HATCH
  5
9A9
330
17
100
AcDbEntity
  8
E-NIVEL
 62
7
100
AcDbHatch
 10
0.0
 20
0.0
 30
0.0
210
0.0
220
0.0
230
1.0
  2
SOLID
 70
1
 71
0
 91
1
 92
3
 72
0
 73
1
 93
3
 10
33.90495809555053
 20
0.1999999999999993
 10
33.87295809555054
 20
0.251199999999999
 10
33.90495809555053
 20
0.251199999999999
 97
0
 75
0
 76
1
 98
0
  0
LINE
  5
9AA
330
17
100
AcDbEntity
  8
E-NIVEL
100
AcDbLine
 10
33.87295809555054
 20
0.251199999999999
 30
0.0
 11
34.12495809555054
 21
0.251199999999999
 31
0.0
  0
TEXT
  5
9AB
330
17
100
AcDbEntity
  8
E-NIVEL
100
AcDbText
 10
33.96895809555053
 20
0.267199999999999
 30
0.0
 40
0.04
  1
NPT +11.00
  7
ARIAL
 41
0.9
 11
33.96895809555053
 21
0.267199999999999
 31
0.0
100
AcDbText
 73
1
  0
HATCH
  5
9AC
330
17
100
AcDbEntity
  8
E-CORTE-ACH
100
AcDbHatch
 10
0.0
 20
0.0
 30
0.0
210
0.0
220
0.0
230
1.0
  2
SOLID
 70
1
 71
0
 91
1
 92
3
 72
0
 73
1
 93
26
 10
62.36497027431105
 20
0.0
 10
60.86495829491088
 20
0.0
 10
60.86495829491088
 20
0.14999999999999858
 10
60.86495829491088
 20
0.1999999999999993
 10
64.46495809555054
 20
0.1999999999999993
 10
64.765
 20
0.1999999999999993
 10
64.865
 20
0.1999999999999993
 10
64.945
 20
0.1999999999999993
 10
64.945
 20
0.14999999999999858
 10
64.865
 20
0.14999999999999858
 10
64.865
 20
0.0
 10
64.765
 20
0.0
 10
64.765
 20
0.14999999999999858
 10
64.46495809555054
 20
0.14999999999999858
 10
64.46495809555054
 20
0.0
 10
62.66494572568895
 20
0.0
 10
62.66495742523801
 20
-5.747619891138811e-07
 10
62.664958
 20
-1.2274311053772635e-05
 10
62.664958
 20
-0.29998772568894694
 10
62.66495742523801
 20
-0.2999994252380116
 10
62.66494572568895
 20
-0.3000000000000007
 10
62.36497027431105
 20
-0.3000000000000007
 10
62.36495857476199
 20
-0.2999994252380116
 10
62.364958
 20
-0.29998772568894694
 10
62.364958
 20
-1.2274311053772635e-05
 10
62.36495857476199
 20
-5.747619891138811e-07
 97
0
 75
0
 76
1
 98
0
  0
LWPOLYLINE
  5
9AD
330
17
100
AcDbEntity
  8
E-CORTE
100
AcDbPolyline
 90
8
 70
0
 10
62.36497027431105
 20
0.0
 10
60.86495829491088
 20
0.0
 10
60.86495829491088
 20
0.14999999999999858
 10
60.86495829491088
 20
0.1999999999999993
 10
64.46495809555054
 20
0.1999999999999993
 10
64.765
 20
0.1999999999999993
 10
64.865
 20
0.1999999999999993
 10
64.9449
 20
0.1999999999999993
  0
LWPOLYLINE
  5
9AE
330
17
100
AcDbEntity
  8
E-CORTE
100
AcDbPolyline
 90
19
 70
0
 10
64.9449
 20
0.14999999999999858
 10
64.865
 20
0.14999999999999858
 10
64.865
 20
0.0
 10
64.765
 20
0.0
 10
64.765
 20
0.14999999999999858
 10
64.46495809555054
 20
0.14999999999999858
 10
64.46495809555054
 20
0.0
 10
62.66494572568895
 20
0.0
 10
62.66495742523801
 20
-5.747619891138811e-07
 10
62.664958
 20
-1.2274311053772635e-05
 10
62.664958
 20
-0.29998772568894694
 10
62.66495742523801
 20
-0.2999994252380116
 10
62.66494572568895
 20
-0.3000000000000007
 10
62.36497027431105
 20
-0.3000000000000007
 10
62.36495857476199
 20
-0.2999994252380116
 10
62.364958
 20
-0.29998772568894694
 10
62.364958
 20
-1.2274311053772635e-05
 10
62.36495857476199
 20
-5.747619891138811e-07
 10
62.36497027431105
 20
0.0
  0
LWPOLYLINE
  5
9AF
330
17
100
AcDbEntity
  8
E-CORTE
100
AcDbPolyline
 90
6
 70
0
 10
64.9449
 20
0.1999999999999993
 10
64.9449
 20
0.2049999999999983
 10
64.9899
 20
0.18399999999999928
 10
64.8999
 20
0.1659999999999986
 10
64.9449
 20
0.14499999999999957
 10
64.9449
 20
0.14999999999999858
  0
LINE
  5
9B0
330
17
100
AcDbEntity
  8
E-PROYECCION
100
AcDbLine
 10
64.865
 20
0.15000000000000036
 30
0.0
 11
64.945
 21
0.15000000000000036
 31
0.0
  0
LINE
  5
9B1
330
17
100
AcDbEntity
  8
E-PROYECCION
100
AcDbLine
 10
64.865
 20
0.0
 30
0.0
 11
64.865
 21
0.15000000000000036
 31
0.0
  0
LINE
  5
9B2
330
17
100
AcDbEntity
  8
E-PROYECCION
100
AcDbLine
 10
64.865
 20
0.0
 30
0.0
 11
64.945
 21
0.15000000000000036
 31
0.0
  0
LINE
  5
9B3
330
17
100
AcDbEntity
  8
E-PROYECCION
100
AcDbLine
 10
64.865
 20
0.15000000000000036
 30
0.0
 11
64.945
 21
0.0
 31
0.0
  0
LINE
  5
9B4
330
17
100
AcDbEntity
  8
E-PROYECCION
  6
OCULTA20
100
AcDbLine
 10
64.865
 20
0.0
 30
0.0
 11
64.945
 21
0.0
 31
0.0
  0
LINE
  5
9B5
330
17
100
AcDbEntity
  8
E-PROYECCION
100
AcDbLine
 10
64.46495809555054
 20
0.15000000000000036
 30
0.0
 11
64.765
 21
0.15000000000000036
 31
0.0
  0
LINE
  5
9B6
330
17
100
AcDbEntity
  8
E-PROYECCION
100
AcDbLine
 10
64.46495809555054
 20
0.0
 30
0.0
 11
64.46495809555054
 21
0.15000000000000036
 31
0.0
  0
LINE
  5
9B7
330
17
100
AcDbEntity
  8
E-PROYECCION
100
AcDbLine
 10
64.765
 20
0.0
 30
0.0
 11
64.765
 21
0.15000000000000036
 31
0.0
  0
LINE
  5
9B8
330
17
100
AcDbEntity
  8
E-PROYECCION
100
AcDbLine
 10
64.46495809555054
 20
0.0
 30
0.0
 11
64.61497904777526
 21
0.15000000000000036
 31
0.0
  0
LINE
  5
9B9
330
17
100
AcDbEntity
  8
E-PROYECCION
100
AcDbLine
 10
64.46495809555054
 20
0.15000000000000036
 30
0.0
 11
64.61497904777526
 21
0.0
 31
0.0
  0
LINE
  5
9BA
330
17
100
AcDbEntity
  8
E-PROYECCION
100
AcDbLine
 10
64.61497904777526
 20
0.0
 30
0.0
 11
64.765
 21
0.15000000000000036
 31
0.0
  0
LINE
  5
9BB
330
17
100
AcDbEntity
  8
E-PROYECCION
100
AcDbLine
 10
64.61497904777526
 20
0.15000000000000036
 30
0.0
 11
64.765
 21
0.0
 31
0.0
  0
LINE
  5
9BC
330
17
100
AcDbEntity
  8
E-PROYECCION
  6
OCULTA20
100
AcDbLine
 10
64.46495809555054
 20
0.0
 30
0.0
 11
64.765
 21
0.0
 31
0.0
  0
LWPOLYLINE
  5
9BD
330
17
100
AcDbEntity
  8
E-ACERO
100
AcDbPolyline
 90
8
 70
0
 10
60.89630830287933
 20
0.04729957580566335
 10
60.89630830287933
 20
0.12284965515136648
 10
60.90932738780975
 20
0.15428085327148366
 10
60.94075828790665
 20
0.1673004150390618
 10
64.38050842285156
 20
0.1673004150390618
 10
64.41193914413452
 20
0.15428085327148366
 10
64.42495822906494
 20
0.12284965515136648
 10
64.42495822906494
 20
0.04729957580566335
  0
LWPOLYLINE
  5
9BE
330
17
100
AcDbEntity
  8
E-ACERO
100
AcDbPolyline
 90
2
 70
0
 10
60.88995832204819
 20
0.02976245880126882
 10
64.42495822906494
 20
0.02976245880126882
  0
CIRCLE
  5
9BF
330
17
100
AcDbEntity
  8
E-ACERO
100
AcDbCircle
 10
60.89313328266144
 20
0.17182464599609304
 30
0.0
 40
0.009000000000000001
  0
HATCH
  5
9C0
330
17
100
AcDbEntity
  8
E-ACERO
100
AcDbHatch
 10
0.0
 20
0.0
 30
0.0
210
0.0
220
0.0
230
1.0
  2
SOLID
 70
1
 71
0
 91
1
 92
1
 93
1
 72
2
 10
60.89313328266144
 20
0.17182464599609304
 40
0.009000000000000001
 50
0
 51
360
 73
1
 97
0
 75
0
 76
1
 98
0
  0
CIRCLE
  5
9C1
330
17
100
AcDbEntity
  8
E-ACERO
100
AcDbCircle
 10
61.13995826244354
 20
0.17182464599609304
 30
0.0
 40
0.009000000000000001
  0
HATCH
  5
9C2
330
17
100
AcDbEntity
  8
E-ACERO
100
AcDbHatch
 10
0.0
 20
0.0
 30
0.0
210
0.0
220
0.0
230
1.0
  2
SOLID
 70
1
 71
0
 91
1
 92
1
 93
1
 72
2
 10
61.13995826244354
 20
0.17182464599609304
 40
0.009000000000000001
 50
0
 51
360
 73
1
 97
0
 75
0
 76
1
 98
0
  0
CIRCLE
  5
9C3
330
17
100
AcDbEntity
  8
E-ACERO
100
AcDbCircle
 10
61.38995826244354
 20
0.17182464599609304
 30
0.0
 40
0.009000000000000001
  0
HATCH
  5
9C4
330
17
100
AcDbEntity
  8
E-ACERO
100
AcDbHatch
 10
0.0
 20
0.0
 30
0.0
210
0.0
220
0.0
230
1.0
  2
SOLID
 70
1
 71
0
 91
1
 92
1
 93
1
 72
2
 10
61.38995826244354
 20
0.17182464599609304
 40
0.009000000000000001
 50
0
 51
360
 73
1
 97
0
 75
0
 76
1
 98
0
  0
CIRCLE
  5
9C5
330
17
100
AcDbEntity
  8
E-ACERO
100
AcDbCircle
 10
61.63995826244354
 20
0.17182464599609304
 30
0.0
 40
0.009000000000000001
  0
HATCH
  5
9C6
330
17
100
AcDbEntity
  8
E-ACERO
100
AcDbHatch
 10
0.0
 20
0.0
 30
0.0
210
0.0
220
0.0
230
1.0
  2
SOLID
 70
1
 71
0
 91
1
 92
1
 93
1
 72
2
 10
61.63995826244354
 20
0.17182464599609304
 40
0.009000000000000001
 50
0
 51
360
 73
1
 97
0
 75
0
 76
1
 98
0
  0
CIRCLE
  5
9C7
330
17
100
AcDbEntity
  8
E-ACERO
100
AcDbCircle
 10
61.88995826244354
 20
0.17182464599609304
 30
0.0
 40
0.009000000000000001
  0
HATCH
  5
9C8
330
17
100
AcDbEntity
  8
E-ACERO
100
AcDbHatch
 10
0.0
 20
0.0
 30
0.0
210
0.0
220
0.0
230
1.0
  2
SOLID
 70
1
 71
0
 91
1
 92
1
 93
1
 72
2
 10
61.88995826244354
 20
0.17182464599609304
 40
0.009000000000000001
 50
0
 51
360
 73
1
 97
0
 75
0
 76
1
 98
0
  0
CIRCLE
  5
9C9
330
17
100
AcDbEntity
  8
E-ACERO
100
AcDbCircle
 10
62.13995838165283
 20
0.17182464599609304
 30
0.0
 40
0.009000000000000001
  0
HATCH
  5
9CA
330
17
100
AcDbEntity
  8
E-ACERO
100
AcDbHatch
 10
0.0
 20
0.0
 30
0.0
210
0.0
220
0.0
230
1.0
  2
SOLID
 70
1
 71
0
 91
1
 92
1
 93
1
 72
2
 10
62.13995838165283
 20
0.17182464599609304
 40
0.009000000000000001
 50
0
 51
360
 73
1
 97
0
 75
0
 76
1
 98
0
  0
CIRCLE
  5
9CB
330
17
100
AcDbEntity
  8
E-ACERO
100
AcDbCircle
 10
62.38995838165283
 20
0.17182464599609304
 30
0.0
 40
0.009000000000000001
  0
HATCH
  5
9CC
330
17
100
AcDbEntity
  8
E-ACERO
100
AcDbHatch
 10
0.0
 20
0.0
 30
0.0
210
0.0
220
0.0
230
1.0
  2
SOLID
 70
1
 71
0
 91
1
 92
1
 93
1
 72
2
 10
62.38995838165283
 20
0.17182464599609304
 40
0.009000000000000001
 50
0
 51
360
 73
1
 97
0
 75
0
 76
1
 98
0
  0
CIRCLE
  5
9CD
330
17
100
AcDbEntity
  8
E-ACERO
100
AcDbCircle
 10
62.64830827713013
 20
0.17182464599609304
 30
0.0
 40
0.009000000000000001
  0
HATCH
  5
9CE
330
17
100
AcDbEntity
  8
E-ACERO
100
AcDbHatch
 10
0.0
 20
0.0
 30
0.0
210
0.0
220
0.0
230
1.0
  2
SOLID
 70
1
 71
0
 91
1
 92
1
 93
1
 72
2
 10
62.64830827713013
 20
0.17182464599609304
 40
0.009000000000000001
 50
0
 51
360
 73
1
 97
0
 75
0
 76
1
 98
0
  0
CIRCLE
  5
9CF
330
17
100
AcDbEntity
  8
E-ACERO
100
AcDbCircle
 10
62.89830827713013
 20
0.17182464599609304
 30
0.0
 40
0.009000000000000001
  0
HATCH
  5
9D0
330
17
100
AcDbEntity
  8
E-ACERO
100
AcDbHatch
 10
0.0
 20
0.0
 30
0.0
210
0.0
220
0.0
230
1.0
  2
SOLID
 70
1
 71
0
 91
1
 92
1
 93
1
 72
2
 10
62.89830827713013
 20
0.17182464599609304
 40
0.009000000000000001
 50
0
 51
360
 73
1
 97
0
 75
0
 76
1
 98
0
  0
CIRCLE
  5
9D1
330
17
100
AcDbEntity
  8
E-ACERO
100
AcDbCircle
 10
63.14830827713013
 20
0.17182464599609304
 30
0.0
 40
0.009000000000000001
  0
HATCH
  5
9D2
330
17
100
AcDbEntity
  8
E-ACERO
100
AcDbHatch
 10
0.0
 20
0.0
 30
0.0
210
0.0
220
0.0
230
1.0
  2
SOLID
 70
1
 71
0
 91
1
 92
1
 93
1
 72
2
 10
63.14830827713013
 20
0.17182464599609304
 40
0.009000000000000001
 50
0
 51
360
 73
1
 97
0
 75
0
 76
1
 98
0
  0
CIRCLE
  5
9D3
330
17
100
AcDbEntity
  8
E-ACERO
100
AcDbCircle
 10
63.39830827713013
 20
0.17182464599609304
 30
0.0
 40
0.009000000000000001
  0
HATCH
  5
9D4
330
17
100
AcDbEntity
  8
E-ACERO
100
AcDbHatch
 10
0.0
 20
0.0
 30
0.0
210
0.0
220
0.0
230
1.0
  2
SOLID
 70
1
 71
0
 91
1
 92
1
 93
1
 72
2
 10
63.39830827713013
 20
0.17182464599609304
 40
0.009000000000000001
 50
0
 51
360
 73
1
 97
0
 75
0
 76
1
 98
0
  0
CIRCLE
  5
9D5
330
17
100
AcDbEntity
  8
E-ACERO
100
AcDbCircle
 10
63.64830827713013
 20
0.17182464599609304
 30
0.0
 40
0.009000000000000001
  0
HATCH
  5
9D6
330
17
100
AcDbEntity
  8
E-ACERO
100
AcDbHatch
 10
0.0
 20
0.0
 30
0.0
210
0.0
220
0.0
230
1.0
  2
SOLID
 70
1
 71
0
 91
1
 92
1
 93
1
 72
2
 10
63.64830827713013
 20
0.17182464599609304
 40
0.009000000000000001
 50
0
 51
360
 73
1
 97
0
 75
0
 76
1
 98
0
  0
CIRCLE
  5
9D7
330
17
100
AcDbEntity
  8
E-ACERO
100
AcDbCircle
 10
63.89830827713013
 20
0.17182464599609304
 30
0.0
 40
0.009000000000000001
  0
HATCH
  5
9D8
330
17
100
AcDbEntity
  8
E-ACERO
100
AcDbHatch
 10
0.0
 20
0.0
 30
0.0
210
0.0
220
0.0
230
1.0
  2
SOLID
 70
1
 71
0
 91
1
 92
1
 93
1
 72
2
 10
63.89830827713013
 20
0.17182464599609304
 40
0.009000000000000001
 50
0
 51
360
 73
1
 97
0
 75
0
 76
1
 98
0
  0
CIRCLE
  5
9D9
330
17
100
AcDbEntity
  8
E-ACERO
100
AcDbCircle
 10
64.14830827713013
 20
0.17182464599609304
 30
0.0
 40
0.009000000000000001
  0
HATCH
  5
9DA
330
17
100
AcDbEntity
  8
E-ACERO
100
AcDbHatch
 10
0.0
 20
0.0
 30
0.0
210
0.0
220
0.0
230
1.0
  2
SOLID
 70
1
 71
0
 91
1
 92
1
 93
1
 72
2
 10
64.14830827713013
 20
0.17182464599609304
 40
0.009000000000000001
 50
0
 51
360
 73
1
 97
0
 75
0
 76
1
 98
0
  0
CIRCLE
  5
9DB
330
17
100
AcDbEntity
  8
E-ACERO
100
AcDbCircle
 10
64.39830827713013
 20
0.17182464599609304
 30
0.0
 40
0.009000000000000001
  0
HATCH
  5
9DC
330
17
100
AcDbEntity
  8
E-ACERO
100
AcDbHatch
 10
0.0
 20
0.0
 30
0.0
210
0.0
220
0.0
230
1.0
  2
SOLID
 70
1
 71
0
 91
1
 92
1
 93
1
 72
2
 10
64.39830827713013
 20
0.17182464599609304
 40
0.009000000000000001
 50
0
 51
360
 73
1
 97
0
 75
0
 76
1
 98
0
  0
CIRCLE
  5
9DD
330
17
100
AcDbEntity
  8
E-ACERO
100
AcDbCircle
 10
64.64830827713013
 20
0.17182464599609304
 30
0.0
 40
0.009000000000000001
  0
HATCH
  5
9DE
330
17
100
AcDbEntity
  8
E-ACERO
100
AcDbHatch
 10
0.0
 20
0.0
 30
0.0
210
0.0
220
0.0
230
1.0
  2
SOLID
 70
1
 71
0
 91
1
 92
1
 93
1
 72
2
 10
64.64830827713013
 20
0.17182464599609304
 40
0.009000000000000001
 50
0
 51
360
 73
1
 97
0
 75
0
 76
1
 98
0
  0
CIRCLE
  5
9DF
330
17
100
AcDbEntity
  8
E-ACERO
100
AcDbCircle
 10
64.89830827713013
 20
0.17182464599609304
 30
0.0
 40
0.009000000000000001
  0
HATCH
  5
9E0
330
17
100
AcDbEntity
  8
E-ACERO
100
AcDbHatch
 10
0.0
 20
0.0
 30
0.0
210
0.0
220
0.0
230
1.0
  2
SOLID
 70
1
 71
0
 91
1
 92
1
 93
1
 72
2
 10
64.89830827713013
 20
0.17182464599609304
 40
0.009000000000000001
 50
0
 51
360
 73
1
 97
0
 75
0
 76
1
 98
0
  0
CIRCLE
  5
9E1
330
17
100
AcDbEntity
  8
E-ACERO
100
AcDbCircle
 10
64.24765825271606
 20
0.11889953613281179
 30
0.0
 40
0.009000000000000001
  0
HATCH
  5
9E2
330
17
100
AcDbEntity
  8
E-ACERO
100
AcDbHatch
 10
0.0
 20
0.0
 30
0.0
210
0.0
220
0.0
230
1.0
  2
SOLID
 70
1
 71
0
 91
1
 92
1
 93
1
 72
2
 10
64.24765825271606
 20
0.11889953613281179
 40
0.009000000000000001
 50
0
 51
360
 73
1
 97
0
 75
0
 76
1
 98
0
  0
CIRCLE
  5
9E3
330
17
100
AcDbEntity
  8
E-ACERO
100
AcDbCircle
 10
64.4436583518982
 20
0.11889953613281179
 30
0.0
 40
0.009000000000000001
  0
HATCH
  5
9E4
330
17
100
AcDbEntity
  8
E-ACERO
100
AcDbHatch
 10
0.0
 20
0.0
 30
0.0
210
0.0
220
0.0
230
1.0
  2
SOLID
 70
1
 71
0
 91
1
 92
1
 93
1
 72
2
 10
64.4436583518982
 20
0.11889953613281179
 40
0.009000000000000001
 50
0
 51
360
 73
1
 97
0
 75
0
 76
1
 98
0
  0
CIRCLE
  5
9E5
330
17
100
AcDbEntity
  8
E-ACERO
100
AcDbCircle
 10
64.24765825271606
 20
0.042225074768065696
 30
0.0
 40
0.009000000000000001
  0
HATCH
  5
9E6
330
17
100
AcDbEntity
  8
E-ACERO
100
AcDbHatch
 10
0.0
 20
0.0
 30
0.0
210
0.0
220
0.0
230
1.0
  2
SOLID
 70
1
 71
0
 91
1
 92
1
 93
1
 72
2
 10
64.24765825271606
 20
0.042225074768065696
 40
0.009000000000000001
 50
0
 51
360
 73
1
 97
0
 75
0
 76
1
 98
0
  0
CIRCLE
  5
9E7
330
17
100
AcDbEntity
  8
E-ACERO
100
AcDbCircle
 10
64.42857360839844
 20
0.04408473968505788
 30
0.0
 40
0.009000000000000001
  0
HATCH
  5
9E8
330
17
100
AcDbEntity
  8
E-ACERO
100
AcDbHatch
 10
0.0
 20
0.0
 30
0.0
210
0.0
220
0.0
230
1.0
  2
SOLID
 70
1
 71
0
 91
1
 92
1
 93
1
 72
2
 10
64.42857360839844
 20
0.04408473968505788
 40
0.009000000000000001
 50
0
 51
360
 73
1
 97
0
 75
0
 76
1
 98
0
  0
CIRCLE
  5
9E9
330
17
100
AcDbEntity
  8
E-ACERO
100
AcDbCircle
 10
64.82965850830078
 20
0.03135032653808523
 30
0.0
 40
0.009000000000000001
  0
HATCH
  5
9EA
330
17
100
AcDbEntity
  8
E-ACERO
100
AcDbHatch
 10
0.0
 20
0.0
 30
0.0
210
0.0
220
0.0
230
1.0
  2
SOLID
 70
1
 71
0
 91
1
 92
1
 93
1
 72
2
 10
64.82965850830078
 20
0.03135032653808523
 40
0.009000000000000001
 50
0
 51
360
 73
1
 97
0
 75
0
 76
1
 98
0
  0
LWPOLYLINE
  5
9EB
330
17
100
AcDbEntity
  8
E-ACERO
100
AcDbPolyline
 90
3
 70
0
 10
64.23370409011841
 20
0.09572143554687429
 10
64.19778299331665
 20
0.05980033874511648
 10
64.194754024714
 20
0.04457281500373789
  0
LWPOLYLINE
  5
9EC
330
17
100
AcDbEntity
  8
E-ACERO
100
AcDbPolyline
 90
3
 70
0
 10
64.194754024714
 20
0.04457281500373789
 10
64.1943416595459
 20
0.042499732971190696
 10
64.19758911537924
 20
0.04032983530921719
  0
LWPOLYLINE
  5
9ED
330
17
100
AcDbEntity
  8
E-ACERO
100
AcDbPolyline
 90
2
 70
0
 10
64.19758911537924
 20
0.04032983530921719
 10
64.20183028335433
 20
0.037495955205706366
  0
LWPOLYLINE
  5
9EE
330
17
100
AcDbEntity
  8
E-ACERO
100
AcDbPolyline
 90
13
 70
0
 10
64.20183028335433
 20
0.037495955205706366
 10
64.20900821685791
 20
0.03269977569580007
 10
64.42408323287964
 20
0.03269977569580007
 10
64.4353084564209
 20
0.037349891662596946
 10
64.43995809555054
 20
0.04857463836669851
 10
64.43995809555054
 20
0.13612480163574148
 10
64.43530988693237
 20
0.14735050201415945
 10
64.42408847808838
 20
0.15199966430663991
 10
64.20582818984985
 20
0.15199966430663991
 10
64.1946063041687
 20
0.14735050201415945
 10
64.18995809555054
 20
0.13612480163574148
 10
64.18995809555054
 20
0.05175037384033132
 10
64.194754024714
 20
0.04457281500373789
  0
LWPOLYLINE
  5
9EF
330
17
100
AcDbEntity
  8
E-ACERO
100
AcDbPolyline
 90
2
 70
0
 10
64.194754024714
 20
0.04457281500373789
 10
64.19758911537924
 20
0.04032983530921719
  0
LWPOLYLINE
  5
9F0
330
17
100
AcDbEntity
  8
E-ACERO
100
AcDbPolyline
 90
3
 70
0
 10
64.19758911537924
 20
0.04032983530921719
 10
64.19975805282593
 20
0.0370838165283196
 10
64.20183028335433
 20
0.037495955205706366
  0
LWPOLYLINE
  5
9F1
330
17
100
AcDbEntity
  8
E-ACERO
100
AcDbPolyline
 90
3
 70
0
 10
64.20183028335433
 20
0.037495955205706366
 10
64.21705865859985
 20
0.04052467346191335
 10
64.25297975540161
 20
0.07644577026367116
  0
LWPOLYLINE
  5
9F2
330
17
100
AcDbEntity
  8
E-ACERO
100
AcDbPolyline
 90
3
 70
0
 10
64.23370409011841
 20
0.09572143554687429
 10
64.19778299331665
 20
0.05980033874511648
 10
64.194754024714
 20
0.04457281500373789
  0
LWPOLYLINE
  5
9F3
330
17
100
AcDbEntity
  8
E-ACERO
100
AcDbPolyline
 90
3
 70
0
 10
64.194754024714
 20
0.04457281500373789
 10
64.1943416595459
 20
0.042499732971190696
 10
64.19758911537924
 20
0.04032983530921719
  0
LWPOLYLINE
  5
9F4
330
17
100
AcDbEntity
  8
E-ACERO
100
AcDbPolyline
 90
2
 70
0
 10
64.19758911537924
 20
0.04032983530921719
 10
64.20183028335433
 20
0.037495955205706366
  0
LWPOLYLINE
  5
9F5
330
17
100
AcDbEntity
  8
E-ACERO
100
AcDbPolyline
 90
13
 70
0
 10
64.20183028335433
 20
0.037495955205706366
 10
64.20900821685791
 20
0.03269977569580007
 10
64.42408323287964
 20
0.03269977569580007
 10
64.4353084564209
 20
0.037349891662596946
 10
64.43995809555054
 20
0.04857463836669851
 10
64.43995809555054
 20
0.13612480163574148
 10
64.43530988693237
 20
0.14735050201415945
 10
64.42408847808838
 20
0.15199966430663991
 10
64.20582818984985
 20
0.15199966430663991
 10
64.1946063041687
 20
0.14735050201415945
 10
64.18995809555054
 20
0.13612480163574148
 10
64.18995809555054
 20
0.05175037384033132
 10
64.194754024714
 20
0.04457281500373789
  0
LWPOLYLINE
  5
9F6
330
17
100
AcDbEntity
  8
E-ACERO
100
AcDbPolyline
 90
2
 70
0
 10
64.194754024714
 20
0.04457281500373789
 10
64.19758911537924
 20
0.04032983530921719
  0
LWPOLYLINE
  5
9F7
330
17
100
AcDbEntity
  8
E-ACERO
100
AcDbPolyline
 90
3
 70
0
 10
64.19758911537924
 20
0.04032983530921719
 10
64.19975805282593
 20
0.0370838165283196
 10
64.20183028335433
 20
0.037495955205706366
  0
LWPOLYLINE
  5
9F8
330
17
100
AcDbEntity
  8
E-ACERO
100
AcDbPolyline
 90
3
 70
0
 10
64.20183028335433
 20
0.037495955205706366
 10
64.21705865859985
 20
0.04052467346191335
 10
64.25297975540161
 20
0.07644577026367116
  0
LWPOLYLINE
  5
9F9
330
17
100
AcDbEntity
  8
E-ACERO
100
AcDbPolyline
 90
3
 70
0
 10
62.47533941268921
 20
-0.16070537567138743
 10
62.42145776748657
 20
-0.21458702087402415
 10
62.416914385726
 20
-0.23742858412333767
  0
LWPOLYLINE
  5
9FA
330
17
100
AcDbEntity
  8
E-ACERO
100
AcDbPolyline
 90
3
 70
0
 10
62.416914385726
 20
-0.23742858412333767
 10
62.41629600524902
 20
-0.24053745269775462
 10
62.421165685011886
 20
-0.243791294250725
  0
LWPOLYLINE
  5
9FB
330
17
100
AcDbEntity
  8
E-ACERO
100
AcDbPolyline
 90
2
 70
0
 10
62.421165685011886
 20
-0.243791294250725
 10
62.42753045242291
 20
-0.2480441292800304
  0
LWPOLYLINE
  5
9FC
330
17
100
AcDbEntity
  8
E-ACERO
100
AcDbPolyline
 90
13
 70
0
 10
62.42753045242291
 20
-0.2480441292800304
 10
62.43829584121704
 20
-0.25523738861084055
 10
62.59638333320618
 20
-0.25523738861084055
 10
62.613221168518066
 20
-0.24826316833496165
 10
62.6201958656311
 20
-0.2314250946044929
 10
62.6201958656311
 20
0.13142509460449148
 10
62.61322832107544
 20
0.14826316833496023
 10
62.596407651901245
 20
0.15523738861083913
 10
62.43350887298584
 20
0.15523738861083913
 10
62.416688203811646
 20
0.14826316833496023
 10
62.40972089767456
 20
0.13142509460449148
 10
62.40972089767456
 20
-0.22666244506836009
 10
62.416914385726
 20
-0.23742858412333767
  0
LWPOLYLINE
  5
9FD
330
17
100
AcDbEntity
  8
E-ACERO
100
AcDbPolyline
 90
2
 70
0
 10
62.416914385726
 20
-0.23742858412333767
 10
62.421165685011886
 20
-0.243791294250725
  0
LWPOLYLINE
  5
9FE
330
17
100
AcDbEntity
  8
E-ACERO
100
AcDbPolyline
 90
3
 70
0
 10
62.421165685011886
 20
-0.243791294250725
 10
62.42442059516907
 20
-0.24866275787353587
 10
62.42753045242291
 20
-0.2480441292800304
  0
LWPOLYLINE
  5
9FF
330
17
100
AcDbEntity
  8
E-ACERO
100
AcDbPolyline
 90
3
 70
0
 10
62.42753045242291
 20
-0.2480441292800304
 10
62.45037126541138
 20
-0.24350051879882884
 10
62.504252910614014
 20
-0.18961887359619212
  0
LWPOLYLINE
  5
A00
330
17
100
AcDbEntity
  8
E-ACERO
100
AcDbPolyline
 90
3
 70
0
 10
62.47533941268921
 20
-0.16070537567138743
 10
62.42145776748657
 20
-0.21458702087402415
 10
62.416914385726
 20
-0.23742858412333767
  0
LWPOLYLINE
  5
A01
330
17
100
AcDbEntity
  8
E-ACERO
100
AcDbPolyline
 90
3
 70
0
 10
62.416914385726
 20
-0.23742858412333767
 10
62.41629600524902
 20
-0.24053745269775462
 10
62.421165685011886
 20
-0.243791294250725
  0
LWPOLYLINE
  5
A02
330
17
100
AcDbEntity
  8
E-ACERO
100
AcDbPolyline
 90
2
 70
0
 10
62.421165685011886
 20
-0.243791294250725
 10
62.42753045242291
 20
-0.2480441292800304
  0
LWPOLYLINE
  5
A03
330
17
100
AcDbEntity
  8
E-ACERO
100
AcDbPolyline
 90
13
 70
0
 10
62.42753045242291
 20
-0.2480441292800304
 10
62.43829584121704
 20
-0.25523738861084055
 10
62.59638333320618
 20
-0.25523738861084055
 10
62.613221168518066
 20
-0.24826316833496165
 10
62.6201958656311
 20
-0.2314250946044929
 10
62.6201958656311
 20
0.13142509460449148
 10
62.61322832107544
 20
0.14826316833496023
 10
62.596407651901245
 20
0.15523738861083913
 10
62.43350887298584
 20
0.15523738861083913
 10
62.416688203811646
 20
0.14826316833496023
 10
62.40972089767456
 20
0.13142509460449148
 10
62.40972089767456
 20
-0.22666244506836009
 10
62.416914385726
 20
-0.23742858412333767
  0
LWPOLYLINE
  5
A04
330
17
100
AcDbEntity
  8
E-ACERO
100
AcDbPolyline
 90
2
 70
0
 10
62.416914385726
 20
-0.23742858412333767
 10
62.421165685011886
 20
-0.243791294250725
  0
LWPOLYLINE
  5
A05
330
17
100
AcDbEntity
  8
E-ACERO
100
AcDbPolyline
 90
3
 70
0
 10
62.421165685011886
 20
-0.243791294250725
 10
62.42442059516907
 20
-0.24866275787353587
 10
62.42753045242291
 20
-0.2480441292800304
  0
LWPOLYLINE
  5
A06
330
17
100
AcDbEntity
  8
E-ACERO
100
AcDbPolyline
 90
3
 70
0
 10
62.42753045242291
 20
-0.2480441292800304
 10
62.45037126541138
 20
-0.24350051879882884
 10
62.504252910614014
 20
-0.18961887359619212
  0
LWPOLYLINE
  5
A07
330
17
100
AcDbEntity
  8
E-ACERO
100
AcDbPolyline
 90
3
 70
0
 10
62.47533941268921
 20
-0.16070537567138743
 10
62.42145776748657
 20
-0.21458702087402415
 10
62.416914385726
 20
-0.23742858412333767
  0
LWPOLYLINE
  5
A08
330
17
100
AcDbEntity
  8
E-ACERO
100
AcDbPolyline
 90
3
 70
0
 10
62.416914385726
 20
-0.23742858412333767
 10
62.41629600524902
 20
-0.24053745269775462
 10
62.421165685011886
 20
-0.243791294250725
  0
LWPOLYLINE
  5
A09
330
17
100
AcDbEntity
  8
E-ACERO
100
AcDbPolyline
 90
2
 70
0
 10
62.421165685011886
 20
-0.243791294250725
 10
62.42753045242291
 20
-0.2480441292800304
  0
LWPOLYLINE
  5
A0A
330
17
100
AcDbEntity
  8
E-ACERO
100
AcDbPolyline
 90
13
 70
0
 10
62.42753045242291
 20
-0.2480441292800304
 10
62.43829584121704
 20
-0.25523738861084055
 10
62.59638333320618
 20
-0.25523738861084055
 10
62.613221168518066
 20
-0.24826316833496165
 10
62.6201958656311
 20
-0.2314250946044929
 10
62.6201958656311
 20
0.13142509460449148
 10
62.61322832107544
 20
0.14826316833496023
 10
62.596407651901245
 20
0.15523738861083913
 10
62.43350887298584
 20
0.15523738861083913
 10
62.416688203811646
 20
0.14826316833496023
 10
62.40972089767456
 20
0.13142509460449148
 10
62.40972089767456
 20
-0.22666244506836009
 10
62.416914385726
 20
-0.23742858412333767
  0
LWPOLYLINE
  5
A0B
330
17
100
AcDbEntity
  8
E-ACERO
100
AcDbPolyline
 90
2
 70
0
 10
62.416914385726
 20
-0.23742858412333767
 10
62.421165685011886
 20
-0.243791294250725
  0
LWPOLYLINE
  5
A0C
330
17
100
AcDbEntity
  8
E-ACERO
100
AcDbPolyline
 90
3
 70
0
 10
62.421165685011886
 20
-0.243791294250725
 10
62.42442059516907
 20
-0.24866275787353587
 10
62.42753045242291
 20
-0.2480441292800304
  0
LWPOLYLINE
  5
A0D
330
17
100
AcDbEntity
  8
E-ACERO
100
AcDbPolyline
 90
3
 70
0
 10
62.42753045242291
 20
-0.2480441292800304
 10
62.45037126541138
 20
-0.24350051879882884
 10
62.504252910614014
 20
-0.18961887359619212
  0
LWPOLYLINE
  5
A0E
330
17
100
AcDbEntity
  8
E-ACERO
100
AcDbPolyline
 90
3
 70
0
 10
62.47533941268921
 20
-0.16070537567138743
 10
62.42145776748657
 20
-0.21458702087402415
 10
62.416914385726
 20
-0.23742858412333767
  0
LWPOLYLINE
  5
A0F
330
17
100
AcDbEntity
  8
E-ACERO
100
AcDbPolyline
 90
3
 70
0
 10
62.416914385726
 20
-0.23742858412333767
 10
62.41629600524902
 20
-0.24053745269775462
 10
62.421165685011886
 20
-0.243791294250725
  0
LWPOLYLINE
  5
A10
330
17
100
AcDbEntity
  8
E-ACERO
100
AcDbPolyline
 90
2
 70
0
 10
62.421165685011886
 20
-0.243791294250725
 10
62.42753045242291
 20
-0.2480441292800304
  0
LWPOLYLINE
  5
A11
330
17
100
AcDbEntity
  8
E-ACERO
100
AcDbPolyline
 90
13
 70
0
 10
62.42753045242291
 20
-0.2480441292800304
 10
62.43829584121704
 20
-0.25523738861084055
 10
62.59638333320618
 20
-0.25523738861084055
 10
62.613221168518066
 20
-0.24826316833496165
 10
62.6201958656311
 20
-0.2314250946044929
 10
62.6201958656311
 20
0.13142509460449148
 10
62.61322832107544
 20
0.14826316833496023
 10
62.596407651901245
 20
0.15523738861083913
 10
62.43350887298584
 20
0.15523738861083913
 10
62.416688203811646
 20
0.14826316833496023
 10
62.40972089767456
 20
0.13142509460449148
 10
62.40972089767456
 20
-0.22666244506836009
 10
62.416914385726
 20
-0.23742858412333767
  0
LWPOLYLINE
  5
A12
330
17
100
AcDbEntity
  8
E-ACERO
100
AcDbPolyline
 90
2
 70
0
 10
62.416914385726
 20
-0.23742858412333767
 10
62.421165685011886
 20
-0.243791294250725
  0
LWPOLYLINE
  5
A13
330
17
100
AcDbEntity
  8
E-ACERO
100
AcDbPolyline
 90
3
 70
0
 10
62.421165685011886
 20
-0.243791294250725
 10
62.42442059516907
 20
-0.24866275787353587
 10
62.42753045242291
 20
-0.2480441292800304
  0
LWPOLYLINE
  5
A14
330
17
100
AcDbEntity
  8
E-ACERO
100
AcDbPolyline
 90
3
 70
0
 10
62.42753045242291
 20
-0.2480441292800304
 10
62.45037126541138
 20
-0.24350051879882884
 10
62.504252910614014
 20
-0.18961887359619212
  0
LWPOLYLINE
  5
A15
330
17
100
AcDbEntity
  8
E-ACERO
100
AcDbPolyline
 90
3
 70
0
 10
62.47533941268921
 20
-0.16070537567138743
 10
62.42145776748657
 20
-0.21458702087402415
 10
62.416914385726
 20
-0.23742858412333767
  0
LWPOLYLINE
  5
A16
330
17
100
AcDbEntity
  8
E-ACERO
100
AcDbPolyline
 90
3
 70
0
 10
62.416914385726
 20
-0.23742858412333767
 10
62.41629600524902
 20
-0.24053745269775462
 10
62.421165685011886
 20
-0.243791294250725
  0
LWPOLYLINE
  5
A17
330
17
100
AcDbEntity
  8
E-ACERO
100
AcDbPolyline
 90
2
 70
0
 10
62.421165685011886
 20
-0.243791294250725
 10
62.42753045242291
 20
-0.2480441292800304
  0
LWPOLYLINE
  5
A18
330
17
100
AcDbEntity
  8
E-ACERO
100
AcDbPolyline
 90
13
 70
0
 10
62.42753045242291
 20
-0.2480441292800304
 10
62.43829584121704
 20
-0.25523738861084055
 10
62.59638333320618
 20
-0.25523738861084055
 10
62.613221168518066
 20
-0.24826316833496165
 10
62.6201958656311
 20
-0.2314250946044929
 10
62.6201958656311
 20
0.13142509460449148
 10
62.61322832107544
 20
0.14826316833496023
 10
62.596407651901245
 20
0.15523738861083913
 10
62.43350887298584
 20
0.15523738861083913
 10
62.416688203811646
 20
0.14826316833496023
 10
62.40972089767456
 20
0.13142509460449148
 10
62.40972089767456
 20
-0.22666244506836009
 10
62.416914385726
 20
-0.23742858412333767
  0
LWPOLYLINE
  5
A19
330
17
100
AcDbEntity
  8
E-ACERO
100
AcDbPolyline
 90
2
 70
0
 10
62.416914385726
 20
-0.23742858412333767
 10
62.421165685011886
 20
-0.243791294250725
  0
LWPOLYLINE
  5
A1A
330
17
100
AcDbEntity
  8
E-ACERO
100
AcDbPolyline
 90
3
 70
0
 10
62.421165685011886
 20
-0.243791294250725
 10
62.42442059516907
 20
-0.24866275787353587
 10
62.42753045242291
 20
-0.2480441292800304
  0
LWPOLYLINE
  5
A1B
330
17
100
AcDbEntity
  8
E-ACERO
100
AcDbPolyline
 90
3
 70
0
 10
62.42753045242291
 20
-0.2480441292800304
 10
62.45037126541138
 20
-0.24350051879882884
 10
62.504252910614014
 20
-0.18961887359619212
  0
LWPOLYLINE
  5
A1C
330
17
100
AcDbEntity
  8
E-ACERO
100
AcDbPolyline
 90
3
 70
0
 10
62.47533941268921
 20
-0.16070537567138743
 10
62.42145776748657
 20
-0.21458702087402415
 10
62.416914385726
 20
-0.23742858412333767
  0
LWPOLYLINE
  5
A1D
330
17
100
AcDbEntity
  8
E-ACERO
100
AcDbPolyline
 90
3
 70
0
 10
62.416914385726
 20
-0.23742858412333767
 10
62.41629600524902
 20
-0.24053745269775462
 10
62.421165685011886
 20
-0.243791294250725
  0
LWPOLYLINE
  5
A1E
330
17
100
AcDbEntity
  8
E-ACERO
100
AcDbPolyline
 90
2
 70
0
 10
62.421165685011886
 20
-0.243791294250725
 10
62.42753045242291
 20
-0.2480441292800304
  0
LWPOLYLINE
  5
A1F
330
17
100
AcDbEntity
  8
E-ACERO
100
AcDbPolyline
 90
13
 70
0
 10
62.42753045242291
 20
-0.2480441292800304
 10
62.43829584121704
 20
-0.25523738861084055
 10
62.59638333320618
 20
-0.25523738861084055
 10
62.613221168518066
 20
-0.24826316833496165
 10
62.6201958656311
 20
-0.2314250946044929
 10
62.6201958656311
 20
0.13142509460449148
 10
62.61322832107544
 20
0.14826316833496023
 10
62.596407651901245
 20
0.15523738861083913
 10
62.43350887298584
 20
0.15523738861083913
 10
62.416688203811646
 20
0.14826316833496023
 10
62.40972089767456
 20
0.13142509460449148
 10
62.40972089767456
 20
-0.22666244506836009
 10
62.416914385726
 20
-0.23742858412333767
  0
LWPOLYLINE
  5
A20
330
17
100
AcDbEntity
  8
E-ACERO
100
AcDbPolyline
 90
2
 70
0
 10
62.416914385726
 20
-0.23742858412333767
 10
62.421165685011886
 20
-0.243791294250725
  0
LWPOLYLINE
  5
A21
330
17
100
AcDbEntity
  8
E-ACERO
100
AcDbPolyline
 90
3
 70
0
 10
62.421165685011886
 20
-0.243791294250725
 10
62.42442059516907
 20
-0.24866275787353587
 10
62.42753045242291
 20
-0.2480441292800304
  0
LWPOLYLINE
  5
A22
330
17
100
AcDbEntity
  8
E-ACERO
100
AcDbPolyline
 90
3
 70
0
 10
62.42753045242291
 20
-0.2480441292800304
 10
62.45037126541138
 20
-0.24350051879882884
 10
62.504252910614014
 20
-0.18961887359619212
  0
LWPOLYLINE
  5
A23
330
17
100
AcDbEntity
  8
E-ACERO
100
AcDbPolyline
 90
3
 70
0
 10
62.47533941268921
 20
-0.16070537567138743
 10
62.42145776748657
 20
-0.21458702087402415
 10
62.416914385726
 20
-0.23742858412333767
  0
LWPOLYLINE
  5
A24
330
17
100
AcDbEntity
  8
E-ACERO
100
AcDbPolyline
 90
3
 70
0
 10
62.416914385726
 20
-0.23742858412333767
 10
62.41629600524902
 20
-0.24053745269775462
 10
62.421165685011886
 20
-0.243791294250725
  0
LWPOLYLINE
  5
A25
330
17
100
AcDbEntity
  8
E-ACERO
100
AcDbPolyline
 90
2
 70
0
 10
62.421165685011886
 20
-0.243791294250725
 10
62.42753045242291
 20
-0.2480441292800304
  0
LWPOLYLINE
  5
A26
330
17
100
AcDbEntity
  8
E-ACERO
100
AcDbPolyline
 90
13
 70
0
 10
62.42753045242291
 20
-0.2480441292800304
 10
62.43829584121704
 20
-0.25523738861084055
 10
62.59638333320618
 20
-0.25523738861084055
 10
62.613221168518066
 20
-0.24826316833496165
 10
62.6201958656311
 20
-0.2314250946044929
 10
62.6201958656311
 20
0.13142509460449148
 10
62.61322832107544
 20
0.14826316833496023
 10
62.596407651901245
 20
0.15523738861083913
 10
62.43350887298584
 20
0.15523738861083913
 10
62.416688203811646
 20
0.14826316833496023
 10
62.40972089767456
 20
0.13142509460449148
 10
62.40972089767456
 20
-0.22666244506836009
 10
62.416914385726
 20
-0.23742858412333767
  0
LWPOLYLINE
  5
A27
330
17
100
AcDbEntity
  8
E-ACERO
100
AcDbPolyline
 90
2
 70
0
 10
62.416914385726
 20
-0.23742858412333767
 10
62.421165685011886
 20
-0.243791294250725
  0
LWPOLYLINE
  5
A28
330
17
100
AcDbEntity
  8
E-ACERO
100
AcDbPolyline
 90
3
 70
0
 10
62.421165685011886
 20
-0.243791294250725
 10
62.42442059516907
 20
-0.24866275787353587
 10
62.42753045242291
 20
-0.2480441292800304
  0
LWPOLYLINE
  5
A29
330
17
100
AcDbEntity
  8
E-ACERO
100
AcDbPolyline
 90
3
 70
0
 10
62.42753045242291
 20
-0.2480441292800304
 10
62.45037126541138
 20
-0.24350051879882884
 10
62.504252910614014
 20
-0.18961887359619212
  0
LWPOLYLINE
  5
A2A
330
17
100
AcDbEntity
  8
E-ACERO
100
AcDbPolyline
 90
3
 70
0
 10
62.47533941268921
 20
-0.16070537567138743
 10
62.42145776748657
 20
-0.21458702087402415
 10
62.416914385726
 20
-0.23742858412333767
  0
LWPOLYLINE
  5
A2B
330
17
100
AcDbEntity
  8
E-ACERO
100
AcDbPolyline
 90
3
 70
0
 10
62.416914385726
 20
-0.23742858412333767
 10
62.41629600524902
 20
-0.24053745269775462
 10
62.421165685011886
 20
-0.243791294250725
  0
LWPOLYLINE
  5
A2C
330
17
100
AcDbEntity
  8
E-ACERO
100
AcDbPolyline
 90
2
 70
0
 10
62.421165685011886
 20
-0.243791294250725
 10
62.42753045242291
 20
-0.2480441292800304
  0
LWPOLYLINE
  5
A2D
330
17
100
AcDbEntity
  8
E-ACERO
100
AcDbPolyline
 90
13
 70
0
 10
62.42753045242291
 20
-0.2480441292800304
 10
62.43829584121704
 20
-0.25523738861084055
 10
62.59638333320618
 20
-0.25523738861084055
 10
62.613221168518066
 20
-0.24826316833496165
 10
62.6201958656311
 20
-0.2314250946044929
 10
62.6201958656311
 20
0.13142509460449148
 10
62.61322832107544
 20
0.14826316833496023
 10
62.596407651901245
 20
0.15523738861083913
 10
62.43350887298584
 20
0.15523738861083913
 10
62.416688203811646
 20
0.14826316833496023
 10
62.40972089767456
 20
0.13142509460449148
 10
62.40972089767456
 20
-0.22666244506836009
 10
62.416914385726
 20
-0.23742858412333767
  0
LWPOLYLINE
  5
A2E
330
17
100
AcDbEntity
  8
E-ACERO
100
AcDbPolyline
 90
2
 70
0
 10
62.416914385726
 20
-0.23742858412333767
 10
62.421165685011886
 20
-0.243791294250725
  0
LWPOLYLINE
  5
A2F
330
17
100
AcDbEntity
  8
E-ACERO
100
AcDbPolyline
 90
3
 70
0
 10
62.421165685011886
 20
-0.243791294250725
 10
62.42442059516907
 20
-0.24866275787353587
 10
62.42753045242291
 20
-0.2480441292800304
  0
LWPOLYLINE
  5
A30
330
17
100
AcDbEntity
  8
E-ACERO
100
AcDbPolyline
 90
3
 70
0
 10
62.42753045242291
 20
-0.2480441292800304
 10
62.45037126541138
 20
-0.24350051879882884
 10
62.504252910614014
 20
-0.18961887359619212
  0
LWPOLYLINE
  5
A31
330
17
100
AcDbEntity
  8
E-ACERO
100
AcDbPolyline
 90
3
 70
0
 10
62.47533941268921
 20
-0.16070537567138743
 10
62.42145776748657
 20
-0.21458702087402415
 10
62.416914385726
 20
-0.23742858412333767
  0
LWPOLYLINE
  5
A32
330
17
100
AcDbEntity
  8
E-ACERO
100
AcDbPolyline
 90
3
 70
0
 10
62.416914385726
 20
-0.23742858412333767
 10
62.41629600524902
 20
-0.24053745269775462
 10
62.421165685011886
 20
-0.243791294250725
  0
LWPOLYLINE
  5
A33
330
17
100
AcDbEntity
  8
E-ACERO
100
AcDbPolyline
 90
2
 70
0
 10
62.421165685011886
 20
-0.243791294250725
 10
62.42753045242291
 20
-0.2480441292800304
  0
LWPOLYLINE
  5
A34
330
17
100
AcDbEntity
  8
E-ACERO
100
AcDbPolyline
 90
13
 70
0
 10
62.42753045242291
 20
-0.2480441292800304
 10
62.43829584121704
 20
-0.25523738861084055
 10
62.59638333320618
 20
-0.25523738861084055
 10
62.613221168518066
 20
-0.24826316833496165
 10
62.6201958656311
 20
-0.2314250946044929
 10
62.6201958656311
 20
0.13142509460449148
 10
62.61322832107544
 20
0.14826316833496023
 10
62.596407651901245
 20
0.15523738861083913
 10
62.43350887298584
 20
0.15523738861083913
 10
62.416688203811646
 20
0.14826316833496023
 10
62.40972089767456
 20
0.13142509460449148
 10
62.40972089767456
 20
-0.22666244506836009
 10
62.416914385726
 20
-0.23742858412333767
  0
LWPOLYLINE
  5
A35
330
17
100
AcDbEntity
  8
E-ACERO
100
AcDbPolyline
 90
2
 70
0
 10
62.416914385726
 20
-0.23742858412333767
 10
62.421165685011886
 20
-0.243791294250725
  0
LWPOLYLINE
  5
A36
330
17
100
AcDbEntity
  8
E-ACERO
100
AcDbPolyline
 90
3
 70
0
 10
62.421165685011886
 20
-0.243791294250725
 10
62.42442059516907
 20
-0.24866275787353587
 10
62.42753045242291
 20
-0.2480441292800304
  0
LWPOLYLINE
  5
A37
330
17
100
AcDbEntity
  8
E-ACERO
100
AcDbPolyline
 90
3
 70
0
 10
62.42753045242291
 20
-0.2480441292800304
 10
62.45037126541138
 20
-0.24350051879882884
 10
62.504252910614014
 20
-0.18961887359619212
  0
LWPOLYLINE
  5
A38
330
17
100
AcDbEntity
  8
E-ACERO
100
AcDbPolyline
 90
3
 70
0
 10
62.47533941268921
 20
-0.16070537567138743
 10
62.42145776748657
 20
-0.21458702087402415
 10
62.416914385726
 20
-0.23742858412333767
  0
LWPOLYLINE
  5
A39
330
17
100
AcDbEntity
  8
E-ACERO
100
AcDbPolyline
 90
3
 70
0
 10
62.416914385726
 20
-0.23742858412333767
 10
62.41629600524902
 20
-0.24053745269775462
 10
62.421165685011886
 20
-0.243791294250725
  0
LWPOLYLINE
  5
A3A
330
17
100
AcDbEntity
  8
E-ACERO
100
AcDbPolyline
 90
2
 70
0
 10
62.421165685011886
 20
-0.243791294250725
 10
62.42753045242291
 20
-0.2480441292800304
  0
LWPOLYLINE
  5
A3B
330
17
100
AcDbEntity
  8
E-ACERO
100
AcDbPolyline
 90
13
 70
0
 10
62.42753045242291
 20
-0.2480441292800304
 10
62.43829584121704
 20
-0.25523738861084055
 10
62.59638333320618
 20
-0.25523738861084055
 10
62.613221168518066
 20
-0.24826316833496165
 10
62.6201958656311
 20
-0.2314250946044929
 10
62.6201958656311
 20
0.13142509460449148
 10
62.61322832107544
 20
0.14826316833496023
 10
62.596407651901245
 20
0.15523738861083913
 10
62.43350887298584
 20
0.15523738861083913
 10
62.416688203811646
 20
0.14826316833496023
 10
62.40972089767456
 20
0.13142509460449148
 10
62.40972089767456
 20
-0.22666244506836009
 10
62.416914385726
 20
-0.23742858412333767
  0
LWPOLYLINE
  5
A3C
330
17
100
AcDbEntity
  8
E-ACERO
100
AcDbPolyline
 90
2
 70
0
 10
62.416914385726
 20
-0.23742858412333767
 10
62.421165685011886
 20
-0.243791294250725
  0
LWPOLYLINE
  5
A3D
330
17
100
AcDbEntity
  8
E-ACERO
100
AcDbPolyline
 90
3
 70
0
 10
62.421165685011886
 20
-0.243791294250725
 10
62.42442059516907
 20
-0.24866275787353587
 10
62.42753045242291
 20
-0.2480441292800304
  0
LWPOLYLINE
  5
A3E
330
17
100
AcDbEntity
  8
E-ACERO
100
AcDbPolyline
 90
3
 70
0
 10
62.42753045242291
 20
-0.2480441292800304
 10
62.45037126541138
 20
-0.24350051879882884
 10
62.504252910614014
 20
-0.18961887359619212
  0
LWPOLYLINE
  5
A3F
330
17
100
AcDbEntity
  8
E-ACERO
100
AcDbPolyline
 90
3
 70
0
 10
62.47533941268921
 20
-0.16070537567138743
 10
62.42145776748657
 20
-0.21458702087402415
 10
62.416914385726
 20
-0.23742858412333767
  0
LWPOLYLINE
  5
A40
330
17
100
AcDbEntity
  8
E-ACERO
100
AcDbPolyline
 90
3
 70
0
 10
62.416914385726
 20
-0.23742858412333767
 10
62.41629600524902
 20
-0.24053745269775462
 10
62.421165685011886
 20
-0.243791294250725
  0
LWPOLYLINE
  5
A41
330
17
100
AcDbEntity
  8
E-ACERO
100
AcDbPolyline
 90
2
 70
0
 10
62.421165685011886
 20
-0.243791294250725
 10
62.42753045242291
 20
-0.2480441292800304
  0
LWPOLYLINE
  5
A42
330
17
100
AcDbEntity
  8
E-ACERO
100
AcDbPolyline
 90
13
 70
0
 10
62.42753045242291
 20
-0.2480441292800304
 10
62.43829584121704
 20
-0.25523738861084055
 10
62.59638333320618
 20
-0.25523738861084055
 10
62.613221168518066
 20
-0.24826316833496165
 10
62.6201958656311
 20
-0.2314250946044929
 10
62.6201958656311
 20
0.13142509460449148
 10
62.61322832107544
 20
0.14826316833496023
 10
62.596407651901245
 20
0.15523738861083913
 10
62.43350887298584
 20
0.15523738861083913
 10
62.416688203811646
 20
0.14826316833496023
 10
62.40972089767456
 20
0.13142509460449148
 10
62.40972089767456
 20
-0.22666244506836009
 10
62.416914385726
 20
-0.23742858412333767
  0
LWPOLYLINE
  5
A43
330
17
100
AcDbEntity
  8
E-ACERO
100
AcDbPolyline
 90
2
 70
0
 10
62.416914385726
 20
-0.23742858412333767
 10
62.421165685011886
 20
-0.243791294250725
  0
LWPOLYLINE
  5
A44
330
17
100
AcDbEntity
  8
E-ACERO
100
AcDbPolyline
 90
3
 70
0
 10
62.421165685011886
 20
-0.243791294250725
 10
62.42442059516907
 20
-0.24866275787353587
 10
62.42753045242291
 20
-0.2480441292800304
  0
LWPOLYLINE
  5
A45
330
17
100
AcDbEntity
  8
E-ACERO
100
AcDbPolyline
 90
3
 70
0
 10
62.42753045242291
 20
-0.2480441292800304
 10
62.45037126541138
 20
-0.24350051879882884
 10
62.504252910614014
 20
-0.18961887359619212
  0
LWPOLYLINE
  5
A46
330
17
100
AcDbEntity
  8
E-ACERO
100
AcDbPolyline
 90
3
 70
0
 10
62.47533941268921
 20
-0.16070537567138743
 10
62.42145776748657
 20
-0.21458702087402415
 10
62.416914385726
 20
-0.23742858412333767
  0
LWPOLYLINE
  5
A47
330
17
100
AcDbEntity
  8
E-ACERO
100
AcDbPolyline
 90
3
 70
0
 10
62.416914385726
 20
-0.23742858412333767
 10
62.41629600524902
 20
-0.24053745269775462
 10
62.421165685011886
 20
-0.243791294250725
  0
LWPOLYLINE
  5
A48
330
17
100
AcDbEntity
  8
E-ACERO
100
AcDbPolyline
 90
2
 70
0
 10
62.421165685011886
 20
-0.243791294250725
 10
62.42753045242291
 20
-0.2480441292800304
  0
LWPOLYLINE
  5
A49
330
17
100
AcDbEntity
  8
E-ACERO
100
AcDbPolyline
 90
13
 70
0
 10
62.42753045242291
 20
-0.2480441292800304
 10
62.43829584121704
 20
-0.25523738861084055
 10
62.59638333320618
 20
-0.25523738861084055
 10
62.613221168518066
 20
-0.24826316833496165
 10
62.6201958656311
 20
-0.2314250946044929
 10
62.6201958656311
 20
0.13142509460449148
 10
62.61322832107544
 20
0.14826316833496023
 10
62.596407651901245
 20
0.15523738861083913
 10
62.43350887298584
 20
0.15523738861083913
 10
62.416688203811646
 20
0.14826316833496023
 10
62.40972089767456
 20
0.13142509460449148
 10
62.40972089767456
 20
-0.22666244506836009
 10
62.416914385726
 20
-0.23742858412333767
  0
LWPOLYLINE
  5
A4A
330
17
100
AcDbEntity
  8
E-ACERO
100
AcDbPolyline
 90
2
 70
0
 10
62.416914385726
 20
-0.23742858412333767
 10
62.421165685011886
 20
-0.243791294250725
  0
LWPOLYLINE
  5
A4B
330
17
100
AcDbEntity
  8
E-ACERO
100
AcDbPolyline
 90
3
 70
0
 10
62.421165685011886
 20
-0.243791294250725
 10
62.42442059516907
 20
-0.24866275787353587
 10
62.42753045242291
 20
-0.2480441292800304
  0
LWPOLYLINE
  5
A4C
330
17
100
AcDbEntity
  8
E-ACERO
100
AcDbPolyline
 90
3
 70
0
 10
62.42753045242291
 20
-0.2480441292800304
 10
62.45037126541138
 20
-0.24350051879882884
 10
62.504252910614014
 20
-0.18961887359619212
  0
LWPOLYLINE
  5
A4D
330
17
100
AcDbEntity
  8
E-ACERO
100
AcDbPolyline
 90
3
 70
0
 10
62.47533941268921
 20
-0.16070537567138743
 10
62.42145776748657
 20
-0.21458702087402415
 10
62.416914385726
 20
-0.23742858412333767
  0
LWPOLYLINE
  5
A4E
330
17
100
AcDbEntity
  8
E-ACERO
100
AcDbPolyline
 90
3
 70
0
 10
62.416914385726
 20
-0.23742858412333767
 10
62.41629600524902
 20
-0.24053745269775462
 10
62.421165685011886
 20
-0.243791294250725
  0
LWPOLYLINE
  5
A4F
330
17
100
AcDbEntity
  8
E-ACERO
100
AcDbPolyline
 90
2
 70
0
 10
62.421165685011886
 20
-0.243791294250725
 10
62.42753045242291
 20
-0.2480441292800304
  0
LWPOLYLINE
  5
A50
330
17
100
AcDbEntity
  8
E-ACERO
100
AcDbPolyline
 90
13
 70
0
 10
62.42753045242291
 20
-0.2480441292800304
 10
62.43829584121704
 20
-0.25523738861084055
 10
62.59638333320618
 20
-0.25523738861084055
 10
62.613221168518066
 20
-0.24826316833496165
 10
62.6201958656311
 20
-0.2314250946044929
 10
62.6201958656311
 20
0.13142509460449148
 10
62.61322832107544
 20
0.14826316833496023
 10
62.596407651901245
 20
0.15523738861083913
 10
62.43350887298584
 20
0.15523738861083913
 10
62.416688203811646
 20
0.14826316833496023
 10
62.40972089767456
 20
0.13142509460449148
 10
62.40972089767456
 20
-0.22666244506836009
 10
62.416914385726
 20
-0.23742858412333767
  0
LWPOLYLINE
  5
A51
330
17
100
AcDbEntity
  8
E-ACERO
100
AcDbPolyline
 90
2
 70
0
 10
62.416914385726
 20
-0.23742858412333767
 10
62.421165685011886
 20
-0.243791294250725
  0
LWPOLYLINE
  5
A52
330
17
100
AcDbEntity
  8
E-ACERO
100
AcDbPolyline
 90
3
 70
0
 10
62.421165685011886
 20
-0.243791294250725
 10
62.42442059516907
 20
-0.24866275787353587
 10
62.42753045242291
 20
-0.2480441292800304
  0
LWPOLYLINE
  5
A53
330
17
100
AcDbEntity
  8
E-ACERO
100
AcDbPolyline
 90
3
 70
0
 10
62.42753045242291
 20
-0.2480441292800304
 10
62.45037126541138
 20
-0.24350051879882884
 10
62.504252910614014
 20
-0.18961887359619212
  0
LWPOLYLINE
  5
A54
330
17
100
AcDbEntity
  8
E-ACERO
100
AcDbPolyline
 90
3
 70
0
 10
62.47533941268921
 20
-0.16070537567138743
 10
62.42145776748657
 20
-0.21458702087402415
 10
62.416914385726
 20
-0.23742858412333767
  0
LWPOLYLINE
  5
A55
330
17
100
AcDbEntity
  8
E-ACERO
100
AcDbPolyline
 90
3
 70
0
 10
62.416914385726
 20
-0.23742858412333767
 10
62.41629600524902
 20
-0.24053745269775462
 10
62.421165685011886
 20
-0.243791294250725
  0
LWPOLYLINE
  5
A56
330
17
100
AcDbEntity
  8
E-ACERO
100
AcDbPolyline
 90
2
 70
0
 10
62.421165685011886
 20
-0.243791294250725
 10
62.42753045242291
 20
-0.2480441292800304
  0
LWPOLYLINE
  5
A57
330
17
100
AcDbEntity
  8
E-ACERO
100
AcDbPolyline
 90
13
 70
0
 10
62.42753045242291
 20
-0.2480441292800304
 10
62.43829584121704
 20
-0.25523738861084055
 10
62.59638333320618
 20
-0.25523738861084055
 10
62.613221168518066
 20
-0.24826316833496165
 10
62.6201958656311
 20
-0.2314250946044929
 10
62.6201958656311
 20
0.13142509460449148
 10
62.61322832107544
 20
0.14826316833496023
 10
62.596407651901245
 20
0.15523738861083913
 10
62.43350887298584
 20
0.15523738861083913
 10
62.416688203811646
 20
0.14826316833496023
 10
62.40972089767456
 20
0.13142509460449148
 10
62.40972089767456
 20
-0.22666244506836009
 10
62.416914385726
 20
-0.23742858412333767
  0
LWPOLYLINE
  5
A58
330
17
100
AcDbEntity
  8
E-ACERO
100
AcDbPolyline
 90
2
 70
0
 10
62.416914385726
 20
-0.23742858412333767
 10
62.421165685011886
 20
-0.243791294250725
  0
LWPOLYLINE
  5
A59
330
17
100
AcDbEntity
  8
E-ACERO
100
AcDbPolyline
 90
3
 70
0
 10
62.421165685011886
 20
-0.243791294250725
 10
62.42442059516907
 20
-0.24866275787353587
 10
62.42753045242291
 20
-0.2480441292800304
  0
LWPOLYLINE
  5
A5A
330
17
100
AcDbEntity
  8
E-ACERO
100
AcDbPolyline
 90
3
 70
0
 10
62.42753045242291
 20
-0.2480441292800304
 10
62.45037126541138
 20
-0.24350051879882884
 10
62.504252910614014
 20
-0.18961887359619212
  0
LWPOLYLINE
  5
A5B
330
17
100
AcDbEntity
  8
E-ACERO
100
AcDbPolyline
 90
3
 70
0
 10
62.47533941268921
 20
-0.16070537567138743
 10
62.42145776748657
 20
-0.21458702087402415
 10
62.416914385726
 20
-0.23742858412333767
  0
LWPOLYLINE
  5
A5C
330
17
100
AcDbEntity
  8
E-ACERO
100
AcDbPolyline
 90
3
 70
0
 10
62.416914385726
 20
-0.23742858412333767
 10
62.41629600524902
 20
-0.24053745269775462
 10
62.421165685011886
 20
-0.243791294250725
  0
LWPOLYLINE
  5
A5D
330
17
100
AcDbEntity
  8
E-ACERO
100
AcDbPolyline
 90
2
 70
0
 10
62.421165685011886
 20
-0.243791294250725
 10
62.42753045242291
 20
-0.2480441292800304
  0
LWPOLYLINE
  5
A5E
330
17
100
AcDbEntity
  8
E-ACERO
100
AcDbPolyline
 90
13
 70
0
 10
62.42753045242291
 20
-0.2480441292800304
 10
62.43829584121704
 20
-0.25523738861084055
 10
62.59638333320618
 20
-0.25523738861084055
 10
62.613221168518066
 20
-0.24826316833496165
 10
62.6201958656311
 20
-0.2314250946044929
 10
62.6201958656311
 20
0.13142509460449148
 10
62.61322832107544
 20
0.14826316833496023
 10
62.596407651901245
 20
0.15523738861083913
 10
62.43350887298584
 20
0.15523738861083913
 10
62.416688203811646
 20
0.14826316833496023
 10
62.40972089767456
 20
0.13142509460449148
 10
62.40972089767456
 20
-0.22666244506836009
 10
62.416914385726
 20
-0.23742858412333767
  0
LWPOLYLINE
  5
A5F
330
17
100
AcDbEntity
  8
E-ACERO
100
AcDbPolyline
 90
2
 70
0
 10
62.416914385726
 20
-0.23742858412333767
 10
62.421165685011886
 20
-0.243791294250725
  0
LWPOLYLINE
  5
A60
330
17
100
AcDbEntity
  8
E-ACERO
100
AcDbPolyline
 90
3
 70
0
 10
62.421165685011886
 20
-0.243791294250725
 10
62.42442059516907
 20
-0.24866275787353587
 10
62.42753045242291
 20
-0.2480441292800304
  0
LWPOLYLINE
  5
A61
330
17
100
AcDbEntity
  8
E-ACERO
100
AcDbPolyline
 90
3
 70
0
 10
62.42753045242291
 20
-0.2480441292800304
 10
62.45037126541138
 20
-0.24350051879882884
 10
62.504252910614014
 20
-0.18961887359619212
  0
CIRCLE
  5
A62
330
17
100
AcDbEntity
  8
E-ACERO
100
AcDbCircle
 10
62.42400838165283
 20
0.14094999999999835
 30
0.0
 40
0.00953
  0
HATCH
  5
A63
330
17
100
AcDbEntity
  8
E-ACERO
100
AcDbHatch
 10
0.0
 20
0.0
 30
0.0
210
0.0
220
0.0
230
1.0
  2
SOLID
 70
1
 71
0
 91
1
 92
1
 93
1
 72
2
 10
62.42400838165283
 20
0.14094999999999835
 40
0.00953
 50
0
 51
360
 73
1
 97
0
 75
0
 76
1
 98
0
  0
CIRCLE
  5
A64
330
17
100
AcDbEntity
  8
E-ACERO
100
AcDbCircle
 10
62.60590838165283
 20
0.14094999999999835
 30
0.0
 40
0.00953
  0
HATCH
  5
A65
330
17
100
AcDbEntity
  8
E-ACERO
100
AcDbHatch
 10
0.0
 20
0.0
 30
0.0
210
0.0
220
0.0
230
1.0
  2
SOLID
 70
1
 71
0
 91
1
 92
1
 93
1
 72
2
 10
62.60590838165283
 20
0.14094999999999835
 40
0.00953
 50
0
 51
360
 73
1
 97
0
 75
0
 76
1
 98
0
  0
CIRCLE
  5
A66
330
17
100
AcDbEntity
  8
E-ACERO
100
AcDbCircle
 10
62.42400838165283
 20
-0.24095000000000155
 30
0.0
 40
0.00953
  0
HATCH
  5
A67
330
17
100
AcDbEntity
  8
E-ACERO
100
AcDbHatch
 10
0.0
 20
0.0
 30
0.0
210
0.0
220
0.0
230
1.0
  2
SOLID
 70
1
 71
0
 91
1
 92
1
 93
1
 72
2
 10
62.42400838165283
 20
-0.24095000000000155
 40
0.00953
 50
0
 51
360
 73
1
 97
0
 75
0
 76
1
 98
0
  0
CIRCLE
  5
A68
330
17
100
AcDbEntity
  8
E-ACERO
100
AcDbCircle
 10
62.545275048319496
 20
-0.24095000000000155
 30
0.0
 40
0.00953
  0
HATCH
  5
A69
330
17
100
AcDbEntity
  8
E-ACERO
100
AcDbHatch
 10
0.0
 20
0.0
 30
0.0
210
0.0
220
0.0
230
1.0
  2
SOLID
 70
1
 71
0
 91
1
 92
1
 93
1
 72
2
 10
62.545275048319496
 20
-0.24095000000000155
 40
0.00953
 50
0
 51
360
 73
1
 97
0
 75
0
 76
1
 98
0
  0
LINE
  5
A6A
330
17
100
AcDbEntity
  8
E-EJES
  6
EJE20
100
AcDbLine
 10
62.51495830078157
 20
-0.5500000000000007
 30
0.0
 11
62.51495830078157
 21
0.25
 31
0.0
  0
CIRCLE
  5
A6B
330
17
100
AcDbEntity
  8
E-EJES-ID
100
AcDbCircle
 10
62.51495830078157
 20
-0.6300000000000008
 30
0.0
 40
0.08
  0
TEXT
  5
A6C
330
17
100
AcDbEntity
  8
E-EJES-ID
100
AcDbText
 10
62.51495830078157
 20
-0.6300000000000008
 30
0.0
 40
0.06
  1
N-3
  7
ARIAL
 41
0.8
 72
1
 11
62.51495830078157
 21
-0.6300000000000008
 31
0.0
100
AcDbText
 73
2
  0
DIMENSION
  5
A6D
330
17
100
AcDbEntity
  8
E-COTA
100
AcDbDimension
280
0
  2
*D81
  3
COTA20
 10
60.86495829491088
 20
-0.09999999999999964
 30
0.0
 11
61.61495829784622
 21
-0.06999999999999965
 31
0.0
 70
32
 71
5
  1
<>
100
AcDbAlignedDimension
 13
60.86495829491088
 23
0.0
 33
0.0
 14
62.364958300781566
 24
0.0
 34
0.0
 50
0.0
100
AcDbRotatedDimension
1001
ACAD
1000
DSTYLE
1002
{
1070
271
1070
2
1002
}
  0
DIMENSION
  5
A7C
330
17
100
AcDbEntity
  8
E-COTA
100
AcDbDimension
280
0
  2
*D82
  3
COTA20
 10
62.364958300781566
 20
-0.09999999999999964
 30
0.0
 11
62.51495830078157
 21
-0.06999999999999965
 31
0.0
 70
32
 71
5
  1
<>
100
AcDbAlignedDimension
 13
62.364958300781566
 23
0.0
 33
0.0
 14
62.66495830078157
 24
0.0
 34
0.0
 50
0.0
100
AcDbRotatedDimension
1001
ACAD
1000
DSTYLE
1002
{
1070
271
1070
2
1002
}
  0
DIMENSION
  5
A8B
330
17
100
AcDbEntity
  8
E-COTA
100
AcDbDimension
280
0
  2
*D83
  3
COTA20
 10
62.66495830078157
 20
-0.09999999999999964
 30
0.0
 11
63.41495819816605
 21
-0.06999999999999965
 31
0.0
 70
32
 71
5
  1
<>
100
AcDbAlignedDimension
 13
62.66495830078157
 23
0.0
 33
0.0
 14
64.16495809555053
 24
0.0
 34
0.0
 50
0.0
100
AcDbRotatedDimension
1001
ACAD
1000
DSTYLE
1002
{
1070
271
1070
2
1002
}
  0
DIMENSION
  5
A9A
330
17
100
AcDbEntity
  8
E-COTA
100
AcDbDimension
280
0
  2
*D84
  3
COTA20
 10
64.16495809555053
 20
-0.09999999999999964
 30
0.0
 11
64.31495809555054
 21
-0.06999999999999965
 31
0.0
 70
32
 71
5
  1
<>
100
AcDbAlignedDimension
 13
64.16495809555053
 23
0.0
 33
0.0
 14
64.46495809555054
 24
0.0
 34
0.0
 50
0.0
100
AcDbRotatedDimension
1001
ACAD
1000
DSTYLE
1002
{
1070
271
1070
2
1002
}
  0
DIMENSION
  5
AA9
330
17
100
AcDbEntity
  8
E-COTA
100
AcDbDimension
280
0
  2
*D85
  3
COTA20
 10
60.89630830287933
 20
0.29999999999999893
 30
0.0
 11
62.66063326597214
 21
0.32999999999999896
 31
0.0
 70
32
 71
5
  1
<>
100
AcDbAlignedDimension
 13
60.89630830287933
 23
0.1999999999999993
 33
0.0
 14
64.42495822906494
 24
0.1999999999999993
 34
0.0
 50
0.0
100
AcDbRotatedDimension
1001
ACAD
1000
DSTYLE
1002
{
1070
271
1070
2
1002
}
  0
LWPOLYLINE
  5
AB8
330
17
100
AcDbEntity
  8
E-ACERO-TXT
100
AcDbPolyline
 90
3
 70
0
 10
61.63063330183045
 20
0.16999999999999993
 10
61.73063330183045
 20
0.5999999999999996
 10
61.77063330183045
 20
0.5999999999999996
  0
CIRCLE
  5
AB9
330
17
100
AcDbEntity
  8
E-ACERO-TXT
100
AcDbCircle
 10
61.63063330183045
 20
0.16999999999999993
 30
0.0
 40
0.01
  0
HATCH
  5
ABA
330
17
100
AcDbEntity
  8
E-ACERO-TXT
100
AcDbHatch
 10
0.0
 20
0.0
 30
0.0
210
0.0
220
0.0
230
1.0
  2
SOLID
 70
1
 71
0
 91
1
 92
1
 93
1
 72
2
 10
61.63063330183045
 20
0.16999999999999993
 40
0.01
 50
0
 51
360
 73
1
 97
0
 75
0
 76
1
 98
0
  0
TEXT
  5
ABB
330
17
100
AcDbEntity
  8
E-ACERO-TXT
100
AcDbText
 10
61.78663330183045
 20
0.5999999999999996
 30
0.0
 40
0.034
  1
1Ø1/2" sup. L=3.73 (ganchos 0.13 en ambos extremos)
  7
ARIAL
 41
0.9
 11
61.78663330183045
 21
0.5999999999999996
 31
0.0
100
AcDbText
 73
2
  0
LWPOLYLINE
  5
ABC
330
17
100
AcDbEntity
  8
E-ACERO-TXT
100
AcDbPolyline
 90
3
 70
0
 10
63.26495830078157
 20
0.02999999999999936
 10
63.41495830078157
 20
-0.3000000000000007
 10
63.45495830078157
 20
-0.3000000000000007
  0
CIRCLE
  5
ABD
330
17
100
AcDbEntity
  8
E-ACERO-TXT
100
AcDbCircle
 10
63.26495830078157
 20
0.02999999999999936
 30
0.0
 40
0.01
  0
HATCH
  5
ABE
330
17
100
AcDbEntity
  8
E-ACERO-TXT
100
AcDbHatch
 10
0.0
 20
0.0
 30
0.0
210
0.0
220
0.0
230
1.0
  2
SOLID
 70
1
 71
0
 91
1
 92
1
 93
1
 72
2
 10
63.26495830078157
 20
0.02999999999999936
 40
0.01
 50
0
 51
360
 73
1
 97
0
 75
0
 76
1
 98
0
  0
TEXT
  5
ABF
330
17
100
AcDbEntity
  8
E-ACERO-TXT
100
AcDbText
 10
63.47095830078157
 20
-0.3000000000000007
 30
0.0
 40
0.034
  1
1Ø3/8" inf. L=3.54
  7
ARIAL
 41
0.9
 11
63.47095830078157
 21
-0.3000000000000007
 31
0.0
100
AcDbText
 73
2
  0
LWPOLYLINE
  5
AC0
330
17
100
AcDbEntity
  8
E-ACERO-TXT
100
AcDbPolyline
 90
3
 70
0
 10
61.21495829491088
 20
0.17499999999999893
 10
61.014958294910876
 20
0.41999999999999993
 10
60.97495829491088
 20
0.41999999999999993
  0
CIRCLE
  5
AC1
330
17
100
AcDbEntity
  8
E-ACERO-TXT
100
AcDbCircle
 10
61.21495829491088
 20
0.17499999999999893
 30
0.0
 40
0.01
  0
HATCH
  5
AC2
330
17
100
AcDbEntity
  8
E-ACERO-TXT
100
AcDbHatch
 10
0.0
 20
0.0
 30
0.0
210
0.0
220
0.0
230
1.0
  2
SOLID
 70
1
 71
0
 91
1
 92
1
 93
1
 72
2
 10
61.21495829491088
 20
0.17499999999999893
 40
0.01
 50
0
 51
360
 73
1
 97
0
 75
0
 76
1
 98
0
  0
TEXT
  5
AC3
330
17
100
AcDbEntity
  8
E-ACERO-TXT
100
AcDbText
 10
60.95895829491088
 20
0.41999999999999993
 30
0.0
 40
0.032
  1
malla Ø1/4" @ .25
  7
ARIAL
 41
0.9
 72
2
 11
60.95895829491088
 21
0.41999999999999993
 31
0.0
100
AcDbText
 73
2
  0
TEXT
  5
AC4
330
17
100
AcDbEntity
  8
E-TEXTO
100
AcDbText
 10
61.61495829784622
 20
-0.21000000000000085
 30
0.0
 40
0.034
  1
VOLADO
  7
ARIAL
 41
0.9
 72
1
 11
61.61495829784622
 21
-0.21000000000000085
 31
0.0
100
AcDbText
 73
3
  0
TEXT
  5
AC5
330
17
100
AcDbEntity
  8
E-TEXTO
100
AcDbText
 10
63.414958198166055
 20
-0.21000000000000085
 30
0.0
 40
0.034
  1
ANCLAJE EN VCH
  7
ARIAL
 41
0.9
 72
1
 11
63.414958198166055
 21
-0.21000000000000085
 31
0.0
100
AcDbText
 73
3
  0
LWPOLYLINE
  5
AC6
330
17
100
AcDbEntity
  8
E-NIVEL
100
AcDbPolyline
 90
3
 70
1
 10
61.21495829491088
 20
0.1999999999999993
 10
61.182958294910875
 20
0.251199999999999
 10
61.246958294910876
 20
0.251199999999999
  0
HATCH
  5
AC7
330
17
100
AcDbEntity
  8
E-NIVEL
 62
7
100
AcDbHatch
 10
0.0
 20
0.0
 30
0.0
210
0.0
220
0.0
230
1.0
  2
SOLID
 70
1
 71
0
 91
1
 92
3
 72
0
 73
1
 93
3
 10
61.21495829491088
 20
0.1999999999999993
 10
61.182958294910875
 20
0.251199999999999
 10
61.21495829491088
 20
0.251199999999999
 97
0
 75
0
 76
1
 98
0
  0
LINE
  5
AC8
330
17
100
AcDbEntity
  8
E-NIVEL
100
AcDbLine
 10
61.182958294910875
 20
0.251199999999999
 30
0.0
 11
61.43495829491088
 21
0.251199999999999
 31
0.0
  0
TEXT
  5
AC9
330
17
100
AcDbEntity
  8
E-NIVEL
100
AcDbText
 10
61.27895829491088
 20
0.267199999999999
 30
0.0
 40
0.04
  1
NPT +11.00
  7
ARIAL
 41
0.9
 11
61.27895829491088
 21
0.267199999999999
 31
0.0
100
AcDbText
 73
1
  0
DIMENSION
  5
ACA
330
17
100
AcDbEntity
  8
E-COTA
100
AcDbDimension
280
0
  2
*D86
  3
COTA20
 10
60.74495829491088
 20
0.0
 30
0.0
 11
60.71495829491088
 21
0.09999999999999964
 31
0.0
 70
32
 71
5
  1
<>
100
AcDbAlignedDimension
 13
60.86495829491088
 23
0.0
 33
0.0
 14
60.86495829491088
 24
0.1999999999999993
 34
0.0
 50
90.0
100
AcDbRotatedDimension
1001
ACAD
1000
DSTYLE
1002
{
1070
271
1070
2
1002
}
  0
HATCH
  5
AD9
330
17
100
AcDbEntity
  8
E-CORTE-ACH
100
AcDbHatch
 10
0.0
 20
0.0
 30
0.0
210
0.0
220
0.0
230
1.0
  2
SOLID
 70
1
 71
0
 91
1
 92
3
 72
0
 73
1
 93
26
 10
98.06495819091796
 20
0.0
 10
98.06495819091796
 20
0.14999999999999858
 10
97.615
 20
0.14999999999999858
 10
97.615
 20
0.0
 10
97.515
 20
0.0
 10
97.515
 20
0.14999999999999858
 10
97.435
 20
0.14999999999999858
 10
97.435
 20
0.1999999999999993
 10
97.515
 20
0.1999999999999993
 10
97.615
 20
0.1999999999999993
 10
98.06495819091796
 20
0.1999999999999993
 10
100.16495798872954
 20
0.1999999999999993
 10
100.16495798872954
 20
0.14999999999999858
 10
100.16495798872954
 20
0.0
 10
100.16494572568895
 20
0.0
 10
100.16495742523801
 20
-5.747619891138811e-07
 10
100.164958
 20
-1.2274311044890851e-05
 10
100.164958
 20
-0.2999877256889558
 10
100.16495742523801
 20
-0.2999994252380116
 10
100.16494572568895
 20
-0.3000000000000007
 10
99.86497127431105
 20
-0.3000000000000007
 10
99.864959574762
 20
-0.2999994252380116
 10
99.864959
 20
-0.2999877256889558
 10
99.864959
 20
-1.2274311044890851e-05
 10
99.864959574762
 20
-5.747619891138811e-07
 10
99.86497127431105
 20
0.0
 97
0
 75
0
 76
1
 98
0
  0
LWPOLYLINE
  5
ADA
330
17
100
AcDbEntity
  8
E-CORTE
100
AcDbPolyline
 90
7
 70
0
 10
98.06495819091796
 20
0.0
 10
98.06495819091796
 20
0.14999999999999858
 10
97.615
 20
0.14999999999999858
 10
97.615
 20
0.0
 10
97.515
 20
0.0
 10
97.515
 20
0.14999999999999858
 10
97.4351
 20
0.14999999999999858
  0
LWPOLYLINE
  5
ADB
330
17
100
AcDbEntity
  8
E-CORTE
100
AcDbPolyline
 90
20
 70
0
 10
97.4351
 20
0.1999999999999993
 10
97.515
 20
0.1999999999999993
 10
97.615
 20
0.1999999999999993
 10
98.06495819091796
 20
0.1999999999999993
 10
100.16495798872954
 20
0.1999999999999993
 10
100.16495798872954
 20
0.14999999999999858
 10
100.16495798872954
 20
0.0
 10
100.16494572568895
 20
0.0
 10
100.16495742523801
 20
-5.747619891138811e-07
 10
100.164958
 20
-1.2274311044890851e-05
 10
100.164958
 20
-0.2999877256889558
 10
100.16495742523801
 20
-0.2999994252380116
 10
100.16494572568895
 20
-0.3000000000000007
 10
99.86497127431105
 20
-0.3000000000000007
 10
99.864959574762
 20
-0.2999994252380116
 10
99.864959
 20
-0.2999877256889558
 10
99.864959
 20
-1.2274311044890851e-05
 10
99.864959574762
 20
-5.747619891138811e-07
 10
99.86497127431105
 20
0.0
 10
98.06495819091796
 20
0.0
  0
LWPOLYLINE
  5
ADC
330
17
100
AcDbEntity
  8
E-CORTE
100
AcDbPolyline
 90
6
 70
0
 10
97.4351
 20
0.14999999999999858
 10
97.4351
 20
0.14499999999999957
 10
97.3901
 20
0.1659999999999986
 10
97.4801
 20
0.18399999999999928
 10
97.4351
 20
0.2049999999999983
 10
97.4351
 20
0.1999999999999993
  0
LINE
  5
ADD
330
17
100
AcDbEntity
  8
E-PROYECCION
100
AcDbLine
 10
97.615
 20
0.15000000000000036
 30
0.0
 11
98.06495819091796
 21
0.15000000000000036
 31
0.0
  0
LINE
  5
ADE
330
17
100
AcDbEntity
  8
E-PROYECCION
100
AcDbLine
 10
97.615
 20
0.0
 30
0.0
 11
97.615
 21
0.15000000000000036
 31
0.0
  0
LINE
  5
ADF
330
17
100
AcDbEntity
  8
E-PROYECCION
100
AcDbLine
 10
98.06495819091796
 20
0.0
 30
0.0
 11
98.06495819091796
 21
0.15000000000000036
 31
0.0
  0
LINE
  5
AE0
330
17
100
AcDbEntity
  8
E-PROYECCION
100
AcDbLine
 10
97.615
 20
0.0
 30
0.0
 11
97.76498606363933
 21
0.15000000000000036
 31
0.0
  0
LINE
  5
AE1
330
17
100
AcDbEntity
  8
E-PROYECCION
100
AcDbLine
 10
97.615
 20
0.15000000000000036
 30
0.0
 11
97.76498606363933
 21
0.0
 31
0.0
  0
LINE
  5
AE2
330
17
100
AcDbEntity
  8
E-PROYECCION
100
AcDbLine
 10
97.76498606363933
 20
0.0
 30
0.0
 11
97.91497212727865
 21
0.15000000000000036
 31
0.0
  0
LINE
  5
AE3
330
17
100
AcDbEntity
  8
E-PROYECCION
100
AcDbLine
 10
97.76498606363933
 20
0.15000000000000036
 30
0.0
 11
97.91497212727865
 21
0.0
 31
0.0
  0
LINE
  5
AE4
330
17
100
AcDbEntity
  8
E-PROYECCION
100
AcDbLine
 10
97.91497212727865
 20
0.0
 30
0.0
 11
98.06495819091796
 21
0.15000000000000036
 31
0.0
  0
LINE
  5
AE5
330
17
100
AcDbEntity
  8
E-PROYECCION
100
AcDbLine
 10
97.91497212727865
 20
0.15000000000000036
 30
0.0
 11
98.06495819091796
 21
0.0
 31
0.0
  0
LINE
  5
AE6
330
17
100
AcDbEntity
  8
E-PROYECCION
  6
OCULTA20
100
AcDbLine
 10
97.615
 20
0.0
 30
0.0
 11
98.06495819091796
 21
0.0
 31
0.0
  0
LINE
  5
AE7
330
17
100
AcDbEntity
  8
E-PROYECCION
100
AcDbLine
 10
97.435
 20
0.15000000000000036
 30
0.0
 11
97.515
 21
0.15000000000000036
 31
0.0
  0
LINE
  5
AE8
330
17
100
AcDbEntity
  8
E-PROYECCION
100
AcDbLine
 10
97.515
 20
0.0
 30
0.0
 11
97.515
 21
0.15000000000000036
 31
0.0
  0
LINE
  5
AE9
330
17
100
AcDbEntity
  8
E-PROYECCION
100
AcDbLine
 10
97.435
 20
0.0
 30
0.0
 11
97.515
 21
0.15000000000000036
 31
0.0
  0
LINE
  5
AEA
330
17
100
AcDbEntity
  8
E-PROYECCION
100
AcDbLine
 10
97.435
 20
0.15000000000000036
 30
0.0
 11
97.515
 21
0.0
 31
0.0
  0
LINE
  5
AEB
330
17
100
AcDbEntity
  8
E-PROYECCION
  6
OCULTA20
100
AcDbLine
 10
97.435
 20
0.0
 30
0.0
 11
97.515
 21
0.0
 31
0.0
  0
LWPOLYLINE
  5
AEC
330
17
100
AcDbEntity
  8
E-ACERO
100
AcDbPolyline
 90
8
 70
0
 10
100.12495803833008
 20
0.04888744354247976
 10
100.12495803833008
 20
0.1355497360229485
 10
100.11519432067871
 20
0.1591236114501946
 10
100.09162044525146
 20
0.1688873291015618
 10
98.13829612731934
 20
0.1688873291015618
 10
98.11472225189209
 20
0.1591236114501946
 10
98.10495853424072
 20
0.1355497360229485
 10
98.10495853424072
 20
0.04888744354247976
  0
LWPOLYLINE
  5
AED
330
17
100
AcDbEntity
  8
E-ACERO
100
AcDbPolyline
 90
2
 70
0
 10
100.12495803833008
 20
0.02976245880126882
 10
98.10495853424072
 20
0.02976245880126882
  0
CIRCLE
  5
AEE
330
17
100
AcDbEntity
  8
E-ACERO
100
AcDbCircle
 10
97.63995838165283
 20
0.17182464599609304
 30
0.0
 40
0.009000000000000001
  0
HATCH
  5
AEF
330
17
100
AcDbEntity
  8
E-ACERO
100
AcDbHatch
 10
0.0
 20
0.0
 30
0.0
210
0.0
220
0.0
230
1.0
  2
SOLID
 70
1
 71
0
 91
1
 92
1
 93
1
 72
2
 10
97.63995838165283
 20
0.17182464599609304
 40
0.009000000000000001
 50
0
 51
360
 73
1
 97
0
 75
0
 76
1
 98
0
  0
CIRCLE
  5
AF0
330
17
100
AcDbEntity
  8
E-ACERO
100
AcDbCircle
 10
97.88995838165283
 20
0.17182464599609304
 30
0.0
 40
0.009000000000000001
  0
HATCH
  5
AF1
330
17
100
AcDbEntity
  8
E-ACERO
100
AcDbHatch
 10
0.0
 20
0.0
 30
0.0
210
0.0
220
0.0
230
1.0
  2
SOLID
 70
1
 71
0
 91
1
 92
1
 93
1
 72
2
 10
97.88995838165283
 20
0.17182464599609304
 40
0.009000000000000001
 50
0
 51
360
 73
1
 97
0
 75
0
 76
1
 98
0
  0
CIRCLE
  5
AF2
330
17
100
AcDbEntity
  8
E-ACERO
100
AcDbCircle
 10
98.13995838165283
 20
0.17182464599609304
 30
0.0
 40
0.009000000000000001
  0
HATCH
  5
AF3
330
17
100
AcDbEntity
  8
E-ACERO
100
AcDbHatch
 10
0.0
 20
0.0
 30
0.0
210
0.0
220
0.0
230
1.0
  2
SOLID
 70
1
 71
0
 91
1
 92
1
 93
1
 72
2
 10
98.13995838165283
 20
0.17182464599609304
 40
0.009000000000000001
 50
0
 51
360
 73
1
 97
0
 75
0
 76
1
 98
0
  0
CIRCLE
  5
AF4
330
17
100
AcDbEntity
  8
E-ACERO
100
AcDbCircle
 10
98.38995838165283
 20
0.17182464599609304
 30
0.0
 40
0.009000000000000001
  0
HATCH
  5
AF5
330
17
100
AcDbEntity
  8
E-ACERO
100
AcDbHatch
 10
0.0
 20
0.0
 30
0.0
210
0.0
220
0.0
230
1.0
  2
SOLID
 70
1
 71
0
 91
1
 92
1
 93
1
 72
2
 10
98.38995838165283
 20
0.17182464599609304
 40
0.009000000000000001
 50
0
 51
360
 73
1
 97
0
 75
0
 76
1
 98
0
  0
CIRCLE
  5
AF6
330
17
100
AcDbEntity
  8
E-ACERO
100
AcDbCircle
 10
98.63995838165283
 20
0.17182464599609304
 30
0.0
 40
0.009000000000000001
  0
HATCH
  5
AF7
330
17
100
AcDbEntity
  8
E-ACERO
100
AcDbHatch
 10
0.0
 20
0.0
 30
0.0
210
0.0
220
0.0
230
1.0
  2
SOLID
 70
1
 71
0
 91
1
 92
1
 93
1
 72
2
 10
98.63995838165283
 20
0.17182464599609304
 40
0.009000000000000001
 50
0
 51
360
 73
1
 97
0
 75
0
 76
1
 98
0
  0
CIRCLE
  5
AF8
330
17
100
AcDbEntity
  8
E-ACERO
100
AcDbCircle
 10
98.88995838165283
 20
0.17182464599609304
 30
0.0
 40
0.009000000000000001
  0
HATCH
  5
AF9
330
17
100
AcDbEntity
  8
E-ACERO
100
AcDbHatch
 10
0.0
 20
0.0
 30
0.0
210
0.0
220
0.0
230
1.0
  2
SOLID
 70
1
 71
0
 91
1
 92
1
 93
1
 72
2
 10
98.88995838165283
 20
0.17182464599609304
 40
0.009000000000000001
 50
0
 51
360
 73
1
 97
0
 75
0
 76
1
 98
0
  0
CIRCLE
  5
AFA
330
17
100
AcDbEntity
  8
E-ACERO
100
AcDbCircle
 10
99.13995838165283
 20
0.17182464599609304
 30
0.0
 40
0.009000000000000001
  0
HATCH
  5
AFB
330
17
100
AcDbEntity
  8
E-ACERO
100
AcDbHatch
 10
0.0
 20
0.0
 30
0.0
210
0.0
220
0.0
230
1.0
  2
SOLID
 70
1
 71
0
 91
1
 92
1
 93
1
 72
2
 10
99.13995838165283
 20
0.17182464599609304
 40
0.009000000000000001
 50
0
 51
360
 73
1
 97
0
 75
0
 76
1
 98
0
  0
CIRCLE
  5
AFC
330
17
100
AcDbEntity
  8
E-ACERO
100
AcDbCircle
 10
99.38995838165283
 20
0.17182464599609304
 30
0.0
 40
0.009000000000000001
  0
HATCH
  5
AFD
330
17
100
AcDbEntity
  8
E-ACERO
100
AcDbHatch
 10
0.0
 20
0.0
 30
0.0
210
0.0
220
0.0
230
1.0
  2
SOLID
 70
1
 71
0
 91
1
 92
1
 93
1
 72
2
 10
99.38995838165283
 20
0.17182464599609304
 40
0.009000000000000001
 50
0
 51
360
 73
1
 97
0
 75
0
 76
1
 98
0
  0
CIRCLE
  5
AFE
330
17
100
AcDbEntity
  8
E-ACERO
100
AcDbCircle
 10
99.629958152771
 20
0.17182464599609304
 30
0.0
 40
0.009000000000000001
  0
HATCH
  5
AFF
330
17
100
AcDbEntity
  8
E-ACERO
100
AcDbHatch
 10
0.0
 20
0.0
 30
0.0
210
0.0
220
0.0
230
1.0
  2
SOLID
 70
1
 71
0
 91
1
 92
1
 93
1
 72
2
 10
99.629958152771
 20
0.17182464599609304
 40
0.009000000000000001
 50
0
 51
360
 73
1
 97
0
 75
0
 76
1
 98
0
  0
CIRCLE
  5
B00
330
17
100
AcDbEntity
  8
E-ACERO
100
AcDbCircle
 10
99.88995838165283
 20
0.17182464599609304
 30
0.0
 40
0.009000000000000001
  0
HATCH
  5
B01
330
17
100
AcDbEntity
  8
E-ACERO
100
AcDbHatch
 10
0.0
 20
0.0
 30
0.0
210
0.0
220
0.0
230
1.0
  2
SOLID
 70
1
 71
0
 91
1
 92
1
 93
1
 72
2
 10
99.88995838165283
 20
0.17182464599609304
 40
0.009000000000000001
 50
0
 51
360
 73
1
 97
0
 75
0
 76
1
 98
0
  0
CIRCLE
  5
B02
330
17
100
AcDbEntity
  8
E-ACERO
100
AcDbCircle
 10
100.13678359985352
 20
0.17182464599609304
 30
0.0
 40
0.009000000000000001
  0
HATCH
  5
B03
330
17
100
AcDbEntity
  8
E-ACERO
100
AcDbHatch
 10
0.0
 20
0.0
 30
0.0
210
0.0
220
0.0
230
1.0
  2
SOLID
 70
1
 71
0
 91
1
 92
1
 93
1
 72
2
 10
100.13678359985352
 20
0.17182464599609304
 40
0.009000000000000001
 50
0
 51
360
 73
1
 97
0
 75
0
 76
1
 98
0
  0
CIRCLE
  5
B04
330
17
100
AcDbEntity
  8
E-ACERO
100
AcDbCircle
 10
98.13295841217041
 20
0.11889953613281179
 30
0.0
 40
0.009000000000000001
  0
HATCH
  5
B05
330
17
100
AcDbEntity
  8
E-ACERO
100
AcDbHatch
 10
0.0
 20
0.0
 30
0.0
210
0.0
220
0.0
230
1.0
  2
SOLID
 70
1
 71
0
 91
1
 92
1
 93
1
 72
2
 10
98.13295841217041
 20
0.11889953613281179
 40
0.009000000000000001
 50
0
 51
360
 73
1
 97
0
 75
0
 76
1
 98
0
  0
CIRCLE
  5
B06
330
17
100
AcDbEntity
  8
E-ACERO
100
AcDbCircle
 10
98.29695796966553
 20
0.11889953613281179
 30
0.0
 40
0.009000000000000001
  0
HATCH
  5
B07
330
17
100
AcDbEntity
  8
E-ACERO
100
AcDbHatch
 10
0.0
 20
0.0
 30
0.0
210
0.0
220
0.0
230
1.0
  2
SOLID
 70
1
 71
0
 91
1
 92
1
 93
1
 72
2
 10
98.29695796966553
 20
0.11889953613281179
 40
0.009000000000000001
 50
0
 51
360
 73
1
 97
0
 75
0
 76
1
 98
0
  0
CIRCLE
  5
B08
330
17
100
AcDbEntity
  8
E-ACERO
100
AcDbCircle
 10
98.13295841217041
 20
0.042225074768065696
 30
0.0
 40
0.009000000000000001
  0
HATCH
  5
B09
330
17
100
AcDbEntity
  8
E-ACERO
100
AcDbHatch
 10
0.0
 20
0.0
 30
0.0
210
0.0
220
0.0
230
1.0
  2
SOLID
 70
1
 71
0
 91
1
 92
1
 93
1
 72
2
 10
98.13295841217041
 20
0.042225074768065696
 40
0.009000000000000001
 50
0
 51
360
 73
1
 97
0
 75
0
 76
1
 98
0
  0
CIRCLE
  5
B0A
330
17
100
AcDbEntity
  8
E-ACERO
100
AcDbCircle
 10
98.29695796966553
 20
0.042225074768065696
 30
0.0
 40
0.009000000000000001
  0
HATCH
  5
B0B
330
17
100
AcDbEntity
  8
E-ACERO
100
AcDbHatch
 10
0.0
 20
0.0
 30
0.0
210
0.0
220
0.0
230
1.0
  2
SOLID
 70
1
 71
0
 91
1
 92
1
 93
1
 72
2
 10
98.29695796966553
 20
0.042225074768065696
 40
0.009000000000000001
 50
0
 51
360
 73
1
 97
0
 75
0
 76
1
 98
0
  0
CIRCLE
  5
B0C
330
17
100
AcDbEntity
  8
E-ACERO
100
AcDbCircle
 10
97.56495809555054
 20
0.03135032653808523
 30
0.0
 40
0.009000000000000001
  0
HATCH
  5
B0D
330
17
100
AcDbEntity
  8
E-ACERO
100
AcDbHatch
 10
0.0
 20
0.0
 30
0.0
210
0.0
220
0.0
230
1.0
  2
SOLID
 70
1
 71
0
 91
1
 92
1
 93
1
 72
2
 10
97.56495809555054
 20
0.03135032653808523
 40
0.009000000000000001
 50
0
 51
360
 73
1
 97
0
 75
0
 76
1
 98
0
  0
LWPOLYLINE
  5
B0E
330
17
100
AcDbEntity
  8
E-ACERO
100
AcDbPolyline
 90
3
 70
0
 10
98.13370418548584
 20
0.09572143554687429
 10
98.09778308868408
 20
0.05980033874511648
 10
98.09475379667242
 20
0.04457329901570972
  0
LWPOLYLINE
  5
B0F
330
17
100
AcDbEntity
  8
E-ACERO
100
AcDbPolyline
 90
3
 70
0
 10
98.09475379667242
 20
0.04457329901570972
 10
98.09434127807617
 20
0.042499732971190696
 10
98.0975895953568
 20
0.040329259704034115
  0
LWPOLYLINE
  5
B10
330
17
100
AcDbEntity
  8
E-ACERO
100
AcDbPolyline
 90
2
 70
0
 10
98.0975895953568
 20
0.040329259704034115
 10
98.10183001126035
 20
0.037495882122591695
  0
LWPOLYLINE
  5
B11
330
17
100
AcDbEntity
  8
E-ACERO
100
AcDbPolyline
 90
13
 70
0
 10
98.10183001126035
 20
0.037495882122591695
 10
98.10900783538818
 20
0.03269977569580007
 10
98.32408332824707
 20
0.03269977569580007
 10
98.33530902862549
 20
0.037349891662596946
 10
98.33995819091797
 20
0.04857463836669851
 10
98.33995819091797
 20
0.13612480163574148
 10
98.3353099822998
 20
0.14735050201415945
 10
98.32408809661865
 20
0.15199966430663991
 10
98.10582828521729
 20
0.15199966430663991
 10
98.09460639953613
 20
0.14735050201415945
 10
98.08995819091797
 20
0.13612480163574148
 10
98.08995819091797
 20
0.05175037384033132
 10
98.09475379667242
 20
0.04457329901570972
  0
LWPOLYLINE
  5
B12
330
17
100
AcDbEntity
  8
E-ACERO
100
AcDbPolyline
 90
2
 70
0
 10
98.09475379667242
 20
0.04457329901570972
 10
98.0975895953568
 20
0.040329259704034115
  0
LWPOLYLINE
  5
B13
330
17
100
AcDbEntity
  8
E-ACERO
100
AcDbPolyline
 90
3
 70
0
 10
98.0975895953568
 20
0.040329259704034115
 10
98.09975814819336
 20
0.0370838165283196
 10
98.10183001126035
 20
0.037495882122591695
  0
LWPOLYLINE
  5
B14
330
17
100
AcDbEntity
  8
E-ACERO
100
AcDbPolyline
 90
3
 70
0
 10
98.10183001126035
 20
0.037495882122591695
 10
98.11705875396729
 20
0.04052467346191335
 10
98.15297985076904
 20
0.07644577026367116
  0
LWPOLYLINE
  5
B15
330
17
100
AcDbEntity
  8
E-ACERO
100
AcDbPolyline
 90
3
 70
0
 10
98.13370418548584
 20
0.09572143554687429
 10
98.09778308868408
 20
0.05980033874511648
 10
98.09475379667242
 20
0.04457329901570972
  0
LWPOLYLINE
  5
B16
330
17
100
AcDbEntity
  8
E-ACERO
100
AcDbPolyline
 90
3
 70
0
 10
98.09475379667242
 20
0.04457329901570972
 10
98.09434127807617
 20
0.042499732971190696
 10
98.0975895953568
 20
0.040329259704034115
  0
LWPOLYLINE
  5
B17
330
17
100
AcDbEntity
  8
E-ACERO
100
AcDbPolyline
 90
2
 70
0
 10
98.0975895953568
 20
0.040329259704034115
 10
98.10183001126035
 20
0.037495882122591695
  0
LWPOLYLINE
  5
B18
330
17
100
AcDbEntity
  8
E-ACERO
100
AcDbPolyline
 90
13
 70
0
 10
98.10183001126035
 20
0.037495882122591695
 10
98.10900783538818
 20
0.03269977569580007
 10
98.32408332824707
 20
0.03269977569580007
 10
98.33530902862549
 20
0.037349891662596946
 10
98.33995819091797
 20
0.04857463836669851
 10
98.33995819091797
 20
0.13612480163574148
 10
98.3353099822998
 20
0.14735050201415945
 10
98.32408809661865
 20
0.15199966430663991
 10
98.10582828521729
 20
0.15199966430663991
 10
98.09460639953613
 20
0.14735050201415945
 10
98.08995819091797
 20
0.13612480163574148
 10
98.08995819091797
 20
0.05175037384033132
 10
98.09475379667242
 20
0.04457329901570972
  0
LWPOLYLINE
  5
B19
330
17
100
AcDbEntity
  8
E-ACERO
100
AcDbPolyline
 90
2
 70
0
 10
98.09475379667242
 20
0.04457329901570972
 10
98.0975895953568
 20
0.040329259704034115
  0
LWPOLYLINE
  5
B1A
330
17
100
AcDbEntity
  8
E-ACERO
100
AcDbPolyline
 90
3
 70
0
 10
98.0975895953568
 20
0.040329259704034115
 10
98.09975814819336
 20
0.0370838165283196
 10
98.10183001126035
 20
0.037495882122591695
  0
LWPOLYLINE
  5
B1B
330
17
100
AcDbEntity
  8
E-ACERO
100
AcDbPolyline
 90
3
 70
0
 10
98.10183001126035
 20
0.037495882122591695
 10
98.11705875396729
 20
0.04052467346191335
 10
98.15297985076904
 20
0.07644577026367116
  0
LWPOLYLINE
  5
B1C
330
17
100
AcDbEntity
  8
E-ACERO
100
AcDbPolyline
 90
3
 70
0
 10
99.97533893585205
 20
-0.16070537567138743
 10
99.92145824432373
 20
-0.21458702087402415
 10
99.91691434711787
 20
-0.23742906537223796
  0
LWPOLYLINE
  5
B1D
330
17
100
AcDbEntity
  8
E-ACERO
100
AcDbPolyline
 90
3
 70
0
 10
99.91691434711787
 20
-0.23742906537223796
 10
99.91629600524902
 20
-0.24053745269775462
 10
99.92116524404813
 20
-0.24379107012663503
  0
LWPOLYLINE
  5
B1E
330
17
100
AcDbEntity
  8
E-ACERO
100
AcDbPolyline
 90
2
 70
0
 10
99.92116524404813
 20
-0.24379107012663503
 10
99.92753022975026
 20
-0.24804414319810597
  0
LWPOLYLINE
  5
B1F
330
17
100
AcDbEntity
  8
E-ACERO
100
AcDbPolyline
 90
13
 70
0
 10
99.92753022975026
 20
-0.24804414319810597
 10
99.93829536437988
 20
-0.25523738861084055
 10
100.0963830947876
 20
-0.25523738861084055
 10
100.11322116851807
 20
-0.24826316833496165
 10
100.12019538879395
 20
-0.2314250946044929
 10
100.12019538879395
 20
0.13142509460449148
 10
100.1132287979126
 20
0.14826316833496023
 10
100.09640789031982
 20
0.15523738861083913
 10
99.93350887298584
 20
0.15523738861083913
 10
99.91668796539307
 20
0.14826316833496023
 10
99.9097204208374
 20
0.13142509460449148
 10
99.9097204208374
 20
-0.22666244506836009
 10
99.91691434711787
 20
-0.23742906537223796
  0
LWPOLYLINE
  5
B20
330
17
100
AcDbEntity
  8
E-ACERO
100
AcDbPolyline
 90
2
 70
0
 10
99.91691434711787
 20
-0.23742906537223796
 10
99.92116524404813
 20
-0.24379107012663503
  0
LWPOLYLINE
  5
B21
330
17
100
AcDbEntity
  8
E-ACERO
100
AcDbPolyline
 90
3
 70
0
 10
99.92116524404813
 20
-0.24379107012663503
 10
99.92442035675049
 20
-0.24866275787353587
 10
99.92753022975026
 20
-0.24804414319810597
  0
LWPOLYLINE
  5
B22
330
17
100
AcDbEntity
  8
E-ACERO
100
AcDbPolyline
 90
3
 70
0
 10
99.92753022975026
 20
-0.24804414319810597
 10
99.95037174224854
 20
-0.24350051879882884
 10
100.00425243377686
 20
-0.18961887359619212
  0
LWPOLYLINE
  5
B23
330
17
100
AcDbEntity
  8
E-ACERO
100
AcDbPolyline
 90
3
 70
0
 10
99.97533893585205
 20
-0.16070537567138743
 10
99.92145824432373
 20
-0.21458702087402415
 10
99.91691434711787
 20
-0.23742906537223796
  0
LWPOLYLINE
  5
B24
330
17
100
AcDbEntity
  8
E-ACERO
100
AcDbPolyline
 90
3
 70
0
 10
99.91691434711787
 20
-0.23742906537223796
 10
99.91629600524902
 20
-0.24053745269775462
 10
99.92116524404813
 20
-0.24379107012663503
  0
LWPOLYLINE
  5
B25
330
17
100
AcDbEntity
  8
E-ACERO
100
AcDbPolyline
 90
2
 70
0
 10
99.92116524404813
 20
-0.24379107012663503
 10
99.92753022975026
 20
-0.24804414319810597
  0
LWPOLYLINE
  5
B26
330
17
100
AcDbEntity
  8
E-ACERO
100
AcDbPolyline
 90
13
 70
0
 10
99.92753022975026
 20
-0.24804414319810597
 10
99.93829536437988
 20
-0.25523738861084055
 10
100.0963830947876
 20
-0.25523738861084055
 10
100.11322116851807
 20
-0.24826316833496165
 10
100.12019538879395
 20
-0.2314250946044929
 10
100.12019538879395
 20
0.13142509460449148
 10
100.1132287979126
 20
0.14826316833496023
 10
100.09640789031982
 20
0.15523738861083913
 10
99.93350887298584
 20
0.15523738861083913
 10
99.91668796539307
 20
0.14826316833496023
 10
99.9097204208374
 20
0.13142509460449148
 10
99.9097204208374
 20
-0.22666244506836009
 10
99.91691434711787
 20
-0.23742906537223796
  0
LWPOLYLINE
  5
B27
330
17
100
AcDbEntity
  8
E-ACERO
100
AcDbPolyline
 90
2
 70
0
 10
99.91691434711787
 20
-0.23742906537223796
 10
99.92116524404813
 20
-0.24379107012663503
  0
LWPOLYLINE
  5
B28
330
17
100
AcDbEntity
  8
E-ACERO
100
AcDbPolyline
 90
3
 70
0
 10
99.92116524404813
 20
-0.24379107012663503
 10
99.92442035675049
 20
-0.24866275787353587
 10
99.92753022975026
 20
-0.24804414319810597
  0
LWPOLYLINE
  5
B29
330
17
100
AcDbEntity
  8
E-ACERO
100
AcDbPolyline
 90
3
 70
0
 10
99.92753022975026
 20
-0.24804414319810597
 10
99.95037174224854
 20
-0.24350051879882884
 10
100.00425243377686
 20
-0.18961887359619212
  0
LWPOLYLINE
  5
B2A
330
17
100
AcDbEntity
  8
E-ACERO
100
AcDbPolyline
 90
3
 70
0
 10
99.97533893585205
 20
-0.16070537567138743
 10
99.92145824432373
 20
-0.21458702087402415
 10
99.91691434711787
 20
-0.23742906537223796
  0
LWPOLYLINE
  5
B2B
330
17
100
AcDbEntity
  8
E-ACERO
100
AcDbPolyline
 90
3
 70
0
 10
99.91691434711787
 20
-0.23742906537223796
 10
99.91629600524902
 20
-0.24053745269775462
 10
99.92116524404813
 20
-0.24379107012663503
  0
LWPOLYLINE
  5
B2C
330
17
100
AcDbEntity
  8
E-ACERO
100
AcDbPolyline
 90
2
 70
0
 10
99.92116524404813
 20
-0.24379107012663503
 10
99.92753022975026
 20
-0.24804414319810597
  0
LWPOLYLINE
  5
B2D
330
17
100
AcDbEntity
  8
E-ACERO
100
AcDbPolyline
 90
13
 70
0
 10
99.92753022975026
 20
-0.24804414319810597
 10
99.93829536437988
 20
-0.25523738861084055
 10
100.0963830947876
 20
-0.25523738861084055
 10
100.11322116851807
 20
-0.24826316833496165
 10
100.12019538879395
 20
-0.2314250946044929
 10
100.12019538879395
 20
0.13142509460449148
 10
100.1132287979126
 20
0.14826316833496023
 10
100.09640789031982
 20
0.15523738861083913
 10
99.93350887298584
 20
0.15523738861083913
 10
99.91668796539307
 20
0.14826316833496023
 10
99.9097204208374
 20
0.13142509460449148
 10
99.9097204208374
 20
-0.22666244506836009
 10
99.91691434711787
 20
-0.23742906537223796
  0
LWPOLYLINE
  5
B2E
330
17
100
AcDbEntity
  8
E-ACERO
100
AcDbPolyline
 90
2
 70
0
 10
99.91691434711787
 20
-0.23742906537223796
 10
99.92116524404813
 20
-0.24379107012663503
  0
LWPOLYLINE
  5
B2F
330
17
100
AcDbEntity
  8
E-ACERO
100
AcDbPolyline
 90
3
 70
0
 10
99.92116524404813
 20
-0.24379107012663503
 10
99.92442035675049
 20
-0.24866275787353587
 10
99.92753022975026
 20
-0.24804414319810597
  0
LWPOLYLINE
  5
B30
330
17
100
AcDbEntity
  8
E-ACERO
100
AcDbPolyline
 90
3
 70
0
 10
99.92753022975026
 20
-0.24804414319810597
 10
99.95037174224854
 20
-0.24350051879882884
 10
100.00425243377686
 20
-0.18961887359619212
  0
LWPOLYLINE
  5
B31
330
17
100
AcDbEntity
  8
E-ACERO
100
AcDbPolyline
 90
3
 70
0
 10
99.97533893585205
 20
-0.16070537567138743
 10
99.92145824432373
 20
-0.21458702087402415
 10
99.91691434711787
 20
-0.23742906537223796
  0
LWPOLYLINE
  5
B32
330
17
100
AcDbEntity
  8
E-ACERO
100
AcDbPolyline
 90
3
 70
0
 10
99.91691434711787
 20
-0.23742906537223796
 10
99.91629600524902
 20
-0.24053745269775462
 10
99.92116524404813
 20
-0.24379107012663503
  0
LWPOLYLINE
  5
B33
330
17
100
AcDbEntity
  8
E-ACERO
100
AcDbPolyline
 90
2
 70
0
 10
99.92116524404813
 20
-0.24379107012663503
 10
99.92753022975026
 20
-0.24804414319810597
  0
LWPOLYLINE
  5
B34
330
17
100
AcDbEntity
  8
E-ACERO
100
AcDbPolyline
 90
13
 70
0
 10
99.92753022975026
 20
-0.24804414319810597
 10
99.93829536437988
 20
-0.25523738861084055
 10
100.0963830947876
 20
-0.25523738861084055
 10
100.11322116851807
 20
-0.24826316833496165
 10
100.12019538879395
 20
-0.2314250946044929
 10
100.12019538879395
 20
0.13142509460449148
 10
100.1132287979126
 20
0.14826316833496023
 10
100.09640789031982
 20
0.15523738861083913
 10
99.93350887298584
 20
0.15523738861083913
 10
99.91668796539307
 20
0.14826316833496023
 10
99.9097204208374
 20
0.13142509460449148
 10
99.9097204208374
 20
-0.22666244506836009
 10
99.91691434711787
 20
-0.23742906537223796
  0
LWPOLYLINE
  5
B35
330
17
100
AcDbEntity
  8
E-ACERO
100
AcDbPolyline
 90
2
 70
0
 10
99.91691434711787
 20
-0.23742906537223796
 10
99.92116524404813
 20
-0.24379107012663503
  0
LWPOLYLINE
  5
B36
330
17
100
AcDbEntity
  8
E-ACERO
100
AcDbPolyline
 90
3
 70
0
 10
99.92116524404813
 20
-0.24379107012663503
 10
99.92442035675049
 20
-0.24866275787353587
 10
99.92753022975026
 20
-0.24804414319810597
  0
LWPOLYLINE
  5
B37
330
17
100
AcDbEntity
  8
E-ACERO
100
AcDbPolyline
 90
3
 70
0
 10
99.92753022975026
 20
-0.24804414319810597
 10
99.95037174224854
 20
-0.24350051879882884
 10
100.00425243377686
 20
-0.18961887359619212
  0
LWPOLYLINE
  5
B38
330
17
100
AcDbEntity
  8
E-ACERO
100
AcDbPolyline
 90
3
 70
0
 10
99.97533893585205
 20
-0.16070537567138743
 10
99.92145824432373
 20
-0.21458702087402415
 10
99.91691434711787
 20
-0.23742906537223796
  0
LWPOLYLINE
  5
B39
330
17
100
AcDbEntity
  8
E-ACERO
100
AcDbPolyline
 90
3
 70
0
 10
99.91691434711787
 20
-0.23742906537223796
 10
99.91629600524902
 20
-0.24053745269775462
 10
99.92116524404813
 20
-0.24379107012663503
  0
LWPOLYLINE
  5
B3A
330
17
100
AcDbEntity
  8
E-ACERO
100
AcDbPolyline
 90
2
 70
0
 10
99.92116524404813
 20
-0.24379107012663503
 10
99.92753022975026
 20
-0.24804414319810597
  0
LWPOLYLINE
  5
B3B
330
17
100
AcDbEntity
  8
E-ACERO
100
AcDbPolyline
 90
13
 70
0
 10
99.92753022975026
 20
-0.24804414319810597
 10
99.93829536437988
 20
-0.25523738861084055
 10
100.0963830947876
 20
-0.25523738861084055
 10
100.11322116851807
 20
-0.24826316833496165
 10
100.12019538879395
 20
-0.2314250946044929
 10
100.12019538879395
 20
0.13142509460449148
 10
100.1132287979126
 20
0.14826316833496023
 10
100.09640789031982
 20
0.15523738861083913
 10
99.93350887298584
 20
0.15523738861083913
 10
99.91668796539307
 20
0.14826316833496023
 10
99.9097204208374
 20
0.13142509460449148
 10
99.9097204208374
 20
-0.22666244506836009
 10
99.91691434711787
 20
-0.23742906537223796
  0
LWPOLYLINE
  5
B3C
330
17
100
AcDbEntity
  8
E-ACERO
100
AcDbPolyline
 90
2
 70
0
 10
99.91691434711787
 20
-0.23742906537223796
 10
99.92116524404813
 20
-0.24379107012663503
  0
LWPOLYLINE
  5
B3D
330
17
100
AcDbEntity
  8
E-ACERO
100
AcDbPolyline
 90
3
 70
0
 10
99.92116524404813
 20
-0.24379107012663503
 10
99.92442035675049
 20
-0.24866275787353587
 10
99.92753022975026
 20
-0.24804414319810597
  0
LWPOLYLINE
  5
B3E
330
17
100
AcDbEntity
  8
E-ACERO
100
AcDbPolyline
 90
3
 70
0
 10
99.92753022975026
 20
-0.24804414319810597
 10
99.95037174224854
 20
-0.24350051879882884
 10
100.00425243377686
 20
-0.18961887359619212
  0
LWPOLYLINE
  5
B3F
330
17
100
AcDbEntity
  8
E-ACERO
100
AcDbPolyline
 90
3
 70
0
 10
99.97533893585205
 20
-0.16070537567138743
 10
99.92145824432373
 20
-0.21458702087402415
 10
99.91691434711787
 20
-0.23742906537223796
  0
LWPOLYLINE
  5
B40
330
17
100
AcDbEntity
  8
E-ACERO
100
AcDbPolyline
 90
3
 70
0
 10
99.91691434711787
 20
-0.23742906537223796
 10
99.91629600524902
 20
-0.24053745269775462
 10
99.92116524404813
 20
-0.24379107012663503
  0
LWPOLYLINE
  5
B41
330
17
100
AcDbEntity
  8
E-ACERO
100
AcDbPolyline
 90
2
 70
0
 10
99.92116524404813
 20
-0.24379107012663503
 10
99.92753022975026
 20
-0.24804414319810597
  0
LWPOLYLINE
  5
B42
330
17
100
AcDbEntity
  8
E-ACERO
100
AcDbPolyline
 90
13
 70
0
 10
99.92753022975026
 20
-0.24804414319810597
 10
99.93829536437988
 20
-0.25523738861084055
 10
100.0963830947876
 20
-0.25523738861084055
 10
100.11322116851807
 20
-0.24826316833496165
 10
100.12019538879395
 20
-0.2314250946044929
 10
100.12019538879395
 20
0.13142509460449148
 10
100.1132287979126
 20
0.14826316833496023
 10
100.09640789031982
 20
0.15523738861083913
 10
99.93350887298584
 20
0.15523738861083913
 10
99.91668796539307
 20
0.14826316833496023
 10
99.9097204208374
 20
0.13142509460449148
 10
99.9097204208374
 20
-0.22666244506836009
 10
99.91691434711787
 20
-0.23742906537223796
  0
LWPOLYLINE
  5
B43
330
17
100
AcDbEntity
  8
E-ACERO
100
AcDbPolyline
 90
2
 70
0
 10
99.91691434711787
 20
-0.23742906537223796
 10
99.92116524404813
 20
-0.24379107012663503
  0
LWPOLYLINE
  5
B44
330
17
100
AcDbEntity
  8
E-ACERO
100
AcDbPolyline
 90
3
 70
0
 10
99.92116524404813
 20
-0.24379107012663503
 10
99.92442035675049
 20
-0.24866275787353587
 10
99.92753022975026
 20
-0.24804414319810597
  0
LWPOLYLINE
  5
B45
330
17
100
AcDbEntity
  8
E-ACERO
100
AcDbPolyline
 90
3
 70
0
 10
99.92753022975026
 20
-0.24804414319810597
 10
99.95037174224854
 20
-0.24350051879882884
 10
100.00425243377686
 20
-0.18961887359619212
  0
LWPOLYLINE
  5
B46
330
17
100
AcDbEntity
  8
E-ACERO
100
AcDbPolyline
 90
3
 70
0
 10
99.97533893585205
 20
-0.16070537567138743
 10
99.92145824432373
 20
-0.21458702087402415
 10
99.91691434711787
 20
-0.23742906537223796
  0
LWPOLYLINE
  5
B47
330
17
100
AcDbEntity
  8
E-ACERO
100
AcDbPolyline
 90
3
 70
0
 10
99.91691434711787
 20
-0.23742906537223796
 10
99.91629600524902
 20
-0.24053745269775462
 10
99.92116524404813
 20
-0.24379107012663503
  0
LWPOLYLINE
  5
B48
330
17
100
AcDbEntity
  8
E-ACERO
100
AcDbPolyline
 90
2
 70
0
 10
99.92116524404813
 20
-0.24379107012663503
 10
99.92753022975026
 20
-0.24804414319810597
  0
LWPOLYLINE
  5
B49
330
17
100
AcDbEntity
  8
E-ACERO
100
AcDbPolyline
 90
13
 70
0
 10
99.92753022975026
 20
-0.24804414319810597
 10
99.93829536437988
 20
-0.25523738861084055
 10
100.0963830947876
 20
-0.25523738861084055
 10
100.11322116851807
 20
-0.24826316833496165
 10
100.12019538879395
 20
-0.2314250946044929
 10
100.12019538879395
 20
0.13142509460449148
 10
100.1132287979126
 20
0.14826316833496023
 10
100.09640789031982
 20
0.15523738861083913
 10
99.93350887298584
 20
0.15523738861083913
 10
99.91668796539307
 20
0.14826316833496023
 10
99.9097204208374
 20
0.13142509460449148
 10
99.9097204208374
 20
-0.22666244506836009
 10
99.91691434711787
 20
-0.23742906537223796
  0
LWPOLYLINE
  5
B4A
330
17
100
AcDbEntity
  8
E-ACERO
100
AcDbPolyline
 90
2
 70
0
 10
99.91691434711787
 20
-0.23742906537223796
 10
99.92116524404813
 20
-0.24379107012663503
  0
LWPOLYLINE
  5
B4B
330
17
100
AcDbEntity
  8
E-ACERO
100
AcDbPolyline
 90
3
 70
0
 10
99.92116524404813
 20
-0.24379107012663503
 10
99.92442035675049
 20
-0.24866275787353587
 10
99.92753022975026
 20
-0.24804414319810597
  0
LWPOLYLINE
  5
B4C
330
17
100
AcDbEntity
  8
E-ACERO
100
AcDbPolyline
 90
3
 70
0
 10
99.92753022975026
 20
-0.24804414319810597
 10
99.95037174224854
 20
-0.24350051879882884
 10
100.00425243377686
 20
-0.18961887359619212
  0
LWPOLYLINE
  5
B4D
330
17
100
AcDbEntity
  8
E-ACERO
100
AcDbPolyline
 90
3
 70
0
 10
99.97533893585205
 20
-0.16070537567138743
 10
99.92145824432373
 20
-0.21458702087402415
 10
99.91691434711787
 20
-0.23742906537223796
  0
LWPOLYLINE
  5
B4E
330
17
100
AcDbEntity
  8
E-ACERO
100
AcDbPolyline
 90
3
 70
0
 10
99.91691434711787
 20
-0.23742906537223796
 10
99.91629600524902
 20
-0.24053745269775462
 10
99.92116524404813
 20
-0.24379107012663503
  0
LWPOLYLINE
  5
B4F
330
17
100
AcDbEntity
  8
E-ACERO
100
AcDbPolyline
 90
2
 70
0
 10
99.92116524404813
 20
-0.24379107012663503
 10
99.92753022975026
 20
-0.24804414319810597
  0
LWPOLYLINE
  5
B50
330
17
100
AcDbEntity
  8
E-ACERO
100
AcDbPolyline
 90
13
 70
0
 10
99.92753022975026
 20
-0.24804414319810597
 10
99.93829536437988
 20
-0.25523738861084055
 10
100.0963830947876
 20
-0.25523738861084055
 10
100.11322116851807
 20
-0.24826316833496165
 10
100.12019538879395
 20
-0.2314250946044929
 10
100.12019538879395
 20
0.13142509460449148
 10
100.1132287979126
 20
0.14826316833496023
 10
100.09640789031982
 20
0.15523738861083913
 10
99.93350887298584
 20
0.15523738861083913
 10
99.91668796539307
 20
0.14826316833496023
 10
99.9097204208374
 20
0.13142509460449148
 10
99.9097204208374
 20
-0.22666244506836009
 10
99.91691434711787
 20
-0.23742906537223796
  0
LWPOLYLINE
  5
B51
330
17
100
AcDbEntity
  8
E-ACERO
100
AcDbPolyline
 90
2
 70
0
 10
99.91691434711787
 20
-0.23742906537223796
 10
99.92116524404813
 20
-0.24379107012663503
  0
LWPOLYLINE
  5
B52
330
17
100
AcDbEntity
  8
E-ACERO
100
AcDbPolyline
 90
3
 70
0
 10
99.92116524404813
 20
-0.24379107012663503
 10
99.92442035675049
 20
-0.24866275787353587
 10
99.92753022975026
 20
-0.24804414319810597
  0
LWPOLYLINE
  5
B53
330
17
100
AcDbEntity
  8
E-ACERO
100
AcDbPolyline
 90
3
 70
0
 10
99.92753022975026
 20
-0.24804414319810597
 10
99.95037174224854
 20
-0.24350051879882884
 10
100.00425243377686
 20
-0.18961887359619212
  0
LWPOLYLINE
  5
B54
330
17
100
AcDbEntity
  8
E-ACERO
100
AcDbPolyline
 90
3
 70
0
 10
99.97533893585205
 20
-0.16070537567138743
 10
99.92145824432373
 20
-0.21458702087402415
 10
99.91691434711787
 20
-0.23742906537223796
  0
LWPOLYLINE
  5
B55
330
17
100
AcDbEntity
  8
E-ACERO
100
AcDbPolyline
 90
3
 70
0
 10
99.91691434711787
 20
-0.23742906537223796
 10
99.91629600524902
 20
-0.24053745269775462
 10
99.92116524404813
 20
-0.24379107012663503
  0
LWPOLYLINE
  5
B56
330
17
100
AcDbEntity
  8
E-ACERO
100
AcDbPolyline
 90
2
 70
0
 10
99.92116524404813
 20
-0.24379107012663503
 10
99.92753022975026
 20
-0.24804414319810597
  0
LWPOLYLINE
  5
B57
330
17
100
AcDbEntity
  8
E-ACERO
100
AcDbPolyline
 90
13
 70
0
 10
99.92753022975026
 20
-0.24804414319810597
 10
99.93829536437988
 20
-0.25523738861084055
 10
100.0963830947876
 20
-0.25523738861084055
 10
100.11322116851807
 20
-0.24826316833496165
 10
100.12019538879395
 20
-0.2314250946044929
 10
100.12019538879395
 20
0.13142509460449148
 10
100.1132287979126
 20
0.14826316833496023
 10
100.09640789031982
 20
0.15523738861083913
 10
99.93350887298584
 20
0.15523738861083913
 10
99.91668796539307
 20
0.14826316833496023
 10
99.9097204208374
 20
0.13142509460449148
 10
99.9097204208374
 20
-0.22666244506836009
 10
99.91691434711787
 20
-0.23742906537223796
  0
LWPOLYLINE
  5
B58
330
17
100
AcDbEntity
  8
E-ACERO
100
AcDbPolyline
 90
2
 70
0
 10
99.91691434711787
 20
-0.23742906537223796
 10
99.92116524404813
 20
-0.24379107012663503
  0
LWPOLYLINE
  5
B59
330
17
100
AcDbEntity
  8
E-ACERO
100
AcDbPolyline
 90
3
 70
0
 10
99.92116524404813
 20
-0.24379107012663503
 10
99.92442035675049
 20
-0.24866275787353587
 10
99.92753022975026
 20
-0.24804414319810597
  0
LWPOLYLINE
  5
B5A
330
17
100
AcDbEntity
  8
E-ACERO
100
AcDbPolyline
 90
3
 70
0
 10
99.92753022975026
 20
-0.24804414319810597
 10
99.95037174224854
 20
-0.24350051879882884
 10
100.00425243377686
 20
-0.18961887359619212
  0
LWPOLYLINE
  5
B5B
330
17
100
AcDbEntity
  8
E-ACERO
100
AcDbPolyline
 90
3
 70
0
 10
99.97533893585205
 20
-0.16070537567138743
 10
99.92145824432373
 20
-0.21458702087402415
 10
99.91691434711787
 20
-0.23742906537223796
  0
LWPOLYLINE
  5
B5C
330
17
100
AcDbEntity
  8
E-ACERO
100
AcDbPolyline
 90
3
 70
0
 10
99.91691434711787
 20
-0.23742906537223796
 10
99.91629600524902
 20
-0.24053745269775462
 10
99.92116524404813
 20
-0.24379107012663503
  0
LWPOLYLINE
  5
B5D
330
17
100
AcDbEntity
  8
E-ACERO
100
AcDbPolyline
 90
2
 70
0
 10
99.92116524404813
 20
-0.24379107012663503
 10
99.92753022975026
 20
-0.24804414319810597
  0
LWPOLYLINE
  5
B5E
330
17
100
AcDbEntity
  8
E-ACERO
100
AcDbPolyline
 90
13
 70
0
 10
99.92753022975026
 20
-0.24804414319810597
 10
99.93829536437988
 20
-0.25523738861084055
 10
100.0963830947876
 20
-0.25523738861084055
 10
100.11322116851807
 20
-0.24826316833496165
 10
100.12019538879395
 20
-0.2314250946044929
 10
100.12019538879395
 20
0.13142509460449148
 10
100.1132287979126
 20
0.14826316833496023
 10
100.09640789031982
 20
0.15523738861083913
 10
99.93350887298584
 20
0.15523738861083913
 10
99.91668796539307
 20
0.14826316833496023
 10
99.9097204208374
 20
0.13142509460449148
 10
99.9097204208374
 20
-0.22666244506836009
 10
99.91691434711787
 20
-0.23742906537223796
  0
LWPOLYLINE
  5
B5F
330
17
100
AcDbEntity
  8
E-ACERO
100
AcDbPolyline
 90
2
 70
0
 10
99.91691434711787
 20
-0.23742906537223796
 10
99.92116524404813
 20
-0.24379107012663503
  0
LWPOLYLINE
  5
B60
330
17
100
AcDbEntity
  8
E-ACERO
100
AcDbPolyline
 90
3
 70
0
 10
99.92116524404813
 20
-0.24379107012663503
 10
99.92442035675049
 20
-0.24866275787353587
 10
99.92753022975026
 20
-0.24804414319810597
  0
LWPOLYLINE
  5
B61
330
17
100
AcDbEntity
  8
E-ACERO
100
AcDbPolyline
 90
3
 70
0
 10
99.92753022975026
 20
-0.24804414319810597
 10
99.95037174224854
 20
-0.24350051879882884
 10
100.00425243377686
 20
-0.18961887359619212
  0
LWPOLYLINE
  5
B62
330
17
100
AcDbEntity
  8
E-ACERO
100
AcDbPolyline
 90
3
 70
0
 10
99.97533893585205
 20
-0.16070537567138743
 10
99.92145824432373
 20
-0.21458702087402415
 10
99.91691434711787
 20
-0.23742906537223796
  0
LWPOLYLINE
  5
B63
330
17
100
AcDbEntity
  8
E-ACERO
100
AcDbPolyline
 90
3
 70
0
 10
99.91691434711787
 20
-0.23742906537223796
 10
99.91629600524902
 20
-0.24053745269775462
 10
99.92116524404813
 20
-0.24379107012663503
  0
LWPOLYLINE
  5
B64
330
17
100
AcDbEntity
  8
E-ACERO
100
AcDbPolyline
 90
2
 70
0
 10
99.92116524404813
 20
-0.24379107012663503
 10
99.92753022975026
 20
-0.24804414319810597
  0
LWPOLYLINE
  5
B65
330
17
100
AcDbEntity
  8
E-ACERO
100
AcDbPolyline
 90
13
 70
0
 10
99.92753022975026
 20
-0.24804414319810597
 10
99.93829536437988
 20
-0.25523738861084055
 10
100.0963830947876
 20
-0.25523738861084055
 10
100.11322116851807
 20
-0.24826316833496165
 10
100.12019538879395
 20
-0.2314250946044929
 10
100.12019538879395
 20
0.13142509460449148
 10
100.1132287979126
 20
0.14826316833496023
 10
100.09640789031982
 20
0.15523738861083913
 10
99.93350887298584
 20
0.15523738861083913
 10
99.91668796539307
 20
0.14826316833496023
 10
99.9097204208374
 20
0.13142509460449148
 10
99.9097204208374
 20
-0.22666244506836009
 10
99.91691434711787
 20
-0.23742906537223796
  0
LWPOLYLINE
  5
B66
330
17
100
AcDbEntity
  8
E-ACERO
100
AcDbPolyline
 90
2
 70
0
 10
99.91691434711787
 20
-0.23742906537223796
 10
99.92116524404813
 20
-0.24379107012663503
  0
LWPOLYLINE
  5
B67
330
17
100
AcDbEntity
  8
E-ACERO
100
AcDbPolyline
 90
3
 70
0
 10
99.92116524404813
 20
-0.24379107012663503
 10
99.92442035675049
 20
-0.24866275787353587
 10
99.92753022975026
 20
-0.24804414319810597
  0
LWPOLYLINE
  5
B68
330
17
100
AcDbEntity
  8
E-ACERO
100
AcDbPolyline
 90
3
 70
0
 10
99.92753022975026
 20
-0.24804414319810597
 10
99.95037174224854
 20
-0.24350051879882884
 10
100.00425243377686
 20
-0.18961887359619212
  0
LWPOLYLINE
  5
B69
330
17
100
AcDbEntity
  8
E-ACERO
100
AcDbPolyline
 90
3
 70
0
 10
99.97533893585205
 20
-0.16070537567138743
 10
99.92145824432373
 20
-0.21458702087402415
 10
99.91691434711787
 20
-0.23742906537223796
  0
LWPOLYLINE
  5
B6A
330
17
100
AcDbEntity
  8
E-ACERO
100
AcDbPolyline
 90
3
 70
0
 10
99.91691434711787
 20
-0.23742906537223796
 10
99.91629600524902
 20
-0.24053745269775462
 10
99.92116524404813
 20
-0.24379107012663503
  0
LWPOLYLINE
  5
B6B
330
17
100
AcDbEntity
  8
E-ACERO
100
AcDbPolyline
 90
2
 70
0
 10
99.92116524404813
 20
-0.24379107012663503
 10
99.92753022975026
 20
-0.24804414319810597
  0
LWPOLYLINE
  5
B6C
330
17
100
AcDbEntity
  8
E-ACERO
100
AcDbPolyline
 90
13
 70
0
 10
99.92753022975026
 20
-0.24804414319810597
 10
99.93829536437988
 20
-0.25523738861084055
 10
100.0963830947876
 20
-0.25523738861084055
 10
100.11322116851807
 20
-0.24826316833496165
 10
100.12019538879395
 20
-0.2314250946044929
 10
100.12019538879395
 20
0.13142509460449148
 10
100.1132287979126
 20
0.14826316833496023
 10
100.09640789031982
 20
0.15523738861083913
 10
99.93350887298584
 20
0.15523738861083913
 10
99.91668796539307
 20
0.14826316833496023
 10
99.9097204208374
 20
0.13142509460449148
 10
99.9097204208374
 20
-0.22666244506836009
 10
99.91691434711787
 20
-0.23742906537223796
  0
LWPOLYLINE
  5
B6D
330
17
100
AcDbEntity
  8
E-ACERO
100
AcDbPolyline
 90
2
 70
0
 10
99.91691434711787
 20
-0.23742906537223796
 10
99.92116524404813
 20
-0.24379107012663503
  0
LWPOLYLINE
  5
B6E
330
17
100
AcDbEntity
  8
E-ACERO
100
AcDbPolyline
 90
3
 70
0
 10
99.92116524404813
 20
-0.24379107012663503
 10
99.92442035675049
 20
-0.24866275787353587
 10
99.92753022975026
 20
-0.24804414319810597
  0
LWPOLYLINE
  5
B6F
330
17
100
AcDbEntity
  8
E-ACERO
100
AcDbPolyline
 90
3
 70
0
 10
99.92753022975026
 20
-0.24804414319810597
 10
99.95037174224854
 20
-0.24350051879882884
 10
100.00425243377686
 20
-0.18961887359619212
  0
LWPOLYLINE
  5
B70
330
17
100
AcDbEntity
  8
E-ACERO
100
AcDbPolyline
 90
3
 70
0
 10
99.97533893585205
 20
-0.16070537567138743
 10
99.92145824432373
 20
-0.21458702087402415
 10
99.91691434711787
 20
-0.23742906537223796
  0
LWPOLYLINE
  5
B71
330
17
100
AcDbEntity
  8
E-ACERO
100
AcDbPolyline
 90
3
 70
0
 10
99.91691434711787
 20
-0.23742906537223796
 10
99.91629600524902
 20
-0.24053745269775462
 10
99.92116524404813
 20
-0.24379107012663503
  0
LWPOLYLINE
  5
B72
330
17
100
AcDbEntity
  8
E-ACERO
100
AcDbPolyline
 90
2
 70
0
 10
99.92116524404813
 20
-0.24379107012663503
 10
99.92753022975026
 20
-0.24804414319810597
  0
LWPOLYLINE
  5
B73
330
17
100
AcDbEntity
  8
E-ACERO
100
AcDbPolyline
 90
13
 70
0
 10
99.92753022975026
 20
-0.24804414319810597
 10
99.93829536437988
 20
-0.25523738861084055
 10
100.0963830947876
 20
-0.25523738861084055
 10
100.11322116851807
 20
-0.24826316833496165
 10
100.12019538879395
 20
-0.2314250946044929
 10
100.12019538879395
 20
0.13142509460449148
 10
100.1132287979126
 20
0.14826316833496023
 10
100.09640789031982
 20
0.15523738861083913
 10
99.93350887298584
 20
0.15523738861083913
 10
99.91668796539307
 20
0.14826316833496023
 10
99.9097204208374
 20
0.13142509460449148
 10
99.9097204208374
 20
-0.22666244506836009
 10
99.91691434711787
 20
-0.23742906537223796
  0
LWPOLYLINE
  5
B74
330
17
100
AcDbEntity
  8
E-ACERO
100
AcDbPolyline
 90
2
 70
0
 10
99.91691434711787
 20
-0.23742906537223796
 10
99.92116524404813
 20
-0.24379107012663503
  0
LWPOLYLINE
  5
B75
330
17
100
AcDbEntity
  8
E-ACERO
100
AcDbPolyline
 90
3
 70
0
 10
99.92116524404813
 20
-0.24379107012663503
 10
99.92442035675049
 20
-0.24866275787353587
 10
99.92753022975026
 20
-0.24804414319810597
  0
LWPOLYLINE
  5
B76
330
17
100
AcDbEntity
  8
E-ACERO
100
AcDbPolyline
 90
3
 70
0
 10
99.92753022975026
 20
-0.24804414319810597
 10
99.95037174224854
 20
-0.24350051879882884
 10
100.00425243377686
 20
-0.18961887359619212
  0
LWPOLYLINE
  5
B77
330
17
100
AcDbEntity
  8
E-ACERO
100
AcDbPolyline
 90
3
 70
0
 10
99.97533893585205
 20
-0.16070537567138743
 10
99.92145824432373
 20
-0.21458702087402415
 10
99.91691434711787
 20
-0.23742906537223796
  0
LWPOLYLINE
  5
B78
330
17
100
AcDbEntity
  8
E-ACERO
100
AcDbPolyline
 90
3
 70
0
 10
99.91691434711787
 20
-0.23742906537223796
 10
99.91629600524902
 20
-0.24053745269775462
 10
99.92116524404813
 20
-0.24379107012663503
  0
LWPOLYLINE
  5
B79
330
17
100
AcDbEntity
  8
E-ACERO
100
AcDbPolyline
 90
2
 70
0
 10
99.92116524404813
 20
-0.24379107012663503
 10
99.92753022975026
 20
-0.24804414319810597
  0
LWPOLYLINE
  5
B7A
330
17
100
AcDbEntity
  8
E-ACERO
100
AcDbPolyline
 90
13
 70
0
 10
99.92753022975026
 20
-0.24804414319810597
 10
99.93829536437988
 20
-0.25523738861084055
 10
100.0963830947876
 20
-0.25523738861084055
 10
100.11322116851807
 20
-0.24826316833496165
 10
100.12019538879395
 20
-0.2314250946044929
 10
100.12019538879395
 20
0.13142509460449148
 10
100.1132287979126
 20
0.14826316833496023
 10
100.09640789031982
 20
0.15523738861083913
 10
99.93350887298584
 20
0.15523738861083913
 10
99.91668796539307
 20
0.14826316833496023
 10
99.9097204208374
 20
0.13142509460449148
 10
99.9097204208374
 20
-0.22666244506836009
 10
99.91691434711787
 20
-0.23742906537223796
  0
LWPOLYLINE
  5
B7B
330
17
100
AcDbEntity
  8
E-ACERO
100
AcDbPolyline
 90
2
 70
0
 10
99.91691434711787
 20
-0.23742906537223796
 10
99.92116524404813
 20
-0.24379107012663503
  0
LWPOLYLINE
  5
B7C
330
17
100
AcDbEntity
  8
E-ACERO
100
AcDbPolyline
 90
3
 70
0
 10
99.92116524404813
 20
-0.24379107012663503
 10
99.92442035675049
 20
-0.24866275787353587
 10
99.92753022975026
 20
-0.24804414319810597
  0
LWPOLYLINE
  5
B7D
330
17
100
AcDbEntity
  8
E-ACERO
100
AcDbPolyline
 90
3
 70
0
 10
99.92753022975026
 20
-0.24804414319810597
 10
99.95037174224854
 20
-0.24350051879882884
 10
100.00425243377686
 20
-0.18961887359619212
  0
LWPOLYLINE
  5
B7E
330
17
100
AcDbEntity
  8
E-ACERO
100
AcDbPolyline
 90
3
 70
0
 10
99.97533893585205
 20
-0.16070537567138743
 10
99.92145824432373
 20
-0.21458702087402415
 10
99.91691434711787
 20
-0.23742906537223796
  0
LWPOLYLINE
  5
B7F
330
17
100
AcDbEntity
  8
E-ACERO
100
AcDbPolyline
 90
3
 70
0
 10
99.91691434711787
 20
-0.23742906537223796
 10
99.91629600524902
 20
-0.24053745269775462
 10
99.92116524404813
 20
-0.24379107012663503
  0
LWPOLYLINE
  5
B80
330
17
100
AcDbEntity
  8
E-ACERO
100
AcDbPolyline
 90
2
 70
0
 10
99.92116524404813
 20
-0.24379107012663503
 10
99.92753022975026
 20
-0.24804414319810597
  0
LWPOLYLINE
  5
B81
330
17
100
AcDbEntity
  8
E-ACERO
100
AcDbPolyline
 90
13
 70
0
 10
99.92753022975026
 20
-0.24804414319810597
 10
99.93829536437988
 20
-0.25523738861084055
 10
100.0963830947876
 20
-0.25523738861084055
 10
100.11322116851807
 20
-0.24826316833496165
 10
100.12019538879395
 20
-0.2314250946044929
 10
100.12019538879395
 20
0.13142509460449148
 10
100.1132287979126
 20
0.14826316833496023
 10
100.09640789031982
 20
0.15523738861083913
 10
99.93350887298584
 20
0.15523738861083913
 10
99.91668796539307
 20
0.14826316833496023
 10
99.9097204208374
 20
0.13142509460449148
 10
99.9097204208374
 20
-0.22666244506836009
 10
99.91691434711787
 20
-0.23742906537223796
  0
LWPOLYLINE
  5
B82
330
17
100
AcDbEntity
  8
E-ACERO
100
AcDbPolyline
 90
2
 70
0
 10
99.91691434711787
 20
-0.23742906537223796
 10
99.92116524404813
 20
-0.24379107012663503
  0
LWPOLYLINE
  5
B83
330
17
100
AcDbEntity
  8
E-ACERO
100
AcDbPolyline
 90
3
 70
0
 10
99.92116524404813
 20
-0.24379107012663503
 10
99.92442035675049
 20
-0.24866275787353587
 10
99.92753022975026
 20
-0.24804414319810597
  0
LWPOLYLINE
  5
B84
330
17
100
AcDbEntity
  8
E-ACERO
100
AcDbPolyline
 90
3
 70
0
 10
99.92753022975026
 20
-0.24804414319810597
 10
99.95037174224854
 20
-0.24350051879882884
 10
100.00425243377686
 20
-0.18961887359619212
  0
CIRCLE
  5
B85
330
17
100
AcDbEntity
  8
E-ACERO
100
AcDbCircle
 10
99.92400838165284
 20
0.14094999999999835
 30
0.0
 40
0.00953
  0
HATCH
  5
B86
330
17
100
AcDbEntity
  8
E-ACERO
100
AcDbHatch
 10
0.0
 20
0.0
 30
0.0
210
0.0
220
0.0
230
1.0
  2
SOLID
 70
1
 71
0
 91
1
 92
1
 93
1
 72
2
 10
99.92400838165284
 20
0.14094999999999835
 40
0.00953
 50
0
 51
360
 73
1
 97
0
 75
0
 76
1
 98
0
  0
CIRCLE
  5
B87
330
17
100
AcDbEntity
  8
E-ACERO
100
AcDbCircle
 10
100.10590838165282
 20
0.14094999999999835
 30
0.0
 40
0.00953
  0
HATCH
  5
B88
330
17
100
AcDbEntity
  8
E-ACERO
100
AcDbHatch
 10
0.0
 20
0.0
 30
0.0
210
0.0
220
0.0
230
1.0
  2
SOLID
 70
1
 71
0
 91
1
 92
1
 93
1
 72
2
 10
100.10590838165282
 20
0.14094999999999835
 40
0.00953
 50
0
 51
360
 73
1
 97
0
 75
0
 76
1
 98
0
  0
CIRCLE
  5
B89
330
17
100
AcDbEntity
  8
E-ACERO
100
AcDbCircle
 10
99.92400838165284
 20
-0.24095000000000155
 30
0.0
 40
0.00953
  0
HATCH
  5
B8A
330
17
100
AcDbEntity
  8
E-ACERO
100
AcDbHatch
 10
0.0
 20
0.0
 30
0.0
210
0.0
220
0.0
230
1.0
  2
SOLID
 70
1
 71
0
 91
1
 92
1
 93
1
 72
2
 10
99.92400838165284
 20
-0.24095000000000155
 40
0.00953
 50
0
 51
360
 73
1
 97
0
 75
0
 76
1
 98
0
  0
CIRCLE
  5
B8B
330
17
100
AcDbEntity
  8
E-ACERO
100
AcDbCircle
 10
100.0452750483195
 20
-0.24095000000000155
 30
0.0
 40
0.00953
  0
HATCH
  5
B8C
330
17
100
AcDbEntity
  8
E-ACERO
100
AcDbHatch
 10
0.0
 20
0.0
 30
0.0
210
0.0
220
0.0
230
1.0
  2
SOLID
 70
1
 71
0
 91
1
 92
1
 93
1
 72
2
 10
100.0452750483195
 20
-0.24095000000000155
 40
0.00953
 50
0
 51
360
 73
1
 97
0
 75
0
 76
1
 98
0
  0
LINE
  5
B8D
330
17
100
AcDbEntity
  8
E-EJES
  6
EJE20
100
AcDbLine
 10
100.01495830078157
 20
-0.5500000000000007
 30
0.0
 11
100.01495830078157
 21
0.25
 31
0.0
  0
CIRCLE
  5
B8E
330
17
100
AcDbEntity
  8
E-EJES-ID
100
AcDbCircle
 10
100.01495830078157
 20
-0.6300000000000008
 30
0.0
 40
0.08
  0
TEXT
  5
B8F
330
17
100
AcDbEntity
  8
E-EJES-ID
100
AcDbText
 10
100.01495830078157
 20
-0.6300000000000008
 30
0.0
 40
0.06
  1
N-1
  7
ARIAL
 41
0.8
 72
1
 11
100.01495830078157
 21
-0.6300000000000008
 31
0.0
100
AcDbText
 73
2
  0
DIMENSION
  5
B90
330
17
100
AcDbEntity
  8
E-COTA
100
AcDbDimension
280
0
  2
*D87
  3
COTA20
 10
98.06495819091796
 20
-0.09999999999999964
 30
0.0
 11
98.21495819091797
 21
-0.06999999999999965
 31
0.0
 70
32
 71
5
  1
<>
100
AcDbAlignedDimension
 13
98.06495819091796
 23
0.0
 33
0.0
 14
98.36495819091797
 24
0.0
 34
0.0
 50
0.0
100
AcDbRotatedDimension
1001
ACAD
1000
DSTYLE
1002
{
1070
271
1070
2
1002
}
  0
DIMENSION
  5
B9F
330
17
100
AcDbEntity
  8
E-COTA
100
AcDbDimension
280
0
  2
*D88
  3
COTA20
 10
98.36495819091797
 20
-0.09999999999999964
 30
0.0
 11
99.11495824584978
 21
-0.06999999999999965
 31
0.0
 70
32
 71
5
  1
<>
100
AcDbAlignedDimension
 13
98.36495819091797
 23
0.0
 33
0.0
 14
99.86495830078157
 24
0.0
 34
0.0
 50
0.0
100
AcDbRotatedDimension
1001
ACAD
1000
DSTYLE
1002
{
1070
271
1070
2
1002
}
  0
DIMENSION
  5
BAE
330
17
100
AcDbEntity
  8
E-COTA
100
AcDbDimension
280
0
  2
*D89
  3
COTA20
 10
99.86495830078157
 20
-0.09999999999999964
 30
0.0
 11
100.01495814475555
 21
-0.06999999999999965
 31
0.0
 70
32
 71
5
  1
<>
100
AcDbAlignedDimension
 13
99.86495830078157
 23
0.0
 33
0.0
 14
100.16495798872954
 24
0.0
 34
0.0
 50
0.0
100
AcDbRotatedDimension
1001
ACAD
1000
DSTYLE
1002
{
1070
271
1070
2
1002
}
  0
DIMENSION
  5
BBD
330
17
100
AcDbEntity
  8
E-COTA
100
AcDbDimension
280
0
  2
*D90
  3
COTA20
 10
98.10495853424072
 20
0.29999999999999893
 30
0.0
 11
99.1149582862854
 21
0.32999999999999896
 31
0.0
 70
32
 71
5
  1
<>
100
AcDbAlignedDimension
 13
98.10495853424072
 23
0.1999999999999993
 33
0.0
 14
100.12495803833008
 24
0.1999999999999993
 34
0.0
 50
0.0
100
AcDbRotatedDimension
1001
ACAD
1000
DSTYLE
1002
{
1070
271
1070
2
1002
}
  0
LWPOLYLINE
  5
BCC
330
17
100
AcDbEntity
  8
E-ACERO-TXT
100
AcDbPolyline
 90
3
 70
0
 10
99.1149582862854
 20
0.16999999999999993
 10
98.8149582862854
 20
0.5999999999999996
 10
98.7749582862854
 20
0.5999999999999996
  0
CIRCLE
  5
BCD
330
17
100
AcDbEntity
  8
E-ACERO-TXT
100
AcDbCircle
 10
99.1149582862854
 20
0.16999999999999993
 30
0.0
 40
0.01
  0
HATCH
  5
BCE
330
17
100
AcDbEntity
  8
E-ACERO-TXT
100
AcDbHatch
 10
0.0
 20
0.0
 30
0.0
210
0.0
220
0.0
230
1.0
  2
SOLID
 70
1
 71
0
 91
1
 92
1
 93
1
 72
2
 10
99.1149582862854
 20
0.16999999999999993
 40
0.01
 50
0
 51
360
 73
1
 97
0
 75
0
 76
1
 98
0
  0
TEXT
  5
BCF
330
17
100
AcDbEntity
  8
E-ACERO-TXT
100
AcDbText
 10
98.7589582862854
 20
0.5999999999999996
 30
0.0
 40
0.034
  1
1Ø3/8" sup. L=2.23 (ganchos)
  7
ARIAL
 41
0.9
 72
2
 11
98.7589582862854
 21
0.5999999999999996
 31
0.0
100
AcDbText
 73
2
  0
LWPOLYLINE
  5
BD0
330
17
100
AcDbEntity
  8
E-ACERO-TXT
100
AcDbPolyline
 90
3
 70
0
 10
99.4149582862854
 20
0.02999999999999936
 10
99.2149582862854
 20
-0.3000000000000007
 10
99.1749582862854
 20
-0.3000000000000007
  0
CIRCLE
  5
BD1
330
17
100
AcDbEntity
  8
E-ACERO-TXT
100
AcDbCircle
 10
99.4149582862854
 20
0.02999999999999936
 30
0.0
 40
0.01
  0
HATCH
  5
BD2
330
17
100
AcDbEntity
  8
E-ACERO-TXT
100
AcDbHatch
 10
0.0
 20
0.0
 30
0.0
210
0.0
220
0.0
230
1.0
  2
SOLID
 70
1
 71
0
 91
1
 92
1
 93
1
 72
2
 10
99.4149582862854
 20
0.02999999999999936
 40
0.01
 50
0
 51
360
 73
1
 97
0
 75
0
 76
1
 98
0
  0
TEXT
  5
BD3
330
17
100
AcDbEntity
  8
E-ACERO-TXT
100
AcDbText
 10
99.1589582862854
 20
-0.3000000000000007
 30
0.0
 40
0.034
  1
1Ø3/8" inf. L=2.02
  7
ARIAL
 41
0.9
 72
2
 11
99.1589582862854
 21
-0.3000000000000007
 31
0.0
100
AcDbText
 73
2
  0
LWPOLYLINE
  5
BD4
330
17
100
AcDbEntity
  8
E-NIVEL
100
AcDbPolyline
 90
3
 70
1
 10
100.21495798872954
 20
0.1999999999999993
 10
100.18295798872954
 20
0.251199999999999
 10
100.24695798872953
 20
0.251199999999999
  0
HATCH
  5
BD5
330
17
100
AcDbEntity
  8
E-NIVEL
 62
7
100
AcDbHatch
 10
0.0
 20
0.0
 30
0.0
210
0.0
220
0.0
230
1.0
  2
SOLID
 70
1
 71
0
 91
1
 92
3
 72
0
 73
1
 93
3
 10
100.21495798872954
 20
0.1999999999999993
 10
100.18295798872954
 20
0.251199999999999
 10
100.21495798872954
 20
0.251199999999999
 97
0
 75
0
 76
1
 98
0
  0
LINE
  5
BD6
330
17
100
AcDbEntity
  8
E-NIVEL
100
AcDbLine
 10
100.18295798872954
 20
0.251199999999999
 30
0.0
 11
100.43495798872954
 21
0.251199999999999
 31
0.0
  0
TEXT
  5
BD7
330
17
100
AcDbEntity
  8
E-NIVEL
100
AcDbText
 10
100.27895798872953
 20
0.267199999999999
 30
0.0
 40
0.04
  1
NPT +11.00
  7
ARIAL
 41
0.9
 11
100.27895798872953
 21
0.267199999999999
 31
0.0
100
AcDbText
 73
1
  0
HATCH
  5
BD9
330
17
100
AcDbEntity
  8
E-CORTE-ACH
100
AcDbHatch
 10
0.0
 20
0.0
 30
0.0
210
0.0
220
0.0
230
1.0
  2
SOLID
 70
1
 71
0
 91
1
 92
3
 72
0
 73
1
 93
10
 10
124.16495809555053
 20
0.14999999999999858
 10
123.99495809555054
 20
0.14999999999999858
 10
123.99495809555054
 20
0.1999999999999993
 10
124.16495809555053
 20
0.1999999999999993
 10
124.46495809555054
 20
0.1999999999999993
 10
124.63495809555053
 20
0.1999999999999993
 10
124.63495809555053
 20
0.14999999999999858
 10
124.46495809555054
 20
0.14999999999999858
 10
124.46495809555054
 20
0.0
 10
124.16495809555053
 20
0.0
 97
0
 75
0
 76
1
 98
0
  0
LWPOLYLINE
  5
BDA
330
17
100
AcDbEntity
  8
E-CORTE
100
AcDbPolyline
 90
2
 70
0
 10
124.16495809555053
 20
0.14999999999999858
 10
123.99505809555053
 20
0.14999999999999858
  0
LWPOLYLINE
  5
BDB
330
17
100
AcDbEntity
  8
E-CORTE
100
AcDbPolyline
 90
4
 70
0
 10
123.99505809555053
 20
0.1999999999999993
 10
124.16495809555053
 20
0.1999999999999993
 10
124.46495809555054
 20
0.1999999999999993
 10
124.63485809555054
 20
0.1999999999999993
  0
LWPOLYLINE
  5
BDC
330
17
100
AcDbEntity
  8
E-CORTE
100
AcDbPolyline
 90
5
 70
0
 10
124.63485809555054
 20
0.14999999999999858
 10
124.46495809555054
 20
0.14999999999999858
 10
124.46495809555054
 20
0.0
 10
124.16495809555053
 20
0.0
 10
124.16495809555053
 20
0.14999999999999858
  0
LWPOLYLINE
  5
BDD
330
17
100
AcDbEntity
  8
E-CORTE
100
AcDbPolyline
 90
6
 70
0
 10
123.99505809555053
 20
0.14999999999999858
 10
123.99505809555053
 20
0.15999999999999837
 10
123.97255809555054
 20
0.17049999999999876
 10
124.01755809555054
 20
0.1794999999999991
 10
123.99505809555053
 20
0.1899999999999995
 10
123.99505809555053
 20
0.1999999999999993
  0
LWPOLYLINE
  5
BDE
330
17
100
AcDbEntity
  8
E-CORTE
100
AcDbPolyline
 90
6
 70
0
 10
124.63485809555054
 20
0.1999999999999993
 10
124.63485809555054
 20
0.1899999999999995
 10
124.65735809555053
 20
0.1794999999999991
 10
124.61235809555053
 20
0.17049999999999876
 10
124.63485809555054
 20
0.15999999999999837
 10
124.63485809555054
 20
0.14999999999999858
  0
LINE
  5
BDF
330
17
100
AcDbEntity
  8
E-PROYECCION
100
AcDbLine
 10
124.46495809555054
 20
0.15000000000000036
 30
0.0
 11
124.63495809555053
 21
0.15000000000000036
 31
0.0
  0
LINE
  5
BE0
330
17
100
AcDbEntity
  8
E-PROYECCION
100
AcDbLine
 10
124.46495809555054
 20
0.0
 30
0.0
 11
124.46495809555054
 21
0.15000000000000036
 31
0.0
  0
LINE
  5
BE1
330
17
100
AcDbEntity
  8
E-PROYECCION
100
AcDbLine
 10
124.46495809555054
 20
0.0
 30
0.0
 11
124.63495809555053
 21
0.15000000000000036
 31
0.0
  0
LINE
  5
BE2
330
17
100
AcDbEntity
  8
E-PROYECCION
100
AcDbLine
 10
124.46495809555054
 20
0.15000000000000036
 30
0.0
 11
124.63495809555053
 21
0.0
 31
0.0
  0
LINE
  5
BE3
330
17
100
AcDbEntity
  8
E-PROYECCION
  6
OCULTA20
100
AcDbLine
 10
124.46495809555054
 20
0.0
 30
0.0
 11
124.63495809555053
 21
0.0
 31
0.0
  0
LINE
  5
BE4
330
17
100
AcDbEntity
  8
E-PROYECCION
100
AcDbLine
 10
123.99495809555054
 20
0.15000000000000036
 30
0.0
 11
124.16495809555053
 21
0.15000000000000036
 31
0.0
  0
LINE
  5
BE5
330
17
100
AcDbEntity
  8
E-PROYECCION
100
AcDbLine
 10
124.16495809555053
 20
0.0
 30
0.0
 11
124.16495809555053
 21
0.15000000000000036
 31
0.0
  0
LINE
  5
BE6
330
17
100
AcDbEntity
  8
E-PROYECCION
100
AcDbLine
 10
123.99495809555054
 20
0.0
 30
0.0
 11
124.16495809555053
 21
0.15000000000000036
 31
0.0
  0
LINE
  5
BE7
330
17
100
AcDbEntity
  8
E-PROYECCION
100
AcDbLine
 10
123.99495809555054
 20
0.15000000000000036
 30
0.0
 11
124.16495809555053
 21
0.0
 31
0.0
  0
LINE
  5
BE8
330
17
100
AcDbEntity
  8
E-PROYECCION
  6
OCULTA20
100
AcDbLine
 10
123.99495809555054
 20
0.0
 30
0.0
 11
124.16495809555053
 21
0.0
 31
0.0
  0
CIRCLE
  5
BE9
330
17
100
AcDbEntity
  8
E-ACERO
100
AcDbCircle
 10
124.24765825271606
 20
0.11889953613281179
 30
0.0
 40
0.00635
  0
HATCH
  5
BEA
330
17
100
AcDbEntity
  8
E-ACERO
100
AcDbHatch
 10
0.0
 20
0.0
 30
0.0
210
0.0
220
0.0
230
1.0
  2
SOLID
 70
1
 71
0
 91
1
 92
1
 93
1
 72
2
 10
124.24765825271606
 20
0.11889953613281179
 40
0.00635
 50
0
 51
360
 73
1
 97
0
 75
0
 76
1
 98
0
  0
CIRCLE
  5
BEB
330
17
100
AcDbEntity
  8
E-ACERO
100
AcDbCircle
 10
124.4436583518982
 20
0.11889953613281179
 30
0.0
 40
0.00635
  0
HATCH
  5
BEC
330
17
100
AcDbEntity
  8
E-ACERO
100
AcDbHatch
 10
0.0
 20
0.0
 30
0.0
210
0.0
220
0.0
230
1.0
  2
SOLID
 70
1
 71
0
 91
1
 92
1
 93
1
 72
2
 10
124.4436583518982
 20
0.11889953613281179
 40
0.00635
 50
0
 51
360
 73
1
 97
0
 75
0
 76
1
 98
0
  0
CIRCLE
  5
BED
330
17
100
AcDbEntity
  8
E-ACERO
100
AcDbCircle
 10
124.24765825271606
 20
0.042225074768065696
 30
0.0
 40
0.00635
  0
HATCH
  5
BEE
330
17
100
AcDbEntity
  8
E-ACERO
100
AcDbHatch
 10
0.0
 20
0.0
 30
0.0
210
0.0
220
0.0
230
1.0
  2
SOLID
 70
1
 71
0
 91
1
 92
1
 93
1
 72
2
 10
124.24765825271606
 20
0.042225074768065696
 40
0.00635
 50
0
 51
360
 73
1
 97
0
 75
0
 76
1
 98
0
  0
CIRCLE
  5
BEF
330
17
100
AcDbEntity
  8
E-ACERO
100
AcDbCircle
 10
124.42857360839844
 20
0.04408473968505788
 30
0.0
 40
0.00635
  0
HATCH
  5
BF0
330
17
100
AcDbEntity
  8
E-ACERO
100
AcDbHatch
 10
0.0
 20
0.0
 30
0.0
210
0.0
220
0.0
230
1.0
  2
SOLID
 70
1
 71
0
 91
1
 92
1
 93
1
 72
2
 10
124.42857360839844
 20
0.04408473968505788
 40
0.00635
 50
0
 51
360
 73
1
 97
0
 75
0
 76
1
 98
0
  0
CIRCLE
  5
BF1
330
17
100
AcDbEntity
  8
E-ACERO
100
AcDbCircle
 10
124.14830827713013
 20
0.17182464599609304
 30
0.0
 40
0.00318
  0
HATCH
  5
BF2
330
17
100
AcDbEntity
  8
E-ACERO
100
AcDbHatch
 10
0.0
 20
0.0
 30
0.0
210
0.0
220
0.0
230
1.0
  2
SOLID
 70
1
 71
0
 91
1
 92
1
 93
1
 72
2
 10
124.14830827713013
 20
0.17182464599609304
 40
0.00318
 50
0
 51
360
 73
1
 97
0
 75
0
 76
1
 98
0
  0
CIRCLE
  5
BF3
330
17
100
AcDbEntity
  8
E-ACERO
100
AcDbCircle
 10
124.39830827713013
 20
0.17182464599609304
 30
0.0
 40
0.00318
  0
HATCH
  5
BF4
330
17
100
AcDbEntity
  8
E-ACERO
100
AcDbHatch
 10
0.0
 20
0.0
 30
0.0
210
0.0
220
0.0
230
1.0
  2
SOLID
 70
1
 71
0
 91
1
 92
1
 93
1
 72
2
 10
124.39830827713013
 20
0.17182464599609304
 40
0.00318
 50
0
 51
360
 73
1
 97
0
 75
0
 76
1
 98
0
  0
LWPOLYLINE
  5
BF5
330
17
100
AcDbEntity
  8
E-ACERO
100
AcDbPolyline
 90
3
 70
0
 10
124.23370409011841
 20
0.09572143554687429
 10
124.19778299331665
 20
0.05980033874511648
 10
124.194754024714
 20
0.04457281500373789
  0
LWPOLYLINE
  5
BF6
330
17
100
AcDbEntity
  8
E-ACERO
100
AcDbPolyline
 90
3
 70
0
 10
124.194754024714
 20
0.04457281500373789
 10
124.1943416595459
 20
0.042499732971190696
 10
124.19758911537924
 20
0.04032983530921719
  0
LWPOLYLINE
  5
BF7
330
17
100
AcDbEntity
  8
E-ACERO
100
AcDbPolyline
 90
2
 70
0
 10
124.19758911537924
 20
0.04032983530921719
 10
124.20183028335433
 20
0.037495955205706366
  0
LWPOLYLINE
  5
BF8
330
17
100
AcDbEntity
  8
E-ACERO
100
AcDbPolyline
 90
13
 70
0
 10
124.20183028335433
 20
0.037495955205706366
 10
124.20900821685791
 20
0.03269977569580007
 10
124.42408323287964
 20
0.03269977569580007
 10
124.4353084564209
 20
0.037349891662596946
 10
124.43995809555054
 20
0.04857463836669851
 10
124.43995809555054
 20
0.13612480163574148
 10
124.43530988693237
 20
0.14735050201415945
 10
124.42408847808838
 20
0.15199966430663991
 10
124.20582818984985
 20
0.15199966430663991
 10
124.1946063041687
 20
0.14735050201415945
 10
124.18995809555054
 20
0.13612480163574148
 10
124.18995809555054
 20
0.05175037384033132
 10
124.194754024714
 20
0.04457281500373789
  0
LWPOLYLINE
  5
BF9
330
17
100
AcDbEntity
  8
E-ACERO
100
AcDbPolyline
 90
2
 70
0
 10
124.194754024714
 20
0.04457281500373789
 10
124.19758911537924
 20
0.04032983530921719
  0
LWPOLYLINE
  5
BFA
330
17
100
AcDbEntity
  8
E-ACERO
100
AcDbPolyline
 90
3
 70
0
 10
124.19758911537924
 20
0.04032983530921719
 10
124.19975805282593
 20
0.0370838165283196
 10
124.20183028335433
 20
0.037495955205706366
  0
LWPOLYLINE
  5
BFB
330
17
100
AcDbEntity
  8
E-ACERO
100
AcDbPolyline
 90
3
 70
0
 10
124.20183028335433
 20
0.037495955205706366
 10
124.21705865859985
 20
0.04052467346191335
 10
124.25297975540161
 20
0.07644577026367116
  0
LWPOLYLINE
  5
BFC
330
17
100
AcDbEntity
  8
E-ACERO
100
AcDbPolyline
 90
2
 70
0
 10
123.99495809555054
 20
0.16412467956542898
 10
124.63495809555053
 20
0.16412467956542898
  0
DIMENSION
  5
BFD
330
17
100
AcDbEntity
  8
E-COTA
100
AcDbDimension
280
0
  2
*D91
  3
COTA10
 10
124.16495809555053
 20
-0.08999999999999986
 30
0.0
 11
124.31495809555054
 21
-0.07499999999999986
 31
0.0
 70
32
 71
5
  1
<>
100
AcDbAlignedDimension
 13
124.16495809555053
 23
0.0
 33
0.0
 14
124.46495809555054
 24
0.0
 34
0.0
 50
0.0
100
AcDbRotatedDimension
1001
ACAD
1000
DSTYLE
1002
{
1070
271
1070
2
1002
}
  0
DIMENSION
  5
C0C
330
17
100
AcDbEntity
  8
E-COTA
100
AcDbDimension
280
0
  2
*D92
  3
COTA10
 10
124.18995809555054
 20
-0.04499999999999993
 30
0.0
 11
124.31495809555054
 21
-0.02999999999999993
 31
0.0
 70
32
 71
5
  1
<>
100
AcDbAlignedDimension
 13
124.18995809555054
 23
0.0
 33
0.0
 14
124.43995809555054
 24
0.0
 34
0.0
 50
0.0
100
AcDbRotatedDimension
1001
ACAD
1000
DSTYLE
1002
{
1070
271
1070
2
1002
}
  0
DIMENSION
  5
C1B
330
17
100
AcDbEntity
  8
E-COTA
100
AcDbDimension
280
0
  2
*D93
  3
COTA10
 10
124.63495809555053
 20
0.0
 30
0.0
 11
124.61995809555053
 21
0.09999999999999964
 31
0.0
 70
32
 71
5
  1
<>
100
AcDbAlignedDimension
 13
124.46495809555054
 23
0.0
 33
0.0
 14
124.46495809555054
 24
0.1999999999999993
 34
0.0
 50
90.0
100
AcDbRotatedDimension
1001
ACAD
1000
DSTYLE
1002
{
1070
271
1070
2
1002
}
  0
DIMENSION
  5
C2A
330
17
100
AcDbEntity
  8
E-COTA
100
AcDbDimension
280
0
  2
*D94
  3
COTA10
 10
124.52495809555053
 20
0.03269977569580007
 30
0.0
 11
124.50995809555053
 21
0.09234972000121999
 31
0.0
 70
32
 71
5
  1
<>
100
AcDbAlignedDimension
 13
124.46495809555054
 23
0.03269977569580007
 33
0.0
 14
124.46495809555054
 24
0.15199966430663991
 34
0.0
 50
90.0
100
AcDbRotatedDimension
1001
ACAD
1000
DSTYLE
1002
{
1070
271
1070
2
1002
}
  0
LWPOLYLINE
  5
C39
330
17
100
AcDbEntity
  8
E-ACERO-TXT
100
AcDbPolyline
 90
3
 70
0
 10
124.24765825271606
 20
0.11889953613281179
 10
124.11495809555053
 20
0.21499999999999986
 10
124.09495809555054
 20
0.21499999999999986
  0
CIRCLE
  5
C3A
330
17
100
AcDbEntity
  8
E-ACERO-TXT
100
AcDbCircle
 10
124.24765825271606
 20
0.11889953613281179
 30
0.0
 40
0.005
  0
HATCH
  5
C3B
330
17
100
AcDbEntity
  8
E-ACERO-TXT
100
AcDbHatch
 10
0.0
 20
0.0
 30
0.0
210
0.0
220
0.0
230
1.0
  2
SOLID
 70
1
 71
0
 91
1
 92
1
 93
1
 72
2
 10
124.24765825271606
 20
0.11889953613281179
 40
0.005
 50
0
 51
360
 73
1
 97
0
 75
0
 76
1
 98
0
  0
TEXT
  5
C3C
330
17
100
AcDbEntity
  8
E-ACERO-TXT
100
AcDbText
 10
124.08695809555054
 20
0.21499999999999986
 30
0.0
 40
0.017
  1
2Ø1/2" sup. (a 0.081 de la cara sup.)
  7
ARIAL
 41
0.9
 72
2
 11
124.08695809555054
 21
0.21499999999999986
 31
0.0
100
AcDbText
 73
2
  0
LWPOLYLINE
  5
C3D
330
17
100
AcDbEntity
  8
E-ACERO-TXT
100
AcDbPolyline
 90
3
 70
0
 10
124.24765825271606
 20
0.042225074768065696
 10
124.11495809555053
 20
-0.02999999999999936
 10
124.09495809555054
 20
-0.02999999999999936
  0
CIRCLE
  5
C3E
330
17
100
AcDbEntity
  8
E-ACERO-TXT
100
AcDbCircle
 10
124.24765825271606
 20
0.042225074768065696
 30
0.0
 40
0.005
  0
HATCH
  5
C3F
330
17
100
AcDbEntity
  8
E-ACERO-TXT
100
AcDbHatch
 10
0.0
 20
0.0
 30
0.0
210
0.0
220
0.0
230
1.0
  2
SOLID
 70
1
 71
0
 91
1
 92
1
 93
1
 72
2
 10
124.24765825271606
 20
0.042225074768065696
 40
0.005
 50
0
 51
360
 73
1
 97
0
 75
0
 76
1
 98
0
  0
TEXT
  5
C40
330
17
100
AcDbEntity
  8
E-ACERO-TXT
100
AcDbText
 10
124.08695809555054
 20
-0.02999999999999936
 30
0.0
 40
0.017
  1
2Ø1/2" inf. (a 0.042 del fondo)
  7
ARIAL
 41
0.9
 72
2
 11
124.08695809555054
 21
-0.02999999999999936
 31
0.0
100
AcDbText
 73
2
  0
LWPOLYLINE
  5
C41
330
17
100
AcDbEntity
  8
E-ACERO-TXT
100
AcDbPolyline
 90
3
 70
0
 10
124.43995809555054
 20
0.09234972000121999
 10
124.49495809555054
 20
0.21499999999999986
 10
124.51495809555054
 20
0.21499999999999986
  0
CIRCLE
  5
C42
330
17
100
AcDbEntity
  8
E-ACERO-TXT
100
AcDbCircle
 10
124.43995809555054
 20
0.09234972000121999
 30
0.0
 40
0.005
  0
HATCH
  5
C43
330
17
100
AcDbEntity
  8
E-ACERO-TXT
100
AcDbHatch
 10
0.0
 20
0.0
 30
0.0
210
0.0
220
0.0
230
1.0
  2
SOLID
 70
1
 71
0
 91
1
 92
1
 93
1
 72
2
 10
124.43995809555054
 20
0.09234972000121999
 40
0.005
 50
0
 51
360
 73
1
 97
0
 75
0
 76
1
 98
0
  0
TEXT
  5
C44
330
17
100
AcDbEntity
  8
E-ACERO-TXT
100
AcDbText
 10
124.52295809555054
 20
0.21499999999999986
 30
0.0
 40
0.017
  1
Est. Ø1/4" @ .20  (44 und.)
  7
ARIAL
 41
0.9
 11
124.52295809555054
 21
0.21499999999999986
 31
0.0
100
AcDbText
 73
2
  0
HATCH
  5
C46
330
17
100
AcDbEntity
  8
E-CORTE-ACH
100
AcDbHatch
 10
0.0
 20
0.0
 30
0.0
210
0.0
220
0.0
230
1.0
  2
SOLID
 70
1
 71
0
 91
1
 92
3
 72
0
 73
1
 93
16
 10
61.3
 20
-39.8
 10
61.3
 20
-39.85
 10
61.0
 20
-39.85
 10
61.0
 20
-40.0
 10
60.9
 20
-40.0
 10
60.9
 20
-39.85
 10
60.6
 20
-39.85
 10
60.6
 20
-40.0
 10
60.5
 20
-40.0
 10
60.5
 20
-39.85
 10
60.2
 20
-39.85
 10
60.2
 20
-40.0
 10
60.1
 20
-40.0
 10
60.1
 20
-39.85
 10
60.0
 20
-39.85
 10
60.0
 20
-39.8
 97
0
 75
0
 76
1
 98
0
  0
LWPOLYLINE
  5
C47
330
17
100
AcDbEntity
  8
E-CORTE
100
AcDbPolyline
 90
17
 70
0
 10
61.3
 20
-39.8
 10
61.3
 20
-39.85
 10
61.0
 20
-39.85
 10
61.0
 20
-40.0
 10
60.9
 20
-40.0
 10
60.9
 20
-39.85
 10
60.6
 20
-39.85
 10
60.6
 20
-40.0
 10
60.5
 20
-40.0
 10
60.5
 20
-39.85
 10
60.2
 20
-39.85
 10
60.2
 20
-40.0
 10
60.1
 20
-40.0
 10
60.1
 20
-39.85
 10
60.0
 20
-39.85
 10
60.0
 20
-39.8
 10
61.3
 20
-39.8
  0
LWPOLYLINE
  5
C48
330
17
100
AcDbEntity
  8
E-PROYECCION
100
AcDbPolyline
 90
4
 70
1
 10
60.2
 20
-40.0
 10
60.5
 20
-40.0
 10
60.5
 20
-39.85
 10
60.2
 20
-39.85
  0
LINE
  5
C49
330
17
100
AcDbEntity
  8
E-PROYECCION
100
AcDbLine
 10
60.2
 20
-40.0
 30
0.0
 11
60.5
 21
-39.85
 31
0.0
  0
LINE
  5
C4A
330
17
100
AcDbEntity
  8
E-PROYECCION
100
AcDbLine
 10
60.2
 20
-39.85
 30
0.0
 11
60.5
 21
-40.0
 31
0.0
  0
LWPOLYLINE
  5
C4B
330
17
100
AcDbEntity
  8
E-PROYECCION
100
AcDbPolyline
 90
4
 70
1
 10
60.6
 20
-40.0
 10
60.9
 20
-40.0
 10
60.9
 20
-39.85
 10
60.6
 20
-39.85
  0
LINE
  5
C4C
330
17
100
AcDbEntity
  8
E-PROYECCION
100
AcDbLine
 10
60.6
 20
-40.0
 30
0.0
 11
60.9
 21
-39.85
 31
0.0
  0
LINE
  5
C4D
330
17
100
AcDbEntity
  8
E-PROYECCION
100
AcDbLine
 10
60.6
 20
-39.85
 30
0.0
 11
60.9
 21
-40.0
 31
0.0
  0
LWPOLYLINE
  5
C4E
330
17
100
AcDbEntity
  8
E-CORTE
100
AcDbPolyline
 90
6
 70
0
 10
60.0
 20
-39.87
 10
60.0
 20
-39.847500000000004
 10
59.96625
 20
-39.83175
 10
60.03375
 20
-39.81825
 10
60.0
 20
-39.8025
 10
60.0
 20
-39.78
  0
LWPOLYLINE
  5
C4F
330
17
100
AcDbEntity
  8
E-CORTE
100
AcDbPolyline
 90
6
 70
0
 10
61.3
 20
-39.87
 10
61.3
 20
-39.847500000000004
 10
61.26625
 20
-39.83175
 10
61.33375
 20
-39.81825
 10
61.3
 20
-39.8025
 10
61.3
 20
-39.78
  0
CIRCLE
  5
C50
330
17
100
AcDbEntity
  8
E-ACERO
100
AcDbCircle
 10
60.15
 20
-39.96865
 30
0.0
 40
0.00635
  0
HATCH
  5
C51
330
17
100
AcDbEntity
  8
E-ACERO
100
AcDbHatch
 10
0.0
 20
0.0
 30
0.0
210
0.0
220
0.0
230
1.0
  2
SOLID
 70
1
 71
0
 91
1
 92
1
 93
1
 72
2
 10
60.15
 20
-39.96865
 40
0.00635
 50
0
 51
360
 73
1
 97
0
 75
0
 76
1
 98
0
  0
CIRCLE
  5
C52
330
17
100
AcDbEntity
  8
E-ACERO
100
AcDbCircle
 10
60.15
 20
-39.83135
 30
0.0
 40
0.00635
  0
HATCH
  5
C53
330
17
100
AcDbEntity
  8
E-ACERO
100
AcDbHatch
 10
0.0
 20
0.0
 30
0.0
210
0.0
220
0.0
230
1.0
  2
SOLID
 70
1
 71
0
 91
1
 92
1
 93
1
 72
2
 10
60.15
 20
-39.83135
 40
0.00635
 50
0
 51
360
 73
1
 97
0
 75
0
 76
1
 98
0
  0
CIRCLE
  5
C54
330
17
100
AcDbEntity
  8
E-ACERO
100
AcDbCircle
 10
60.55
 20
-39.96865
 30
0.0
 40
0.00635
  0
HATCH
  5
C55
330
17
100
AcDbEntity
  8
E-ACERO
100
AcDbHatch
 10
0.0
 20
0.0
 30
0.0
210
0.0
220
0.0
230
1.0
  2
SOLID
 70
1
 71
0
 91
1
 92
1
 93
1
 72
2
 10
60.55
 20
-39.96865
 40
0.00635
 50
0
 51
360
 73
1
 97
0
 75
0
 76
1
 98
0
  0
CIRCLE
  5
C56
330
17
100
AcDbEntity
  8
E-ACERO
100
AcDbCircle
 10
60.55
 20
-39.83135
 30
0.0
 40
0.00635
  0
HATCH
  5
C57
330
17
100
AcDbEntity
  8
E-ACERO
100
AcDbHatch
 10
0.0
 20
0.0
 30
0.0
210
0.0
220
0.0
230
1.0
  2
SOLID
 70
1
 71
0
 91
1
 92
1
 93
1
 72
2
 10
60.55
 20
-39.83135
 40
0.00635
 50
0
 51
360
 73
1
 97
0
 75
0
 76
1
 98
0
  0
CIRCLE
  5
C58
330
17
100
AcDbEntity
  8
E-ACERO
100
AcDbCircle
 10
60.95
 20
-39.96865
 30
0.0
 40
0.00635
  0
HATCH
  5
C59
330
17
100
AcDbEntity
  8
E-ACERO
100
AcDbHatch
 10
0.0
 20
0.0
 30
0.0
210
0.0
220
0.0
230
1.0
  2
SOLID
 70
1
 71
0
 91
1
 92
1
 93
1
 72
2
 10
60.95
 20
-39.96865
 40
0.00635
 50
0
 51
360
 73
1
 97
0
 75
0
 76
1
 98
0
  0
CIRCLE
  5
C5A
330
17
100
AcDbEntity
  8
E-ACERO
100
AcDbCircle
 10
60.95
 20
-39.83135
 30
0.0
 40
0.00635
  0
HATCH
  5
C5B
330
17
100
AcDbEntity
  8
E-ACERO
100
AcDbHatch
 10
0.0
 20
0.0
 30
0.0
210
0.0
220
0.0
230
1.0
  2
SOLID
 70
1
 71
0
 91
1
 92
1
 93
1
 72
2
 10
60.95
 20
-39.83135
 40
0.00635
 50
0
 51
360
 73
1
 97
0
 75
0
 76
1
 98
0
  0
LWPOLYLINE
  5
C5C
330
17
100
AcDbEntity
  8
E-ACERO
100
AcDbPolyline
 90
2
 70
0
 10
60.02
 20
-39.84088
 10
61.28
 20
-39.84088
  0
CIRCLE
  5
C5D
330
17
100
AcDbEntity
  8
E-ACERO
100
AcDbCircle
 10
60.075
 20
-39.84724
 30
0.0
 40
0.00318
  0
HATCH
  5
C5E
330
17
100
AcDbEntity
  8
E-ACERO
100
AcDbHatch
 10
0.0
 20
0.0
 30
0.0
210
0.0
220
0.0
230
1.0
  2
SOLID
 70
1
 71
0
 91
1
 92
1
 93
1
 72
2
 10
60.075
 20
-39.84724
 40
0.00318
 50
0
 51
360
 73
1
 97
0
 75
0
 76
1
 98
0
  0
CIRCLE
  5
C5F
330
17
100
AcDbEntity
  8
E-ACERO
100
AcDbCircle
 10
60.325
 20
-39.84724
 30
0.0
 40
0.00318
  0
HATCH
  5
C60
330
17
100
AcDbEntity
  8
E-ACERO
100
AcDbHatch
 10
0.0
 20
0.0
 30
0.0
210
0.0
220
0.0
230
1.0
  2
SOLID
 70
1
 71
0
 91
1
 92
1
 93
1
 72
2
 10
60.325
 20
-39.84724
 40
0.00318
 50
0
 51
360
 73
1
 97
0
 75
0
 76
1
 98
0
  0
CIRCLE
  5
C61
330
17
100
AcDbEntity
  8
E-ACERO
100
AcDbCircle
 10
60.575
 20
-39.84724
 30
0.0
 40
0.00318
  0
HATCH
  5
C62
330
17
100
AcDbEntity
  8
E-ACERO
100
AcDbHatch
 10
0.0
 20
0.0
 30
0.0
210
0.0
220
0.0
230
1.0
  2
SOLID
 70
1
 71
0
 91
1
 92
1
 93
1
 72
2
 10
60.575
 20
-39.84724
 40
0.00318
 50
0
 51
360
 73
1
 97
0
 75
0
 76
1
 98
0
  0
CIRCLE
  5
C63
330
17
100
AcDbEntity
  8
E-ACERO
100
AcDbCircle
 10
60.825
 20
-39.84724
 30
0.0
 40
0.00318
  0
HATCH
  5
C64
330
17
100
AcDbEntity
  8
E-ACERO
100
AcDbHatch
 10
0.0
 20
0.0
 30
0.0
210
0.0
220
0.0
230
1.0
  2
SOLID
 70
1
 71
0
 91
1
 92
1
 93
1
 72
2
 10
60.825
 20
-39.84724
 40
0.00318
 50
0
 51
360
 73
1
 97
0
 75
0
 76
1
 98
0
  0
CIRCLE
  5
C65
330
17
100
AcDbEntity
  8
E-ACERO
100
AcDbCircle
 10
61.075
 20
-39.84724
 30
0.0
 40
0.00318
  0
HATCH
  5
C66
330
17
100
AcDbEntity
  8
E-ACERO
100
AcDbHatch
 10
0.0
 20
0.0
 30
0.0
210
0.0
220
0.0
230
1.0
  2
SOLID
 70
1
 71
0
 91
1
 92
1
 93
1
 72
2
 10
61.075
 20
-39.84724
 40
0.00318
 50
0
 51
360
 73
1
 97
0
 75
0
 76
1
 98
0
  0
DIMENSION
  5
C67
330
17
100
AcDbEntity
  8
E-COTA
100
AcDbDimension
280
0
  2
*D95
  3
COTA15
 10
60.1
 20
-40.06
 30
0.0
 11
60.150000000000006
 21
-40.0195
 31
0.0
 70
32
 71
5
  1
<>
100
AcDbAlignedDimension
 13
60.1
 23
-40.0
 33
0.0
 14
60.2
 24
-40.0
 34
0.0
 50
0.0
100
AcDbRotatedDimension
1001
ACAD
1000
DSTYLE
1002
{
1070
271
1070
2
1002
}
  0
DIMENSION
  5
C76
330
17
100
AcDbEntity
  8
E-COTA
100
AcDbDimension
280
0
  2
*D96
  3
COTA15
 10
60.2
 20
-40.06
 30
0.0
 11
60.35
 21
-40.0375
 31
0.0
 70
32
 71
5
  1
<>
100
AcDbAlignedDimension
 13
60.2
 23
-40.0
 33
0.0
 14
60.5
 24
-40.0
 34
0.0
 50
0.0
100
AcDbRotatedDimension
1001
ACAD
1000
DSTYLE
1002
{
1070
271
1070
2
1002
}
  0
DIMENSION
  5
C85
330
17
100
AcDbEntity
  8
E-COTA
100
AcDbDimension
280
0
  2
*D97
  3
COTA15
 10
60.15
 20
-40.135
 30
0.0
 11
60.349999999999994
 21
-40.1125
 31
0.0
 70
32
 71
5
  1
<>
100
AcDbAlignedDimension
 13
60.15
 23
-40.0
 33
0.0
 14
60.55
 24
-40.0
 34
0.0
 50
0.0
100
AcDbRotatedDimension
1001
ACAD
1000
DSTYLE
1002
{
1070
271
1070
2
1002
}
  0
DIMENSION
  5
C94
330
17
100
AcDbEntity
  8
E-COTA
100
AcDbDimension
280
0
  2
*D98
  3
COTA15
 10
61.36
 20
-40.0
 30
0.0
 11
61.3375
 21
-39.925
 31
0.0
 70
32
 71
5
  1
<>
100
AcDbAlignedDimension
 13
61.3
 23
-40.0
 33
0.0
 14
61.3
 24
-39.85
 34
0.0
 50
90.0
100
AcDbRotatedDimension
1001
ACAD
1000
DSTYLE
1002
{
1070
271
1070
2
1002
}
  0
DIMENSION
  5
CA3
330
17
100
AcDbEntity
  8
E-COTA
100
AcDbDimension
280
0
  2
*D99
  3
COTA15
 10
61.36
 20
-39.85
 30
0.0
 11
61.3195
 21
-39.825
 31
0.0
 70
32
 71
5
  1
<>
100
AcDbAlignedDimension
 13
61.3
 23
-39.85
 33
0.0
 14
61.3
 24
-39.8
 34
0.0
 50
90.0
100
AcDbRotatedDimension
1001
ACAD
1000
DSTYLE
1002
{
1070
271
1070
2
1002
}
  0
DIMENSION
  5
CB2
330
17
100
AcDbEntity
  8
E-COTA
100
AcDbDimension
280
0
  2
*D100
  3
COTA15
 10
61.495
 20
-40.0
 30
0.0
 11
61.4725
 21
-39.9
 31
0.0
 70
32
 71
5
  1
<>
100
AcDbAlignedDimension
 13
61.3
 23
-40.0
 33
0.0
 14
61.3
 24
-39.8
 34
0.0
 50
90.0
100
AcDbRotatedDimension
1001
ACAD
1000
DSTYLE
1002
{
1070
271
1070
2
1002
}
  0
LWPOLYLINE
  5
CC1
330
17
100
AcDbEntity
  8
E-TEXTO
100
AcDbPolyline
 90
3
 70
0
 10
60.67
 20
-39.9325
 10
60.75
 20
-40.14
 10
60.78
 20
-40.14
  0
CIRCLE
  5
CC2
330
17
100
AcDbEntity
  8
E-TEXTO
100
AcDbCircle
 10
60.67
 20
-39.9325
 30
0.0
 40
0.0075
  0
HATCH
  5
CC3
330
17
100
AcDbEntity
  8
E-TEXTO
100
AcDbHatch
 10
0.0
 20
0.0
 30
0.0
210
0.0
220
0.0
230
1.0
  2
SOLID
 70
1
 71
0
 91
1
 92
1
 93
1
 72
2
 10
60.67
 20
-39.9325
 40
0.0075
 50
0
 51
360
 73
1
 97
0
 75
0
 76
1
 98
0
  0
TEXT
  5
CC4
330
17
100
AcDbEntity
  8
E-TEXTO
100
AcDbText
 10
60.792
 20
-40.14
 30
0.0
 40
0.027
  1
bloque 0.30 x 0.15
  7
ARIAL
 41
0.9
 11
60.792
 21
-40.14
 31
0.0
100
AcDbText
 73
2
  0
LWPOLYLINE
  5
CC5
330
17
100
AcDbEntity
  8
E-ACERO-TXT
100
AcDbPolyline
 90
3
 70
0
 10
60.95
 20
-39.97
 10
61.09
 20
-40.2
 10
61.12
 20
-40.2
  0
CIRCLE
  5
CC6
330
17
100
AcDbEntity
  8
E-ACERO-TXT
100
AcDbCircle
 10
60.95
 20
-39.97
 30
0.0
 40
0.0075
  0
HATCH
  5
CC7
330
17
100
AcDbEntity
  8
E-ACERO-TXT
100
AcDbHatch
 10
0.0
 20
0.0
 30
0.0
210
0.0
220
0.0
230
1.0
  2
SOLID
 70
1
 71
0
 91
1
 92
1
 93
1
 72
2
 10
60.95
 20
-39.97
 40
0.0075
 50
0
 51
360
 73
1
 97
0
 75
0
 76
1
 98
0
  0
TEXT
  5
CC8
330
17
100
AcDbEntity
  8
E-ACERO-TXT
100
AcDbText
 10
61.132
 20
-40.2
 30
0.0
 40
0.027
  1
1 Ø1/2" inf. corrido por vigueta
  7
ARIAL
 41
0.9
 11
61.132
 21
-40.2
 31
0.0
100
AcDbText
 73
2
  0
LWPOLYLINE
  5
CC9
330
17
100
AcDbEntity
  8
E-ACERO-TXT
100
AcDbPolyline
 90
3
 70
0
 10
60.325
 20
-39.84088
 10
60.2
 20
-39.7
 10
60.23
 20
-39.7
  0
CIRCLE
  5
CCA
330
17
100
AcDbEntity
  8
E-ACERO-TXT
100
AcDbCircle
 10
60.325
 20
-39.84088
 30
0.0
 40
0.0075
  0
HATCH
  5
CCB
330
17
100
AcDbEntity
  8
E-ACERO-TXT
100
AcDbHatch
 10
0.0
 20
0.0
 30
0.0
210
0.0
220
0.0
230
1.0
  2
SOLID
 70
1
 71
0
 91
1
 92
1
 93
1
 72
2
 10
60.325
 20
-39.84088
 40
0.0075
 50
0
 51
360
 73
1
 97
0
 75
0
 76
1
 98
0
  0
TEXT
  5
CCC
330
17
100
AcDbEntity
  8
E-ACERO-TXT
100
AcDbText
 10
60.242
 20
-39.7
 30
0.0
 40
0.027
  1
temperatura Ø1/4" @ 0.25 (ambos sentidos)
  7
ARIAL
 41
0.9
 11
60.242
 21
-39.7
 31
0.0
100
AcDbText
 73
2
  0
LWPOLYLINE
  5
CCD
330
17
100
AcDbEntity
  8
E-ACERO-TXT
100
AcDbPolyline
 90
3
 70
0
 10
60.95
 20
-39.83135
 10
61.05
 20
-39.7
 10
61.08
 20
-39.7
  0
CIRCLE
  5
CCE
330
17
100
AcDbEntity
  8
E-ACERO-TXT
100
AcDbCircle
 10
60.95
 20
-39.83135
 30
0.0
 40
0.0075
  0
HATCH
  5
CCF
330
17
100
AcDbEntity
  8
E-ACERO-TXT
100
AcDbHatch
 10
0.0
 20
0.0
 30
0.0
210
0.0
220
0.0
230
1.0
  2
SOLID
 70
1
 71
0
 91
1
 92
1
 93
1
 72
2
 10
60.95
 20
-39.83135
 40
0.0075
 50
0
 51
360
 73
1
 97
0
 75
0
 76
1
 98
0
  0
TEXT
  5
CD0
330
17
100
AcDbEntity
  8
E-ACERO-TXT
100
AcDbText
 10
61.092
 20
-39.7
 30
0.0
 40
0.027
  1
bastón Ø1/2" sup. (sobre vigas)
  7
ARIAL
 41
0.9
 11
61.092
 21
-39.7
 31
0.0
100
AcDbText
 73
2
  0
LWPOLYLINE
  5
CD1
330
17
100
AcDbEntity
  8
E-TEXTO
100
AcDbPolyline
 90
3
 70
0
 10
60.13
 20
-39.93
 10
60.05
 20
-40.2
 10
60.02
 20
-40.2
  0
CIRCLE
  5
CD2
330
17
100
AcDbEntity
  8
E-TEXTO
100
AcDbCircle
 10
60.13
 20
-39.93
 30
0.0
 40
0.0075
  0
HATCH
  5
CD3
330
17
100
AcDbEntity
  8
E-TEXTO
100
AcDbHatch
 10
0.0
 20
0.0
 30
0.0
210
0.0
220
0.0
230
1.0
  2
SOLID
 70
1
 71
0
 91
1
 92
1
 93
1
 72
2
 10
60.13
 20
-39.93
 40
0.0075
 50
0
 51
360
 73
1
 97
0
 75
0
 76
1
 98
0
  0
TEXT
  5
CD4
330
17
100
AcDbEntity
  8
E-TEXTO
100
AcDbText
 10
60.008
 20
-40.2
 30
0.0
 40
0.027
  1
vigueta 0.10
  7
ARIAL
 41
0.9
 72
2
 11
60.008
 21
-40.2
 31
0.0
100
AcDbText
 73
2
  0
TEXT
  5
CD5
330
17
100
AcDbEntity
  8
E-TEXTO
100
AcDbText
 10
59.97
 20
-39.825
 30
0.0
 40
0.027
  1
losita 0.05
  7
ARIAL
 41
0.9
 72
2
 11
59.97
 21
-39.825
 31
0.0
100
AcDbText
 73
2
  0
TEXT
  5
CD6
330
17
100
AcDbEntity
  8
E-ACERO-TXT
100
AcDbText
 10
60.55
 20
-40.035
 30
0.0
 40
0.020999999999999998
  1
r = 0.025
  7
ARIAL
 41
0.9
 72
1
 11
60.55
 21
-40.035
 31
0.0
100
AcDbText
 73
2
  0
TEXT
  5
CD7
330
17
100
AcDbEntity
  8
E-TITULO
100
AcDbText
 10
60.65
 20
-40.33
 30
0.0
 40
0.033
  1
a) CORTE TRANSVERSAL
  7
ARIAL
 41
0.9
 72
1
 11
60.65
 21
-40.33
 31
0.0
100
AcDbText
 73
2
  0
HATCH
  5
CD8
330
17
100
AcDbEntity
  8
E-CORTE-ACH
100
AcDbHatch
 10
0.0
 20
0.0
 30
0.0
210
0.0
220
0.0
230
1.0
  2
SOLID
 70
1
 71
0
 91
1
 92
3
 72
0
 73
1
 93
4
 10
61.75
 20
-40.0
 10
63.65
 20
-40.0
 10
63.65
 20
-39.8
 10
61.75
 20
-39.8
 97
0
 75
0
 76
1
 98
0
  0
HATCH
  5
CD9
330
17
100
AcDbEntity
  8
E-CORTE-ACH
100
AcDbHatch
 10
0.0
 20
0.0
 30
0.0
210
0.0
220
0.0
230
1.0
  2
SOLID
 70
1
 71
0
 91
1
 92
3
 72
0
 73
1
 93
4
 10
62.55
 20
-40.3
 10
62.85
 20
-40.3
 10
62.85
 20
-40.0
 10
62.55
 20
-40.0
 97
0
 75
0
 76
1
 98
0
  0
LWPOLYLINE
  5
CDA
330
17
100
AcDbEntity
  8
E-CORTE
100
AcDbPolyline
 90
6
 70
0
 10
61.75
 20
-40.0
 10
62.55
 20
-40.0
 10
62.55
 20
-40.3
 10
62.85
 20
-40.3
 10
62.85
 20
-40.0
 10
63.65
 20
-40.0
  0
LWPOLYLINE
  5
CDB
330
17
100
AcDbEntity
  8
E-CORTE
100
AcDbPolyline
 90
2
 70
0
 10
61.75
 20
-39.8
 10
63.65
 20
-39.8
  0
LWPOLYLINE
  5
CDC
330
17
100
AcDbEntity
  8
E-CORTE
100
AcDbPolyline
 90
6
 70
0
 10
61.75
 20
-40.02
 10
61.75
 20
-39.9225
 10
61.71625
 20
-39.90675
 10
61.78375
 20
-39.89325
 10
61.75
 20
-39.8775
 10
61.75
 20
-39.78
  0
LWPOLYLINE
  5
CDD
330
17
100
AcDbEntity
  8
E-CORTE
100
AcDbPolyline
 90
6
 70
0
 10
63.65
 20
-40.02
 10
63.65
 20
-39.9225
 10
63.61625
 20
-39.90675
 10
63.68375
 20
-39.89325
 10
63.65
 20
-39.8775
 10
63.65
 20
-39.78
  0
LWPOLYLINE
  5
CDE
330
17
100
AcDbEntity
  8
E-CORTE
100
AcDbPolyline
 90
6
 70
0
 10
62.53
 20
-40.3
 10
62.6775
 20
-40.3
 10
62.69325
 20
-40.26625
 10
62.70675
 20
-40.33375
 10
62.7225
 20
-40.3
 10
62.87
 20
-40.3
  0
LWPOLYLINE
  5
CDF
330
17
100
AcDbEntity
  8
E-ACERO
100
AcDbPolyline
 90
2
 70
0
 10
61.77
 20
-39.96865
 10
63.63
 20
-39.96865
  0
LWPOLYLINE
  5
CE0
330
17
100
AcDbEntity
  8
E-ACERO
100
AcDbPolyline
 90
2
 70
0
 10
62.0
 20
-39.83135
 10
63.4
 20
-39.83135
  0
CIRCLE
  5
CE1
330
17
100
AcDbEntity
  8
E-ACERO
100
AcDbCircle
 10
61.85
 20
-39.83688
 30
0.0
 40
0.00318
  0
HATCH
  5
CE2
330
17
100
AcDbEntity
  8
E-ACERO
100
AcDbHatch
 10
0.0
 20
0.0
 30
0.0
210
0.0
220
0.0
230
1.0
  2
SOLID
 70
1
 71
0
 91
1
 92
1
 93
1
 72
2
 10
61.85
 20
-39.83688
 40
0.00318
 50
0
 51
360
 73
1
 97
0
 75
0
 76
1
 98
0
  0
CIRCLE
  5
CE3
330
17
100
AcDbEntity
  8
E-ACERO
100
AcDbCircle
 10
62.1
 20
-39.83688
 30
0.0
 40
0.00318
  0
HATCH
  5
CE4
330
17
100
AcDbEntity
  8
E-ACERO
100
AcDbHatch
 10
0.0
 20
0.0
 30
0.0
210
0.0
220
0.0
230
1.0
  2
SOLID
 70
1
 71
0
 91
1
 92
1
 93
1
 72
2
 10
62.1
 20
-39.83688
 40
0.00318
 50
0
 51
360
 73
1
 97
0
 75
0
 76
1
 98
0
  0
CIRCLE
  5
CE5
330
17
100
AcDbEntity
  8
E-ACERO
100
AcDbCircle
 10
62.35
 20
-39.83688
 30
0.0
 40
0.00318
  0
HATCH
  5
CE6
330
17
100
AcDbEntity
  8
E-ACERO
100
AcDbHatch
 10
0.0
 20
0.0
 30
0.0
210
0.0
220
0.0
230
1.0
  2
SOLID
 70
1
 71
0
 91
1
 92
1
 93
1
 72
2
 10
62.35
 20
-39.83688
 40
0.00318
 50
0
 51
360
 73
1
 97
0
 75
0
 76
1
 98
0
  0
CIRCLE
  5
CE7
330
17
100
AcDbEntity
  8
E-ACERO
100
AcDbCircle
 10
62.6
 20
-39.83688
 30
0.0
 40
0.00318
  0
HATCH
  5
CE8
330
17
100
AcDbEntity
  8
E-ACERO
100
AcDbHatch
 10
0.0
 20
0.0
 30
0.0
210
0.0
220
0.0
230
1.0
  2
SOLID
 70
1
 71
0
 91
1
 92
1
 93
1
 72
2
 10
62.6
 20
-39.83688
 40
0.00318
 50
0
 51
360
 73
1
 97
0
 75
0
 76
1
 98
0
  0
CIRCLE
  5
CE9
330
17
100
AcDbEntity
  8
E-ACERO
100
AcDbCircle
 10
62.85
 20
-39.83688
 30
0.0
 40
0.00318
  0
HATCH
  5
CEA
330
17
100
AcDbEntity
  8
E-ACERO
100
AcDbHatch
 10
0.0
 20
0.0
 30
0.0
210
0.0
220
0.0
230
1.0
  2
SOLID
 70
1
 71
0
 91
1
 92
1
 93
1
 72
2
 10
62.85
 20
-39.83688
 40
0.00318
 50
0
 51
360
 73
1
 97
0
 75
0
 76
1
 98
0
  0
CIRCLE
  5
CEB
330
17
100
AcDbEntity
  8
E-ACERO
100
AcDbCircle
 10
63.1
 20
-39.83688
 30
0.0
 40
0.00318
  0
HATCH
  5
CEC
330
17
100
AcDbEntity
  8
E-ACERO
100
AcDbHatch
 10
0.0
 20
0.0
 30
0.0
210
0.0
220
0.0
230
1.0
  2
SOLID
 70
1
 71
0
 91
1
 92
1
 93
1
 72
2
 10
63.1
 20
-39.83688
 40
0.00318
 50
0
 51
360
 73
1
 97
0
 75
0
 76
1
 98
0
  0
CIRCLE
  5
CED
330
17
100
AcDbEntity
  8
E-ACERO
100
AcDbCircle
 10
63.35
 20
-39.83688
 30
0.0
 40
0.00318
  0
HATCH
  5
CEE
330
17
100
AcDbEntity
  8
E-ACERO
100
AcDbHatch
 10
0.0
 20
0.0
 30
0.0
210
0.0
220
0.0
230
1.0
  2
SOLID
 70
1
 71
0
 91
1
 92
1
 93
1
 72
2
 10
63.35
 20
-39.83688
 40
0.00318
 50
0
 51
360
 73
1
 97
0
 75
0
 76
1
 98
0
  0
DIMENSION
  5
CEF
330
17
100
AcDbEntity
  8
E-COTA
100
AcDbDimension
280
0
  2
*D101
  3
COTA15
 10
62.0
 20
-39.71
 30
0.0
 11
62.275
 21
-39.6875
 31
0.0
 70
32
 71
5
  1
Lb
100
AcDbAlignedDimension
 13
62.0
 23
-39.8
 33
0.0
 14
62.55
 24
-39.8
 34
0.0
 50
0.0
100
AcDbRotatedDimension
1001
ACAD
1000
DSTYLE
1002
{
1070
271
1070
2
1002
}
  0
DIMENSION
  5
CFE
330
17
100
AcDbEntity
  8
E-COTA
100
AcDbDimension
280
0
  2
*D102
  3
COTA15
 10
62.55
 20
-39.71
 30
0.0
 11
62.7
 21
-39.6875
 31
0.0
 70
32
 71
5
  1
0.30
100
AcDbAlignedDimension
 13
62.55
 23
-39.8
 33
0.0
 14
62.85
 24
-39.8
 34
0.0
 50
0.0
100
AcDbRotatedDimension
1001
ACAD
1000
DSTYLE
1002
{
1070
271
1070
2
1002
}
  0
DIMENSION
  5
D0D
330
17
100
AcDbEntity
  8
E-COTA
100
AcDbDimension
280
0
  2
*D103
  3
COTA15
 10
62.85
 20
-39.71
 30
0.0
 11
63.125
 21
-39.6875
 31
0.0
 70
32
 71
5
  1
Lb
100
AcDbAlignedDimension
 13
62.85
 23
-39.8
 33
0.0
 14
63.4
 24
-39.8
 34
0.0
 50
0.0
100
AcDbRotatedDimension
1001
ACAD
1000
DSTYLE
1002
{
1070
271
1070
2
1002
}
  0
LWPOLYLINE
  5
D1C
330
17
100
AcDbEntity
  8
E-ACERO-TXT
100
AcDbPolyline
 90
3
 70
0
 10
62.15
 20
-39.83135
 10
61.95
 20
-39.64
 10
61.92
 20
-39.64
  0
CIRCLE
  5
D1D
330
17
100
AcDbEntity
  8
E-ACERO-TXT
100
AcDbCircle
 10
62.15
 20
-39.83135
 30
0.0
 40
0.0075
  0
HATCH
  5
D1E
330
17
100
AcDbEntity
  8
E-ACERO-TXT
100
AcDbHatch
 10
0.0
 20
0.0
 30
0.0
210
0.0
220
0.0
230
1.0
  2
SOLID
 70
1
 71
0
 91
1
 92
1
 93
1
 72
2
 10
62.15
 20
-39.83135
 40
0.0075
 50
0
 51
360
 73
1
 97
0
 75
0
 76
1
 98
0
  0
TEXT
  5
D1F
330
17
100
AcDbEntity
  8
E-ACERO-TXT
100
AcDbText
 10
61.908
 20
-39.64
 30
0.0
 40
0.027
  1
bastón Ø1/2" sup.
  7
ARIAL
 41
0.9
 72
2
 11
61.908
 21
-39.64
 31
0.0
100
AcDbText
 73
2
  0
TEXT
  5
D20
330
17
100
AcDbEntity
  8
E-TEXTO
100
AcDbText
 10
62.7
 20
-39.57
 30
0.0
 40
0.0225
  1
Lb desde la cara de la viga: ver planta y cuadro de bastones
  7
ARIAL
 41
0.9
 72
1
 11
62.7
 21
-39.57
 31
0.0
100
AcDbText
 73
1
  0
LWPOLYLINE
  5
D21
330
17
100
AcDbEntity
  8
E-ACERO-TXT
100
AcDbPolyline
 90
3
 70
0
 10
63.4
 20
-39.96865
 10
63.5
 20
-40.15
 10
63.53
 20
-40.15
  0
CIRCLE
  5
D22
330
17
100
AcDbEntity
  8
E-ACERO-TXT
100
AcDbCircle
 10
63.4
 20
-39.96865
 30
0.0
 40
0.0075
  0
HATCH
  5
D23
330
17
100
AcDbEntity
  8
E-ACERO-TXT
100
AcDbHatch
 10
0.0
 20
0.0
 30
0.0
210
0.0
220
0.0
230
1.0
  2
SOLID
 70
1
 71
0
 91
1
 92
1
 93
1
 72
2
 10
63.4
 20
-39.96865
 40
0.0075
 50
0
 51
360
 73
1
 97
0
 75
0
 76
1
 98
0
  0
TEXT
  5
D24
330
17
100
AcDbEntity
  8
E-ACERO-TXT
100
AcDbText
 10
63.542
 20
-40.15
 30
0.0
 40
0.027
  1
1 Ø1/2" inf. corrido
  7
ARIAL
 41
0.9
 11
63.542
 21
-40.15
 31
0.0
100
AcDbText
 73
2
  0
TEXT
  5
D25
330
17
100
AcDbEntity
  8
E-TEXTO
100
AcDbText
 10
62.7
 20
-40.07
 30
0.0
 40
0.0225
  1
viga de apoyo
 50
90.0
  7
ARIAL
 41
0.9
 72
1
 11
62.7
 21
-40.07
 31
0.0
100
AcDbText
 73
2
  0
TEXT
  5
D26
330
17
100
AcDbEntity
  8
E-TITULO
100
AcDbText
 10
62.7
 20
-40.33
 30
0.0
 40
0.033
  1
b) CORTE LONGITUDINAL DE VIGUETA SOBRE VIGA
  7
ARIAL
 41
0.9
 72
1
 11
62.7
 21
-40.33
 31
0.0
100
AcDbText
 73
2
  0
ENDSEC
  0
SECTION
  2
OBJECTS
  0
DICTIONARY
  5
A
330
0
100
AcDbDictionary
281
1
  3
ACAD_COLOR
350
B
  3
ACAD_GROUP
350
C
  3
ACAD_LAYOUT
350
D
  3
ACAD_MATERIAL
350
E
  3
ACAD_MLEADERSTYLE
350
F
  3
ACAD_MLINESTYLE
350
10
  3
ACAD_PLOTSETTINGS
350
11
  3
ACAD_PLOTSTYLENAME
350
12
  3
ACAD_SCALELIST
350
14
  3
ACAD_TABLESTYLE
350
15
  3
ACAD_VISUALSTYLE
350
16
  3
EZDXF_META
350
2D
  0
DICTIONARY
  5
B
330
A
100
AcDbDictionary
281
1
  0
DICTIONARY
  5
C
330
A
100
AcDbDictionary
281
1
  0
DICTIONARY
  5
D
330
A
100
AcDbDictionary
281
1
  3
Model
350
1A
  3
Layout1
350
1E
  3
E-07
350
D2A
  0
DICTIONARY
  5
E
330
A
100
AcDbDictionary
281
1
  3
ByBlock
350
1F
  3
ByLayer
350
20
  3
Global
350
21
  0
DICTIONARY
  5
F
330
A
100
AcDbDictionary
281
1
  3
Standard
350
2C
  0
DICTIONARY
  5
10
330
A
100
AcDbDictionary
281
1
  3
Standard
350
22
  0
DICTIONARY
  5
11
330
A
100
AcDbDictionary
281
1
  0
ACDBDICTIONARYWDFLT
  5
12
330
A
100
AcDbDictionary
281
1
  3
Normal
350
13
100
AcDbDictionaryWithDefault
340
13
  0
ACDBPLACEHOLDER
  5
13
330
12
  0
DICTIONARY
  5
14
330
A
100
AcDbDictionary
281
1
  0
DICTIONARY
  5
15
330
A
100
AcDbDictionary
281
1
  0
DICTIONARY
  5
16
330
A
100
AcDbDictionary
281
1
  3
2dWireframe
350
5A
  3
Basic
350
5B
  3
Brighten
350
5C
  3
ColorChange
350
5D
  3
Conceptual
350
5E
  3
Dim
350
5F
  3
EdgeColorOff
350
60
  3
Facepattern
350
61
  3
Flat
350
62
  3
FlatWithEdges
350
63
  3
Gouraud
350
64
  3
GouraudWithEdges
350
65
  3
Hidden
350
66
  3
JitterOff
350
67
  3
Linepattern
350
68
  3
Modeling
350
69
  3
OverhangOff
350
6A
  3
Realistic
350
6B
  3
Shaded
350
6C
  3
Shaded with edges
350
6D
  3
Shades of Gray
350
6E
  3
Sketchy
350
6F
  3
Thicken
350
70
  3
Wireframe
350
71
  3
X-Ray
350
72
  0
LAYOUT
  5
1A
330
D
100
AcDbPlotSettings
  1

  4
A3
  6

 40
7.5
 41
20.0
 42
7.5
 43
20.0
 44
420.0
 45
297.0
 46
0.0
 47
0.0
 48
0.0
 49
0.0
140
0.0
141
0.0
142
1.0
143
1.0
 70
1024
 72
1
 73
0
 74
5
  7

 75
16
 76
0
 77
2
 78
300
147
1.0
148
0.0
149
0.0
100
AcDbLayout
  1
Model
 70
1
 71
0
 10
0.0
 20
0.0
 11
420.0
 21
297.0
 12
0.0
 22
0.0
 32
0.0
 14
1e+20
 24
1e+20
 34
1e+20
 15
-1e+20
 25
-1e+20
 35
-1e+20
146
0.0
 13
0.0
 23
0.0
 33
0.0
 16
1.0
 26
0.0
 36
0.0
 17
0.0
 27
1.0
 37
0.0
 76
1
330
17
  0
LAYOUT
  5
1E
330
D
100
AcDbPlotSettings
  1

  4
A3
  6

 40
7.5
 41
20.0
 42
7.5
 43
20.0
 44
420.0
 45
297.0
 46
0.0
 47
0.0
 48
0.0
 49
0.0
140
0.0
141
0.0
142
1.0
143
1.0
 70
0
 72
1
 73
0
 74
5
  7

 75
16
 76
0
 77
2
 78
300
147
1.0
148
0.0
149
0.0
100
AcDbLayout
  1
Layout1
 70
1
 71
1
 10
0.0
 20
0.0
 11
420.0
 21
297.0
 12
0.0
 22
0.0
 32
0.0
 14
1e+20
 24
1e+20
 34
1e+20
 15
-1e+20
 25
-1e+20
 35
-1e+20
146
0.0
 13
0.0
 23
0.0
 33
0.0
 16
1.0
 26
0.0
 36
0.0
 17
0.0
 27
1.0
 37
0.0
 76
1
330
1B
  0
MATERIAL
  5
1F
102
{ACAD_REACTORS
330
E
102
}
330
E
100
AcDbMaterial
  1
ByBlock
  2

 70
0
 40
1.0
 71
1
 41
1.0
 91
-1023410177
 42
1.0
 72
1
  3

 73
1
 74
1
 75
1
 44
0.5
 73
0
 45
1.0
 46
1.0
 77
1
  4

 78
1
 79
1
170
1
 48
1.0
171
1
  6

172
1
173
1
174
1
140
1.0
141
1.0
175
1
  7

176
1
177
1
178
1
143
1.0
179
1
  8

270
1
271
1
272
1
145
1.0
146
1.0
273
1
  9

274
1
275
1
276
1
 42
1.0
 72
1
  3

 73
1
 74
1
 75
1
 94
63
  0
MATERIAL
  5
20
102
{ACAD_REACTORS
330
E
102
}
330
E
100
AcDbMaterial
  1
ByLayer
  2

 70
0
 40
1.0
 71
1
 41
1.0
 91
-1023410177
 42
1.0
 72
1
  3

 73
1
 74
1
 75
1
 44
0.5
 73
0
 45
1.0
 46
1.0
 77
1
  4

 78
1
 79
1
170
1
 48
1.0
171
1
  6

172
1
173
1
174
1
140
1.0
141
1.0
175
1
  7

176
1
177
1
178
1
143
1.0
179
1
  8

270
1
271
1
272
1
145
1.0
146
1.0
273
1
  9

274
1
275
1
276
1
 42
1.0
 72
1
  3

 73
1
 74
1
 75
1
 94
63
  0
MATERIAL
  5
21
102
{ACAD_REACTORS
330
E
102
}
330
E
100
AcDbMaterial
  1
Global
  2

 70
0
 40
1.0
 71
1
 41
1.0
 91
-1023410177
 42
1.0
 72
1
  3

 73
1
 74
1
 75
1
 44
0.5
 73
0
 45
1.0
 46
1.0
 77
1
  4

 78
1
 79
1
170
1
 48
1.0
171
1
  6

172
1
173
1
174
1
140
1.0
141
1.0
175
1
  7

176
1
177
1
178
1
143
1.0
179
1
  8

270
1
271
1
272
1
145
1.0
146
1.0
273
1
  9

274
1
275
1
276
1
 42
1.0
 72
1
  3

 73
1
 74
1
 75
1
 94
63
  0
MLINESTYLE
  5
22
102
{ACAD_REACTORS
330
10
102
}
330
10
100
AcDbMlineStyle
  2
Standard
 70
0
  3

 62
256
 51
90.0
 52
90.0
 71
2
 49
0.5
 62
256
  6
BYLAYER
 49
-0.5
 62
256
  6
BYLAYER
  0
MLEADERSTYLE
  5
2C
102
{ACAD_REACTORS
330
F
102
}
330
F
100
AcDbMLeaderStyle
179
2
170
2
171
1
172
0
 90
2
 40
0.0
 41
0.0
173
1
 91
-1056964608
 92
-2
290
1
 42
2.0
291
1
 43
8.0
  3
Standard
 44
4.0
300

342
29
174
1
175
1
176
0
178
1
 93
-1056964608
 45
4.0
292
0
297
0
 46
4.0
 94
-1056964608
 47
1.0
 49
1.0
140
1.0
294
1
141
0.0
177
0
142
1.0
295
0
296
0
143
3.75
271
0
272
9
273
9
  0
DICTIONARY
  5
2D
330
A
100
AcDbDictionary
280
1
281
1
  3
CREATED_BY_EZDXF
350
2E
  3
WRITTEN_BY_EZDXF
350
E77
  0
DICTIONARYVAR
  5
2E
330
2D
100
DictionaryVariables
280
0
  1
1.4.4 @ 2026-09-28T01:32:04.316874+00:00
  0
VISUALSTYLE
  5
5A
102
{ACAD_REACTORS
330
16
102
}
330
16
100
AcDbVisualStyle
  2
2dWireframe
 70
4
177
3
291
0
 70
58
 90
2
176
1
 90
2
176
1
 90
0
176
1
 90
0
176
1
 40
0.6
176
1
 40
30.0
176
1
 62
7
420
16777215
176
1
 90
1
176
1
 90
4
176
1
 62
7
176
1
 62
257
176
1
 90
1
176
1
 90
1
176
1
 40
1.0
176
1
 90
8
176
1
 62
7
176
1
 40
1.0
176
1
 90
1
176
1
 90
6
176
1
 90
2
176
1
 62
7
176
1
 90
5
176
1
 90
0
176
1
 90
0
176
1
290
0
176
1
 90
1
176
1
 40
0.0
176
1
 90
0
176
1
290
1
176
1
290
1
176
1
290
0
176
1
290
0
176
1
290
0
176
1
290
0
176
1
290
0
176
1
290
0
176
1
290
0
176
1
 90
50
176
1
 40
0.0
176
1
 40
1.0
176
1
 90
0
176
1
 62
18
420
0
176
1
 90
50
176
1
 90
3
176
1
 62
5
420
255
176
1
290
0
176
1
 90
50
176
1
 90
50
176
1
 90
50
176
1
290
0
176
1
 90
50
176
1
 62
256
176
0
 40
1.0
176
0
 90
2
176
1
  1
strokes_ogs.tif
176
1
290
0
176
1
 40
1.0
176
1
 40
1.0
176
1
  0
VISUALSTYLE
  5
5B
102
{ACAD_REACTORS
330
16
102
}
330
16
100
AcDbVisualStyle
  2
Basic
 70
7
177
3
291
1
 70
58
 90
2
176
1
 90
2
176
1
 90
0
176
1
 90
1
176
1
 40
0.6
176
1
 40
30.0
176
1
 62
7
420
16777215
176
1
 90
1
176
1
 90
4
176
1
 62
7
176
1
 62
257
176
1
 90
1
176
1
 90
1
176
1
 40
1.0
176
1
 90
8
176
1
 62
7
176
1
 40
1.0
176
1
 90
1
176
1
 90
6
176
1
 90
2
176
1
 62
7
176
1
 90
5
176
1
 90
0
176
1
 90
0
176
1
290
0
176
1
 90
1
176
1
 40
0.0
176
1
 90
0
176
1
290
0
176
1
290
1
176
1
290
1
176
1
290
0
176
1
290
0
176
1
290
0
176
1
290
0
176
1
290
0
176
1
290
0
176
1
 90
50
176
1
 40
0.0
176
1
 40
1.0
176
1
 90
0
176
1
 62
18
420
0
176
1
 90
50
176
1
 90
3
176
1
 62
5
420
255
176
1
290
0
176
1
 90
50
176
1
 90
50
176
1
 90
50
176
1
290
0
176
1
 90
50
176
1
 62
256
176
0
 40
1.0
176
0
 90
2
176
1
  1
strokes_ogs.tif
176
1
290
0
176
1
 40
1.0
176
1
 40
1.0
176
1
  0
VISUALSTYLE
  5
5C
102
{ACAD_REACTORS
330
16
102
}
330
16
100
AcDbVisualStyle
  2
Brighten
 70
12
177
3
291
1
 70
58
 90
2
176
1
 90
2
176
1
 90
0
176
1
 90
2
176
1
 40
0.6
176
1
 40
30.0
176
1
 62
7
420
16777215
176
1
 90
1
176
1
 90
4
176
1
 62
7
176
1
 62
257
176
1
 90
1
176
1
 90
1
176
1
 40
1.0
176
1
 90
8
176
1
 62
7
176
1
 40
1.0
176
1
 90
1
176
1
 90
6
176
1
 90
2
176
1
 62
7
176
1
 90
5
176
1
 90
0
176
1
 90
0
176
1
290
0
176
1
 90
1
176
1
 40
0.0
176
1
 90
0
176
1
290
0
176
1
290
1
176
1
290
1
176
1
290
0
176
1
290
0
176
1
290
0
176
1
290
0
176
1
290
0
176
1
290
0
176
1
 90
50
176
1
 40
0.0
176
1
 40
1.0
176
1
 90
0
176
1
 62
18
420
0
176
1
 90
50
176
1
 90
3
176
1
 62
5
420
255
176
1
290
0
176
1
 90
50
176
1
 90
50
176
1
 90
50
176
1
290
0
176
1
 90
50
176
1
 62
256
176
0
 40
1.0
176
0
 90
2
176
1
  1
strokes_ogs.tif
176
1
290
0
176
1
 40
1.0
176
1
 40
1.0
176
1
  0
VISUALSTYLE
  5
5D
102
{ACAD_REACTORS
330
16
102
}
330
16
100
AcDbVisualStyle
  2
ColorChange
 70
16
177
3
291
1
 70
58
 90
2
176
1
 90
2
176
1
 90
0
176
1
 90
2
176
1
 40
0.6
176
1
 40
30.0
176
1
 62
7
420
16777215
176
1
 90
1
176
1
 90
4
176
1
 62
7
176
1
 62
257
176
1
 90
1
176
1
 90
1
176
1
 40
1.0
176
1
 90
8
176
1
 62
7
176
1
 40
1.0
176
1
 90
1
176
1
 90
6
176
1
 90
2
176
1
 62
7
176
1
 90
5
176
1
 90
0
176
1
 90
0
176
1
290
0
176
1
 90
1
176
1
 40
0.0
176
1
 90
0
176
1
290
0
176
1
290
1
176
1
290
1
176
1
290
0
176
1
290
0
176
1
290
0
176
1
290
0
176
1
290
0
176
1
290
0
176
1
 90
50
176
1
 40
0.0
176
1
 40
1.0
176
1
 90
0
176
1
 62
18
420
0
176
1
 90
50
176
1
 90
3
176
1
 62
5
420
255
176
1
290
0
176
1
 90
50
176
1
 90
50
176
1
 90
50
176
1
290
0
176
1
 90
50
176
1
 62
256
176
0
 40
1.0
176
0
 90
2
176
1
  1
strokes_ogs.tif
176
1
290
0
176
1
 40
1.0
176
1
 40
1.0
176
1
  0
VISUALSTYLE
  5
5E
102
{ACAD_REACTORS
330
16
102
}
330
16
100
AcDbVisualStyle
  2
Conceptual
 70
9
177
3
291
0
 70
58
 90
2
176
1
 90
2
176
1
 90
0
176
1
 90
3
176
1
 40
0.6
176
1
 40
30.0
176
1
 62
7
420
16777215
176
1
 90
1
176
1
 90
4
176
1
 62
7
176
1
 62
257
176
1
 90
1
176
1
 90
1
176
1
 40
1.0
176
1
 90
8
176
1
 62
7
176
1
 40
1.0
176
1
 90
1
176
1
 90
6
176
1
 90
2
176
1
 62
7
176
1
 90
5
176
1
 90
0
176
1
 90
0
176
1
290
0
176
1
 90
1
176
1
 40
0.0
176
1
 90
0
176
1
290
0
176
1
290
1
176
1
290
1
176
1
290
0
176
1
290
0
176
1
290
0
176
1
290
0
176
1
290
0
176
1
290
0
176
1
 90
50
176
1
 40
0.0
176
1
 40
1.0
176
1
 90
0
176
1
 62
18
420
0
176
1
 90
50
176
1
 90
3
176
1
 62
5
420
255
176
1
290
0
176
1
 90
50
176
1
 90
50
176
1
 90
50
176
1
290
0
176
1
 90
50
176
1
 62
256
176
0
 40
1.0
176
0
 90
2
176
1
  1
strokes_ogs.tif
176
1
290
0
176
1
 40
1.0
176
1
 40
1.0
176
1
  0
VISUALSTYLE
  5
5F
102
{ACAD_REACTORS
330
16
102
}
330
16
100
AcDbVisualStyle
  2
Dim
 70
11
177
3
291
1
 70
58
 90
2
176
1
 90
2
176
1
 90
0
176
1
 90
2
176
1
 40
0.6
176
1
 40
30.0
176
1
 62
7
420
16777215
176
1
 90
1
176
1
 90
4
176
1
 62
7
176
1
 62
257
176
1
 90
1
176
1
 90
1
176
1
 40
1.0
176
1
 90
8
176
1
 62
7
176
1
 40
1.0
176
1
 90
1
176
1
 90
6
176
1
 90
2
176
1
 62
7
176
1
 90
5
176
1
 90
0
176
1
 90
0
176
1
290
0
176
1
 90
1
176
1
 40
0.0
176
1
 90
0
176
1
290
0
176
1
290
1
176
1
290
1
176
1
290
0
176
1
290
0
176
1
290
0
176
1
290
0
176
1
290
0
176
1
290
0
176
1
 90
50
176
1
 40
0.0
176
1
 40
1.0
176
1
 90
0
176
1
 62
18
420
0
176
1
 90
50
176
1
 90
3
176
1
 62
5
420
255
176
1
290
0
176
1
 90
50
176
1
 90
50
176
1
 90
50
176
1
290
0
176
1
 90
50
176
1
 62
256
176
0
 40
1.0
176
0
 90
2
176
1
  1
strokes_ogs.tif
176
1
290
0
176
1
 40
1.0
176
1
 40
1.0
176
1
  0
VISUALSTYLE
  5
60
102
{ACAD_REACTORS
330
16
102
}
330
16
100
AcDbVisualStyle
  2
EdgeColorOff
 70
22
177
3
291
1
 70
58
 90
2
176
1
 90
2
176
1
 90
0
176
1
 90
2
176
1
 40
0.6
176
1
 40
30.0
176
1
 62
7
420
16777215
176
1
 90
1
176
1
 90
4
176
1
 62
7
176
1
 62
257
176
1
 90
1
176
1
 90
1
176
1
 40
1.0
176
1
 90
8
176
1
 62
7
176
1
 40
1.0
176
1
 90
1
176
1
 90
6
176
1
 90
2
176
1
 62
7
176
1
 90
5
176
1
 90
0
176
1
 90
0
176
1
290
0
176
1
 90
1
176
1
 40
0.0
176
1
 90
0
176
1
290
0
176
1
290
1
176
1
290
1
176
1
290
0
176
1
290
0
176
1
290
0
176
1
290
0
176
1
290
0
176
1
290
0
176
1
 90
50
176
1
 40
0.0
176
1
 40
1.0
176
1
 90
0
176
1
 62
18
420
0
176
1
 90
50
176
1
 90
3
176
1
 62
5
420
255
176
1
290
0
176
1
 90
50
176
1
 90
50
176
1
 90
50
176
1
290
0
176
1
 90
50
176
1
 62
256
176
0
 40
1.0
176
0
 90
2
176
1
  1
strokes_ogs.tif
176
1
290
0
176
1
 40
1.0
176
1
 40
1.0
176
1
  0
VISUALSTYLE
  5
61
102
{ACAD_REACTORS
330
16
102
}
330
16
100
AcDbVisualStyle
  2
Facepattern
 70
15
177
3
291
1
 70
58
 90
2
176
1
 90
2
176
1
 90
0
176
1
 90
2
176
1
 40
0.6
176
1
 40
30.0
176
1
 62
7
420
16777215
176
1
 90
1
176
1
 90
4
176
1
 62
7
176
1
 62
257
176
1
 90
1
176
1
 90
1
176
1
 40
1.0
176
1
 90
8
176
1
 62
7
176
1
 40
1.0
176
1
 90
1
176
1
 90
6
176
1
 90
2
176
1
 62
7
176
1
 90
5
176
1
 90
0
176
1
 90
0
176
1
290
0
176
1
 90
1
176
1
 40
0.0
176
1
 90
0
176
1
290
0
176
1
290
1
176
1
290
1
176
1
290
0
176
1
290
0
176
1
290
0
176
1
290
0
176
1
290
0
176
1
290
0
176
1
 90
50
176
1
 40
0.0
176
1
 40
1.0
176
1
 90
0
176
1
 62
18
420
0
176
1
 90
50
176
1
 90
3
176
1
 62
5
420
255
176
1
290
0
176
1
 90
50
176
1
 90
50
176
1
 90
50
176
1
290
0
176
1
 90
50
176
1
 62
256
176
0
 40
1.0
176
0
 90
2
176
1
  1
strokes_ogs.tif
176
1
290
0
176
1
 40
1.0
176
1
 40
1.0
176
1
  0
VISUALSTYLE
  5
62
102
{ACAD_REACTORS
330
16
102
}
330
16
100
AcDbVisualStyle
  2
Flat
 70
0
177
3
291
1
 70
58
 90
2
176
1
 90
2
176
1
 90
0
176
1
 90
2
176
1
 40
0.6
176
1
 40
30.0
176
1
 62
7
420
16777215
176
1
 90
1
176
1
 90
4
176
1
 62
7
176
1
 62
257
176
1
 90
1
176
1
 90
1
176
1
 40
1.0
176
1
 90
8
176
1
 62
7
176
1
 40
1.0
176
1
 90
1
176
1
 90
6
176
1
 90
2
176
1
 62
7
176
1
 90
5
176
1
 90
0
176
1
 90
0
176
1
290
0
176
1
 90
1
176
1
 40
0.0
176
1
 90
0
176
1
290
0
176
1
290
1
176
1
290
1
176
1
290
0
176
1
290
0
176
1
290
0
176
1
290
0
176
1
290
0
176
1
290
0
176
1
 90
50
176
1
 40
0.0
176
1
 40
1.0
176
1
 90
0
176
1
 62
18
420
0
176
1
 90
50
176
1
 90
3
176
1
 62
5
420
255
176
1
290
0
176
1
 90
50
176
1
 90
50
176
1
 90
50
176
1
290
0
176
1
 90
50
176
1
 62
256
176
0
 40
1.0
176
0
 90
2
176
1
  1
strokes_ogs.tif
176
1
290
0
176
1
 40
1.0
176
1
 40
1.0
176
1
  0
VISUALSTYLE
  5
63
102
{ACAD_REACTORS
330
16
102
}
330
16
100
AcDbVisualStyle
  2
FlatWithEdges
 70
1
177
3
291
1
 70
58
 90
2
176
1
 90
2
176
1
 90
0
176
1
 90
2
176
1
 40
0.6
176
1
 40
30.0
176
1
 62
7
420
16777215
176
1
 90
1
176
1
 90
4
176
1
 62
7
176
1
 62
257
176
1
 90
1
176
1
 90
1
176
1
 40
1.0
176
1
 90
8
176
1
 62
7
176
1
 40
1.0
176
1
 90
1
176
1
 90
6
176
1
 90
2
176
1
 62
7
176
1
 90
5
176
1
 90
0
176
1
 90
0
176
1
290
0
176
1
 90
1
176
1
 40
0.0
176
1
 90
0
176
1
290
0
176
1
290
1
176
1
290
1
176
1
290
0
176
1
290
0
176
1
290
0
176
1
290
0
176
1
290
0
176
1
290
0
176
1
 90
50
176
1
 40
0.0
176
1
 40
1.0
176
1
 90
0
176
1
 62
18
420
0
176
1
 90
50
176
1
 90
3
176
1
 62
5
420
255
176
1
290
0
176
1
 90
50
176
1
 90
50
176
1
 90
50
176
1
290
0
176
1
 90
50
176
1
 62
256
176
0
 40
1.0
176
0
 90
2
176
1
  1
strokes_ogs.tif
176
1
290
0
176
1
 40
1.0
176
1
 40
1.0
176
1
  0
VISUALSTYLE
  5
64
102
{ACAD_REACTORS
330
16
102
}
330
16
100
AcDbVisualStyle
  2
Gouraud
 70
2
177
3
291
1
 70
58
 90
2
176
1
 90
2
176
1
 90
0
176
1
 90
2
176
1
 40
0.6
176
1
 40
30.0
176
1
 62
7
420
16777215
176
1
 90
1
176
1
 90
4
176
1
 62
7
176
1
 62
257
176
1
 90
1
176
1
 90
1
176
1
 40
1.0
176
1
 90
8
176
1
 62
7
176
1
 40
1.0
176
1
 90
1
176
1
 90
6
176
1
 90
2
176
1
 62
7
176
1
 90
5
176
1
 90
0
176
1
 90
0
176
1
290
0
176
1
 90
1
176
1
 40
0.0
176
1
 90
0
176
1
290
0
176
1
290
1
176
1
290
1
176
1
290
0
176
1
290
0
176
1
290
0
176
1
290
0
176
1
290
0
176
1
290
0
176
1
 90
50
176
1
 40
0.0
176
1
 40
1.0
176
1
 90
0
176
1
 62
18
420
0
176
1
 90
50
176
1
 90
3
176
1
 62
5
420
255
176
1
290
0
176
1
 90
50
176
1
 90
50
176
1
 90
50
176
1
290
0
176
1
 90
50
176
1
 62
256
176
0
 40
1.0
176
0
 90
2
176
1
  1
strokes_ogs.tif
176
1
290
0
176
1
 40
1.0
176
1
 40
1.0
176
1
  0
VISUALSTYLE
  5
65
102
{ACAD_REACTORS
330
16
102
}
330
16
100
AcDbVisualStyle
  2
GouraudWithEdges
 70
3
177
3
291
1
 70
58
 90
2
176
1
 90
2
176
1
 90
0
176
1
 90
2
176
1
 40
0.6
176
1
 40
30.0
176
1
 62
7
420
16777215
176
1
 90
1
176
1
 90
4
176
1
 62
7
176
1
 62
257
176
1
 90
1
176
1
 90
1
176
1
 40
1.0
176
1
 90
8
176
1
 62
7
176
1
 40
1.0
176
1
 90
1
176
1
 90
6
176
1
 90
2
176
1
 62
7
176
1
 90
5
176
1
 90
0
176
1
 90
0
176
1
290
0
176
1
 90
1
176
1
 40
0.0
176
1
 90
0
176
1
290
0
176
1
290
1
176
1
290
1
176
1
290
0
176
1
290
0
176
1
290
0
176
1
290
0
176
1
290
0
176
1
290
0
176
1
 90
50
176
1
 40
0.0
176
1
 40
1.0
176
1
 90
0
176
1
 62
18
420
0
176
1
 90
50
176
1
 90
3
176
1
 62
5
420
255
176
1
290
0
176
1
 90
50
176
1
 90
50
176
1
 90
50
176
1
290
0
176
1
 90
50
176
1
 62
256
176
0
 40
1.0
176
0
 90
2
176
1
  1
strokes_ogs.tif
176
1
290
0
176
1
 40
1.0
176
1
 40
1.0
176
1
  0
VISUALSTYLE
  5
66
102
{ACAD_REACTORS
330
16
102
}
330
16
100
AcDbVisualStyle
  2
Hidden
 70
6
177
3
291
0
 70
58
 90
2
176
1
 90
2
176
1
 90
0
176
1
 90
1
176
1
 40
0.6
176
1
 40
30.0
176
1
 62
7
420
16777215
176
1
 90
1
176
1
 90
4
176
1
 62
7
176
1
 62
257
176
1
 90
1
176
1
 90
1
176
1
 40
1.0
176
1
 90
8
176
1
 62
7
176
1
 40
1.0
176
1
 90
1
176
1
 90
6
176
1
 90
2
176
1
 62
7
176
1
 90
5
176
1
 90
0
176
1
 90
0
176
1
290
0
176
1
 90
1
176
1
 40
0.0
176
1
 90
0
176
1
290
0
176
1
290
1
176
1
290
1
176
1
290
0
176
1
290
0
176
1
290
0
176
1
290
0
176
1
290
0
176
1
290
0
176
1
 90
50
176
1
 40
0.0
176
1
 40
1.0
176
1
 90
0
176
1
 62
18
420
0
176
1
 90
50
176
1
 90
3
176
1
 62
5
420
255
176
1
290
0
176
1
 90
50
176
1
 90
50
176
1
 90
50
176
1
290
0
176
1
 90
50
176
1
 62
256
176
0
 40
1.0
176
0
 90
2
176
1
  1
strokes_ogs.tif
176
1
290
0
176
1
 40
1.0
176
1
 40
1.0
176
1
  0
VISUALSTYLE
  5
67
102
{ACAD_REACTORS
330
16
102
}
330
16
100
AcDbVisualStyle
  2
JitterOff
 70
20
177
3
291
1
 70
58
 90
2
176
1
 90
2
176
1
 90
0
176
1
 90
2
176
1
 40
0.6
176
1
 40
30.0
176
1
 62
7
420
16777215
176
1
 90
1
176
1
 90
4
176
1
 62
7
176
1
 62
257
176
1
 90
1
176
1
 90
1
176
1
 40
1.0
176
1
 90
8
176
1
 62
7
176
1
 40
1.0
176
1
 90
1
176
1
 90
6
176
1
 90
2
176
1
 62
7
176
1
 90
5
176
1
 90
0
176
1
 90
0
176
1
290
0
176
1
 90
1
176
1
 40
0.0
176
1
 90
0
176
1
290
0
176
1
290
1
176
1
290
1
176
1
290
0
176
1
290
0
176
1
290
0
176
1
290
0
176
1
290
0
176
1
290
0
176
1
 90
50
176
1
 40
0.0
176
1
 40
1.0
176
1
 90
0
176
1
 62
18
420
0
176
1
 90
50
176
1
 90
3
176
1
 62
5
420
255
176
1
290
0
176
1
 90
50
176
1
 90
50
176
1
 90
50
176
1
290
0
176
1
 90
50
176
1
 62
256
176
0
 40
1.0
176
0
 90
2
176
1
  1
strokes_ogs.tif
176
1
290
0
176
1
 40
1.0
176
1
 40
1.0
176
1
  0
VISUALSTYLE
  5
68
102
{ACAD_REACTORS
330
16
102
}
330
16
100
AcDbVisualStyle
  2
Linepattern
 70
14
177
3
291
1
 70
58
 90
2
176
1
 90
2
176
1
 90
0
176
1
 90
2
176
1
 40
0.6
176
1
 40
30.0
176
1
 62
7
420
16777215
176
1
 90
1
176
1
 90
4
176
1
 62
7
176
1
 62
257
176
1
 90
1
176
1
 90
1
176
1
 40
1.0
176
1
 90
8
176
1
 62
7
176
1
 40
1.0
176
1
 90
1
176
1
 90
6
176
1
 90
2
176
1
 62
7
176
1
 90
5
176
1
 90
0
176
1
 90
0
176
1
290
0
176
1
 90
1
176
1
 40
0.0
176
1
 90
0
176
1
290
0
176
1
290
1
176
1
290
1
176
1
290
0
176
1
290
0
176
1
290
0
176
1
290
0
176
1
290
0
176
1
290
0
176
1
 90
50
176
1
 40
0.0
176
1
 40
1.0
176
1
 90
0
176
1
 62
18
420
0
176
1
 90
50
176
1
 90
3
176
1
 62
5
420
255
176
1
290
0
176
1
 90
50
176
1
 90
50
176
1
 90
50
176
1
290
0
176
1
 90
50
176
1
 62
256
176
0
 40
1.0
176
0
 90
2
176
1
  1
strokes_ogs.tif
176
1
290
0
176
1
 40
1.0
176
1
 40
1.0
176
1
  0
VISUALSTYLE
  5
69
102
{ACAD_REACTORS
330
16
102
}
330
16
100
AcDbVisualStyle
  2
Modeling
 70
10
177
3
291
0
 70
58
 90
2
176
1
 90
2
176
1
 90
0
176
1
 90
2
176
1
 40
0.6
176
1
 40
30.0
176
1
 62
7
420
16777215
176
1
 90
1
176
1
 90
4
176
1
 62
7
176
1
 62
257
176
1
 90
1
176
1
 90
1
176
1
 40
1.0
176
1
 90
8
176
1
 62
7
176
1
 40
1.0
176
1
 90
1
176
1
 90
6
176
1
 90
2
176
1
 62
7
176
1
 90
5
176
1
 90
0
176
1
 90
0
176
1
290
0
176
1
 90
1
176
1
 40
0.0
176
1
 90
0
176
1
290
0
176
1
290
1
176
1
290
1
176
1
290
0
176
1
290
0
176
1
290
0
176
1
290
0
176
1
290
0
176
1
290
0
176
1
 90
50
176
1
 40
0.0
176
1
 40
1.0
176
1
 90
0
176
1
 62
18
420
0
176
1
 90
50
176
1
 90
3
176
1
 62
5
420
255
176
1
290
0
176
1
 90
50
176
1
 90
50
176
1
 90
50
176
1
290
0
176
1
 90
50
176
1
 62
256
176
0
 40
1.0
176
0
 90
2
176
1
  1
strokes_ogs.tif
176
1
290
0
176
1
 40
1.0
176
1
 40
1.0
176
1
  0
VISUALSTYLE
  5
6A
102
{ACAD_REACTORS
330
16
102
}
330
16
100
AcDbVisualStyle
  2
OverhangOff
 70
21
177
3
291
1
 70
58
 90
2
176
1
 90
2
176
1
 90
0
176
1
 90
2
176
1
 40
0.6
176
1
 40
30.0
176
1
 62
7
420
16777215
176
1
 90
1
176
1
 90
4
176
1
 62
7
176
1
 62
257
176
1
 90
1
176
1
 90
1
176
1
 40
1.0
176
1
 90
8
176
1
 62
7
176
1
 40
1.0
176
1
 90
1
176
1
 90
6
176
1
 90
2
176
1
 62
7
176
1
 90
5
176
1
 90
0
176
1
 90
0
176
1
290
0
176
1
 90
1
176
1
 40
0.0
176
1
 90
0
176
1
290
0
176
1
290
1
176
1
290
1
176
1
290
0
176
1
290
0
176
1
290
0
176
1
290
0
176
1
290
0
176
1
290
0
176
1
 90
50
176
1
 40
0.0
176
1
 40
1.0
176
1
 90
0
176
1
 62
18
420
0
176
1
 90
50
176
1
 90
3
176
1
 62
5
420
255
176
1
290
0
176
1
 90
50
176
1
 90
50
176
1
 90
50
176
1
290
0
176
1
 90
50
176
1
 62
256
176
0
 40
1.0
176
0
 90
2
176
1
  1
strokes_ogs.tif
176
1
290
0
176
1
 40
1.0
176
1
 40
1.0
176
1
  0
VISUALSTYLE
  5
6B
102
{ACAD_REACTORS
330
16
102
}
330
16
100
AcDbVisualStyle
  2
Realistic
 70
8
177
3
291
0
 70
58
 90
2
176
1
 90
2
176
1
 90
0
176
1
 90
2
176
1
 40
0.6
176
1
 40
30.0
176
1
 62
7
420
16777215
176
1
 90
1
176
1
 90
4
176
1
 62
7
176
1
 62
257
176
1
 90
1
176
1
 90
1
176
1
 40
1.0
176
1
 90
8
176
1
 62
7
176
1
 40
1.0
176
1
 90
1
176
1
 90
6
176
1
 90
2
176
1
 62
7
176
1
 90
5
176
1
 90
0
176
1
 90
0
176
1
290
0
176
1
 90
1
176
1
 40
0.0
176
1
 90
0
176
1
290
0
176
1
290
1
176
1
290
1
176
1
290
0
176
1
290
0
176
1
290
0
176
1
290
0
176
1
290
0
176
1
290
0
176
1
 90
50
176
1
 40
0.0
176
1
 40
1.0
176
1
 90
0
176
1
 62
18
420
0
176
1
 90
50
176
1
 90
3
176
1
 62
5
420
255
176
1
290
0
176
1
 90
50
176
1
 90
50
176
1
 90
50
176
1
290
0
176
1
 90
50
176
1
 62
256
176
0
 40
1.0
176
0
 90
2
176
1
  1
strokes_ogs.tif
176
1
290
0
176
1
 40
1.0
176
1
 40
1.0
176
1
  0
VISUALSTYLE
  5
6C
102
{ACAD_REACTORS
330
16
102
}
330
16
100
AcDbVisualStyle
  2
Shaded
 70
27
177
3
291
0
 70
58
 90
2
176
1
 90
2
176
1
 90
0
176
1
 90
2
176
1
 40
0.6
176
1
 40
30.0
176
1
 62
7
420
16777215
176
1
 90
1
176
1
 90
4
176
1
 62
7
176
1
 62
257
176
1
 90
1
176
1
 90
1
176
1
 40
1.0
176
1
 90
8
176
1
 62
7
176
1
 40
1.0
176
1
 90
1
176
1
 90
6
176
1
 90
2
176
1
 62
7
176
1
 90
5
176
1
 90
0
176
1
 90
0
176
1
290
0
176
1
 90
1
176
1
 40
0.0
176
1
 90
0
176
1
290
0
176
1
290
1
176
1
290
1
176
1
290
0
176
1
290
0
176
1
290
0
176
1
290
0
176
1
290
0
176
1
290
0
176
1
 90
50
176
1
 40
0.0
176
1
 40
1.0
176
1
 90
0
176
1
 62
18
420
0
176
1
 90
50
176
1
 90
3
176
1
 62
5
420
255
176
1
290
0
176
1
 90
50
176
1
 90
50
176
1
 90
50
176
1
290
0
176
1
 90
50
176
1
 62
256
176
0
 40
1.0
176
0
 90
2
176
1
  1
strokes_ogs.tif
176
1
290
0
176
1
 40
1.0
176
1
 40
1.0
176
1
  0
VISUALSTYLE
  5
6D
102
{ACAD_REACTORS
330
16
102
}
330
16
100
AcDbVisualStyle
  2
Shaded with edges
 70
26
177
3
291
0
 70
58
 90
2
176
1
 90
2
176
1
 90
0
176
1
 90
2
176
1
 40
0.6
176
1
 40
30.0
176
1
 62
7
420
16777215
176
1
 90
1
176
1
 90
4
176
1
 62
7
176
1
 62
257
176
1
 90
1
176
1
 90
1
176
1
 40
1.0
176
1
 90
8
176
1
 62
7
176
1
 40
1.0
176
1
 90
1
176
1
 90
6
176
1
 90
2
176
1
 62
7
176
1
 90
5
176
1
 90
0
176
1
 90
0
176
1
290
0
176
1
 90
1
176
1
 40
0.0
176
1
 90
0
176
1
290
0
176
1
290
1
176
1
290
1
176
1
290
0
176
1
290
0
176
1
290
0
176
1
290
0
176
1
290
0
176
1
290
0
176
1
 90
50
176
1
 40
0.0
176
1
 40
1.0
176
1
 90
0
176
1
 62
18
420
0
176
1
 90
50
176
1
 90
3
176
1
 62
5
420
255
176
1
290
0
176
1
 90
50
176
1
 90
50
176
1
 90
50
176
1
290
0
176
1
 90
50
176
1
 62
256
176
0
 40
1.0
176
0
 90
2
176
1
  1
strokes_ogs.tif
176
1
290
0
176
1
 40
1.0
176
1
 40
1.0
176
1
  0
VISUALSTYLE
  5
6E
102
{ACAD_REACTORS
330
16
102
}
330
16
100
AcDbVisualStyle
  2
Shades of Gray
 70
23
177
3
291
0
 70
58
 90
2
176
1
 90
2
176
1
 90
0
176
1
 90
2
176
1
 40
0.6
176
1
 40
30.0
176
1
 62
7
420
16777215
176
1
 90
1
176
1
 90
4
176
1
 62
7
176
1
 62
257
176
1
 90
1
176
1
 90
1
176
1
 40
1.0
176
1
 90
8
176
1
 62
7
176
1
 40
1.0
176
1
 90
1
176
1
 90
6
176
1
 90
2
176
1
 62
7
176
1
 90
5
176
1
 90
0
176
1
 90
0
176
1
290
0
176
1
 90
1
176
1
 40
0.0
176
1
 90
0
176
1
290
0
176
1
290
1
176
1
290
1
176
1
290
0
176
1
290
0
176
1
290
0
176
1
290
0
176
1
290
0
176
1
290
0
176
1
 90
50
176
1
 40
0.0
176
1
 40
1.0
176
1
 90
0
176
1
 62
18
420
0
176
1
 90
50
176
1
 90
3
176
1
 62
5
420
255
176
1
290
0
176
1
 90
50
176
1
 90
50
176
1
 90
50
176
1
290
0
176
1
 90
50
176
1
 62
256
176
0
 40
1.0
176
0
 90
2
176
1
  1
strokes_ogs.tif
176
1
290
0
176
1
 40
1.0
176
1
 40
1.0
176
1
  0
VISUALSTYLE
  5
6F
102
{ACAD_REACTORS
330
16
102
}
330
16
100
AcDbVisualStyle
  2
Sketchy
 70
24
177
3
291
0
 70
58
 90
2
176
1
 90
2
176
1
 90
0
176
1
 90
1
176
1
 40
0.6
176
1
 40
30.0
176
1
 62
7
420
16777215
176
1
 90
1
176
1
 90
4
176
1
 62
7
176
1
 62
257
176
1
 90
1
176
1
 90
1
176
1
 40
1.0
176
1
 90
8
176
1
 62
7
176
1
 40
1.0
176
1
 90
1
176
1
 90
6
176
1
 90
2
176
1
 62
7
176
1
 90
5
176
1
 90
0
176
1
 90
0
176
1
290
0
176
1
 90
1
176
1
 40
0.0
176
1
 90
0
176
1
290
0
176
1
290
1
176
1
290
1
176
1
290
0
176
1
290
0
176
1
290
0
176
1
290
0
176
1
290
0
176
1
290
0
176
1
 90
50
176
1
 40
0.0
176
1
 40
1.0
176
1
 90
0
176
1
 62
18
420
0
176
1
 90
50
176
1
 90
3
176
1
 62
5
420
255
176
1
290
0
176
1
 90
50
176
1
 90
50
176
1
 90
50
176
1
290
0
176
1
 90
50
176
1
 62
256
176
0
 40
1.0
176
0
 90
2
176
1
  1
strokes_ogs.tif
176
1
290
0
176
1
 40
1.0
176
1
 40
1.0
176
1
  0
VISUALSTYLE
  5
70
102
{ACAD_REACTORS
330
16
102
}
330
16
100
AcDbVisualStyle
  2
Thicken
 70
13
177
3
291
1
 70
58
 90
2
176
1
 90
2
176
1
 90
0
176
1
 90
2
176
1
 40
0.6
176
1
 40
30.0
176
1
 62
7
420
16777215
176
1
 90
1
176
1
 90
4
176
1
 62
7
176
1
 62
257
176
1
 90
1
176
1
 90
1
176
1
 40
1.0
176
1
 90
8
176
1
 62
7
176
1
 40
1.0
176
1
 90
1
176
1
 90
6
176
1
 90
2
176
1
 62
7
176
1
 90
5
176
1
 90
0
176
1
 90
0
176
1
290
0
176
1
 90
1
176
1
 40
0.0
176
1
 90
0
176
1
290
0
176
1
290
1
176
1
290
1
176
1
290
0
176
1
290
0
176
1
290
0
176
1
290
0
176
1
290
0
176
1
290
0
176
1
 90
50
176
1
 40
0.0
176
1
 40
1.0
176
1
 90
0
176
1
 62
18
420
0
176
1
 90
50
176
1
 90
3
176
1
 62
5
420
255
176
1
290
0
176
1
 90
50
176
1
 90
50
176
1
 90
50
176
1
290
0
176
1
 90
50
176
1
 62
256
176
0
 40
1.0
176
0
 90
2
176
1
  1
strokes_ogs.tif
176
1
290
0
176
1
 40
1.0
176
1
 40
1.0
176
1
  0
VISUALSTYLE
  5
71
102
{ACAD_REACTORS
330
16
102
}
330
16
100
AcDbVisualStyle
  2
Wireframe
 70
5
177
3
291
0
 70
58
 90
2
176
1
 90
2
176
1
 90
0
176
1
 90
0
176
1
 40
0.6
176
1
 40
30.0
176
1
 62
7
420
16777215
176
1
 90
1
176
1
 90
4
176
1
 62
7
176
1
 62
257
176
1
 90
1
176
1
 90
1
176
1
 40
1.0
176
1
 90
8
176
1
 62
7
176
1
 40
1.0
176
1
 90
1
176
1
 90
6
176
1
 90
2
176
1
 62
7
176
1
 90
5
176
1
 90
0
176
1
 90
0
176
1
290
0
176
1
 90
1
176
1
 40
0.0
176
1
 90
0
176
1
290
0
176
1
290
1
176
1
290
1
176
1
290
0
176
1
290
0
176
1
290
0
176
1
290
0
176
1
290
0
176
1
290
0
176
1
 90
50
176
1
 40
0.0
176
1
 40
1.0
176
1
 90
0
176
1
 62
18
420
0
176
1
 90
50
176
1
 90
3
176
1
 62
5
420
255
176
1
290
0
176
1
 90
50
176
1
 90
50
176
1
 90
50
176
1
290
0
176
1
 90
50
176
1
 62
256
176
0
 40
1.0
176
0
 90
2
176
1
  1
strokes_ogs.tif
176
1
290
0
176
1
 40
1.0
176
1
 40
1.0
176
1
  0
VISUALSTYLE
  5
72
102
{ACAD_REACTORS
330
16
102
}
330
16
100
AcDbVisualStyle
  2
X-Ray
 70
25
177
3
291
0
 70
58
 90
2
176
1
 90
2
176
1
 90
0
176
1
 90
2
176
1
 40
0.5
176
1
 40
30.0
176
1
 62
7
420
16777215
176
1
 90
1
176
1
 90
4
176
1
 62
7
176
1
 62
257
176
1
 90
1
176
1
 90
1
176
1
 40
1.0
176
1
 90
8
176
1
 62
7
176
1
 40
1.0
176
1
 90
1
176
1
 90
6
176
1
 90
2
176
1
 62
7
176
1
 90
5
176
1
 90
0
176
1
 90
0
176
1
290
0
176
1
 90
1
176
1
 40
0.0
176
1
 90
0
176
1
290
0
176
1
290
1
176
1
290
1
176
1
290
0
176
1
290
0
176
1
290
0
176
1
290
0
176
1
290
0
176
1
290
0
176
1
 90
50
176
1
 40
0.0
176
1
 40
1.0
176
1
 90
0
176
1
 62
18
420
0
176
1
 90
50
176
1
 90
3
176
1
 62
5
420
255
176
1
290
0
176
1
 90
50
176
1
 90
50
176
1
 90
50
176
1
290
0
176
1
 90
50
176
1
 62
256
176
0
 40
1.0
176
0
 90
2
176
1
  1
strokes_ogs.tif
176
1
290
0
176
1
 40
1.0
176
1
 40
1.0
176
1
  0
LAYOUT
  5
D2A
330
D
100
AcDbPlotSettings
  1

  2
DWG to PDF.pc3
  4
ezdxf_(841.00_x_594.00_MM)
  6

 40
0.0
 41
0.0
 42
0.0
 43
0.0
 44
841.0
 45
594.0
 46
0.0
 47
0.0
 48
0.0
 49
0.0
140
0.0
141
0.0
142
1.0
143
1.0
 70
672
 72
1
 73
0
 74
5
  7

 75
16
 76
0
 77
2
 78
300
147
1.0
148
0.0
149
0.0
100
AcDbLayout
  1
E-07
 70
1
 71
3
 10
-0.0
 20
-0.0
 11
841.0
 21
594.0
 12
0.0
 22
0.0
 32
0.0
 14
1e+20
 24
1e+20
 34
1e+20
 15
-1e+20
 25
-1e+20
 35
-1e+20
146
0.0
 13
0.0
 23
0.0
 33
0.0
 16
1.0
 26
0.0
 36
0.0
 17
0.0
 27
1.0
 37
0.0
 76
1
330
D27
331
D2B
  0
DICTIONARYVAR
  5
E77
330
2D
100
DictionaryVariables
280
0
  1
1.4.4 @ 2026-09-28T01:32:04.738567+00:00
  0
ENDSEC
  0
EOF
