  0
SECTION
  2
HEADER
  9
$ACADVER
  1
AC1032
  9
$ACADMAINTVER
 90
4
  9
$DWGCODEPAGE
  3
ANSI_1252
  9
$LASTSAVEDBY
  1
ezdxf
  9
$REQUIREDVERSIONS
160
0
  9
$INSBASE
 10
0.0
 20
0.0
 30
0.0
  9
$EXTMIN
 10
1e+20
 20
1e+20
 30
1e+20
  9
$EXTMAX
 10
-1e+20
 20
-1e+20
 30
-1e+20
  9
$LIMMIN
 10
0.0
 20
0.0
  9
$LIMMAX
 10
420.0
 20
297.0
  9
$ORTHOMODE
 70
0
  9
$REGENMODE
 70
1
  9
$FILLMODE
 70
1
  9
$QTEXTMODE
 70
0
  9
$MIRRTEXT
 70
1
  9
$LTSCALE
 40
1.0
  9
$ATTMODE
 70
1
  9
$TEXTSIZE
 40
2.5
  9
$TRACEWID
 40
1.0
  9
$TEXTSTYLE
  7
OpenSans
  9
$CLAYER
  8
0
  9
$CELTYPE
  6
ByLayer
  9
$CECOLOR
 62
256
  9
$CELTSCALE
 40
1.0
  9
$DISPSILH
 70
0
  9
$DIMSCALE
 40
1.0
  9
$DIMASZ
 40
0.175
  9
$DIMEXO
 40
0.125
  9
$DIMDLI
 40
3.75
  9
$DIMRND
 40
0.0
  9
$DIMDLE
 40
0.0
  9
$DIMEXE
 40
0.375
  9
$DIMTP
 40
0.0
  9
$DIMTM
 40
0.0
  9
$DIMTXT
 40
0.25
  9
$DIMCEN
 40
2.5
  9
$DIMTSZ
 40
0.0
  9
$DIMTOL
 70
0
  9
$DIMLIM
 70
0
  9
$DIMTIH
 70
0
  9
$DIMTOH
 70
0
  9
$DIMSE1
 70
0
  9
$DIMSE2
 70
0
  9
$DIMTAD
 70
1
  9
$DIMZIN
 70
12
  9
$DIMBLK
  1
ARCHTICK
  9
$DIMASO
 70
1
  9
$DIMSHO
 70
1
  9
$DIMPOST
  1

  9
$DIMAPOST
  1

  9
$DIMALT
 70
0
  9
$DIMALTD
 70
3
  9
$DIMALTF
 40
0.03937007874
  9
$DIMLFAC
 40
100.0
  9
$DIMTOFL
 70
1
  9
$DIMTVP
 40
0.0
  9
$DIMTIX
 70
0
  9
$DIMSOXD
 70
0
  9
$DIMSAH
 70
0
  9
$DIMBLK1
  1

  9
$DIMBLK2
  1

  9
$DIMSTYLE
  2
EZDXF
  9
$DIMCLRD
 70
0
  9
$DIMCLRE
 70
0
  9
$DIMCLRT
 70
0
  9
$DIMTFAC
 40
0.5
  9
$DIMGAP
 40
0.1
  9
$DIMJUST
 70
0
  9
$DIMSD1
 70
0
  9
$DIMSD2
 70
0
  9
$DIMTOLJ
 70
0
  9
$DIMTZIN
 70
8
  9
$DIMALTZ
 70
0
  9
$DIMALTTZ
 70
0
  9
$DIMUPT
 70
1
  9
$DIMDEC
 70
2
  9
$DIMTDEC
 70
2
  9
$DIMALTU
 70
2
  9
$DIMALTTD
 70
3
  9
$DIMTXSTY
  7
OpenSansCondensed-Light
  9
$DIMAUNIT
 70
0
  9
$DIMADEC
 70
2
  9
$DIMALTRND
 40
0.0
  9
$DIMAZIN
 70
3
  9
$DIMDSEP
 70
46
  9
$DIMATFIT
 70
3
  9
$DIMFRAC
 70
0
  9
$DIMLDRBLK
  1

  9
$DIMLUNIT
 70
2
  9
$DIMLWD
 70
-2
  9
$DIMLWE
 70
-2
  9
$DIMTMOVE
 70
2
  9
$DIMFXL
 40
1.0
  9
$DIMFXLON
 70
0
  9
$DIMJOGANG
 40
0.785398163397
  9
$DIMTFILL
 70
0
  9
$DIMTFILLCLR
 70
0
  9
$DIMARCSYM
 70
0
  9
$DIMLTYPE
  6

  9
$DIMLTEX1
  6

  9
$DIMLTEX2
  6

  9
$DIMTXTDIRECTION
 70
0
  9
$LUNITS
 70
2
  9
$LUPREC
 70
3
  9
$SKETCHINC
 40
1.0
  9
$FILLETRAD
 40
10.0
  9
$AUNITS
 70
0
  9
$AUPREC
 70
2
  9
$MENU
  1
.
  9
$ELEVATION
 40
0.0
  9
$PELEVATION
 40
0.0
  9
$THICKNESS
 40
0.0
  9
$LIMCHECK
 70
0
  9
$CHAMFERA
 40
0.0
  9
$CHAMFERB
 40
0.0
  9
$CHAMFERC
 40
0.0
  9
$CHAMFERD
 40
0.0
  9
$SKPOLY
 70
0
  9
$TDCREATE
 40
2461312.078483796
  9
$TDUCREATE
 40
2458532.153996898
  9
$TDUPDATE
 40
2461312.07849537
  9
$TDUUPDATE
 40
2458532.1544311
  9
$TDINDWG
 40
0.0
  9
$TDUSRTIMER
 40
0.0
  9
$USRTIMER
 70
1
  9
$ANGBASE
 50
0.0
  9
$ANGDIR
 70
0
  9
$PDMODE
 70
0
  9
$PDSIZE
 40
0.0
  9
$PLINEWID
 40
0.0
  9
$SPLFRAME
 70
0
  9
$SPLINETYPE
 70
6
  9
$SPLINESEGS
 70
8
  9
$HANDSEED
  5
AEF
  9
$SURFTAB1
 70
6
  9
$SURFTAB2
 70
6
  9
$SURFTYPE
 70
6
  9
$SURFU
 70
6
  9
$SURFV
 70
6
  9
$UCSBASE
  2

  9
$UCSNAME
  2

  9
$UCSORG
 10
0.0
 20
0.0
 30
0.0
  9
$UCSXDIR
 10
1.0
 20
0.0
 30
0.0
  9
$UCSYDIR
 10
0.0
 20
1.0
 30
0.0
  9
$UCSORTHOREF
  2

  9
$UCSORTHOVIEW
 70
0
  9
$UCSORGTOP
 10
0.0
 20
0.0
 30
0.0
  9
$UCSORGBOTTOM
 10
0.0
 20
0.0
 30
0.0
  9
$UCSORGLEFT
 10
0.0
 20
0.0
 30
0.0
  9
$UCSORGRIGHT
 10
0.0
 20
0.0
 30
0.0
  9
$UCSORGFRONT
 10
0.0
 20
0.0
 30
0.0
  9
$UCSORGBACK
 10
0.0
 20
0.0
 30
0.0
  9
$PUCSBASE
  2

  9
$PUCSNAME
  2

  9
$PUCSORG
 10
0.0
 20
0.0
 30
0.0
  9
$PUCSXDIR
 10
1.0
 20
0.0
 30
0.0
  9
$PUCSYDIR
 10
0.0
 20
1.0
 30
0.0
  9
$PUCSORTHOREF
  2

  9
$PUCSORTHOVIEW
 70
0
  9
$PUCSORGTOP
 10
0.0
 20
0.0
 30
0.0
  9
$PUCSORGBOTTOM
 10
0.0
 20
0.0
 30
0.0
  9
$PUCSORGLEFT
 10
0.0
 20
0.0
 30
0.0
  9
$PUCSORGRIGHT
 10
0.0
 20
0.0
 30
0.0
  9
$PUCSORGFRONT
 10
0.0
 20
0.0
 30
0.0
  9
$PUCSORGBACK
 10
0.0
 20
0.0
 30
0.0
  9
$USERI1
 70
0
  9
$USERI2
 70
0
  9
$USERI3
 70
0
  9
$USERI4
 70
0
  9
$USERI5
 70
0
  9
$USERR1
 40
0.0
  9
$USERR2
 40
0.0
  9
$USERR3
 40
0.0
  9
$USERR4
 40
0.0
  9
$USERR5
 40
0.0
  9
$WORLDVIEW
 70
1
  9
$SHADEDGE
 70
3
  9
$SHADEDIF
 70
70
  9
$TILEMODE
 70
1
  9
$MAXACTVP
 70
64
  9
$PINSBASE
 10
0.0
 20
0.0
 30
0.0
  9
$PLIMCHECK
 70
0
  9
$PEXTMIN
 10
1e+20
 20
1e+20
 30
1e+20
  9
$PEXTMAX
 10
-1e+20
 20
-1e+20
 30
-1e+20
  9
$PLIMMIN
 10
0.0
 20
0.0
  9
$PLIMMAX
 10
420.0
 20
297.0
  9
$UNITMODE
 70
0
  9
$VISRETAIN
 70
1
  9
$PLINEGEN
 70
0
  9
$PSLTSCALE
 70
0
  9
$TREEDEPTH
 70
3020
  9
$CMLSTYLE
  2
Standard
  9
$CMLJUST
 70
0
  9
$CMLSCALE
 40
20.0
  9
$PROXYGRAPHICS
 70
1
  9
$MEASUREMENT
 70
1
  9
$CELWEIGHT
370
-1
  9
$ENDCAPS
280
0
  9
$JOINSTYLE
280
0
  9
$LWDISPLAY
290
0
  9
$INSUNITS
 70
6
  9
$HYPERLINKBASE
  1

  9
$STYLESHEET
  1

  9
$XEDIT
290
1
  9
$CEPSNTYPE
380
0
  9
$PSTYLEMODE
290
1
  9
$FINGERPRINTGUID
  2
{1958D6DF-7F25-4D04-A754-CD034338C416}
  9
$VERSIONGUID
  2
{6B6E2E9C-353B-4E23-BDBD-6B7A9D11B6CF}
  9
$EXTNAMES
290
1
  9
$PSVPSCALE
 40
0.0
  9
$OLESTARTUP
290
0
  9
$SORTENTS
280
127
  9
$INDEXCTL
280
0
  9
$HIDETEXT
280
1
  9
$XCLIPFRAME
280
1
  9
$HALOGAP
280
0
  9
$OBSCOLOR
 70
257
  9
$OBSLTYPE
280
0
  9
$INTERSECTIONDISPLAY
280
0
  9
$INTERSECTIONCOLOR
 70
257
  9
$DIMASSOC
280
2
  9
$PROJECTNAME
  1

  9
$CAMERADISPLAY
290
0
  9
$LENSLENGTH
 40
50.0
  9
$CAMERAHEIGHT
 40
0.0
  9
$STEPSPERSEC
 40
24.0
  9
$STEPSIZE
 40
100.0
  9
$3DDWFPREC
 40
2.0
  9
$PSOLWIDTH
 40
0.005
  9
$PSOLHEIGHT
 40
0.08
  9
$LOFTANG1
 40
1.570796326795
  9
$LOFTANG2
 40
1.570796326795
  9
$LOFTMAG1
 40
0.0
  9
$LOFTMAG2
 40
0.0
  9
$LOFTPARAM
 70
7
  9
$LOFTNORMALS
280
1
  9
$LATITUDE
 40
37.795
  9
$LONGITUDE
 40
-122.394
  9
$NORTHDIRECTION
 40
0.0
  9
$TIMEZONE
 70
-8000
  9
$LIGHTGLYPHDISPLAY
280
1
  9
$TILEMODELIGHTSYNCH
280
1
  9
$CMATERIAL
347
20
  9
$SOLIDHIST
280
0
  9
$SHOWHIST
280
1
  9
$DWFFRAME
280
2
  9
$DGNFRAME
280
2
  9
$REALWORLDSCALE
290
1
  9
$INTERFERECOLOR
 62
256
  9
$CSHADOW
280
0
  9
$SHADOWPLANELOCATION
 40
0.0
  0
ENDSEC
  0
SECTION
  2
CLASSES
  0
CLASS
  1
ACDBDICTIONARYWDFLT
  2
AcDbDictionaryWithDefault
  3
ObjectDBX Classes
 90
0
 91
0
280
0
281
0
  0
CLASS
  1
SUN
  2
AcDbSun
  3
SCENEOE
 90
1153
 91
0
280
0
281
0
  0
CLASS
  1
VISUALSTYLE
  2
AcDbVisualStyle
  3
ObjectDBX Classes
 90
4095
 91
0
280
0
281
0
  0
CLASS
  1
MATERIAL
  2
AcDbMaterial
  3
ObjectDBX Classes
 90
1153
 91
0
280
0
281
0
  0
CLASS
  1
SCALE
  2
AcDbScale
  3
ObjectDBX Classes
 90
1153
 91
0
280
0
281
0
  0
CLASS
  1
TABLESTYLE
  2
AcDbTableStyle
  3
ObjectDBX Classes
 90
4095
 91
0
280
0
281
0
  0
CLASS
  1
MLEADERSTYLE
  2
AcDbMLeaderStyle
  3
ACDB_MLEADERSTYLE_CLASS
 90
4095
 91
0
280
0
281
0
  0
CLASS
  1
DICTIONARYVAR
  2
AcDbDictionaryVar
  3
ObjectDBX Classes
 90
0
 91
0
280
0
281
0
  0
CLASS
  1
CELLSTYLEMAP
  2
AcDbCellStyleMap
  3
ObjectDBX Classes
 90
1152
 91
0
280
0
281
0
  0
CLASS
  1
MENTALRAYRENDERSETTINGS
  2
AcDbMentalRayRenderSettings
  3
SCENEOE
 90
1024
 91
0
280
0
281
0
  0
CLASS
  1
ACDBDETAILVIEWSTYLE
  2
AcDbDetailViewStyle
  3
ObjectDBX Classes
 90
1025
 91
0
280
0
281
0
  0
CLASS
  1
ACDBSECTIONVIEWSTYLE
  2
AcDbSectionViewStyle
  3
ObjectDBX Classes
 90
1025
 91
0
280
0
281
0
  0
CLASS
  1
RASTERVARIABLES
  2
AcDbRasterVariables
  3
ISM
 90
0
 91
0
280
0
281
0
  0
CLASS
  1
LAYOUT
  2
AcDbLayout
  3
ObjectDBX Classes
 90
0
 91
0
280
0
281
0
  0
CLASS
  1
ACDBPLACEHOLDER
  2
AcDbPlaceHolder
  3
ObjectDBX Classes
 90
0
 91
0
280
0
281
0
  0
ENDSEC
  0
SECTION
  2
TABLES
  0
TABLE
  2
VPORT
  5
8
330
0
100
AcDbSymbolTable
 70
1
  0
VPORT
  5
AEB
330
8
100
AcDbSymbolTableRecord
100
AcDbViewportTableRecord
  2
*Active
 70
0
 10
0.0
 20
0.0
 11
1.0
 21
1.0
 12
5.0
 22
5.0
 13
0.0
 23
0.0
 14
0.5
 24
0.5
 15
0.5
 25
0.5
 16
0.0
 26
0.0
 36
1.0
 17
0.0
 27
0.0
 37
0.0
 40
20.0
 41
1.34
 42
50.0
 43
0.0
 44
0.0
 50
0.0
 51
0.0
 71
0
 72
1000
 73
1
 74
3
 75
0
 76
0
 77
0
 78
0
281
0
 65
1
110
0.0
120
0.0
130
0.0
111
1.0
121
0.0
131
0.0
112
0.0
122
1.0
132
0.0
 79
0
146
0.0
  0
ENDTAB
  0
TABLE
  2
LTYPE
  5
2
330
0
100
AcDbSymbolTable
 70
27
  0
LTYPE
  5
24
330
2
100
AcDbSymbolTableRecord
100
AcDbLinetypeTableRecord
  2
ByBlock
 70
0
  3

 72
65
 73
0
 40
0.0
  0
LTYPE
  5
25
330
2
100
AcDbSymbolTableRecord
100
AcDbLinetypeTableRecord
  2
ByLayer
 70
0
  3

 72
65
 73
0
 40
0.0
  0
LTYPE
  5
26
330
2
100
AcDbSymbolTableRecord
100
AcDbLinetypeTableRecord
  2
Continuous
 70
0
  3

 72
65
 73
0
 40
0.0
  0
LTYPE
  5
2F
330
2
100
AcDbSymbolTableRecord
100
AcDbLinetypeTableRecord
  2
CENTER
 70
0
  3
Center ____ _ ____ _ ____ _ ____ _ ____ _ ____
 72
65
 73
4
 40
5.08
 49
3.175
 74
0
 49
-0.635
 74
0
 49
0.635
 74
0
 49
-0.635
 74
0
  0
LTYPE
  5
30
330
2
100
AcDbSymbolTableRecord
100
AcDbLinetypeTableRecord
  2
CENTERX2
 70
0
  3
Center (2x) ________  __  ________  __  ________
 72
65
 73
4
 40
8.89
 49
6.35
 74
0
 49
-0.635
 74
0
 49
1.27
 74
0
 49
-0.635
 74
0
  0
LTYPE
  5
31
330
2
100
AcDbSymbolTableRecord
100
AcDbLinetypeTableRecord
  2
CENTER2
 70
0
  3
Center (.5x) ____ _ ____ _ ____ _ ____ _ ____
 72
65
 73
4
 40
2.54
 49
1.587
 74
0
 49
-0.318
 74
0
 49
0.318
 74
0
 49
-0.318
 74
0
  0
LTYPE
  5
32
330
2
100
AcDbSymbolTableRecord
100
AcDbLinetypeTableRecord
  2
DASHED
 70
0
  3
Dashed __ __ __ __ __ __ __ __ __ __ __ __ __ _
 72
65
 73
2
 40
1.524
 49
1.27
 74
0
 49
-0.254
 74
0
  0
LTYPE
  5
33
330
2
100
AcDbSymbolTableRecord
100
AcDbLinetypeTableRecord
  2
DASHEDX2
 70
0
  3
Dashed (2x) ____  ____  ____  ____  ____  ____
 72
65
 73
2
 40
3.048
 49
2.54
 74
0
 49
-0.508
 74
0
  0
LTYPE
  5
34
330
2
100
AcDbSymbolTableRecord
100
AcDbLinetypeTableRecord
  2
DASHED2
 70
0
  3
Dashed (.5x) _ _ _ _ _ _ _ _ _ _ _ _ _ _
 72
65
 73
2
 40
0.762
 49
0.635
 74
0
 49
-0.127
 74
0
  0
LTYPE
  5
35
330
2
100
AcDbSymbolTableRecord
100
AcDbLinetypeTableRecord
  2
PHANTOM
 70
0
  3
Phantom ______  __  __  ______  __  __  ______
 72
65
 73
6
 40
6.35
 49
3.175
 74
0
 49
-0.635
 74
0
 49
0.635
 74
0
 49
-0.635
 74
0
 49
0.635
 74
0
 49
-0.635
 74
0
  0
LTYPE
  5
36
330
2
100
AcDbSymbolTableRecord
100
AcDbLinetypeTableRecord
  2
PHANTOMX2
 70
0
  3
Phantom (2x)____________    ____    ____    ____________
 72
65
 73
6
 40
10.795
 49
6.35
 74
0
 49
-0.635
 74
0
 49
1.27
 74
0
 49
-0.635
 74
0
 49
1.27
 74
0
 49
-0.635
 74
0
  0
LTYPE
  5
37
330
2
100
AcDbSymbolTableRecord
100
AcDbLinetypeTableRecord
  2
PHANTOM2
 70
0
  3
Phantom (.5x) ___ _ _ ___ _ _ ___ _ _ ___ _ _ ___
 72
65
 73
6
 40
3.175
 49
1.587
 74
0
 49
-0.318
 74
0
 49
0.318
 74
0
 49
-0.318
 74
0
 49
0.318
 74
0
 49
-0.318
 74
0
  0
LTYPE
  5
38
330
2
100
AcDbSymbolTableRecord
100
AcDbLinetypeTableRecord
  2
DASHDOT
 70
0
  3
Dash dot __ . __ . __ . __ . __ . __ . __ . __
 72
65
 73
4
 40
3.556
 49
2.54
 74
0
 49
-0.508
 74
0
 49
0.0
 74
0
 49
-0.508
 74
0
  0
LTYPE
  5
39
330
2
100
AcDbSymbolTableRecord
100
AcDbLinetypeTableRecord
  2
DASHDOTX2
 70
0
  3
Dash dot (2x) ____  .  ____  .  ____  .  ____
 72
65
 73
4
 40
6.096
 49
5.08
 74
0
 49
-0.508
 74
0
 49
0.0
 74
0
 49
-0.508
 74
0
  0
LTYPE
  5
3A
330
2
100
AcDbSymbolTableRecord
100
AcDbLinetypeTableRecord
  2
DASHDOT2
 70
0
  3
Dash dot (.5x) _ . _ . _ . _ . _ . _ . _ . _
 72
65
 73
4
 40
1.778
 49
1.27
 74
0
 49
-0.254
 74
0
 49
0.0
 74
0
 49
-0.254
 74
0
  0
LTYPE
  5
3B
330
2
100
AcDbSymbolTableRecord
100
AcDbLinetypeTableRecord
  2
DOT
 70
0
  3
Dot .  .  .  .  .  .  .  .  .  .  .  .  .  .  .  .
 72
65
 73
2
 40
0.508
 49
0.0
 74
0
 49
-0.508
 74
0
  0
LTYPE
  5
3C
330
2
100
AcDbSymbolTableRecord
100
AcDbLinetypeTableRecord
  2
DOTX2
 70
0
  3
Dot (2x) .    .    .    .    .    .    .    . 
 72
65
 73
2
 40
1.016
 49
0.0
 74
0
 49
-1.016
 74
0
  0
LTYPE
  5
3D
330
2
100
AcDbSymbolTableRecord
100
AcDbLinetypeTableRecord
  2
DOT2
 70
0
  3
Dot (.5) . . . . . . . . . . . . . . . . . . . 
 72
65
 73
2
 40
0.254
 49
0.0
 74
0
 49
-0.254
 74
0
  0
LTYPE
  5
3E
330
2
100
AcDbSymbolTableRecord
100
AcDbLinetypeTableRecord
  2
DIVIDE
 70
0
  3
Divide __ . . __ . . __ . . __ . . __ . . __
 72
65
 73
6
 40
4.064
 49
2.54
 74
0
 49
-0.508
 74
0
 49
0.0
 74
0
 49
-0.508
 74
0
 49
0.0
 74
0
 49
-0.508
 74
0
  0
LTYPE
  5
3F
330
2
100
AcDbSymbolTableRecord
100
AcDbLinetypeTableRecord
  2
DIVIDEX2
 70
0
  3
Divide (2x) ____  . .  ____  . .  ____  . .  ____
 72
65
 73
6
 40
6.604
 49
5.08
 74
0
 49
-0.508
 74
0
 49
0.0
 74
0
 49
-0.508
 74
0
 49
0.0
 74
0
 49
-0.508
 74
0
  0
LTYPE
  5
40
330
2
100
AcDbSymbolTableRecord
100
AcDbLinetypeTableRecord
  2
DIVIDE2
 70
0
  3
Divide(.5x) _ . _ . _ . _ . _ . _ . _ . _
 72
65
 73
6
 40
2.032
 49
1.27
 74
0
 49
-0.254
 74
0
 49
0.0
 74
0
 49
-0.254
 74
0
 49
0.0
 74
0
 49
-0.254
 74
0
  0
LTYPE
  5
A4
330
2
100
AcDbSymbolTableRecord
100
AcDbLinetypeTableRecord
  2
EJE25
 70
0
  3
EJE25
 72
65
 73
4
 40
0.43750000000000006
 49
0.30000000000000004
 74
0
 49
-0.05
 74
0
 49
0.037500000000000006
 74
0
 49
-0.05
 74
0
  0
LTYPE
  5
A5
330
2
100
AcDbSymbolTableRecord
100
AcDbLinetypeTableRecord
  2
OCULTA25
 70
0
  3
OCULTA25
 72
65
 73
2
 40
0.11250000000000002
 49
0.07500000000000001
 74
0
 49
-0.037500000000000006
 74
0
  0
LTYPE
  5
A6
330
2
100
AcDbSymbolTableRecord
100
AcDbLinetypeTableRecord
  2
LIMITE25
 70
0
  3
LIMITE25
 72
65
 73
6
 40
0.6000000000000001
 49
0.375
 74
0
 49
-0.05
 74
0
 49
0.037500000000000006
 74
0
 49
-0.05
 74
0
 49
0.037500000000000006
 74
0
 49
-0.05
 74
0
  0
LTYPE
  5
742
330
2
100
AcDbSymbolTableRecord
100
AcDbLinetypeTableRecord
  2
EJE20
 70
0
  3
EJE20
 72
65
 73
4
 40
0.3499999999999999
 49
0.24
 74
0
 49
-0.04
 74
0
 49
0.03
 74
0
 49
-0.04
 74
0
  0
LTYPE
  5
743
330
2
100
AcDbSymbolTableRecord
100
AcDbLinetypeTableRecord
  2
OCULTA20
 70
0
  3
OCULTA20
 72
65
 73
2
 40
0.09
 49
0.06
 74
0
 49
-0.03
 74
0
  0
LTYPE
  5
744
330
2
100
AcDbSymbolTableRecord
100
AcDbLinetypeTableRecord
  2
LIMITE20
 70
0
  3
LIMITE20
 72
65
 73
6
 40
0.4799999999999999
 49
0.3
 74
0
 49
-0.04
 74
0
 49
0.03
 74
0
 49
-0.04
 74
0
 49
0.03
 74
0
 49
-0.04
 74
0
  0
ENDTAB
  0
TABLE
  2
LAYER
  5
1
330
0
100
AcDbSymbolTable
 70
27
  0
LAYER
  5
27
330
1
100
AcDbSymbolTableRecord
100
AcDbLayerTableRecord
  2
0
 70
0
 62
7
  6
Continuous
370
-3
390
13
347
21
  0
LAYER
  5
28
330
1
100
AcDbSymbolTableRecord
100
AcDbLayerTableRecord
  2
Defpoints
 70
0
 62
7
  6
Continuous
290
0
370
-3
390
13
347
21
  0
LAYER
  5
8B
330
1
100
AcDbSymbolTableRecord
100
AcDbLayerTableRecord
  2
E-EJES
 70
0
 62
1
  6
Continuous
370
18
390
13
347
21
  0
LAYER
  5
8C
330
1
100
AcDbSymbolTableRecord
100
AcDbLayerTableRecord
  2
E-EJES-ID
 70
0
 62
7
  6
Continuous
370
25
390
13
347
21
  0
LAYER
  5
8D
330
1
100
AcDbSymbolTableRecord
100
AcDbLayerTableRecord
  2
E-ZAPATA
 70
0
 62
7
  6
Continuous
370
40
390
13
347
21
  0
LAYER
  5
8E
330
1
100
AcDbSymbolTableRecord
100
AcDbLayerTableRecord
  2
E-COLUMNA
 70
0
 62
7
  6
Continuous
370
50
390
13
347
21
  0
LAYER
  5
8F
330
1
100
AcDbSymbolTableRecord
100
AcDbLayerTableRecord
  2
E-COLUMNA-ACH
 70
0
 62
252
  6
Continuous
370
0
390
13
347
21
  0
LAYER
  5
90
330
1
100
AcDbSymbolTableRecord
100
AcDbLayerTableRecord
  2
E-VIGA
 70
0
 62
7
  6
Continuous
370
30
390
13
347
21
  0
LAYER
  5
91
330
1
100
AcDbSymbolTableRecord
100
AcDbLayerTableRecord
  2
E-OCULTO
 70
0
 62
8
  6
Continuous
370
18
390
13
347
21
  0
LAYER
  5
92
330
1
100
AcDbSymbolTableRecord
100
AcDbLayerTableRecord
  2
E-CORTE
 70
0
 62
7
  6
Continuous
370
50
390
13
347
21
  0
LAYER
  5
93
330
1
100
AcDbSymbolTableRecord
100
AcDbLayerTableRecord
  2
E-CORTE-ACH
 70
0
 62
254
  6
Continuous
370
0
390
13
347
21
  0
LAYER
  5
94
330
1
100
AcDbSymbolTableRecord
100
AcDbLayerTableRecord
  2
E-PROYECCION
 70
0
 62
8
  6
Continuous
370
18
390
13
347
21
  0
LAYER
  5
95
330
1
100
AcDbSymbolTableRecord
100
AcDbLayerTableRecord
  2
E-ACERO
 70
0
 62
1
  6
Continuous
370
35
390
13
347
21
  0
LAYER
  5
96
330
1
100
AcDbSymbolTableRecord
100
AcDbLayerTableRecord
  2
E-ACERO-TXT
 70
0
 62
7
  6
Continuous
370
18
390
13
347
21
  0
LAYER
  5
97
330
1
100
AcDbSymbolTableRecord
100
AcDbLayerTableRecord
  2
E-COTA
 70
0
 62
7
  6
Continuous
370
13
390
13
347
21
  0
LAYER
  5
98
330
1
100
AcDbSymbolTableRecord
100
AcDbLayerTableRecord
  2
E-TEXTO
 70
0
 62
7
  6
Continuous
370
18
390
13
347
21
  0
LAYER
  5
99
330
1
100
AcDbSymbolTableRecord
100
AcDbLayerTableRecord
  2
E-TITULO
 70
0
 62
7
  6
Continuous
370
35
390
13
347
21
  0
LAYER
  5
9A
330
1
100
AcDbSymbolTableRecord
100
AcDbLayerTableRecord
  2
E-NIVEL
 70
0
 62
7
  6
Continuous
370
18
390
13
347
21
  0
LAYER
  5
9B
330
1
100
AcDbSymbolTableRecord
100
AcDbLayerTableRecord
  2
E-LIMITE
 70
0
 62
94
  6
Continuous
370
25
390
13
347
21
  0
LAYER
  5
9C
330
1
100
AcDbSymbolTableRecord
100
AcDbLayerTableRecord
  2
E-TERRENO
 70
0
 62
8
  6
Continuous
370
13
390
13
347
21
  0
LAYER
  5
9D
330
1
100
AcDbSymbolTableRecord
100
AcDbLayerTableRecord
  2
E-SECCION
 70
0
 62
7
  6
Continuous
370
35
390
13
347
21
  0
LAYER
  5
9E
330
1
100
AcDbSymbolTableRecord
100
AcDbLayerTableRecord
  2
E-TABLA
 70
0
 62
7
  6
Continuous
370
18
390
13
347
21
  0
LAYER
  5
9F
330
1
100
AcDbSymbolTableRecord
100
AcDbLayerTableRecord
  2
E-MARCO
 70
0
 62
7
  6
Continuous
370
50
390
13
347
21
  0
LAYER
  5
A0
330
1
100
AcDbSymbolTableRecord
100
AcDbLayerTableRecord
  2
E-VPORT
 70
0
 62
7
  6
Continuous
290
0
370
13
390
13
347
21
  0
LAYER
  5
A1
330
1
100
AcDbSymbolTableRecord
100
AcDbLayerTableRecord
  2
E-HOJA
 70
0
 62
7
  6
Continuous
370
0
390
13
347
21
  0
LAYER
  5
A2
330
1
100
AcDbSymbolTableRecord
100
AcDbLayerTableRecord
  2
E-ESC-NUM
 70
0
 62
7
  6
Continuous
370
-3
390
13
347
21
  0
LAYER
  5
A3
330
1
100
AcDbSymbolTableRecord
100
AcDbLayerTableRecord
  2
E-ESC-FLECHA
 70
0
 62
7
  6
Continuous
370
-3
390
13
347
21
  0
ENDTAB
  0
TABLE
  2
STYLE
  5
5
330
0
100
AcDbSymbolTable
 70
27
  0
STYLE
  5
29
330
5
100
AcDbSymbolTableRecord
100
AcDbTextStyleTableRecord
  2
Standard
 70
0
 40
0.0
 41
1.0
 50
0.0
 71
0
 42
2.5
  3
txt
  4

  0
STYLE
  5
41
330
5
100
AcDbSymbolTableRecord
100
AcDbTextStyleTableRecord
  2
OpenSans-Light
 70
0
 40
0.0
 41
1.0
 50
0.0
 71
0
 42
2.5
  3
OpenSans-Light.ttf
  4

  0
STYLE
  5
42
330
5
100
AcDbSymbolTableRecord
100
AcDbTextStyleTableRecord
  2
OpenSans-Light-Italic
 70
0
 40
0.0
 41
1.0
 50
0.0
 71
0
 42
2.5
  3
OpenSans-LightItalic.ttf
  4

  0
STYLE
  5
43
330
5
100
AcDbSymbolTableRecord
100
AcDbTextStyleTableRecord
  2
OpenSans
 70
0
 40
0.0
 41
1.0
 50
0.0
 71
0
 42
2.5
  3
OpenSans-Regular.ttf
  4

  0
STYLE
  5
44
330
5
100
AcDbSymbolTableRecord
100
AcDbTextStyleTableRecord
  2
OpenSans-Italic
 70
0
 40
0.0
 41
1.0
 50
0.0
 71
0
 42
2.5
  3
OpenSans-Italic.ttf
  4

  0
STYLE
  5
45
330
5
100
AcDbSymbolTableRecord
100
AcDbTextStyleTableRecord
  2
OpenSans-SemiBold
 70
0
 40
0.0
 41
1.0
 50
0.0
 71
0
 42
2.5
  3
OpenSans-SemiBold.ttf
  4

  0
STYLE
  5
46
330
5
100
AcDbSymbolTableRecord
100
AcDbTextStyleTableRecord
  2
OpenSans-SemiBoldItalic
 70
0
 40
0.0
 41
1.0
 50
0.0
 71
0
 42
2.5
  3
OpenSans-SemiBoldItalic.ttf
  4

  0
STYLE
  5
47
330
5
100
AcDbSymbolTableRecord
100
AcDbTextStyleTableRecord
  2
OpenSans-Bold
 70
0
 40
0.0
 41
1.0
 50
0.0
 71
0
 42
2.5
  3
OpenSans-Bold.ttf
  4

  0
STYLE
  5
48
330
5
100
AcDbSymbolTableRecord
100
AcDbTextStyleTableRecord
  2
OpenSans-BoldItalic
 70
0
 40
0.0
 41
1.0
 50
0.0
 71
0
 42
2.5
  3
OpenSans-BoldItalic.ttf
  4

  0
STYLE
  5
49
330
5
100
AcDbSymbolTableRecord
100
AcDbTextStyleTableRecord
  2
OpenSans-ExtraBold
 70
0
 40
0.0
 41
1.0
 50
0.0
 71
0
 42
2.5
  3
OpenSans-ExtraBold.ttf
  4

  0
STYLE
  5
4A
330
5
100
AcDbSymbolTableRecord
100
AcDbTextStyleTableRecord
  2
OpenSans-ExtraBoldItalic
 70
0
 40
0.0
 41
1.0
 50
0.0
 71
0
 42
2.5
  3
OpenSans-ExtraBoldItalic.ttf
  4

  0
STYLE
  5
4B
330
5
100
AcDbSymbolTableRecord
100
AcDbTextStyleTableRecord
  2
OpenSansCondensed-Bold
 70
0
 40
0.0
 41
1.0
 50
0.0
 71
0
 42
2.5
  3
OpenSansCondensed-Bold.ttf
  4

  0
STYLE
  5
4C
330
5
100
AcDbSymbolTableRecord
100
AcDbTextStyleTableRecord
  2
OpenSansCondensed-Light
 70
0
 40
0.0
 41
1.0
 50
0.0
 71
0
 42
2.5
  3
OpenSansCondensed-Light.ttf
  4

  0
STYLE
  5
4D
330
5
100
AcDbSymbolTableRecord
100
AcDbTextStyleTableRecord
  2
OpenSansCondensed-Italic
 70
0
 40
0.0
 41
1.0
 50
0.0
 71
0
 42
2.5
  3
OpenSansCondensed-LightItalic.ttf
  4

  0
STYLE
  5
4E
330
5
100
AcDbSymbolTableRecord
100
AcDbTextStyleTableRecord
  2
LiberationSans
 70
0
 40
0.0
 41
1.0
 50
0.0
 71
0
 42
2.5
  3
LiberationSans-Regular.ttf
  4

  0
STYLE
  5
4F
330
5
100
AcDbSymbolTableRecord
100
AcDbTextStyleTableRecord
  2
LiberationSans-Bold
 70
0
 40
0.0
 41
1.0
 50
0.0
 71
0
 42
2.5
  3
LiberationSans-Bold.ttf
  4

  0
STYLE
  5
50
330
5
100
AcDbSymbolTableRecord
100
AcDbTextStyleTableRecord
  2
LiberationSans-BoldItalic
 70
0
 40
0.0
 41
1.0
 50
0.0
 71
0
 42
2.5
  3
LiberationSans-BoldItalic.ttf
  4

  0
STYLE
  5
51
330
5
100
AcDbSymbolTableRecord
100
AcDbTextStyleTableRecord
  2
LiberationSans-Italic
 70
0
 40
0.0
 41
1.0
 50
0.0
 71
0
 42
2.5
  3
LiberationSans-Italic.ttf
  4

  0
STYLE
  5
52
330
5
100
AcDbSymbolTableRecord
100
AcDbTextStyleTableRecord
  2
LiberationSerif
 70
0
 40
0.0
 41
1.0
 50
0.0
 71
0
 42
2.5
  3
LiberationSerif-Regular.ttf
  4

  0
STYLE
  5
53
330
5
100
AcDbSymbolTableRecord
100
AcDbTextStyleTableRecord
  2
LiberationSerif-Bold
 70
0
 40
0.0
 41
1.0
 50
0.0
 71
0
 42
2.5
  3
LiberationSerif-Bold.ttf
  4

  0
STYLE
  5
54
330
5
100
AcDbSymbolTableRecord
100
AcDbTextStyleTableRecord
  2
LiberationSerif-BoldItalic
 70
0
 40
0.0
 41
1.0
 50
0.0
 71
0
 42
2.5
  3
LiberationSerif-BoldItalic.ttf
  4

  0
STYLE
  5
55
330
5
100
AcDbSymbolTableRecord
100
AcDbTextStyleTableRecord
  2
LiberationSerif-Italic
 70
0
 40
0.0
 41
1.0
 50
0.0
 71
0
 42
2.5
  3
LiberationSerif-Italic.ttf
  4

  0
STYLE
  5
56
330
5
100
AcDbSymbolTableRecord
100
AcDbTextStyleTableRecord
  2
LiberationMono
 70
0
 40
0.0
 41
1.0
 50
0.0
 71
0
 42
2.5
  3
LiberationMono-Regular.ttf
  4

  0
STYLE
  5
57
330
5
100
AcDbSymbolTableRecord
100
AcDbTextStyleTableRecord
  2
LiberationMono-Bold
 70
0
 40
0.0
 41
1.0
 50
0.0
 71
0
 42
2.5
  3
LiberationMono-Bold.ttf
  4

  0
STYLE
  5
58
330
5
100
AcDbSymbolTableRecord
100
AcDbTextStyleTableRecord
  2
LiberationMono-BoldItalic
 70
0
 40
0.0
 41
1.0
 50
0.0
 71
0
 42
2.5
  3
LiberationMono-BoldItalic.ttf
  4

  0
STYLE
  5
59
330
5
100
AcDbSymbolTableRecord
100
AcDbTextStyleTableRecord
  2
LiberationMono-Italic
 70
0
 40
0.0
 41
1.0
 50
0.0
 71
0
 42
2.5
  3
LiberationMono-Italic.ttf
  4

  0
STYLE
  5
8A
330
5
100
AcDbSymbolTableRecord
100
AcDbTextStyleTableRecord
  2
ARIAL
 70
0
 40
0.0
 41
1.0
 50
0.0
 71
0
 42
2.5
  3
arial.ttf
  4

  0
ENDTAB
  0
TABLE
  2
VIEW
  5
7
330
0
100
AcDbSymbolTable
 70
0
  0
ENDTAB
  0
TABLE
  2
UCS
  5
6
330
0
100
AcDbSymbolTable
 70
0
  0
ENDTAB
  0
TABLE
  2
APPID
  5
3
330
0
100
AcDbSymbolTable
 70
3
  0
APPID
  5
2A
330
3
100
AcDbSymbolTableRecord
100
AcDbRegAppTableRecord
  2
ACAD
 70
0
  0
APPID
  5
AEC
330
3
100
AcDbSymbolTableRecord
100
AcDbRegAppTableRecord
  2
HATCHBACKGROUNDCOLOR
 70
0
  0
APPID
  5
AED
330
3
100
AcDbSymbolTableRecord
100
AcDbRegAppTableRecord
  2
EZDXF
 70
0
  0
ENDTAB
  0
TABLE
  2
DIMSTYLE
  5
4
330
0
100
AcDbSymbolTable
 70
15
100
AcDbDimStyleTable
  0
DIMSTYLE
105
2B
330
4
100
AcDbSymbolTableRecord
100
AcDbDimStyleTableRecord
  2
Standard
 70
0
 40
1.0
 41
2.5
 42
0.625
 43
3.75
 44
1.25
 45
0.0
 46
0.0
 47
0.0
 48
0.0
 49
2.5
140
2.5
141
2.5
142
0.0
143
0.03937007874
144
1.0
145
0.0
146
1.0
147
0.625
148
0.0
 69
0
 70
0
 71
0
 72
0
 73
0
 74
0
 75
0
 76
0
 77
1
 78
8
 79
3
170
0
171
3
172
1
173
0
174
0
175
0
176
0
177
0
178
0
179
2
271
2
272
2
273
2
274
3
275
0
276
0
277
2
278
44
279
0
280
0
281
0
282
0
283
0
284
8
285
0
286
0
288
0
289
3
290
0
371
-2
372
-2
  0
DIMSTYLE
105
73
330
4
100
AcDbSymbolTableRecord
100
AcDbDimStyleTableRecord
  2
EZDXF
 70
0
 40
1.0
 41
0.175
 42
0.125
 43
3.75
 44
0.375
 45
0.0
 46
0.0
 47
0.0
 48
0.0
 49
2.5
140
0.25
141
2.5
142
0.0
143
0.03937007874
144
100.0
145
0.0
146
0.5
147
0.1
148
0.0
 69
0
 70
0
 71
0
 72
0
 73
0
 74
0
 75
0
 76
0
 77
1
 78
12
 79
3
170
0
171
3
172
1
173
0
174
0
175
0
176
0
177
0
178
0
179
2
271
2
272
2
273
2
274
3
275
0
276
0
277
2
278
46
279
2
280
0
281
0
282
0
283
0
284
8
285
0
286
0
288
1
289
3
290
0
340
4C
342
74
371
-2
372
-2
  0
DIMSTYLE
105
7C
330
4
100
AcDbSymbolTableRecord
100
AcDbDimStyleTableRecord
  2
EZ_M_100_H25_CM
 70
0
 40
1.0
 41
0.25
 42
0.125
 43
3.75
 44
0.375
 45
0.0
 46
0.0
 47
0.0
 48
0.0
 49
2.5
140
0.25
141
2.5
142
0.125
143
0.03937007874
144
100.0
145
0.0
146
0.5
147
0.1
148
0.0
 69
0
 70
0
 71
0
 72
0
 73
0
 74
0
 75
0
 76
0
 77
1
 78
12
 79
3
170
0
171
3
172
1
173
0
174
0
175
0
176
0
177
0
178
0
179
2
271
2
272
2
273
2
274
3
275
0
276
0
277
2
278
46
279
2
280
0
281
0
282
0
283
0
284
8
285
0
286
0
288
1
289
3
290
0
340
4C
371
-2
372
-2
  0
DIMSTYLE
105
7D
330
4
100
AcDbSymbolTableRecord
100
AcDbDimStyleTableRecord
  2
EZ_M_50_H25_CM
 70
0
 40
1.0
 41
0.125
 42
0.0625
 43
3.75
 44
0.1875
 45
0.0
 46
0.0
 47
0.0
 48
0.0
 49
2.5
140
0.125
141
2.5
142
0.0625
143
0.03937007874
144
100.0
145
0.0
146
0.5
147
0.05
148
0.0
 69
0
 70
0
 71
0
 72
0
 73
0
 74
0
 75
0
 76
0
 77
1
 78
12
 79
3
170
0
171
3
172
1
173
0
174
0
175
0
176
0
177
0
178
0
179
2
271
2
272
2
273
2
274
3
275
0
276
0
277
2
278
46
279
2
280
0
281
0
282
0
283
0
284
8
285
0
286
0
288
1
289
3
290
0
340
4C
371
-2
372
-2
  0
DIMSTYLE
105
7E
330
4
100
AcDbSymbolTableRecord
100
AcDbDimStyleTableRecord
  2
EZ_M_25_H25_CM
 70
0
 40
1.0
 41
0.0625
 42
0.03125
 43
3.75
 44
0.09375
 45
0.0
 46
0.0
 47
0.0
 48
0.0
 49
2.5
140
0.0625
141
2.5
142
0.03125
143
0.03937007874
144
100.0
145
0.0
146
0.5
147
0.025
148
0.0
 69
0
 70
0
 71
0
 72
0
 73
0
 74
0
 75
0
 76
0
 77
1
 78
12
 79
3
170
0
171
3
172
1
173
0
174
0
175
0
176
0
177
0
178
0
179
2
271
2
272
2
273
2
274
3
275
0
276
0
277
2
278
46
279
2
280
0
281
0
282
0
283
0
284
8
285
0
286
0
288
1
289
3
290
0
340
4C
371
-2
372
-2
  0
DIMSTYLE
105
7F
330
4
100
AcDbSymbolTableRecord
100
AcDbDimStyleTableRecord
  2
EZ_M_20_H25_CM
 70
0
 40
1.0
 41
0.05
 42
0.025
 43
3.75
 44
0.07500000000000001
 45
0.0
 46
0.0
 47
0.0
 48
0.0
 49
2.5
140
0.05
141
2.5
142
0.025
143
0.03937007874
144
100.0
145
0.0
146
0.5
147
0.020000000000000004
148
0.0
 69
0
 70
0
 71
0
 72
0
 73
0
 74
0
 75
0
 76
0
 77
1
 78
12
 79
3
170
0
171
3
172
1
173
0
174
0
175
0
176
0
177
0
178
0
179
2
271
2
272
2
273
2
274
3
275
0
276
0
277
2
278
46
279
2
280
0
281
0
282
0
283
0
284
8
285
0
286
0
288
1
289
3
290
0
340
4C
371
-2
372
-2
  0
DIMSTYLE
105
80
330
4
100
AcDbSymbolTableRecord
100
AcDbDimStyleTableRecord
  2
EZ_M_10_H25_CM
 70
0
 40
1.0
 41
0.025
 42
0.0125
 43
3.75
 44
0.037500000000000006
 45
0.0
 46
0.0
 47
0.0
 48
0.0
 49
2.5
140
0.025
141
2.5
142
0.0125
143
0.03937007874
144
100.0
145
0.0
146
0.5
147
0.010000000000000002
148
0.0
 69
0
 70
0
 71
0
 72
0
 73
0
 74
0
 75
0
 76
0
 77
1
 78
12
 79
3
170
0
171
3
172
1
173
0
174
0
175
0
176
0
177
0
178
0
179
2
271
2
272
2
273
2
274
3
275
0
276
0
277
2
278
46
279
2
280
0
281
0
282
0
283
0
284
8
285
0
286
0
288
1
289
3
290
0
340
4C
371
-2
372
-2
  0
DIMSTYLE
105
81
330
4
100
AcDbSymbolTableRecord
100
AcDbDimStyleTableRecord
  2
EZ_M_5_H25_CM
 70
0
 40
1.0
 41
0.0125
 42
0.00625
 43
3.75
 44
0.018750000000000003
 45
0.0
 46
0.0
 47
0.0
 48
0.0
 49
2.5
140
0.0125
141
2.5
142
0.00625
143
0.03937007874
144
100.0
145
0.0
146
0.5
147
0.005000000000000001
148
0.0
 69
0
 70
0
 71
0
 72
0
 73
0
 74
0
 75
0
 76
0
 77
1
 78
12
 79
3
170
0
171
3
172
1
173
0
174
0
175
0
176
0
177
0
178
0
179
2
271
2
272
2
273
2
274
3
275
0
276
0
277
2
278
46
279
2
280
0
281
0
282
0
283
0
284
8
285
0
286
0
288
1
289
3
290
0
340
4C
371
-2
372
-2
  0
DIMSTYLE
105
82
330
4
100
AcDbSymbolTableRecord
100
AcDbDimStyleTableRecord
  2
EZ_M_1_H25_CM
 70
0
 40
1.0
 41
0.0025
 42
0.00125
 43
3.75
 44
0.00375
 45
0.0
 46
0.0
 47
0.0
 48
0.0
 49
2.5
140
0.0025
141
2.5
142
0.00125
143
0.03937007874
144
100.0
145
0.0
146
0.5
147
0.001
148
0.0
 69
0
 70
0
 71
0
 72
0
 73
0
 74
0
 75
0
 76
0
 77
1
 78
12
 79
3
170
0
171
3
172
1
173
0
174
0
175
0
176
0
177
0
178
0
179
2
271
2
272
2
273
2
274
3
275
0
276
0
277
2
278
46
279
2
280
0
281
0
282
0
283
0
284
8
285
0
286
0
288
1
289
3
290
0
340
4C
371
-2
372
-2
  0
DIMSTYLE
105
83
330
4
100
AcDbSymbolTableRecord
100
AcDbDimStyleTableRecord
  2
EZ_RADIUS
 70
0
 40
1.0
 41
0.25
 42
0.125
 43
3.75
 44
0.375
 45
0.0
 46
0.0
 47
0.0
 48
0.0
 49
2.5
140
0.25
141
0.0
142
0.0
143
0.03937007874
144
100.0
145
0.0
146
0.5
147
0.1
148
0.0
 69
0
 70
0
 71
0
 72
0
 73
0
 74
0
 75
0
 76
0
 77
1
 78
12
 79
3
170
0
171
3
172
0
173
0
174
0
175
0
176
0
177
0
178
0
179
2
271
2
272
2
273
2
274
3
275
0
276
0
277
2
278
46
279
1
280
0
281
0
282
0
283
0
284
8
285
0
286
0
288
1
289
3
290
0
340
4C
342
84
371
-2
372
-2
  0
DIMSTYLE
105
88
330
4
100
AcDbSymbolTableRecord
100
AcDbDimStyleTableRecord
  2
EZ_RADIUS_INSIDE
 70
0
 40
1.0
 41
0.25
 42
0.125
 43
3.75
 44
0.375
 45
0.0
 46
0.0
 47
0.0
 48
0.0
 49
2.5
140
0.25
141
0.0
142
0.0
143
0.03937007874
144
100.0
145
0.0
146
0.5
147
0.1
148
0.0
 69
0
 70
0
 71
0
 72
0
 73
0
 74
0
 75
0
 76
0
 77
0
 78
12
 79
3
170
0
171
3
172
0
173
0
174
1
175
0
176
0
177
0
178
0
179
2
271
2
272
2
273
2
274
3
275
0
276
0
277
2
278
46
279
0
280
0
281
0
282
0
283
0
284
8
285
0
286
0
288
1
289
0
290
0
340
4C
342
84
371
-2
372
-2
  0
DIMSTYLE
105
89
330
4
100
AcDbSymbolTableRecord
100
AcDbDimStyleTableRecord
  2
EZ_CURVED
 70
0
 40
1.0
 41
0.25
 42
0.125
 43
3.75
 44
0.375
 45
0.0
 46
0.0
 47
0.0
 48
0.0
 49
2.5
140
0.25
141
2.5
142
0.0
143
0.03937007874
144
100.0
145
0.0
146
0.5
147
0.1
148
0.0
 69
0
 70
0
 71
0
 72
0
 73
0
 74
0
 75
0
 76
0
 77
1
 78
12
 79
2
 90
2
170
0
171
3
172
1
173
0
174
0
175
0
176
0
177
0
178
0
179
2
271
2
272
2
273
2
274
3
275
0
276
0
277
2
278
46
279
2
280
0
281
0
282
0
283
0
284
8
285
0
286
0
288
1
289
3
290
0
340
4C
371
-2
372
-2
  0
DIMSTYLE
105
A7
330
4
100
AcDbSymbolTableRecord
100
AcDbDimStyleTableRecord
  2
COTA25
 70
0
 40
1.0
 41
0.03
 42
0.020000000000000004
 43
3.75
 44
0.03
 45
0.0
 46
0.0
 47
0.0
 48
0.0
 49
2.5
140
0.045000000000000005
141
2.5
142
0.025
143
0.03937007874
144
1.0
145
0.0
146
1.0
147
0.015
148
0.0
 69
0
 70
0
 71
0
 72
0
 73
0
 74
0
 75
0
 76
0
 77
1
 78
0
 79
3
170
0
171
3
172
1
173
0
174
0
175
0
176
7
177
7
178
7
179
2
271
2
272
2
273
2
274
3
275
0
276
0
277
2
278
46
279
2
280
0
281
0
282
0
283
0
284
8
285
0
286
0
288
0
289
3
290
0
340
8A
371
13
372
13
  0
DIMSTYLE
105
745
330
4
100
AcDbSymbolTableRecord
100
AcDbDimStyleTableRecord
  2
COTA20
 70
0
 40
1.0
 41
0.024
 42
0.016
 43
3.75
 44
0.024
 45
0.0
 46
0.0
 47
0.0
 48
0.0
 49
2.5
140
0.036000000000000004
141
2.5
142
0.02
143
0.03937007874
144
1.0
145
0.0
146
1.0
147
0.012
148
0.0
 69
0
 70
0
 71
0
 72
0
 73
0
 74
0
 75
0
 76
0
 77
1
 78
0
 79
3
170
0
171
3
172
1
173
0
174
0
175
0
176
7
177
7
178
7
179
2
271
2
272
2
273
2
274
3
275
0
276
0
277
2
278
46
279
2
280
0
281
0
282
0
283
0
284
8
285
0
286
0
288
0
289
3
290
0
340
8A
371
13
372
13
  0
DIMSTYLE
105
8E5
330
4
100
AcDbSymbolTableRecord
100
AcDbDimStyleTableRecord
  2
COTA10
 70
0
 40
1.0
 41
0.012
 42
0.008
 43
3.75
 44
0.012
 45
0.0
 46
0.0
 47
0.0
 48
0.0
 49
2.5
140
0.018000000000000002
141
2.5
142
0.01
143
0.03937007874
144
1.0
145
0.0
146
1.0
147
0.006
148
0.0
 69
0
 70
0
 71
0
 72
0
 73
0
 74
0
 75
0
 76
0
 77
1
 78
0
 79
3
170
0
171
3
172
1
173
0
174
0
175
0
176
7
177
7
178
7
179
2
271
2
272
2
273
2
274
3
275
0
276
0
277
2
278
46
279
2
280
0
281
0
282
0
283
0
284
8
285
0
286
0
288
0
289
3
290
0
340
8A
371
13
372
13
  0
ENDTAB
  0
TABLE
  2
BLOCK_RECORD
  5
9
330
0
100
AcDbSymbolTable
 70
83
  0
BLOCK_RECORD
  5
17
330
9
100
AcDbSymbolTableRecord
100
AcDbBlockTableRecord
  2
*Model_Space
340
1A
 70
0
280
1
281
0
  0
BLOCK_RECORD
  5
1B
330
9
100
AcDbSymbolTableRecord
100
AcDbBlockTableRecord
  2
*Paper_Space
340
1E
 70
0
280
1
281
0
  0
BLOCK_RECORD
  5
74
330
9
100
AcDbSymbolTableRecord
100
AcDbBlockTableRecord
  2
_ARCHTICK
340
0
 70
0
280
1
281
0
  0
BLOCK_RECORD
  5
78
330
9
100
AcDbSymbolTableRecord
100
AcDbBlockTableRecord
  2
_CLOSEDFILLED
340
0
 70
0
280
1
281
0
  0
BLOCK_RECORD
  5
84
330
9
100
AcDbSymbolTableRecord
100
AcDbBlockTableRecord
  2
_CLOSEDBLANK
340
0
 70
0
280
1
281
0
  0
BLOCK_RECORD
  5
166
330
9
100
AcDbSymbolTableRecord
100
AcDbBlockTableRecord
  2
*D1
340
0
 70
0
280
1
281
0
  0
BLOCK_RECORD
  5
16B
330
9
100
AcDbSymbolTableRecord
100
AcDbBlockTableRecord
  2
_OBLIQUE
340
0
 70
0
280
1
281
0
  0
BLOCK_RECORD
  5
179
330
9
100
AcDbSymbolTableRecord
100
AcDbBlockTableRecord
  2
*D2
340
0
 70
0
280
1
281
0
  0
BLOCK_RECORD
  5
188
330
9
100
AcDbSymbolTableRecord
100
AcDbBlockTableRecord
  2
*D3
340
0
 70
0
280
1
281
0
  0
BLOCK_RECORD
  5
197
330
9
100
AcDbSymbolTableRecord
100
AcDbBlockTableRecord
  2
*D4
340
0
 70
0
280
1
281
0
  0
BLOCK_RECORD
  5
1A6
330
9
100
AcDbSymbolTableRecord
100
AcDbBlockTableRecord
  2
*D5
340
0
 70
0
280
1
281
0
  0
BLOCK_RECORD
  5
1B5
330
9
100
AcDbSymbolTableRecord
100
AcDbBlockTableRecord
  2
*D6
340
0
 70
0
280
1
281
0
  0
BLOCK_RECORD
  5
1C4
330
9
100
AcDbSymbolTableRecord
100
AcDbBlockTableRecord
  2
*D7
340
0
 70
0
280
1
281
0
  0
BLOCK_RECORD
  5
1D3
330
9
100
AcDbSymbolTableRecord
100
AcDbBlockTableRecord
  2
*D8
340
0
 70
0
280
1
281
0
  0
BLOCK_RECORD
  5
1E2
330
9
100
AcDbSymbolTableRecord
100
AcDbBlockTableRecord
  2
*D9
340
0
 70
0
280
1
281
0
  0
BLOCK_RECORD
  5
1F1
330
9
100
AcDbSymbolTableRecord
100
AcDbBlockTableRecord
  2
*D10
340
0
 70
0
280
1
281
0
  0
BLOCK_RECORD
  5
361
330
9
100
AcDbSymbolTableRecord
100
AcDbBlockTableRecord
  2
*D11
340
0
 70
0
280
1
281
0
  0
BLOCK_RECORD
  5
370
330
9
100
AcDbSymbolTableRecord
100
AcDbBlockTableRecord
  2
*D12
340
0
 70
0
280
1
281
0
  0
BLOCK_RECORD
  5
37F
330
9
100
AcDbSymbolTableRecord
100
AcDbBlockTableRecord
  2
*D13
340
0
 70
0
280
1
281
0
  0
BLOCK_RECORD
  5
38E
330
9
100
AcDbSymbolTableRecord
100
AcDbBlockTableRecord
  2
*D14
340
0
 70
0
280
1
281
0
  0
BLOCK_RECORD
  5
39D
330
9
100
AcDbSymbolTableRecord
100
AcDbBlockTableRecord
  2
*D15
340
0
 70
0
280
1
281
0
  0
BLOCK_RECORD
  5
3AC
330
9
100
AcDbSymbolTableRecord
100
AcDbBlockTableRecord
  2
*D16
340
0
 70
0
280
1
281
0
  0
BLOCK_RECORD
  5
3BB
330
9
100
AcDbSymbolTableRecord
100
AcDbBlockTableRecord
  2
*D17
340
0
 70
0
280
1
281
0
  0
BLOCK_RECORD
  5
3CA
330
9
100
AcDbSymbolTableRecord
100
AcDbBlockTableRecord
  2
*D18
340
0
 70
0
280
1
281
0
  0
BLOCK_RECORD
  5
3D9
330
9
100
AcDbSymbolTableRecord
100
AcDbBlockTableRecord
  2
*D19
340
0
 70
0
280
1
281
0
  0
BLOCK_RECORD
  5
3E8
330
9
100
AcDbSymbolTableRecord
100
AcDbBlockTableRecord
  2
*D20
340
0
 70
0
280
1
281
0
  0
BLOCK_RECORD
  5
3F7
330
9
100
AcDbSymbolTableRecord
100
AcDbBlockTableRecord
  2
*D21
340
0
 70
0
280
1
281
0
  0
BLOCK_RECORD
  5
505
330
9
100
AcDbSymbolTableRecord
100
AcDbBlockTableRecord
  2
*D22
340
0
 70
0
280
1
281
0
  0
BLOCK_RECORD
  5
514
330
9
100
AcDbSymbolTableRecord
100
AcDbBlockTableRecord
  2
*D23
340
0
 70
0
280
1
281
0
  0
BLOCK_RECORD
  5
523
330
9
100
AcDbSymbolTableRecord
100
AcDbBlockTableRecord
  2
*D24
340
0
 70
0
280
1
281
0
  0
BLOCK_RECORD
  5
532
330
9
100
AcDbSymbolTableRecord
100
AcDbBlockTableRecord
  2
*D25
340
0
 70
0
280
1
281
0
  0
BLOCK_RECORD
  5
541
330
9
100
AcDbSymbolTableRecord
100
AcDbBlockTableRecord
  2
*D26
340
0
 70
0
280
1
281
0
  0
BLOCK_RECORD
  5
550
330
9
100
AcDbSymbolTableRecord
100
AcDbBlockTableRecord
  2
*D27
340
0
 70
0
280
1
281
0
  0
BLOCK_RECORD
  5
55F
330
9
100
AcDbSymbolTableRecord
100
AcDbBlockTableRecord
  2
*D28
340
0
 70
0
280
1
281
0
  0
BLOCK_RECORD
  5
56E
330
9
100
AcDbSymbolTableRecord
100
AcDbBlockTableRecord
  2
*D29
340
0
 70
0
280
1
281
0
  0
BLOCK_RECORD
  5
57D
330
9
100
AcDbSymbolTableRecord
100
AcDbBlockTableRecord
  2
*D30
340
0
 70
0
280
1
281
0
  0
BLOCK_RECORD
  5
58C
330
9
100
AcDbSymbolTableRecord
100
AcDbBlockTableRecord
  2
*D31
340
0
 70
0
280
1
281
0
  0
BLOCK_RECORD
  5
59B
330
9
100
AcDbSymbolTableRecord
100
AcDbBlockTableRecord
  2
*D32
340
0
 70
0
280
1
281
0
  0
BLOCK_RECORD
  5
5AA
330
9
100
AcDbSymbolTableRecord
100
AcDbBlockTableRecord
  2
*D33
340
0
 70
0
280
1
281
0
  0
BLOCK_RECORD
  5
5F7
330
9
100
AcDbSymbolTableRecord
100
AcDbBlockTableRecord
  2
*D34
340
0
 70
0
280
1
281
0
  0
BLOCK_RECORD
  5
606
330
9
100
AcDbSymbolTableRecord
100
AcDbBlockTableRecord
  2
*D35
340
0
 70
0
280
1
281
0
  0
BLOCK_RECORD
  5
615
330
9
100
AcDbSymbolTableRecord
100
AcDbBlockTableRecord
  2
*D36
340
0
 70
0
280
1
281
0
  0
BLOCK_RECORD
  5
63A
330
9
100
AcDbSymbolTableRecord
100
AcDbBlockTableRecord
  2
*D37
340
0
 70
0
280
1
281
0
  0
BLOCK_RECORD
  5
649
330
9
100
AcDbSymbolTableRecord
100
AcDbBlockTableRecord
  2
*D38
340
0
 70
0
280
1
281
0
  0
BLOCK_RECORD
  5
658
330
9
100
AcDbSymbolTableRecord
100
AcDbBlockTableRecord
  2
*D39
340
0
 70
0
280
1
281
0
  0
BLOCK_RECORD
  5
667
330
9
100
AcDbSymbolTableRecord
100
AcDbBlockTableRecord
  2
*D40
340
0
 70
0
280
1
281
0
  0
BLOCK_RECORD
  5
676
330
9
100
AcDbSymbolTableRecord
100
AcDbBlockTableRecord
  2
*D41
340
0
 70
0
280
1
281
0
  0
BLOCK_RECORD
  5
685
330
9
100
AcDbSymbolTableRecord
100
AcDbBlockTableRecord
  2
*D42
340
0
 70
0
280
1
281
0
  0
BLOCK_RECORD
  5
694
330
9
100
AcDbSymbolTableRecord
100
AcDbBlockTableRecord
  2
*D43
340
0
 70
0
280
1
281
0
  0
BLOCK_RECORD
  5
6A3
330
9
100
AcDbSymbolTableRecord
100
AcDbBlockTableRecord
  2
*D44
340
0
 70
0
280
1
281
0
  0
BLOCK_RECORD
  5
6B2
330
9
100
AcDbSymbolTableRecord
100
AcDbBlockTableRecord
  2
*D45
340
0
 70
0
280
1
281
0
  0
BLOCK_RECORD
  5
6C1
330
9
100
AcDbSymbolTableRecord
100
AcDbBlockTableRecord
  2
*D46
340
0
 70
0
280
1
281
0
  0
BLOCK_RECORD
  5
6D0
330
9
100
AcDbSymbolTableRecord
100
AcDbBlockTableRecord
  2
*D47
340
0
 70
0
280
1
281
0
  0
BLOCK_RECORD
  5
6DF
330
9
100
AcDbSymbolTableRecord
100
AcDbBlockTableRecord
  2
*D48
340
0
 70
0
280
1
281
0
  0
BLOCK_RECORD
  5
6EE
330
9
100
AcDbSymbolTableRecord
100
AcDbBlockTableRecord
  2
*D49
340
0
 70
0
280
1
281
0
  0
BLOCK_RECORD
  5
762
330
9
100
AcDbSymbolTableRecord
100
AcDbBlockTableRecord
  2
*D50
340
0
 70
0
280
1
281
0
  0
BLOCK_RECORD
  5
771
330
9
100
AcDbSymbolTableRecord
100
AcDbBlockTableRecord
  2
*D51
340
0
 70
0
280
1
281
0
  0
BLOCK_RECORD
  5
780
330
9
100
AcDbSymbolTableRecord
100
AcDbBlockTableRecord
  2
*D52
340
0
 70
0
280
1
281
0
  0
BLOCK_RECORD
  5
78F
330
9
100
AcDbSymbolTableRecord
100
AcDbBlockTableRecord
  2
*D53
340
0
 70
0
280
1
281
0
  0
BLOCK_RECORD
  5
79E
330
9
100
AcDbSymbolTableRecord
100
AcDbBlockTableRecord
  2
*D54
340
0
 70
0
280
1
281
0
  0
BLOCK_RECORD
  5
7AD
330
9
100
AcDbSymbolTableRecord
100
AcDbBlockTableRecord
  2
*D55
340
0
 70
0
280
1
281
0
  0
BLOCK_RECORD
  5
7BC
330
9
100
AcDbSymbolTableRecord
100
AcDbBlockTableRecord
  2
*D56
340
0
 70
0
280
1
281
0
  0
BLOCK_RECORD
  5
852
330
9
100
AcDbSymbolTableRecord
100
AcDbBlockTableRecord
  2
*D57
340
0
 70
0
280
1
281
0
  0
BLOCK_RECORD
  5
861
330
9
100
AcDbSymbolTableRecord
100
AcDbBlockTableRecord
  2
*D58
340
0
 70
0
280
1
281
0
  0
BLOCK_RECORD
  5
870
330
9
100
AcDbSymbolTableRecord
100
AcDbBlockTableRecord
  2
*D59
340
0
 70
0
280
1
281
0
  0
BLOCK_RECORD
  5
87F
330
9
100
AcDbSymbolTableRecord
100
AcDbBlockTableRecord
  2
*D60
340
0
 70
0
280
1
281
0
  0
BLOCK_RECORD
  5
88E
330
9
100
AcDbSymbolTableRecord
100
AcDbBlockTableRecord
  2
*D61
340
0
 70
0
280
1
281
0
  0
BLOCK_RECORD
  5
89D
330
9
100
AcDbSymbolTableRecord
100
AcDbBlockTableRecord
  2
*D62
340
0
 70
0
280
1
281
0
  0
BLOCK_RECORD
  5
8AC
330
9
100
AcDbSymbolTableRecord
100
AcDbBlockTableRecord
  2
*D63
340
0
 70
0
280
1
281
0
  0
BLOCK_RECORD
  5
8BB
330
9
100
AcDbSymbolTableRecord
100
AcDbBlockTableRecord
  2
*D64
340
0
 70
0
280
1
281
0
  0
BLOCK_RECORD
  5
8CA
330
9
100
AcDbSymbolTableRecord
100
AcDbBlockTableRecord
  2
*D65
340
0
 70
0
280
1
281
0
  0
BLOCK_RECORD
  5
902
330
9
100
AcDbSymbolTableRecord
100
AcDbBlockTableRecord
  2
*D66
340
0
 70
0
280
1
281
0
  0
BLOCK_RECORD
  5
911
330
9
100
AcDbSymbolTableRecord
100
AcDbBlockTableRecord
  2
*D67
340
0
 70
0
280
1
281
0
  0
BLOCK_RECORD
  5
920
330
9
100
AcDbSymbolTableRecord
100
AcDbBlockTableRecord
  2
*D68
340
0
 70
0
280
1
281
0
  0
BLOCK_RECORD
  5
92F
330
9
100
AcDbSymbolTableRecord
100
AcDbBlockTableRecord
  2
*D69
340
0
 70
0
280
1
281
0
  0
BLOCK_RECORD
  5
93E
330
9
100
AcDbSymbolTableRecord
100
AcDbBlockTableRecord
  2
*D70
340
0
 70
0
280
1
281
0
  0
BLOCK_RECORD
  5
94D
330
9
100
AcDbSymbolTableRecord
100
AcDbBlockTableRecord
  2
*D71
340
0
 70
0
280
1
281
0
  0
BLOCK_RECORD
  5
95C
330
9
100
AcDbSymbolTableRecord
100
AcDbBlockTableRecord
  2
*D72
340
0
 70
0
280
1
281
0
  0
BLOCK_RECORD
  5
96B
330
9
100
AcDbSymbolTableRecord
100
AcDbBlockTableRecord
  2
*D73
340
0
 70
0
280
1
281
0
  0
BLOCK_RECORD
  5
97A
330
9
100
AcDbSymbolTableRecord
100
AcDbBlockTableRecord
  2
*D74
340
0
 70
0
280
1
281
0
  0
BLOCK_RECORD
  5
989
330
9
100
AcDbSymbolTableRecord
100
AcDbBlockTableRecord
  2
*D75
340
0
 70
0
280
1
281
0
  0
BLOCK_RECORD
  5
998
330
9
100
AcDbSymbolTableRecord
100
AcDbBlockTableRecord
  2
*D76
340
0
 70
0
280
1
281
0
  0
BLOCK_RECORD
  5
9B3
330
9
100
AcDbSymbolTableRecord
100
AcDbBlockTableRecord
  2
*Paper_Space0
340
9B6
 70
0
280
1
281
0
  0
ENDTAB
  0
ENDSEC
  0
SECTION
  2
BLOCKS
  0
BLOCK
  5
18
330
17
100
AcDbEntity
  8
0
100
AcDbBlockBegin
  2
*Model_Space
 70
0
 10
0.0
 20
0.0
 30
0.0
  3
*Model_Space
  1

  0
ENDBLK
  5
19
330
17
100
AcDbEntity
  8
0
100
AcDbBlockEnd
  0
BLOCK
  5
1C
330
1B
100
AcDbEntity
  8
0
100
AcDbBlockBegin
  2
*Paper_Space
 70
0
 10
0.0
 20
0.0
 30
0.0
  3
*Paper_Space
  1

  0
ENDBLK
  5
1D
330
1B
100
AcDbEntity
  8
0
100
AcDbBlockEnd
  0
BLOCK
  5
75
330
74
100
AcDbEntity
  8
0
100
AcDbBlockBegin
  2
_ARCHTICK
 70
0
 10
0.0
 20
0.0
 30
0.0
  3
_ARCHTICK
  1

  0
LWPOLYLINE
  5
77
330
74
100
AcDbEntity
  8
0
  6
BYBLOCK
 62
0
100
AcDbPolyline
 90
2
 70
0
 43
0.15
 10
-0.5
 20
-0.5
 10
0.5
 20
0.5
  0
ENDBLK
  5
76
330
74
100
AcDbEntity
  8
0
100
AcDbBlockEnd
  0
BLOCK
  5
79
330
78
100
AcDbEntity
  8
0
100
AcDbBlockBegin
  2
_CLOSEDFILLED
 70
0
 10
0.0
 20
0.0
 30
0.0
  3
_CLOSEDFILLED
  1

  0
SOLID
  5
7B
330
78
100
AcDbEntity
  8
0
  6
BYBLOCK
 62
0
100
AcDbTrace
 10
-1.0
 20
0.16439898372402537
 30
0.0
 11
0.0
 21
0.0
 31
0.0
 12
-1.0
 22
-0.16439898372402537
 32
0.0
 13
-1.0
 23
-0.16439898372402537
 33
0.0
  0
ENDBLK
  5
7A
330
78
100
AcDbEntity
  8
0
100
AcDbBlockEnd
  0
BLOCK
  5
85
330
84
100
AcDbEntity
  8
0
100
AcDbBlockBegin
  2
_CLOSEDBLANK
 70
0
 10
0.0
 20
0.0
 30
0.0
  3
_CLOSEDBLANK
  1

  0
LWPOLYLINE
  5
87
330
84
100
AcDbEntity
  8
0
  6
BYBLOCK
 62
0
100
AcDbPolyline
 90
3
 70
1
 10
-1.0
 20
0.16439898372402537
 10
0.0
 20
0.0
 10
-1.0
 20
-0.16439898372402537
  0
ENDBLK
  5
86
330
84
100
AcDbEntity
  8
0
100
AcDbBlockEnd
  0
BLOCK
  5
167
330
166
100
AcDbEntity
  8
0
100
AcDbBlockBegin
  2
*D1
 70
1
 10
0.0
 20
0.0
 30
0.0
  3
*D1
  1

  0
LINE
  5
169
330
166
100
AcDbEntity
  8
0
 62
7
370
13
100
AcDbLine
 10
6.100000000000075
 20
0.1299583007815695
 30
0.0
 11
6.100000000000075
 21
-0.53
 31
0.0
  0
LINE
  5
16A
330
166
100
AcDbEntity
  8
0
 62
7
370
13
100
AcDbLine
 10
8.900000000000079
 20
0.1299583007815695
 30
0.0
 11
8.900000000000079
 21
-0.53
 31
0.0
  0
INSERT
  5
16F
330
166
100
AcDbEntity
  8
E-COTA
 62
7
100
AcDbBlockReference
  2
_OBLIQUE
 10
6.100000000000075
 20
-0.5
 30
0.0
 41
0.05
 42
0.05
  0
INSERT
  5
171
330
166
100
AcDbEntity
  8
E-COTA
 62
7
100
AcDbBlockReference
  2
_OBLIQUE
 10
8.900000000000079
 20
-0.5
 30
0.0
 41
0.05
 42
0.05
  0
LINE
  5
173
330
166
100
AcDbEntity
  8
0
 62
7
370
13
100
AcDbLine
 10
6.100000000000075
 20
-0.5
 30
0.0
 11
8.900000000000079
 21
-0.5
 31
0.0
  0
MTEXT
  5
174
330
166
100
AcDbEntity
  8
E-COTA
 62
7
100
AcDbMText
 10
7.500000000000076
 20
-0.4625
 30
0.0
 40
0.045000000000000005
 71
5
  1
11 p. @ .255 = 2.80
  7
ARIAL
  0
POINT
  5
175
330
166
100
AcDbEntity
  8
Defpoints
100
AcDbPoint
 10
6.100000000000075
 20
-0.5
 30
0.0
  0
POINT
  5
176
330
166
100
AcDbEntity
  8
Defpoints
100
AcDbPoint
 10
6.100000000000075
 20
0.14995830078156952
 30
0.0
  0
POINT
  5
177
330
166
100
AcDbEntity
  8
Defpoints
100
AcDbPoint
 10
8.900000000000079
 20
0.14995830078156952
 30
0.0
  0
ENDBLK
  5
168
330
166
100
AcDbEntity
  8
0
100
AcDbBlockEnd
  0
BLOCK
  5
16C
330
16B
100
AcDbEntity
  8
0
100
AcDbBlockBegin
  2
_OBLIQUE
 70
0
 10
0.0
 20
0.0
 30
0.0
  3
_OBLIQUE
  1

  0
LINE
  5
16E
330
16B
100
AcDbEntity
  8
0
  6
BYBLOCK
 62
0
100
AcDbLine
 10
-0.5
 20
-0.5
 30
0.0
 11
0.5
 21
0.5
 31
0.0
  0
ENDBLK
  5
16D
330
16B
100
AcDbEntity
  8
0
100
AcDbBlockEnd
  0
BLOCK
  5
17A
330
179
100
AcDbEntity
  8
0
100
AcDbBlockBegin
  2
*D2
 70
1
 10
0.0
 20
0.0
 30
0.0
  3
*D2
  1

  0
LINE
  5
17C
330
179
100
AcDbEntity
  8
0
 62
7
370
13
100
AcDbLine
 10
8.900000000000079
 20
0.1299583007815695
 30
0.0
 11
8.900000000000079
 21
-0.53
 31
0.0
  0
LINE
  5
17D
330
179
100
AcDbEntity
  8
0
 62
7
370
13
100
AcDbLine
 10
10.150000000000079
 20
0.1299583007815695
 30
0.0
 11
10.150000000000079
 21
-0.53
 31
0.0
  0
INSERT
  5
17E
330
179
100
AcDbEntity
  8
E-COTA
 62
7
100
AcDbBlockReference
  2
_OBLIQUE
 10
8.900000000000079
 20
-0.5
 30
0.0
 41
0.05
 42
0.05
  0
INSERT
  5
180
330
179
100
AcDbEntity
  8
E-COTA
 62
7
100
AcDbBlockReference
  2
_OBLIQUE
 10
10.150000000000079
 20
-0.5
 30
0.0
 41
0.05
 42
0.05
  0
LINE
  5
182
330
179
100
AcDbEntity
  8
0
 62
7
370
13
100
AcDbLine
 10
8.900000000000079
 20
-0.5
 30
0.0
 11
10.150000000000079
 21
-0.5
 31
0.0
  0
MTEXT
  5
183
330
179
100
AcDbEntity
  8
E-COTA
 62
7
100
AcDbMText
 10
9.525000000000079
 20
-0.4625
 30
0.0
 40
0.045000000000000005
 71
5
  1
1.25
  7
ARIAL
  0
POINT
  5
184
330
179
100
AcDbEntity
  8
Defpoints
100
AcDbPoint
 10
8.900000000000079
 20
-0.5
 30
0.0
  0
POINT
  5
185
330
179
100
AcDbEntity
  8
Defpoints
100
AcDbPoint
 10
8.900000000000079
 20
0.14995830078156952
 30
0.0
  0
POINT
  5
186
330
179
100
AcDbEntity
  8
Defpoints
100
AcDbPoint
 10
10.150000000000079
 20
0.14995830078156952
 30
0.0
  0
ENDBLK
  5
17B
330
179
100
AcDbEntity
  8
0
100
AcDbBlockEnd
  0
BLOCK
  5
189
330
188
100
AcDbEntity
  8
0
100
AcDbBlockBegin
  2
*D3
 70
1
 10
0.0
 20
0.0
 30
0.0
  3
*D3
  1

  0
LINE
  5
18B
330
188
100
AcDbEntity
  8
0
 62
7
370
13
100
AcDbLine
 10
6.1
 20
-0.16999999999999998
 30
0.0
 11
6.1
 21
-0.8300000000000001
 31
0.0
  0
LINE
  5
18C
330
188
100
AcDbEntity
  8
0
 62
7
370
13
100
AcDbLine
 10
6.3999999999999595
 20
-0.16999999999999998
 30
0.0
 11
6.3999999999999595
 21
-0.8300000000000001
 31
0.0
  0
INSERT
  5
18D
330
188
100
AcDbEntity
  8
E-COTA
 62
7
100
AcDbBlockReference
  2
_OBLIQUE
 10
6.1
 20
-0.8
 30
0.0
 41
0.05
 42
0.05
  0
INSERT
  5
18F
330
188
100
AcDbEntity
  8
E-COTA
 62
7
100
AcDbBlockReference
  2
_OBLIQUE
 10
6.3999999999999595
 20
-0.8
 30
0.0
 41
0.05
 42
0.05
  0
LINE
  5
191
330
188
100
AcDbEntity
  8
0
 62
7
370
13
100
AcDbLine
 10
6.1
 20
-0.8
 30
0.0
 11
6.3999999999999595
 21
-0.8
 31
0.0
  0
MTEXT
  5
192
330
188
100
AcDbEntity
  8
E-COTA
 62
7
100
AcDbMText
 10
6.24999999999998
 20
-0.7625000000000001
 30
0.0
 40
0.045000000000000005
 71
5
  1
0.30
  7
ARIAL
  0
POINT
  5
193
330
188
100
AcDbEntity
  8
Defpoints
100
AcDbPoint
 10
6.1
 20
-0.8
 30
0.0
  0
POINT
  5
194
330
188
100
AcDbEntity
  8
Defpoints
100
AcDbPoint
 10
6.1
 20
-0.15
 30
0.0
  0
POINT
  5
195
330
188
100
AcDbEntity
  8
Defpoints
100
AcDbPoint
 10
6.3999999999999595
 20
-0.15
 30
0.0
  0
ENDBLK
  5
18A
330
188
100
AcDbEntity
  8
0
100
AcDbBlockEnd
  0
BLOCK
  5
198
330
197
100
AcDbEntity
  8
0
100
AcDbBlockBegin
  2
*D4
 70
1
 10
0.0
 20
0.0
 30
0.0
  3
*D4
  1

  0
LINE
  5
19A
330
197
100
AcDbEntity
  8
0
 62
7
370
13
100
AcDbLine
 10
6.3999999999999595
 20
-0.16999999999999998
 30
0.0
 11
6.3999999999999595
 21
-0.8300000000000001
 31
0.0
  0
LINE
  5
19B
330
197
100
AcDbEntity
  8
0
 62
7
370
13
100
AcDbLine
 10
9.999999999999954
 20
-0.16999999999999998
 30
0.0
 11
9.999999999999954
 21
-0.8300000000000001
 31
0.0
  0
INSERT
  5
19C
330
197
100
AcDbEntity
  8
E-COTA
 62
7
100
AcDbBlockReference
  2
_OBLIQUE
 10
6.3999999999999595
 20
-0.8
 30
0.0
 41
0.05
 42
0.05
  0
INSERT
  5
19E
330
197
100
AcDbEntity
  8
E-COTA
 62
7
100
AcDbBlockReference
  2
_OBLIQUE
 10
9.999999999999954
 20
-0.8
 30
0.0
 41
0.05
 42
0.05
  0
LINE
  5
1A0
330
197
100
AcDbEntity
  8
0
 62
7
370
13
100
AcDbLine
 10
6.3999999999999595
 20
-0.8
 30
0.0
 11
9.999999999999954
 21
-0.8
 31
0.0
  0
MTEXT
  5
1A1
330
197
100
AcDbEntity
  8
E-COTA
 62
7
100
AcDbMText
 10
8.199999999999957
 20
-0.7625000000000001
 30
0.0
 40
0.045000000000000005
 71
5
  1
3.60
  7
ARIAL
  0
POINT
  5
1A2
330
197
100
AcDbEntity
  8
Defpoints
100
AcDbPoint
 10
6.3999999999999595
 20
-0.8
 30
0.0
  0
POINT
  5
1A3
330
197
100
AcDbEntity
  8
Defpoints
100
AcDbPoint
 10
6.3999999999999595
 20
-0.15
 30
0.0
  0
POINT
  5
1A4
330
197
100
AcDbEntity
  8
Defpoints
100
AcDbPoint
 10
9.999999999999954
 20
-0.15
 30
0.0
  0
ENDBLK
  5
199
330
197
100
AcDbEntity
  8
0
100
AcDbBlockEnd
  0
BLOCK
  5
1A7
330
1A6
100
AcDbEntity
  8
0
100
AcDbBlockBegin
  2
*D5
 70
1
 10
0.0
 20
0.0
 30
0.0
  3
*D5
  1

  0
LINE
  5
1A9
330
1A6
100
AcDbEntity
  8
0
 62
7
370
13
100
AcDbLine
 10
9.999999999999954
 20
-0.16999999999999998
 30
0.0
 11
9.999999999999954
 21
-0.8300000000000001
 31
0.0
  0
LINE
  5
1AA
330
1A6
100
AcDbEntity
  8
0
 62
7
370
13
100
AcDbLine
 10
10.15
 20
-0.16999999999999998
 30
0.0
 11
10.15
 21
-0.8300000000000001
 31
0.0
  0
INSERT
  5
1AB
330
1A6
100
AcDbEntity
  8
E-COTA
 62
7
100
AcDbBlockReference
  2
_OBLIQUE
 10
9.999999999999954
 20
-0.8
 30
0.0
 41
0.05
 42
0.05
  0
INSERT
  5
1AD
330
1A6
100
AcDbEntity
  8
E-COTA
 62
7
100
AcDbBlockReference
  2
_OBLIQUE
 10
10.15
 20
-0.8
 30
0.0
 41
0.05
 42
0.05
  0
LINE
  5
1AF
330
1A6
100
AcDbEntity
  8
0
 62
7
370
13
100
AcDbLine
 10
9.999999999999954
 20
-0.8
 30
0.0
 11
10.15
 21
-0.8
 31
0.0
  0
MTEXT
  5
1B0
330
1A6
100
AcDbEntity
  8
E-COTA
 62
7
100
AcDbMText
 10
10.074999999999978
 20
-0.7325
 30
0.0
 40
0.045000000000000005
 71
5
  1
0.15
  7
ARIAL
  0
POINT
  5
1B1
330
1A6
100
AcDbEntity
  8
Defpoints
100
AcDbPoint
 10
9.999999999999954
 20
-0.8
 30
0.0
  0
POINT
  5
1B2
330
1A6
100
AcDbEntity
  8
Defpoints
100
AcDbPoint
 10
9.999999999999954
 20
-0.15
 30
0.0
  0
POINT
  5
1B3
330
1A6
100
AcDbEntity
  8
Defpoints
100
AcDbPoint
 10
10.15
 20
-0.15
 30
0.0
  0
ENDBLK
  5
1A8
330
1A6
100
AcDbEntity
  8
0
100
AcDbBlockEnd
  0
BLOCK
  5
1B6
330
1B5
100
AcDbEntity
  8
0
100
AcDbBlockBegin
  2
*D6
 70
1
 10
0.0
 20
0.0
 30
0.0
  3
*D6
  1

  0
LINE
  5
1B8
330
1B5
100
AcDbEntity
  8
0
 62
7
370
13
100
AcDbLine
 10
7.300000000000071
 20
2.3849583007815722
 30
0.0
 11
7.300000000000071
 21
2.88
 31
0.0
  0
LINE
  5
1B9
330
1B5
100
AcDbEntity
  8
0
 62
7
370
13
100
AcDbLine
 10
8.900000000000075
 20
2.3849583007815722
 30
0.0
 11
8.900000000000075
 21
2.88
 31
0.0
  0
INSERT
  5
1BA
330
1B5
100
AcDbEntity
  8
E-COTA
 62
7
100
AcDbBlockReference
  2
_OBLIQUE
 10
7.300000000000071
 20
2.85
 30
0.0
 41
0.05
 42
0.05
  0
INSERT
  5
1BC
330
1B5
100
AcDbEntity
  8
E-COTA
 62
7
100
AcDbBlockReference
  2
_OBLIQUE
 10
8.900000000000075
 20
2.85
 30
0.0
 41
0.05
 42
0.05
  0
LINE
  5
1BE
330
1B5
100
AcDbEntity
  8
0
 62
7
370
13
100
AcDbLine
 10
7.300000000000071
 20
2.85
 30
0.0
 11
8.900000000000075
 21
2.85
 31
0.0
  0
MTEXT
  5
1BF
330
1B5
100
AcDbEntity
  8
E-COTA
 62
7
100
AcDbMText
 10
8.100000000000072
 20
2.8875
 30
0.0
 40
0.045000000000000005
 71
5
  1
6 p. @ .267 = 1.60
  7
ARIAL
  0
POINT
  5
1C0
330
1B5
100
AcDbEntity
  8
Defpoints
100
AcDbPoint
 10
7.300000000000071
 20
2.85
 30
0.0
  0
POINT
  5
1C1
330
1B5
100
AcDbEntity
  8
Defpoints
100
AcDbPoint
 10
7.300000000000071
 20
2.364958300781572
 30
0.0
  0
POINT
  5
1C2
330
1B5
100
AcDbEntity
  8
Defpoints
100
AcDbPoint
 10
8.900000000000075
 20
2.364958300781572
 30
0.0
  0
ENDBLK
  5
1B7
330
1B5
100
AcDbEntity
  8
0
100
AcDbBlockEnd
  0
BLOCK
  5
1C5
330
1C4
100
AcDbEntity
  8
0
100
AcDbBlockBegin
  2
*D7
 70
1
 10
0.0
 20
0.0
 30
0.0
  3
*D7
  1

  0
LINE
  5
1C7
330
1C4
100
AcDbEntity
  8
0
 62
7
370
13
100
AcDbLine
 10
10.17
 20
0.14995830078156952
 30
0.0
 11
10.649999999999999
 21
0.14995830078156952
 31
0.0
  0
LINE
  5
1C8
330
1C4
100
AcDbEntity
  8
0
 62
7
370
13
100
AcDbLine
 10
10.17
 20
1.2499583007815738
 30
0.0
 11
10.649999999999999
 21
1.2499583007815738
 31
0.0
  0
INSERT
  5
1C9
330
1C4
100
AcDbEntity
  8
E-COTA
 62
7
100
AcDbBlockReference
  2
_OBLIQUE
 10
10.62
 20
0.14995830078156952
 30
0.0
 41
0.05
 42
0.05
 50
90.0
  0
INSERT
  5
1CB
330
1C4
100
AcDbEntity
  8
E-COTA
 62
7
100
AcDbBlockReference
  2
_OBLIQUE
 10
10.62
 20
1.2499583007815738
 30
0.0
 41
0.05
 42
0.05
 50
90.0
  0
LINE
  5
1CD
330
1C4
100
AcDbEntity
  8
0
 62
7
370
13
100
AcDbLine
 10
10.62
 20
0.14995830078156952
 30
0.0
 11
10.62
 21
1.2499583007815738
 31
0.0
  0
MTEXT
  5
1CE
330
1C4
100
AcDbEntity
  8
E-COTA
 62
7
100
AcDbMText
 10
10.5825
 20
0.6999583007815717
 30
0.0
 40
0.045000000000000005
 71
5
  1
1.10
  7
ARIAL
 50
90.0
  0
POINT
  5
1CF
330
1C4
100
AcDbEntity
  8
Defpoints
100
AcDbPoint
 10
10.62
 20
0.14995830078156952
 30
0.0
  0
POINT
  5
1D0
330
1C4
100
AcDbEntity
  8
Defpoints
100
AcDbPoint
 10
10.15
 20
0.14995830078156952
 30
0.0
  0
POINT
  5
1D1
330
1C4
100
AcDbEntity
  8
Defpoints
100
AcDbPoint
 10
10.15
 20
1.2499583007815738
 30
0.0
  0
ENDBLK
  5
1C6
330
1C4
100
AcDbEntity
  8
0
100
AcDbBlockEnd
  0
BLOCK
  5
1D4
330
1D3
100
AcDbEntity
  8
0
100
AcDbBlockBegin
  2
*D8
 70
1
 10
0.0
 20
0.0
 30
0.0
  3
*D8
  1

  0
LINE
  5
1D6
330
1D3
100
AcDbEntity
  8
0
 62
7
370
13
100
AcDbLine
 10
10.17
 20
1.2649583007815712
 30
0.0
 11
10.649999999999999
 21
1.2649583007815712
 31
0.0
  0
LINE
  5
1D7
330
1D3
100
AcDbEntity
  8
0
 62
7
370
13
100
AcDbLine
 10
10.17
 20
2.364958300781572
 30
0.0
 11
10.649999999999999
 21
2.364958300781572
 31
0.0
  0
INSERT
  5
1D8
330
1D3
100
AcDbEntity
  8
E-COTA
 62
7
100
AcDbBlockReference
  2
_OBLIQUE
 10
10.62
 20
1.2649583007815712
 30
0.0
 41
0.05
 42
0.05
 50
90.0
  0
INSERT
  5
1DA
330
1D3
100
AcDbEntity
  8
E-COTA
 62
7
100
AcDbBlockReference
  2
_OBLIQUE
 10
10.62
 20
2.364958300781572
 30
0.0
 41
0.05
 42
0.05
 50
90.0
  0
LINE
  5
1DC
330
1D3
100
AcDbEntity
  8
0
 62
7
370
13
100
AcDbLine
 10
10.62
 20
1.2649583007815712
 30
0.0
 11
10.62
 21
2.364958300781572
 31
0.0
  0
MTEXT
  5
1DD
330
1D3
100
AcDbEntity
  8
E-COTA
 62
7
100
AcDbMText
 10
10.5825
 20
1.8149583007815717
 30
0.0
 40
0.045000000000000005
 71
5
  1
1.10
  7
ARIAL
 50
90.0
  0
POINT
  5
1DE
330
1D3
100
AcDbEntity
  8
Defpoints
100
AcDbPoint
 10
10.62
 20
1.2649583007815712
 30
0.0
  0
POINT
  5
1DF
330
1D3
100
AcDbEntity
  8
Defpoints
100
AcDbPoint
 10
10.15
 20
1.2649583007815712
 30
0.0
  0
POINT
  5
1E0
330
1D3
100
AcDbEntity
  8
Defpoints
100
AcDbPoint
 10
10.15
 20
2.364958300781572
 30
0.0
  0
ENDBLK
  5
1D5
330
1D3
100
AcDbEntity
  8
0
100
AcDbBlockEnd
  0
BLOCK
  5
1E3
330
1E2
100
AcDbEntity
  8
0
100
AcDbBlockBegin
  2
*D9
 70
1
 10
0.0
 20
0.0
 30
0.0
  3
*D9
  1

  0
LINE
  5
1E5
330
1E2
100
AcDbEntity
  8
0
 62
7
370
13
100
AcDbLine
 10
10.17
 20
0.14995830078157096
 30
0.0
 11
10.93
 21
0.14995830078157096
 31
0.0
  0
LINE
  5
1E6
330
1E2
100
AcDbEntity
  8
0
 62
7
370
13
100
AcDbLine
 10
10.17
 20
2.3649583007815704
 30
0.0
 11
10.93
 21
2.3649583007815704
 31
0.0
  0
INSERT
  5
1E7
330
1E2
100
AcDbEntity
  8
E-COTA
 62
7
100
AcDbBlockReference
  2
_OBLIQUE
 10
10.9
 20
0.14995830078157096
 30
0.0
 41
0.05
 42
0.05
 50
90.0
  0
INSERT
  5
1E9
330
1E2
100
AcDbEntity
  8
E-COTA
 62
7
100
AcDbBlockReference
  2
_OBLIQUE
 10
10.9
 20
2.3649583007815704
 30
0.0
 41
0.05
 42
0.05
 50
90.0
  0
LINE
  5
1EB
330
1E2
100
AcDbEntity
  8
0
 62
7
370
13
100
AcDbLine
 10
10.9
 20
0.14995830078157096
 30
0.0
 11
10.9
 21
2.3649583007815704
 31
0.0
  0
MTEXT
  5
1EC
330
1E2
100
AcDbEntity
  8
E-COTA
 62
7
100
AcDbMText
 10
10.8625
 20
1.2574583007815707
 30
0.0
 40
0.045000000000000005
 71
5
  1
2.215
  7
ARIAL
 50
90.0
  0
POINT
  5
1ED
330
1E2
100
AcDbEntity
  8
Defpoints
100
AcDbPoint
 10
10.9
 20
0.14995830078157096
 30
0.0
  0
POINT
  5
1EE
330
1E2
100
AcDbEntity
  8
Defpoints
100
AcDbPoint
 10
10.15
 20
0.14995830078157096
 30
0.0
  0
POINT
  5
1EF
330
1E2
100
AcDbEntity
  8
Defpoints
100
AcDbPoint
 10
10.15
 20
2.3649583007815704
 30
0.0
  0
ENDBLK
  5
1E4
330
1E2
100
AcDbEntity
  8
0
100
AcDbBlockEnd
  0
BLOCK
  5
1F2
330
1F1
100
AcDbEntity
  8
0
100
AcDbBlockBegin
  2
*D10
 70
1
 10
0.0
 20
0.0
 30
0.0
  3
*D10
  1

  0
LINE
  5
1F4
330
1F1
100
AcDbEntity
  8
0
 62
7
370
13
100
AcDbLine
 10
10.17
 20
3.8581546245602195e-16
 30
0.0
 11
11.209999999999999
 21
3.8581546245602195e-16
 31
0.0
  0
LINE
  5
1F5
330
1F1
100
AcDbEntity
  8
0
 62
7
370
13
100
AcDbLine
 10
10.17
 20
2.51495830078157
 30
0.0
 11
11.209999999999999
 21
2.51495830078157
 31
0.0
  0
INSERT
  5
1F6
330
1F1
100
AcDbEntity
  8
E-COTA
 62
7
100
AcDbBlockReference
  2
_OBLIQUE
 10
11.18
 20
3.8581546245602195e-16
 30
0.0
 41
0.05
 42
0.05
 50
90.0
  0
INSERT
  5
1F8
330
1F1
100
AcDbEntity
  8
E-COTA
 62
7
100
AcDbBlockReference
  2
_OBLIQUE
 10
11.18
 20
2.51495830078157
 30
0.0
 41
0.05
 42
0.05
 50
90.0
  0
LINE
  5
1FA
330
1F1
100
AcDbEntity
  8
0
 62
7
370
13
100
AcDbLine
 10
11.18
 20
3.8581546245602195e-16
 30
0.0
 11
11.18
 21
2.51495830078157
 31
0.0
  0
MTEXT
  5
1FB
330
1F1
100
AcDbEntity
  8
E-COTA
 62
7
100
AcDbMText
 10
11.1425
 20
1.2574791503907852
 30
0.0
 40
0.045000000000000005
 71
5
  1
2.515
  7
ARIAL
 50
90.0
  0
POINT
  5
1FC
330
1F1
100
AcDbEntity
  8
Defpoints
100
AcDbPoint
 10
11.18
 20
3.8581546245602195e-16
 30
0.0
  0
POINT
  5
1FD
330
1F1
100
AcDbEntity
  8
Defpoints
100
AcDbPoint
 10
10.15
 20
3.8581546245602195e-16
 30
0.0
  0
POINT
  5
1FE
330
1F1
100
AcDbEntity
  8
Defpoints
100
AcDbPoint
 10
10.15
 20
2.51495830078157
 30
0.0
  0
ENDBLK
  5
1F3
330
1F1
100
AcDbEntity
  8
0
100
AcDbBlockEnd
  0
BLOCK
  5
362
330
361
100
AcDbEntity
  8
0
100
AcDbBlockBegin
  2
*D11
 70
1
 10
0.0
 20
0.0
 30
0.0
  3
*D11
  1

  0
LINE
  5
364
330
361
100
AcDbEntity
  8
0
 62
7
370
13
100
AcDbLine
 10
6.100000000000073
 20
20.12995830078157
 30
0.0
 11
6.100000000000073
 21
19.47
 31
0.0
  0
LINE
  5
365
330
361
100
AcDbEntity
  8
0
 62
7
370
13
100
AcDbLine
 10
7.300000000000072
 20
20.12995830078157
 30
0.0
 11
7.300000000000072
 21
19.47
 31
0.0
  0
INSERT
  5
366
330
361
100
AcDbEntity
  8
E-COTA
 62
7
100
AcDbBlockReference
  2
_OBLIQUE
 10
6.100000000000073
 20
19.5
 30
0.0
 41
0.05
 42
0.05
  0
INSERT
  5
368
330
361
100
AcDbEntity
  8
E-COTA
 62
7
100
AcDbBlockReference
  2
_OBLIQUE
 10
7.300000000000072
 20
19.5
 30
0.0
 41
0.05
 42
0.05
  0
LINE
  5
36A
330
361
100
AcDbEntity
  8
0
 62
7
370
13
100
AcDbLine
 10
6.100000000000073
 20
19.5
 30
0.0
 11
7.300000000000072
 21
19.5
 31
0.0
  0
MTEXT
  5
36B
330
361
100
AcDbEntity
  8
E-COTA
 62
7
100
AcDbMText
 10
6.700000000000072
 20
19.5375
 30
0.0
 40
0.045000000000000005
 71
5
  1
1.20
  7
ARIAL
  0
POINT
  5
36C
330
361
100
AcDbEntity
  8
Defpoints
100
AcDbPoint
 10
6.100000000000073
 20
19.5
 30
0.0
  0
POINT
  5
36D
330
361
100
AcDbEntity
  8
Defpoints
100
AcDbPoint
 10
6.100000000000073
 20
20.14995830078157
 30
0.0
  0
POINT
  5
36E
330
361
100
AcDbEntity
  8
Defpoints
100
AcDbPoint
 10
7.300000000000072
 20
20.14995830078157
 30
0.0
  0
ENDBLK
  5
363
330
361
100
AcDbEntity
  8
0
100
AcDbBlockEnd
  0
BLOCK
  5
371
330
370
100
AcDbEntity
  8
0
100
AcDbBlockBegin
  2
*D12
 70
1
 10
0.0
 20
0.0
 30
0.0
  3
*D12
  1

  0
LINE
  5
373
330
370
100
AcDbEntity
  8
0
 62
7
370
13
100
AcDbLine
 10
7.300000000000072
 20
20.12995830078157
 30
0.0
 11
7.300000000000072
 21
19.47
 31
0.0
  0
LINE
  5
374
330
370
100
AcDbEntity
  8
0
 62
7
370
13
100
AcDbLine
 10
9.050000000000074
 20
20.12995830078157
 30
0.0
 11
9.050000000000074
 21
19.47
 31
0.0
  0
INSERT
  5
375
330
370
100
AcDbEntity
  8
E-COTA
 62
7
100
AcDbBlockReference
  2
_OBLIQUE
 10
7.300000000000072
 20
19.5
 30
0.0
 41
0.05
 42
0.05
  0
INSERT
  5
377
330
370
100
AcDbEntity
  8
E-COTA
 62
7
100
AcDbBlockReference
  2
_OBLIQUE
 10
9.050000000000074
 20
19.5
 30
0.0
 41
0.05
 42
0.05
  0
LINE
  5
379
330
370
100
AcDbEntity
  8
0
 62
7
370
13
100
AcDbLine
 10
7.300000000000072
 20
19.5
 30
0.0
 11
9.050000000000074
 21
19.5
 31
0.0
  0
MTEXT
  5
37A
330
370
100
AcDbEntity
  8
E-COTA
 62
7
100
AcDbMText
 10
8.175000000000072
 20
19.5375
 30
0.0
 40
0.045000000000000005
 71
5
  1
7 p. @ .25 = 1.75
  7
ARIAL
  0
POINT
  5
37B
330
370
100
AcDbEntity
  8
Defpoints
100
AcDbPoint
 10
7.300000000000072
 20
19.5
 30
0.0
  0
POINT
  5
37C
330
370
100
AcDbEntity
  8
Defpoints
100
AcDbPoint
 10
7.300000000000072
 20
20.14995830078157
 30
0.0
  0
POINT
  5
37D
330
370
100
AcDbEntity
  8
Defpoints
100
AcDbPoint
 10
9.050000000000074
 20
20.14995830078157
 30
0.0
  0
ENDBLK
  5
372
330
370
100
AcDbEntity
  8
0
100
AcDbBlockEnd
  0
BLOCK
  5
380
330
37F
100
AcDbEntity
  8
0
100
AcDbBlockBegin
  2
*D13
 70
1
 10
0.0
 20
0.0
 30
0.0
  3
*D13
  1

  0
LINE
  5
382
330
37F
100
AcDbEntity
  8
0
 62
7
370
13
100
AcDbLine
 10
9.050000000000074
 20
20.12995830078157
 30
0.0
 11
9.050000000000074
 21
19.47
 31
0.0
  0
LINE
  5
383
330
37F
100
AcDbEntity
  8
0
 62
7
370
13
100
AcDbLine
 10
10.150000000000073
 20
20.12995830078157
 30
0.0
 11
10.150000000000073
 21
19.47
 31
0.0
  0
INSERT
  5
384
330
37F
100
AcDbEntity
  8
E-COTA
 62
7
100
AcDbBlockReference
  2
_OBLIQUE
 10
9.050000000000074
 20
19.5
 30
0.0
 41
0.05
 42
0.05
  0
INSERT
  5
386
330
37F
100
AcDbEntity
  8
E-COTA
 62
7
100
AcDbBlockReference
  2
_OBLIQUE
 10
10.150000000000073
 20
19.5
 30
0.0
 41
0.05
 42
0.05
  0
LINE
  5
388
330
37F
100
AcDbEntity
  8
0
 62
7
370
13
100
AcDbLine
 10
9.050000000000074
 20
19.5
 30
0.0
 11
10.150000000000073
 21
19.5
 31
0.0
  0
MTEXT
  5
389
330
37F
100
AcDbEntity
  8
E-COTA
 62
7
100
AcDbMText
 10
9.600000000000072
 20
19.5375
 30
0.0
 40
0.045000000000000005
 71
5
  1
1.10
  7
ARIAL
  0
POINT
  5
38A
330
37F
100
AcDbEntity
  8
Defpoints
100
AcDbPoint
 10
9.050000000000074
 20
19.5
 30
0.0
  0
POINT
  5
38B
330
37F
100
AcDbEntity
  8
Defpoints
100
AcDbPoint
 10
9.050000000000074
 20
20.14995830078157
 30
0.0
  0
POINT
  5
38C
330
37F
100
AcDbEntity
  8
Defpoints
100
AcDbPoint
 10
10.150000000000073
 20
20.14995830078157
 30
0.0
  0
ENDBLK
  5
381
330
37F
100
AcDbEntity
  8
0
100
AcDbBlockEnd
  0
BLOCK
  5
38F
330
38E
100
AcDbEntity
  8
0
100
AcDbBlockBegin
  2
*D14
 70
1
 10
0.0
 20
0.0
 30
0.0
  3
*D14
  1

  0
LINE
  5
391
330
38E
100
AcDbEntity
  8
0
 62
7
370
13
100
AcDbLine
 10
6.1
 20
19.830000000000002
 30
0.0
 11
6.1
 21
19.169999999999998
 31
0.0
  0
LINE
  5
392
330
38E
100
AcDbEntity
  8
0
 62
7
370
13
100
AcDbLine
 10
6.3999999999999595
 20
19.830000000000002
 30
0.0
 11
6.3999999999999595
 21
19.169999999999998
 31
0.0
  0
INSERT
  5
393
330
38E
100
AcDbEntity
  8
E-COTA
 62
7
100
AcDbBlockReference
  2
_OBLIQUE
 10
6.1
 20
19.2
 30
0.0
 41
0.05
 42
0.05
  0
INSERT
  5
395
330
38E
100
AcDbEntity
  8
E-COTA
 62
7
100
AcDbBlockReference
  2
_OBLIQUE
 10
6.3999999999999595
 20
19.2
 30
0.0
 41
0.05
 42
0.05
  0
LINE
  5
397
330
38E
100
AcDbEntity
  8
0
 62
7
370
13
100
AcDbLine
 10
6.1
 20
19.2
 30
0.0
 11
6.3999999999999595
 21
19.2
 31
0.0
  0
MTEXT
  5
398
330
38E
100
AcDbEntity
  8
E-COTA
 62
7
100
AcDbMText
 10
6.24999999999998
 20
19.2375
 30
0.0
 40
0.045000000000000005
 71
5
  1
0.30
  7
ARIAL
  0
POINT
  5
399
330
38E
100
AcDbEntity
  8
Defpoints
100
AcDbPoint
 10
6.1
 20
19.2
 30
0.0
  0
POINT
  5
39A
330
38E
100
AcDbEntity
  8
Defpoints
100
AcDbPoint
 10
6.1
 20
19.85
 30
0.0
  0
POINT
  5
39B
330
38E
100
AcDbEntity
  8
Defpoints
100
AcDbPoint
 10
6.3999999999999595
 20
19.85
 30
0.0
  0
ENDBLK
  5
390
330
38E
100
AcDbEntity
  8
0
100
AcDbBlockEnd
  0
BLOCK
  5
39E
330
39D
100
AcDbEntity
  8
0
100
AcDbBlockBegin
  2
*D15
 70
1
 10
0.0
 20
0.0
 30
0.0
  3
*D15
  1

  0
LINE
  5
3A0
330
39D
100
AcDbEntity
  8
0
 62
7
370
13
100
AcDbLine
 10
6.3999999999999595
 20
19.830000000000002
 30
0.0
 11
6.3999999999999595
 21
19.169999999999998
 31
0.0
  0
LINE
  5
3A1
330
39D
100
AcDbEntity
  8
0
 62
7
370
13
100
AcDbLine
 10
9.999999999999954
 20
19.830000000000002
 30
0.0
 11
9.999999999999954
 21
19.169999999999998
 31
0.0
  0
INSERT
  5
3A2
330
39D
100
AcDbEntity
  8
E-COTA
 62
7
100
AcDbBlockReference
  2
_OBLIQUE
 10
6.3999999999999595
 20
19.2
 30
0.0
 41
0.05
 42
0.05
  0
INSERT
  5
3A4
330
39D
100
AcDbEntity
  8
E-COTA
 62
7
100
AcDbBlockReference
  2
_OBLIQUE
 10
9.999999999999954
 20
19.2
 30
0.0
 41
0.05
 42
0.05
  0
LINE
  5
3A6
330
39D
100
AcDbEntity
  8
0
 62
7
370
13
100
AcDbLine
 10
6.3999999999999595
 20
19.2
 30
0.0
 11
9.999999999999954
 21
19.2
 31
0.0
  0
MTEXT
  5
3A7
330
39D
100
AcDbEntity
  8
E-COTA
 62
7
100
AcDbMText
 10
8.199999999999957
 20
19.2375
 30
0.0
 40
0.045000000000000005
 71
5
  1
3.60
  7
ARIAL
  0
POINT
  5
3A8
330
39D
100
AcDbEntity
  8
Defpoints
100
AcDbPoint
 10
6.3999999999999595
 20
19.2
 30
0.0
  0
POINT
  5
3A9
330
39D
100
AcDbEntity
  8
Defpoints
100
AcDbPoint
 10
6.3999999999999595
 20
19.85
 30
0.0
  0
POINT
  5
3AA
330
39D
100
AcDbEntity
  8
Defpoints
100
AcDbPoint
 10
9.999999999999954
 20
19.85
 30
0.0
  0
ENDBLK
  5
39F
330
39D
100
AcDbEntity
  8
0
100
AcDbBlockEnd
  0
BLOCK
  5
3AD
330
3AC
100
AcDbEntity
  8
0
100
AcDbBlockBegin
  2
*D16
 70
1
 10
0.0
 20
0.0
 30
0.0
  3
*D16
  1

  0
LINE
  5
3AF
330
3AC
100
AcDbEntity
  8
0
 62
7
370
13
100
AcDbLine
 10
9.999999999999954
 20
19.830000000000002
 30
0.0
 11
9.999999999999954
 21
19.169999999999998
 31
0.0
  0
LINE
  5
3B0
330
3AC
100
AcDbEntity
  8
0
 62
7
370
13
100
AcDbLine
 10
10.15
 20
19.830000000000002
 30
0.0
 11
10.15
 21
19.169999999999998
 31
0.0
  0
INSERT
  5
3B1
330
3AC
100
AcDbEntity
  8
E-COTA
 62
7
100
AcDbBlockReference
  2
_OBLIQUE
 10
9.999999999999954
 20
19.2
 30
0.0
 41
0.05
 42
0.05
  0
INSERT
  5
3B3
330
3AC
100
AcDbEntity
  8
E-COTA
 62
7
100
AcDbBlockReference
  2
_OBLIQUE
 10
10.15
 20
19.2
 30
0.0
 41
0.05
 42
0.05
  0
LINE
  5
3B5
330
3AC
100
AcDbEntity
  8
0
 62
7
370
13
100
AcDbLine
 10
9.999999999999954
 20
19.2
 30
0.0
 11
10.15
 21
19.2
 31
0.0
  0
MTEXT
  5
3B6
330
3AC
100
AcDbEntity
  8
E-COTA
 62
7
100
AcDbMText
 10
10.074999999999978
 20
19.2675
 30
0.0
 40
0.045000000000000005
 71
5
  1
0.15
  7
ARIAL
  0
POINT
  5
3B7
330
3AC
100
AcDbEntity
  8
Defpoints
100
AcDbPoint
 10
9.999999999999954
 20
19.2
 30
0.0
  0
POINT
  5
3B8
330
3AC
100
AcDbEntity
  8
Defpoints
100
AcDbPoint
 10
9.999999999999954
 20
19.85
 30
0.0
  0
POINT
  5
3B9
330
3AC
100
AcDbEntity
  8
Defpoints
100
AcDbPoint
 10
10.15
 20
19.85
 30
0.0
  0
ENDBLK
  5
3AE
330
3AC
100
AcDbEntity
  8
0
100
AcDbBlockEnd
  0
BLOCK
  5
3BC
330
3BB
100
AcDbEntity
  8
0
100
AcDbBlockBegin
  2
*D17
 70
1
 10
0.0
 20
0.0
 30
0.0
  3
*D17
  1

  0
LINE
  5
3BE
330
3BB
100
AcDbEntity
  8
0
 62
7
370
13
100
AcDbLine
 10
7.300000000000071
 20
22.384958300781573
 30
0.0
 11
7.300000000000071
 21
22.880000000000003
 31
0.0
  0
LINE
  5
3BF
330
3BB
100
AcDbEntity
  8
0
 62
7
370
13
100
AcDbLine
 10
9.050000000000074
 20
22.384958300781573
 30
0.0
 11
9.050000000000074
 21
22.880000000000003
 31
0.0
  0
INSERT
  5
3C0
330
3BB
100
AcDbEntity
  8
E-COTA
 62
7
100
AcDbBlockReference
  2
_OBLIQUE
 10
7.300000000000071
 20
22.85
 30
0.0
 41
0.05
 42
0.05
  0
INSERT
  5
3C2
330
3BB
100
AcDbEntity
  8
E-COTA
 62
7
100
AcDbBlockReference
  2
_OBLIQUE
 10
9.050000000000074
 20
22.85
 30
0.0
 41
0.05
 42
0.05
  0
LINE
  5
3C4
330
3BB
100
AcDbEntity
  8
0
 62
7
370
13
100
AcDbLine
 10
7.300000000000071
 20
22.85
 30
0.0
 11
9.050000000000074
 21
22.85
 31
0.0
  0
MTEXT
  5
3C5
330
3BB
100
AcDbEntity
  8
E-COTA
 62
7
100
AcDbMText
 10
8.175000000000072
 20
22.887500000000003
 30
0.0
 40
0.045000000000000005
 71
5
  1
7 p. @ .250 = 1.75
  7
ARIAL
  0
POINT
  5
3C6
330
3BB
100
AcDbEntity
  8
Defpoints
100
AcDbPoint
 10
7.300000000000071
 20
22.85
 30
0.0
  0
POINT
  5
3C7
330
3BB
100
AcDbEntity
  8
Defpoints
100
AcDbPoint
 10
7.300000000000071
 20
22.364958300781574
 30
0.0
  0
POINT
  5
3C8
330
3BB
100
AcDbEntity
  8
Defpoints
100
AcDbPoint
 10
9.050000000000074
 20
22.364958300781574
 30
0.0
  0
ENDBLK
  5
3BD
330
3BB
100
AcDbEntity
  8
0
100
AcDbBlockEnd
  0
BLOCK
  5
3CB
330
3CA
100
AcDbEntity
  8
0
100
AcDbBlockBegin
  2
*D18
 70
1
 10
0.0
 20
0.0
 30
0.0
  3
*D18
  1

  0
LINE
  5
3CD
330
3CA
100
AcDbEntity
  8
0
 62
7
370
13
100
AcDbLine
 10
10.17
 20
20.14995830078157
 30
0.0
 11
10.649999999999999
 21
20.14995830078157
 31
0.0
  0
LINE
  5
3CE
330
3CA
100
AcDbEntity
  8
0
 62
7
370
13
100
AcDbLine
 10
10.17
 20
21.24995830078157
 30
0.0
 11
10.649999999999999
 21
21.24995830078157
 31
0.0
  0
INSERT
  5
3CF
330
3CA
100
AcDbEntity
  8
E-COTA
 62
7
100
AcDbBlockReference
  2
_OBLIQUE
 10
10.62
 20
20.14995830078157
 30
0.0
 41
0.05
 42
0.05
 50
90.0
  0
INSERT
  5
3D1
330
3CA
100
AcDbEntity
  8
E-COTA
 62
7
100
AcDbBlockReference
  2
_OBLIQUE
 10
10.62
 20
21.24995830078157
 30
0.0
 41
0.05
 42
0.05
 50
90.0
  0
LINE
  5
3D3
330
3CA
100
AcDbEntity
  8
0
 62
7
370
13
100
AcDbLine
 10
10.62
 20
20.14995830078157
 30
0.0
 11
10.62
 21
21.24995830078157
 31
0.0
  0
MTEXT
  5
3D4
330
3CA
100
AcDbEntity
  8
E-COTA
 62
7
100
AcDbMText
 10
10.5825
 20
20.69995830078157
 30
0.0
 40
0.045000000000000005
 71
5
  1
1.10
  7
ARIAL
 50
90.0
  0
POINT
  5
3D5
330
3CA
100
AcDbEntity
  8
Defpoints
100
AcDbPoint
 10
10.62
 20
20.14995830078157
 30
0.0
  0
POINT
  5
3D6
330
3CA
100
AcDbEntity
  8
Defpoints
100
AcDbPoint
 10
10.15
 20
20.14995830078157
 30
0.0
  0
POINT
  5
3D7
330
3CA
100
AcDbEntity
  8
Defpoints
100
AcDbPoint
 10
10.15
 20
21.24995830078157
 30
0.0
  0
ENDBLK
  5
3CC
330
3CA
100
AcDbEntity
  8
0
100
AcDbBlockEnd
  0
BLOCK
  5
3DA
330
3D9
100
AcDbEntity
  8
0
100
AcDbBlockBegin
  2
*D19
 70
1
 10
0.0
 20
0.0
 30
0.0
  3
*D19
  1

  0
LINE
  5
3DC
330
3D9
100
AcDbEntity
  8
0
 62
7
370
13
100
AcDbLine
 10
10.17
 20
21.26495830078157
 30
0.0
 11
10.649999999999999
 21
21.26495830078157
 31
0.0
  0
LINE
  5
3DD
330
3D9
100
AcDbEntity
  8
0
 62
7
370
13
100
AcDbLine
 10
10.17
 20
22.364958300781574
 30
0.0
 11
10.649999999999999
 21
22.364958300781574
 31
0.0
  0
INSERT
  5
3DE
330
3D9
100
AcDbEntity
  8
E-COTA
 62
7
100
AcDbBlockReference
  2
_OBLIQUE
 10
10.62
 20
21.26495830078157
 30
0.0
 41
0.05
 42
0.05
 50
90.0
  0
INSERT
  5
3E0
330
3D9
100
AcDbEntity
  8
E-COTA
 62
7
100
AcDbBlockReference
  2
_OBLIQUE
 10
10.62
 20
22.364958300781574
 30
0.0
 41
0.05
 42
0.05
 50
90.0
  0
LINE
  5
3E2
330
3D9
100
AcDbEntity
  8
0
 62
7
370
13
100
AcDbLine
 10
10.62
 20
21.26495830078157
 30
0.0
 11
10.62
 21
22.364958300781574
 31
0.0
  0
MTEXT
  5
3E3
330
3D9
100
AcDbEntity
  8
E-COTA
 62
7
100
AcDbMText
 10
10.5825
 20
21.81495830078157
 30
0.0
 40
0.045000000000000005
 71
5
  1
1.10
  7
ARIAL
 50
90.0
  0
POINT
  5
3E4
330
3D9
100
AcDbEntity
  8
Defpoints
100
AcDbPoint
 10
10.62
 20
21.26495830078157
 30
0.0
  0
POINT
  5
3E5
330
3D9
100
AcDbEntity
  8
Defpoints
100
AcDbPoint
 10
10.15
 20
21.26495830078157
 30
0.0
  0
POINT
  5
3E6
330
3D9
100
AcDbEntity
  8
Defpoints
100
AcDbPoint
 10
10.15
 20
22.364958300781574
 30
0.0
  0
ENDBLK
  5
3DB
330
3D9
100
AcDbEntity
  8
0
100
AcDbBlockEnd
  0
BLOCK
  5
3E9
330
3E8
100
AcDbEntity
  8
0
100
AcDbBlockBegin
  2
*D20
 70
1
 10
0.0
 20
0.0
 30
0.0
  3
*D20
  1

  0
LINE
  5
3EB
330
3E8
100
AcDbEntity
  8
0
 62
7
370
13
100
AcDbLine
 10
10.17
 20
20.14995830078157
 30
0.0
 11
10.93
 21
20.14995830078157
 31
0.0
  0
LINE
  5
3EC
330
3E8
100
AcDbEntity
  8
0
 62
7
370
13
100
AcDbLine
 10
10.17
 20
22.36495830078157
 30
0.0
 11
10.93
 21
22.36495830078157
 31
0.0
  0
INSERT
  5
3ED
330
3E8
100
AcDbEntity
  8
E-COTA
 62
7
100
AcDbBlockReference
  2
_OBLIQUE
 10
10.9
 20
20.14995830078157
 30
0.0
 41
0.05
 42
0.05
 50
90.0
  0
INSERT
  5
3EF
330
3E8
100
AcDbEntity
  8
E-COTA
 62
7
100
AcDbBlockReference
  2
_OBLIQUE
 10
10.9
 20
22.36495830078157
 30
0.0
 41
0.05
 42
0.05
 50
90.0
  0
LINE
  5
3F1
330
3E8
100
AcDbEntity
  8
0
 62
7
370
13
100
AcDbLine
 10
10.9
 20
20.14995830078157
 30
0.0
 11
10.9
 21
22.36495830078157
 31
0.0
  0
MTEXT
  5
3F2
330
3E8
100
AcDbEntity
  8
E-COTA
 62
7
100
AcDbMText
 10
10.8625
 20
21.257458300781572
 30
0.0
 40
0.045000000000000005
 71
5
  1
2.215
  7
ARIAL
 50
90.0
  0
POINT
  5
3F3
330
3E8
100
AcDbEntity
  8
Defpoints
100
AcDbPoint
 10
10.9
 20
20.14995830078157
 30
0.0
  0
POINT
  5
3F4
330
3E8
100
AcDbEntity
  8
Defpoints
100
AcDbPoint
 10
10.15
 20
20.14995830078157
 30
0.0
  0
POINT
  5
3F5
330
3E8
100
AcDbEntity
  8
Defpoints
100
AcDbPoint
 10
10.15
 20
22.36495830078157
 30
0.0
  0
ENDBLK
  5
3EA
330
3E8
100
AcDbEntity
  8
0
100
AcDbBlockEnd
  0
BLOCK
  5
3F8
330
3F7
100
AcDbEntity
  8
0
100
AcDbBlockBegin
  2
*D21
 70
1
 10
0.0
 20
0.0
 30
0.0
  3
*D21
  1

  0
LINE
  5
3FA
330
3F7
100
AcDbEntity
  8
0
 62
7
370
13
100
AcDbLine
 10
10.17
 20
20.0
 30
0.0
 11
11.209999999999999
 21
20.0
 31
0.0
  0
LINE
  5
3FB
330
3F7
100
AcDbEntity
  8
0
 62
7
370
13
100
AcDbLine
 10
10.17
 20
22.51495830078157
 30
0.0
 11
11.209999999999999
 21
22.51495830078157
 31
0.0
  0
INSERT
  5
3FC
330
3F7
100
AcDbEntity
  8
E-COTA
 62
7
100
AcDbBlockReference
  2
_OBLIQUE
 10
11.18
 20
20.0
 30
0.0
 41
0.05
 42
0.05
 50
90.0
  0
INSERT
  5
3FE
330
3F7
100
AcDbEntity
  8
E-COTA
 62
7
100
AcDbBlockReference
  2
_OBLIQUE
 10
11.18
 20
22.51495830078157
 30
0.0
 41
0.05
 42
0.05
 50
90.0
  0
LINE
  5
400
330
3F7
100
AcDbEntity
  8
0
 62
7
370
13
100
AcDbLine
 10
11.18
 20
20.0
 30
0.0
 11
11.18
 21
22.51495830078157
 31
0.0
  0
MTEXT
  5
401
330
3F7
100
AcDbEntity
  8
E-COTA
 62
7
100
AcDbMText
 10
11.1425
 20
21.257479150390786
 30
0.0
 40
0.045000000000000005
 71
5
  1
2.515
  7
ARIAL
 50
90.0
  0
POINT
  5
402
330
3F7
100
AcDbEntity
  8
Defpoints
100
AcDbPoint
 10
11.18
 20
20.0
 30
0.0
  0
POINT
  5
403
330
3F7
100
AcDbEntity
  8
Defpoints
100
AcDbPoint
 10
10.15
 20
20.0
 30
0.0
  0
POINT
  5
404
330
3F7
100
AcDbEntity
  8
Defpoints
100
AcDbPoint
 10
10.15
 20
22.51495830078157
 30
0.0
  0
ENDBLK
  5
3F9
330
3F7
100
AcDbEntity
  8
0
100
AcDbBlockEnd
  0
BLOCK
  5
506
330
505
100
AcDbEntity
  8
0
100
AcDbBlockBegin
  2
*D22
 70
1
 10
0.0
 20
0.0
 30
0.0
  3
*D22
  1

  0
LINE
  5
508
330
505
100
AcDbEntity
  8
0
 62
7
370
13
100
AcDbLine
 10
10.76
 20
50.0
 30
0.0
 11
10.95
 21
50.0
 31
0.0
  0
LINE
  5
509
330
505
100
AcDbEntity
  8
0
 62
7
370
13
100
AcDbLine
 10
10.76
 20
52.02105263157895
 30
0.0
 11
10.95
 21
52.02105263157895
 31
0.0
  0
INSERT
  5
50A
330
505
100
AcDbEntity
  8
E-COTA
 62
7
100
AcDbBlockReference
  2
_OBLIQUE
 10
10.92
 20
50.0
 30
0.0
 41
0.05
 42
0.05
 50
90.0
  0
INSERT
  5
50C
330
505
100
AcDbEntity
  8
E-COTA
 62
7
100
AcDbBlockReference
  2
_OBLIQUE
 10
10.92
 20
52.02105263157895
 30
0.0
 41
0.05
 42
0.05
 50
90.0
  0
LINE
  5
50E
330
505
100
AcDbEntity
  8
0
 62
7
370
13
100
AcDbLine
 10
10.92
 20
50.0
 30
0.0
 11
10.92
 21
52.02105263157895
 31
0.0
  0
MTEXT
  5
50F
330
505
100
AcDbEntity
  8
E-COTA
 62
7
100
AcDbMText
 10
10.8825
 20
51.01052631578948
 30
0.0
 40
0.045000000000000005
 71
5
  1
12 cp @ .168 = 2.02
  7
ARIAL
 50
90.0
  0
POINT
  5
510
330
505
100
AcDbEntity
  8
Defpoints
100
AcDbPoint
 10
10.92
 20
50.0
 30
0.0
  0
POINT
  5
511
330
505
100
AcDbEntity
  8
Defpoints
100
AcDbPoint
 10
10.74
 20
50.0
 30
0.0
  0
POINT
  5
512
330
505
100
AcDbEntity
  8
Defpoints
100
AcDbPoint
 10
10.74
 20
52.02105263157895
 30
0.0
  0
ENDBLK
  5
507
330
505
100
AcDbEntity
  8
0
100
AcDbBlockEnd
  0
BLOCK
  5
515
330
514
100
AcDbEntity
  8
0
100
AcDbBlockBegin
  2
*D23
 70
1
 10
0.0
 20
0.0
 30
0.0
  3
*D23
  1

  0
LINE
  5
517
330
514
100
AcDbEntity
  8
0
 62
7
370
13
100
AcDbLine
 10
10.76
 20
52.02105263157895
 30
0.0
 11
10.95
 21
52.02105263157895
 31
0.0
  0
LINE
  5
518
330
514
100
AcDbEntity
  8
0
 62
7
370
13
100
AcDbLine
 10
10.76
 20
53.2
 30
0.0
 11
10.95
 21
53.2
 31
0.0
  0
INSERT
  5
519
330
514
100
AcDbEntity
  8
E-COTA
 62
7
100
AcDbBlockReference
  2
_OBLIQUE
 10
10.92
 20
52.02105263157895
 30
0.0
 41
0.05
 42
0.05
 50
90.0
  0
INSERT
  5
51B
330
514
100
AcDbEntity
  8
E-COTA
 62
7
100
AcDbBlockReference
  2
_OBLIQUE
 10
10.92
 20
53.2
 30
0.0
 41
0.05
 42
0.05
 50
90.0
  0
LINE
  5
51D
330
514
100
AcDbEntity
  8
0
 62
7
370
13
100
AcDbLine
 10
10.92
 20
52.02105263157895
 30
0.0
 11
10.92
 21
53.2
 31
0.0
  0
MTEXT
  5
51E
330
514
100
AcDbEntity
  8
E-COTA
 62
7
100
AcDbMText
 10
10.8825
 20
52.61052631578947
 30
0.0
 40
0.045000000000000005
 71
5
  1
7 cp @ .168 = 1.18
  7
ARIAL
 50
90.0
  0
POINT
  5
51F
330
514
100
AcDbEntity
  8
Defpoints
100
AcDbPoint
 10
10.92
 20
52.02105263157895
 30
0.0
  0
POINT
  5
520
330
514
100
AcDbEntity
  8
Defpoints
100
AcDbPoint
 10
10.74
 20
52.02105263157895
 30
0.0
  0
POINT
  5
521
330
514
100
AcDbEntity
  8
Defpoints
100
AcDbPoint
 10
10.74
 20
53.2
 30
0.0
  0
ENDBLK
  5
516
330
514
100
AcDbEntity
  8
0
100
AcDbBlockEnd
  0
BLOCK
  5
524
330
523
100
AcDbEntity
  8
0
100
AcDbBlockBegin
  2
*D24
 70
1
 10
0.0
 20
0.0
 30
0.0
  3
*D24
  1

  0
LINE
  5
526
330
523
100
AcDbEntity
  8
0
 62
7
370
13
100
AcDbLine
 10
10.76
 20
53.2
 30
0.0
 11
10.95
 21
53.2
 31
0.0
  0
LINE
  5
527
330
523
100
AcDbEntity
  8
0
 62
7
370
13
100
AcDbLine
 10
10.76
 20
54.5
 30
0.0
 11
10.95
 21
54.5
 31
0.0
  0
INSERT
  5
528
330
523
100
AcDbEntity
  8
E-COTA
 62
7
100
AcDbBlockReference
  2
_OBLIQUE
 10
10.92
 20
53.2
 30
0.0
 41
0.05
 42
0.05
 50
90.0
  0
INSERT
  5
52A
330
523
100
AcDbEntity
  8
E-COTA
 62
7
100
AcDbBlockReference
  2
_OBLIQUE
 10
10.92
 20
54.5
 30
0.0
 41
0.05
 42
0.05
 50
90.0
  0
LINE
  5
52C
330
523
100
AcDbEntity
  8
0
 62
7
370
13
100
AcDbLine
 10
10.92
 20
53.2
 30
0.0
 11
10.92
 21
54.5
 31
0.0
  0
MTEXT
  5
52D
330
523
100
AcDbEntity
  8
E-COTA
 62
7
100
AcDbMText
 10
10.8825
 20
53.85
 30
0.0
 40
0.045000000000000005
 71
5
  1
8 cp @ .163 = 1.30
  7
ARIAL
 50
90.0
  0
POINT
  5
52E
330
523
100
AcDbEntity
  8
Defpoints
100
AcDbPoint
 10
10.92
 20
53.2
 30
0.0
  0
POINT
  5
52F
330
523
100
AcDbEntity
  8
Defpoints
100
AcDbPoint
 10
10.74
 20
53.2
 30
0.0
  0
POINT
  5
530
330
523
100
AcDbEntity
  8
Defpoints
100
AcDbPoint
 10
10.74
 20
54.5
 30
0.0
  0
ENDBLK
  5
525
330
523
100
AcDbEntity
  8
0
100
AcDbBlockEnd
  0
BLOCK
  5
533
330
532
100
AcDbEntity
  8
0
100
AcDbBlockBegin
  2
*D25
 70
1
 10
0.0
 20
0.0
 30
0.0
  3
*D25
  1

  0
LINE
  5
535
330
532
100
AcDbEntity
  8
0
 62
7
370
13
100
AcDbLine
 10
6.100000000000075
 20
50.1884
 30
0.0
 11
6.100000000000075
 21
52.43
 31
0.0
  0
LINE
  5
536
330
532
100
AcDbEntity
  8
0
 62
7
370
13
100
AcDbLine
 10
8.900000000000079
 20
52.04105263157895
 30
0.0
 11
8.900000000000079
 21
52.43
 31
0.0
  0
INSERT
  5
537
330
532
100
AcDbEntity
  8
E-COTA
 62
7
100
AcDbBlockReference
  2
_OBLIQUE
 10
6.100000000000075
 20
52.4
 30
0.0
 41
0.05
 42
0.05
  0
INSERT
  5
539
330
532
100
AcDbEntity
  8
E-COTA
 62
7
100
AcDbBlockReference
  2
_OBLIQUE
 10
8.900000000000079
 20
52.4
 30
0.0
 41
0.05
 42
0.05
  0
LINE
  5
53B
330
532
100
AcDbEntity
  8
0
 62
7
370
13
100
AcDbLine
 10
6.100000000000075
 20
52.4
 30
0.0
 11
8.900000000000079
 21
52.4
 31
0.0
  0
MTEXT
  5
53C
330
532
100
AcDbEntity
  8
E-COTA
 62
7
100
AcDbMText
 10
7.500000000000076
 20
52.4375
 30
0.0
 40
0.045000000000000005
 71
5
  1
11 p @ .255 = 2.80
  7
ARIAL
  0
POINT
  5
53D
330
532
100
AcDbEntity
  8
Defpoints
100
AcDbPoint
 10
6.100000000000075
 20
52.4
 30
0.0
  0
POINT
  5
53E
330
532
100
AcDbEntity
  8
Defpoints
100
AcDbPoint
 10
6.100000000000075
 20
50.1684
 30
0.0
  0
POINT
  5
53F
330
532
100
AcDbEntity
  8
Defpoints
100
AcDbPoint
 10
8.900000000000079
 20
52.02105263157895
 30
0.0
  0
ENDBLK
  5
534
330
532
100
AcDbEntity
  8
0
100
AcDbBlockEnd
  0
BLOCK
  5
542
330
541
100
AcDbEntity
  8
0
100
AcDbBlockBegin
  2
*D26
 70
1
 10
0.0
 20
0.0
 30
0.0
  3
*D26
  1

  0
LINE
  5
544
330
541
100
AcDbEntity
  8
0
 62
7
370
13
100
AcDbLine
 10
8.900000000000079
 20
52.04105263157895
 30
0.0
 11
8.900000000000079
 21
52.43
 31
0.0
  0
LINE
  5
545
330
541
100
AcDbEntity
  8
0
 62
7
370
13
100
AcDbLine
 10
10.150000000000079
 20
52.04105263157895
 30
0.0
 11
10.150000000000079
 21
52.43
 31
0.0
  0
INSERT
  5
546
330
541
100
AcDbEntity
  8
E-COTA
 62
7
100
AcDbBlockReference
  2
_OBLIQUE
 10
8.900000000000079
 20
52.4
 30
0.0
 41
0.05
 42
0.05
  0
INSERT
  5
548
330
541
100
AcDbEntity
  8
E-COTA
 62
7
100
AcDbBlockReference
  2
_OBLIQUE
 10
10.150000000000079
 20
52.4
 30
0.0
 41
0.05
 42
0.05
  0
LINE
  5
54A
330
541
100
AcDbEntity
  8
0
 62
7
370
13
100
AcDbLine
 10
8.900000000000079
 20
52.4
 30
0.0
 11
10.150000000000079
 21
52.4
 31
0.0
  0
MTEXT
  5
54B
330
541
100
AcDbEntity
  8
E-COTA
 62
7
100
AcDbMText
 10
9.525000000000079
 20
52.4375
 30
0.0
 40
0.045000000000000005
 71
5
  1
descanso 1.25
  7
ARIAL
  0
POINT
  5
54C
330
541
100
AcDbEntity
  8
Defpoints
100
AcDbPoint
 10
8.900000000000079
 20
52.4
 30
0.0
  0
POINT
  5
54D
330
541
100
AcDbEntity
  8
Defpoints
100
AcDbPoint
 10
8.900000000000079
 20
52.02105263157895
 30
0.0
  0
POINT
  5
54E
330
541
100
AcDbEntity
  8
Defpoints
100
AcDbPoint
 10
10.150000000000079
 20
52.02105263157895
 30
0.0
  0
ENDBLK
  5
543
330
541
100
AcDbEntity
  8
0
100
AcDbBlockEnd
  0
BLOCK
  5
551
330
550
100
AcDbEntity
  8
0
100
AcDbBlockBegin
  2
*D27
 70
1
 10
0.0
 20
0.0
 30
0.0
  3
*D27
  1

  0
LINE
  5
553
330
550
100
AcDbEntity
  8
0
 62
7
370
13
100
AcDbLine
 10
6.100000000000073
 20
53.220000000000006
 30
0.0
 11
6.100000000000073
 21
54.89
 31
0.0
  0
LINE
  5
554
330
550
100
AcDbEntity
  8
0
 62
7
370
13
100
AcDbLine
 10
7.3000000000000735
 20
53.220000000000006
 30
0.0
 11
7.3000000000000735
 21
54.89
 31
0.0
  0
INSERT
  5
555
330
550
100
AcDbEntity
  8
E-COTA
 62
7
100
AcDbBlockReference
  2
_OBLIQUE
 10
6.100000000000073
 20
54.86
 30
0.0
 41
0.05
 42
0.05
  0
INSERT
  5
557
330
550
100
AcDbEntity
  8
E-COTA
 62
7
100
AcDbBlockReference
  2
_OBLIQUE
 10
7.3000000000000735
 20
54.86
 30
0.0
 41
0.05
 42
0.05
  0
LINE
  5
559
330
550
100
AcDbEntity
  8
0
 62
7
370
13
100
AcDbLine
 10
6.100000000000073
 20
54.86
 30
0.0
 11
7.3000000000000735
 21
54.86
 31
0.0
  0
MTEXT
  5
55A
330
550
100
AcDbEntity
  8
E-COTA
 62
7
100
AcDbMText
 10
6.700000000000074
 20
54.8975
 30
0.0
 40
0.045000000000000005
 71
5
  1
plataf. 1.20
  7
ARIAL
  0
POINT
  5
55B
330
550
100
AcDbEntity
  8
Defpoints
100
AcDbPoint
 10
6.100000000000073
 20
54.86
 30
0.0
  0
POINT
  5
55C
330
550
100
AcDbEntity
  8
Defpoints
100
AcDbPoint
 10
6.100000000000073
 20
53.2
 30
0.0
  0
POINT
  5
55D
330
550
100
AcDbEntity
  8
Defpoints
100
AcDbPoint
 10
7.3000000000000735
 20
53.2
 30
0.0
  0
ENDBLK
  5
552
330
550
100
AcDbEntity
  8
0
100
AcDbBlockEnd
  0
BLOCK
  5
560
330
55F
100
AcDbEntity
  8
0
100
AcDbBlockBegin
  2
*D28
 70
1
 10
0.0
 20
0.0
 30
0.0
  3
*D28
  1

  0
LINE
  5
562
330
55F
100
AcDbEntity
  8
0
 62
7
370
13
100
AcDbLine
 10
7.3000000000000735
 20
53.220000000000006
 30
0.0
 11
7.3000000000000735
 21
54.89
 31
0.0
  0
LINE
  5
563
330
55F
100
AcDbEntity
  8
0
 62
7
370
13
100
AcDbLine
 10
9.050000000000074
 20
54.52
 30
0.0
 11
9.050000000000074
 21
54.89
 31
0.0
  0
INSERT
  5
564
330
55F
100
AcDbEntity
  8
E-COTA
 62
7
100
AcDbBlockReference
  2
_OBLIQUE
 10
7.3000000000000735
 20
54.86
 30
0.0
 41
0.05
 42
0.05
  0
INSERT
  5
566
330
55F
100
AcDbEntity
  8
E-COTA
 62
7
100
AcDbBlockReference
  2
_OBLIQUE
 10
9.050000000000074
 20
54.86
 30
0.0
 41
0.05
 42
0.05
  0
LINE
  5
568
330
55F
100
AcDbEntity
  8
0
 62
7
370
13
100
AcDbLine
 10
7.3000000000000735
 20
54.86
 30
0.0
 11
9.050000000000074
 21
54.86
 31
0.0
  0
MTEXT
  5
569
330
55F
100
AcDbEntity
  8
E-COTA
 62
7
100
AcDbMText
 10
8.175000000000074
 20
54.8975
 30
0.0
 40
0.045000000000000005
 71
5
  1
7 p @ .25 = 1.75
  7
ARIAL
  0
POINT
  5
56A
330
55F
100
AcDbEntity
  8
Defpoints
100
AcDbPoint
 10
7.3000000000000735
 20
54.86
 30
0.0
  0
POINT
  5
56B
330
55F
100
AcDbEntity
  8
Defpoints
100
AcDbPoint
 10
7.3000000000000735
 20
53.2
 30
0.0
  0
POINT
  5
56C
330
55F
100
AcDbEntity
  8
Defpoints
100
AcDbPoint
 10
9.050000000000074
 20
54.5
 30
0.0
  0
ENDBLK
  5
561
330
55F
100
AcDbEntity
  8
0
100
AcDbBlockEnd
  0
BLOCK
  5
56F
330
56E
100
AcDbEntity
  8
0
100
AcDbBlockBegin
  2
*D29
 70
1
 10
0.0
 20
0.0
 30
0.0
  3
*D29
  1

  0
LINE
  5
571
330
56E
100
AcDbEntity
  8
0
 62
7
370
13
100
AcDbLine
 10
9.050000000000074
 20
54.52
 30
0.0
 11
9.050000000000074
 21
54.89
 31
0.0
  0
LINE
  5
572
330
56E
100
AcDbEntity
  8
0
 62
7
370
13
100
AcDbLine
 10
10.150000000000073
 20
54.52
 30
0.0
 11
10.150000000000073
 21
54.89
 31
0.0
  0
INSERT
  5
573
330
56E
100
AcDbEntity
  8
E-COTA
 62
7
100
AcDbBlockReference
  2
_OBLIQUE
 10
9.050000000000074
 20
54.86
 30
0.0
 41
0.05
 42
0.05
  0
INSERT
  5
575
330
56E
100
AcDbEntity
  8
E-COTA
 62
7
100
AcDbBlockReference
  2
_OBLIQUE
 10
10.150000000000073
 20
54.86
 30
0.0
 41
0.05
 42
0.05
  0
LINE
  5
577
330
56E
100
AcDbEntity
  8
0
 62
7
370
13
100
AcDbLine
 10
9.050000000000074
 20
54.86
 30
0.0
 11
10.150000000000073
 21
54.86
 31
0.0
  0
MTEXT
  5
578
330
56E
100
AcDbEntity
  8
E-COTA
 62
7
100
AcDbMText
 10
9.600000000000072
 20
54.8975
 30
0.0
 40
0.045000000000000005
 71
5
  1
desc. 1.10
  7
ARIAL
  0
POINT
  5
579
330
56E
100
AcDbEntity
  8
Defpoints
100
AcDbPoint
 10
9.050000000000074
 20
54.86
 30
0.0
  0
POINT
  5
57A
330
56E
100
AcDbEntity
  8
Defpoints
100
AcDbPoint
 10
9.050000000000074
 20
54.5
 30
0.0
  0
POINT
  5
57B
330
56E
100
AcDbEntity
  8
Defpoints
100
AcDbPoint
 10
10.150000000000073
 20
54.5
 30
0.0
  0
ENDBLK
  5
570
330
56E
100
AcDbEntity
  8
0
100
AcDbBlockEnd
  0
BLOCK
  5
57E
330
57D
100
AcDbEntity
  8
0
100
AcDbBlockBegin
  2
*D30
 70
1
 10
0.0
 20
0.0
 30
0.0
  3
*D30
  1

  0
LINE
  5
580
330
57D
100
AcDbEntity
  8
0
 62
7
370
13
100
AcDbLine
 10
7.118182
 20
50.862100000000005
 30
0.0
 11
7.118182
 21
50.9521
 31
0.0
  0
LINE
  5
581
330
57D
100
AcDbEntity
  8
0
 62
7
370
13
100
AcDbLine
 10
7.372727
 20
50.862100000000005
 30
0.0
 11
7.372727
 21
50.9521
 31
0.0
  0
INSERT
  5
582
330
57D
100
AcDbEntity
  8
E-COTA
 62
7
100
AcDbBlockReference
  2
_OBLIQUE
 10
7.118182
 20
50.9221
 30
0.0
 41
0.05
 42
0.05
  0
INSERT
  5
584
330
57D
100
AcDbEntity
  8
E-COTA
 62
7
100
AcDbBlockReference
  2
_OBLIQUE
 10
7.372727
 20
50.9221
 30
0.0
 41
0.05
 42
0.05
  0
LINE
  5
586
330
57D
100
AcDbEntity
  8
0
 62
7
370
13
100
AcDbLine
 10
7.118182
 20
50.9221
 30
0.0
 11
7.372727
 21
50.9221
 31
0.0
  0
MTEXT
  5
587
330
57D
100
AcDbEntity
  8
E-COTA
 62
7
100
AcDbMText
 10
7.2454545
 20
50.9896
 30
0.0
 40
0.045000000000000005
 71
5
  1
p=0.255
  7
ARIAL
  0
POINT
  5
588
330
57D
100
AcDbEntity
  8
Defpoints
100
AcDbPoint
 10
7.118182
 20
50.9221
 30
0.0
  0
POINT
  5
589
330
57D
100
AcDbEntity
  8
Defpoints
100
AcDbPoint
 10
7.118182
 20
50.8421
 30
0.0
  0
POINT
  5
58A
330
57D
100
AcDbEntity
  8
Defpoints
100
AcDbPoint
 10
7.372727
 20
50.8421
 30
0.0
  0
ENDBLK
  5
57F
330
57D
100
AcDbEntity
  8
0
100
AcDbBlockEnd
  0
BLOCK
  5
58D
330
58C
100
AcDbEntity
  8
0
100
AcDbBlockBegin
  2
*D31
 70
1
 10
0.0
 20
0.0
 30
0.0
  3
*D31
  1

  0
LINE
  5
58F
330
58C
100
AcDbEntity
  8
0
 62
7
370
13
100
AcDbLine
 10
7.098182
 20
50.6737
 30
0.0
 11
7.003182
 21
50.6737
 31
0.0
  0
LINE
  5
590
330
58C
100
AcDbEntity
  8
0
 62
7
370
13
100
AcDbLine
 10
7.098182
 20
50.8421
 30
0.0
 11
7.003182
 21
50.8421
 31
0.0
  0
INSERT
  5
591
330
58C
100
AcDbEntity
  8
E-COTA
 62
7
100
AcDbBlockReference
  2
_OBLIQUE
 10
7.033182
 20
50.6737
 30
0.0
 41
0.05
 42
0.05
 50
90.0
  0
INSERT
  5
593
330
58C
100
AcDbEntity
  8
E-COTA
 62
7
100
AcDbBlockReference
  2
_OBLIQUE
 10
7.033182
 20
50.8421
 30
0.0
 41
0.05
 42
0.05
 50
90.0
  0
LINE
  5
595
330
58C
100
AcDbEntity
  8
0
 62
7
370
13
100
AcDbLine
 10
7.033182
 20
50.6737
 30
0.0
 11
7.033182
 21
50.8421
 31
0.0
  0
MTEXT
  5
596
330
58C
100
AcDbEntity
  8
E-COTA
 62
7
100
AcDbMText
 10
6.965682
 20
50.7579
 30
0.0
 40
0.045000000000000005
 71
5
  1
cp=0.168
  7
ARIAL
 50
90.0
  0
POINT
  5
597
330
58C
100
AcDbEntity
  8
Defpoints
100
AcDbPoint
 10
7.033182
 20
50.6737
 30
0.0
  0
POINT
  5
598
330
58C
100
AcDbEntity
  8
Defpoints
100
AcDbPoint
 10
7.118182
 20
50.6737
 30
0.0
  0
POINT
  5
599
330
58C
100
AcDbEntity
  8
Defpoints
100
AcDbPoint
 10
7.118182
 20
50.8421
 30
0.0
  0
ENDBLK
  5
58E
330
58C
100
AcDbEntity
  8
0
100
AcDbBlockEnd
  0
BLOCK
  5
59C
330
59B
100
AcDbEntity
  8
0
100
AcDbBlockBegin
  2
*D32
 70
1
 10
0.0
 20
0.0
 30
0.0
  3
*D32
  1

  0
LINE
  5
59E
330
59B
100
AcDbEntity
  8
0
 62
7
370
13
100
AcDbLine
 10
7.8
 20
53.7075
 30
0.0
 11
7.8
 21
53.7975
 31
0.0
  0
LINE
  5
59F
330
59B
100
AcDbEntity
  8
0
 62
7
370
13
100
AcDbLine
 10
8.05
 20
53.7075
 30
0.0
 11
8.05
 21
53.7975
 31
0.0
  0
INSERT
  5
5A0
330
59B
100
AcDbEntity
  8
E-COTA
 62
7
100
AcDbBlockReference
  2
_OBLIQUE
 10
7.8
 20
53.7675
 30
0.0
 41
0.05
 42
0.05
  0
INSERT
  5
5A2
330
59B
100
AcDbEntity
  8
E-COTA
 62
7
100
AcDbBlockReference
  2
_OBLIQUE
 10
8.05
 20
53.7675
 30
0.0
 41
0.05
 42
0.05
  0
LINE
  5
5A4
330
59B
100
AcDbEntity
  8
0
 62
7
370
13
100
AcDbLine
 10
7.8
 20
53.7675
 30
0.0
 11
8.05
 21
53.7675
 31
0.0
  0
MTEXT
  5
5A5
330
59B
100
AcDbEntity
  8
E-COTA
 62
7
100
AcDbMText
 10
7.925000000000001
 20
53.835
 30
0.0
 40
0.045000000000000005
 71
5
  1
p=0.25
  7
ARIAL
  0
POINT
  5
5A6
330
59B
100
AcDbEntity
  8
Defpoints
100
AcDbPoint
 10
7.8
 20
53.7675
 30
0.0
  0
POINT
  5
5A7
330
59B
100
AcDbEntity
  8
Defpoints
100
AcDbPoint
 10
7.8
 20
53.6875
 30
0.0
  0
POINT
  5
5A8
330
59B
100
AcDbEntity
  8
Defpoints
100
AcDbPoint
 10
8.05
 20
53.6875
 30
0.0
  0
ENDBLK
  5
59D
330
59B
100
AcDbEntity
  8
0
100
AcDbBlockEnd
  0
BLOCK
  5
5AB
330
5AA
100
AcDbEntity
  8
0
100
AcDbBlockBegin
  2
*D33
 70
1
 10
0.0
 20
0.0
 30
0.0
  3
*D33
  1

  0
LINE
  5
5AD
330
5AA
100
AcDbEntity
  8
0
 62
7
370
13
100
AcDbLine
 10
7.78
 20
53.525
 30
0.0
 11
7.685
 21
53.525
 31
0.0
  0
LINE
  5
5AE
330
5AA
100
AcDbEntity
  8
0
 62
7
370
13
100
AcDbLine
 10
7.78
 20
53.6875
 30
0.0
 11
7.685
 21
53.6875
 31
0.0
  0
INSERT
  5
5AF
330
5AA
100
AcDbEntity
  8
E-COTA
 62
7
100
AcDbBlockReference
  2
_OBLIQUE
 10
7.715
 20
53.525
 30
0.0
 41
0.05
 42
0.05
 50
90.0
  0
INSERT
  5
5B1
330
5AA
100
AcDbEntity
  8
E-COTA
 62
7
100
AcDbBlockReference
  2
_OBLIQUE
 10
7.715
 20
53.6875
 30
0.0
 41
0.05
 42
0.05
 50
90.0
  0
LINE
  5
5B3
330
5AA
100
AcDbEntity
  8
0
 62
7
370
13
100
AcDbLine
 10
7.715
 20
53.525
 30
0.0
 11
7.715
 21
53.6875
 31
0.0
  0
MTEXT
  5
5B4
330
5AA
100
AcDbEntity
  8
E-COTA
 62
7
100
AcDbMText
 10
7.6475
 20
53.60625
 30
0.0
 40
0.045000000000000005
 71
5
  1
cp=0.163
  7
ARIAL
 50
90.0
  0
POINT
  5
5B5
330
5AA
100
AcDbEntity
  8
Defpoints
100
AcDbPoint
 10
7.715
 20
53.525
 30
0.0
  0
POINT
  5
5B6
330
5AA
100
AcDbEntity
  8
Defpoints
100
AcDbPoint
 10
7.8
 20
53.525
 30
0.0
  0
POINT
  5
5B7
330
5AA
100
AcDbEntity
  8
Defpoints
100
AcDbPoint
 10
7.8
 20
53.6875
 30
0.0
  0
ENDBLK
  5
5AC
330
5AA
100
AcDbEntity
  8
0
100
AcDbBlockEnd
  0
BLOCK
  5
5F8
330
5F7
100
AcDbEntity
  8
0
100
AcDbBlockBegin
  2
*D34
 70
1
 10
0.0
 20
0.0
 30
0.0
  3
*D34
  1

  0
LINE
  5
5FA
330
5F7
100
AcDbEntity
  8
0
 62
7
370
13
100
AcDbLine
 10
6.835643291473389
 20
53.059762458801266
 30
0.0
 11
6.835643291473389
 21
52.83
 31
0.0
  0
LINE
  5
5FB
330
5F7
100
AcDbEntity
  8
0
 62
7
370
13
100
AcDbLine
 10
7.325760841369629
 20
53.059762458801266
 30
0.0
 11
7.325760841369629
 21
52.83
 31
0.0
  0
INSERT
  5
5FC
330
5F7
100
AcDbEntity
  8
E-COTA
 62
7
100
AcDbBlockReference
  2
_OBLIQUE
 10
6.835643291473389
 20
52.86
 30
0.0
 41
0.05
 42
0.05
  0
INSERT
  5
5FE
330
5F7
100
AcDbEntity
  8
E-COTA
 62
7
100
AcDbBlockReference
  2
_OBLIQUE
 10
7.325760841369629
 20
52.86
 30
0.0
 41
0.05
 42
0.05
  0
LINE
  5
600
330
5F7
100
AcDbEntity
  8
0
 62
7
370
13
100
AcDbLine
 10
6.835643291473389
 20
52.86
 30
0.0
 11
7.325760841369629
 21
52.86
 31
0.0
  0
MTEXT
  5
601
330
5F7
100
AcDbEntity
  8
E-COTA
 62
7
100
AcDbMText
 10
7.080702066421509
 20
52.8975
 30
0.0
 40
0.045000000000000005
 71
5
  1
0.50
  7
ARIAL
  0
POINT
  5
602
330
5F7
100
AcDbEntity
  8
Defpoints
100
AcDbPoint
 10
6.835643291473389
 20
52.86
 30
0.0
  0
POINT
  5
603
330
5F7
100
AcDbEntity
  8
Defpoints
100
AcDbPoint
 10
6.835643291473389
 20
53.07976245880127
 30
0.0
  0
POINT
  5
604
330
5F7
100
AcDbEntity
  8
Defpoints
100
AcDbPoint
 10
7.325760841369629
 20
53.07976245880127
 30
0.0
  0
ENDBLK
  5
5F9
330
5F7
100
AcDbEntity
  8
0
100
AcDbBlockEnd
  0
BLOCK
  5
607
330
606
100
AcDbEntity
  8
0
100
AcDbBlockBegin
  2
*D35
 70
1
 10
0.0
 20
0.0
 30
0.0
  3
*D35
  1

  0
LINE
  5
609
330
606
100
AcDbEntity
  8
0
 62
7
370
13
100
AcDbLine
 10
8.960387706756592
 20
52.00969259895325
 30
0.0
 11
8.960387706756592
 21
52.19
 31
0.0
  0
LINE
  5
60A
330
606
100
AcDbEntity
  8
0
 62
7
370
13
100
AcDbLine
 10
9.338678359985352
 20
52.00969259895325
 30
0.0
 11
9.338678359985352
 21
52.19
 31
0.0
  0
INSERT
  5
60B
330
606
100
AcDbEntity
  8
E-COTA
 62
7
100
AcDbBlockReference
  2
_OBLIQUE
 10
8.960387706756592
 20
52.16
 30
0.0
 41
0.05
 42
0.05
  0
INSERT
  5
60D
330
606
100
AcDbEntity
  8
E-COTA
 62
7
100
AcDbBlockReference
  2
_OBLIQUE
 10
9.338678359985352
 20
52.16
 30
0.0
 41
0.05
 42
0.05
  0
LINE
  5
60F
330
606
100
AcDbEntity
  8
0
 62
7
370
13
100
AcDbLine
 10
8.960387706756592
 20
52.16
 30
0.0
 11
9.338678359985352
 21
52.16
 31
0.0
  0
MTEXT
  5
610
330
606
100
AcDbEntity
  8
E-COTA
 62
7
100
AcDbMText
 10
9.149533033370972
 20
52.1975
 30
0.0
 40
0.045000000000000005
 71
5
  1
0.40
  7
ARIAL
  0
POINT
  5
611
330
606
100
AcDbEntity
  8
Defpoints
100
AcDbPoint
 10
8.960387706756592
 20
52.16
 30
0.0
  0
POINT
  5
612
330
606
100
AcDbEntity
  8
Defpoints
100
AcDbPoint
 10
8.960387706756592
 20
51.98969259895325
 30
0.0
  0
POINT
  5
613
330
606
100
AcDbEntity
  8
Defpoints
100
AcDbPoint
 10
9.338678359985352
 20
51.98969259895325
 30
0.0
  0
ENDBLK
  5
608
330
606
100
AcDbEntity
  8
0
100
AcDbBlockEnd
  0
BLOCK
  5
616
330
615
100
AcDbEntity
  8
0
100
AcDbBlockBegin
  2
*D36
 70
1
 10
0.0
 20
0.0
 30
0.0
  3
*D36
  1

  0
LINE
  5
618
330
615
100
AcDbEntity
  8
0
 62
7
370
13
100
AcDbLine
 10
9.103544235229492
 20
54.4902377319336
 30
0.0
 11
9.103544235229492
 21
54.65
 31
0.0
  0
LINE
  5
619
330
615
100
AcDbEntity
  8
0
 62
7
370
13
100
AcDbLine
 10
9.493780136108398
 20
54.4902377319336
 30
0.0
 11
9.493780136108398
 21
54.65
 31
0.0
  0
INSERT
  5
61A
330
615
100
AcDbEntity
  8
E-COTA
 62
7
100
AcDbBlockReference
  2
_OBLIQUE
 10
9.103544235229492
 20
54.62
 30
0.0
 41
0.05
 42
0.05
  0
INSERT
  5
61C
330
615
100
AcDbEntity
  8
E-COTA
 62
7
100
AcDbBlockReference
  2
_OBLIQUE
 10
9.493780136108398
 20
54.62
 30
0.0
 41
0.05
 42
0.05
  0
LINE
  5
61E
330
615
100
AcDbEntity
  8
0
 62
7
370
13
100
AcDbLine
 10
9.103544235229492
 20
54.62
 30
0.0
 11
9.493780136108398
 21
54.62
 31
0.0
  0
MTEXT
  5
61F
330
615
100
AcDbEntity
  8
E-COTA
 62
7
100
AcDbMText
 10
9.298662185668945
 20
54.6575
 30
0.0
 40
0.045000000000000005
 71
5
  1
0.40
  7
ARIAL
  0
POINT
  5
620
330
615
100
AcDbEntity
  8
Defpoints
100
AcDbPoint
 10
9.103544235229492
 20
54.62
 30
0.0
  0
POINT
  5
621
330
615
100
AcDbEntity
  8
Defpoints
100
AcDbPoint
 10
9.103544235229492
 20
54.470237731933594
 30
0.0
  0
POINT
  5
622
330
615
100
AcDbEntity
  8
Defpoints
100
AcDbPoint
 10
9.493780136108398
 20
54.470237731933594
 30
0.0
  0
ENDBLK
  5
617
330
615
100
AcDbEntity
  8
0
100
AcDbBlockEnd
  0
BLOCK
  5
63B
330
63A
100
AcDbEntity
  8
0
100
AcDbBlockBegin
  2
*D37
 70
1
 10
0.0
 20
0.0
 30
0.0
  3
*D37
  1

  0
LINE
  5
63D
330
63A
100
AcDbEntity
  8
0
 62
7
370
13
100
AcDbLine
 10
10.76
 20
82.02105263157895
 30
0.0
 11
10.95
 21
82.02105263157895
 31
0.0
  0
LINE
  5
63E
330
63A
100
AcDbEntity
  8
0
 62
7
370
13
100
AcDbLine
 10
10.76
 20
83.2
 30
0.0
 11
10.95
 21
83.2
 31
0.0
  0
INSERT
  5
63F
330
63A
100
AcDbEntity
  8
E-COTA
 62
7
100
AcDbBlockReference
  2
_OBLIQUE
 10
10.92
 20
82.02105263157895
 30
0.0
 41
0.05
 42
0.05
 50
90.0
  0
INSERT
  5
641
330
63A
100
AcDbEntity
  8
E-COTA
 62
7
100
AcDbBlockReference
  2
_OBLIQUE
 10
10.92
 20
83.2
 30
0.0
 41
0.05
 42
0.05
 50
90.0
  0
LINE
  5
643
330
63A
100
AcDbEntity
  8
0
 62
7
370
13
100
AcDbLine
 10
10.92
 20
82.02105263157895
 30
0.0
 11
10.92
 21
83.2
 31
0.0
  0
MTEXT
  5
644
330
63A
100
AcDbEntity
  8
E-COTA
 62
7
100
AcDbMText
 10
10.8825
 20
82.61052631578949
 30
0.0
 40
0.045000000000000005
 71
5
  1
7 cp @ .168 = 1.18
  7
ARIAL
 50
90.0
  0
POINT
  5
645
330
63A
100
AcDbEntity
  8
Defpoints
100
AcDbPoint
 10
10.92
 20
82.02105263157895
 30
0.0
  0
POINT
  5
646
330
63A
100
AcDbEntity
  8
Defpoints
100
AcDbPoint
 10
10.74
 20
82.02105263157895
 30
0.0
  0
POINT
  5
647
330
63A
100
AcDbEntity
  8
Defpoints
100
AcDbPoint
 10
10.74
 20
83.2
 30
0.0
  0
ENDBLK
  5
63C
330
63A
100
AcDbEntity
  8
0
100
AcDbBlockEnd
  0
BLOCK
  5
64A
330
649
100
AcDbEntity
  8
0
100
AcDbBlockBegin
  2
*D38
 70
1
 10
0.0
 20
0.0
 30
0.0
  3
*D38
  1

  0
LINE
  5
64C
330
649
100
AcDbEntity
  8
0
 62
7
370
13
100
AcDbLine
 10
10.76
 20
83.2
 30
0.0
 11
10.95
 21
83.2
 31
0.0
  0
LINE
  5
64D
330
649
100
AcDbEntity
  8
0
 62
7
370
13
100
AcDbLine
 10
10.76
 20
84.5
 30
0.0
 11
10.95
 21
84.5
 31
0.0
  0
INSERT
  5
64E
330
649
100
AcDbEntity
  8
E-COTA
 62
7
100
AcDbBlockReference
  2
_OBLIQUE
 10
10.92
 20
83.2
 30
0.0
 41
0.05
 42
0.05
 50
90.0
  0
INSERT
  5
650
330
649
100
AcDbEntity
  8
E-COTA
 62
7
100
AcDbBlockReference
  2
_OBLIQUE
 10
10.92
 20
84.5
 30
0.0
 41
0.05
 42
0.05
 50
90.0
  0
LINE
  5
652
330
649
100
AcDbEntity
  8
0
 62
7
370
13
100
AcDbLine
 10
10.92
 20
83.2
 30
0.0
 11
10.92
 21
84.5
 31
0.0
  0
MTEXT
  5
653
330
649
100
AcDbEntity
  8
E-COTA
 62
7
100
AcDbMText
 10
10.8825
 20
83.85
 30
0.0
 40
0.045000000000000005
 71
5
  1
8 cp @ .163 = 1.30
  7
ARIAL
 50
90.0
  0
POINT
  5
654
330
649
100
AcDbEntity
  8
Defpoints
100
AcDbPoint
 10
10.92
 20
83.2
 30
0.0
  0
POINT
  5
655
330
649
100
AcDbEntity
  8
Defpoints
100
AcDbPoint
 10
10.74
 20
83.2
 30
0.0
  0
POINT
  5
656
330
649
100
AcDbEntity
  8
Defpoints
100
AcDbPoint
 10
10.74
 20
84.5
 30
0.0
  0
ENDBLK
  5
64B
330
649
100
AcDbEntity
  8
0
100
AcDbBlockEnd
  0
BLOCK
  5
659
330
658
100
AcDbEntity
  8
0
100
AcDbBlockBegin
  2
*D39
 70
1
 10
0.0
 20
0.0
 30
0.0
  3
*D39
  1

  0
LINE
  5
65B
330
658
100
AcDbEntity
  8
0
 62
7
370
13
100
AcDbLine
 10
10.76
 20
84.5
 30
0.0
 11
10.95
 21
84.5
 31
0.0
  0
LINE
  5
65C
330
658
100
AcDbEntity
  8
0
 62
7
370
13
100
AcDbLine
 10
10.76
 20
85.8
 30
0.0
 11
10.95
 21
85.8
 31
0.0
  0
INSERT
  5
65D
330
658
100
AcDbEntity
  8
E-COTA
 62
7
100
AcDbBlockReference
  2
_OBLIQUE
 10
10.92
 20
84.5
 30
0.0
 41
0.05
 42
0.05
 50
90.0
  0
INSERT
  5
65F
330
658
100
AcDbEntity
  8
E-COTA
 62
7
100
AcDbBlockReference
  2
_OBLIQUE
 10
10.92
 20
85.8
 30
0.0
 41
0.05
 42
0.05
 50
90.0
  0
LINE
  5
661
330
658
100
AcDbEntity
  8
0
 62
7
370
13
100
AcDbLine
 10
10.92
 20
84.5
 30
0.0
 11
10.92
 21
85.8
 31
0.0
  0
MTEXT
  5
662
330
658
100
AcDbEntity
  8
E-COTA
 62
7
100
AcDbMText
 10
10.8825
 20
85.15
 30
0.0
 40
0.045000000000000005
 71
5
  1
8 cp @ .162 = 1.30
  7
ARIAL
 50
90.0
  0
POINT
  5
663
330
658
100
AcDbEntity
  8
Defpoints
100
AcDbPoint
 10
10.92
 20
84.5
 30
0.0
  0
POINT
  5
664
330
658
100
AcDbEntity
  8
Defpoints
100
AcDbPoint
 10
10.74
 20
84.5
 30
0.0
  0
POINT
  5
665
330
658
100
AcDbEntity
  8
Defpoints
100
AcDbPoint
 10
10.74
 20
85.8
 30
0.0
  0
ENDBLK
  5
65A
330
658
100
AcDbEntity
  8
0
100
AcDbBlockEnd
  0
BLOCK
  5
668
330
667
100
AcDbEntity
  8
0
100
AcDbBlockBegin
  2
*D40
 70
1
 10
0.0
 20
0.0
 30
0.0
  3
*D40
  1

  0
LINE
  5
66A
330
667
100
AcDbEntity
  8
0
 62
7
370
13
100
AcDbLine
 10
6.100000000000073
 20
83.22
 30
0.0
 11
6.100000000000073
 21
83.5
 31
0.0
  0
LINE
  5
66B
330
667
100
AcDbEntity
  8
0
 62
7
370
13
100
AcDbLine
 10
7.3000000000000735
 20
83.22
 30
0.0
 11
7.3000000000000735
 21
83.5
 31
0.0
  0
INSERT
  5
66C
330
667
100
AcDbEntity
  8
E-COTA
 62
7
100
AcDbBlockReference
  2
_OBLIQUE
 10
6.100000000000073
 20
83.47
 30
0.0
 41
0.05
 42
0.05
  0
INSERT
  5
66E
330
667
100
AcDbEntity
  8
E-COTA
 62
7
100
AcDbBlockReference
  2
_OBLIQUE
 10
7.3000000000000735
 20
83.47
 30
0.0
 41
0.05
 42
0.05
  0
LINE
  5
670
330
667
100
AcDbEntity
  8
0
 62
7
370
13
100
AcDbLine
 10
6.100000000000073
 20
83.47
 30
0.0
 11
7.3000000000000735
 21
83.47
 31
0.0
  0
MTEXT
  5
671
330
667
100
AcDbEntity
  8
E-COTA
 62
7
100
AcDbMText
 10
6.700000000000074
 20
83.5075
 30
0.0
 40
0.045000000000000005
 71
5
  1
plataf. 1.20
  7
ARIAL
  0
POINT
  5
672
330
667
100
AcDbEntity
  8
Defpoints
100
AcDbPoint
 10
6.100000000000073
 20
83.47
 30
0.0
  0
POINT
  5
673
330
667
100
AcDbEntity
  8
Defpoints
100
AcDbPoint
 10
6.100000000000073
 20
83.2
 30
0.0
  0
POINT
  5
674
330
667
100
AcDbEntity
  8
Defpoints
100
AcDbPoint
 10
7.3000000000000735
 20
83.2
 30
0.0
  0
ENDBLK
  5
669
330
667
100
AcDbEntity
  8
0
100
AcDbBlockEnd
  0
BLOCK
  5
677
330
676
100
AcDbEntity
  8
0
100
AcDbBlockBegin
  2
*D41
 70
1
 10
0.0
 20
0.0
 30
0.0
  3
*D41
  1

  0
LINE
  5
679
330
676
100
AcDbEntity
  8
0
 62
7
370
13
100
AcDbLine
 10
7.3000000000000735
 20
83.22
 30
0.0
 11
7.3000000000000735
 21
83.5
 31
0.0
  0
LINE
  5
67A
330
676
100
AcDbEntity
  8
0
 62
7
370
13
100
AcDbLine
 10
8.900000000000075
 20
82.04105263157895
 30
0.0
 11
8.900000000000075
 21
83.5
 31
0.0
  0
INSERT
  5
67B
330
676
100
AcDbEntity
  8
E-COTA
 62
7
100
AcDbBlockReference
  2
_OBLIQUE
 10
7.3000000000000735
 20
83.47
 30
0.0
 41
0.05
 42
0.05
  0
INSERT
  5
67D
330
676
100
AcDbEntity
  8
E-COTA
 62
7
100
AcDbBlockReference
  2
_OBLIQUE
 10
8.900000000000075
 20
83.47
 30
0.0
 41
0.05
 42
0.05
  0
LINE
  5
67F
330
676
100
AcDbEntity
  8
0
 62
7
370
13
100
AcDbLine
 10
7.3000000000000735
 20
83.47
 30
0.0
 11
8.900000000000075
 21
83.47
 31
0.0
  0
MTEXT
  5
680
330
676
100
AcDbEntity
  8
E-COTA
 62
7
100
AcDbMText
 10
8.100000000000074
 20
83.5075
 30
0.0
 40
0.045000000000000005
 71
5
  1
6 p @ .267 = 1.60
  7
ARIAL
  0
POINT
  5
681
330
676
100
AcDbEntity
  8
Defpoints
100
AcDbPoint
 10
7.3000000000000735
 20
83.47
 30
0.0
  0
POINT
  5
682
330
676
100
AcDbEntity
  8
Defpoints
100
AcDbPoint
 10
7.3000000000000735
 20
83.2
 30
0.0
  0
POINT
  5
683
330
676
100
AcDbEntity
  8
Defpoints
100
AcDbPoint
 10
8.900000000000075
 20
82.02105263157895
 30
0.0
  0
ENDBLK
  5
678
330
676
100
AcDbEntity
  8
0
100
AcDbBlockEnd
  0
BLOCK
  5
686
330
685
100
AcDbEntity
  8
0
100
AcDbBlockBegin
  2
*D42
 70
1
 10
0.0
 20
0.0
 30
0.0
  3
*D42
  1

  0
LINE
  5
688
330
685
100
AcDbEntity
  8
0
 62
7
370
13
100
AcDbLine
 10
8.900000000000075
 20
82.04105263157895
 30
0.0
 11
8.900000000000075
 21
83.5
 31
0.0
  0
LINE
  5
689
330
685
100
AcDbEntity
  8
0
 62
7
370
13
100
AcDbLine
 10
10.150000000000079
 20
82.04105263157895
 30
0.0
 11
10.150000000000079
 21
83.5
 31
0.0
  0
INSERT
  5
68A
330
685
100
AcDbEntity
  8
E-COTA
 62
7
100
AcDbBlockReference
  2
_OBLIQUE
 10
8.900000000000075
 20
83.47
 30
0.0
 41
0.05
 42
0.05
  0
INSERT
  5
68C
330
685
100
AcDbEntity
  8
E-COTA
 62
7
100
AcDbBlockReference
  2
_OBLIQUE
 10
10.150000000000079
 20
83.47
 30
0.0
 41
0.05
 42
0.05
  0
LINE
  5
68E
330
685
100
AcDbEntity
  8
0
 62
7
370
13
100
AcDbLine
 10
8.900000000000075
 20
83.47
 30
0.0
 11
10.150000000000079
 21
83.47
 31
0.0
  0
MTEXT
  5
68F
330
685
100
AcDbEntity
  8
E-COTA
 62
7
100
AcDbMText
 10
9.525000000000077
 20
83.5075
 30
0.0
 40
0.045000000000000005
 71
5
  1
descanso 1.25
  7
ARIAL
  0
POINT
  5
690
330
685
100
AcDbEntity
  8
Defpoints
100
AcDbPoint
 10
8.900000000000075
 20
83.47
 30
0.0
  0
POINT
  5
691
330
685
100
AcDbEntity
  8
Defpoints
100
AcDbPoint
 10
8.900000000000075
 20
82.02105263157895
 30
0.0
  0
POINT
  5
692
330
685
100
AcDbEntity
  8
Defpoints
100
AcDbPoint
 10
10.150000000000079
 20
82.02105263157895
 30
0.0
  0
ENDBLK
  5
687
330
685
100
AcDbEntity
  8
0
100
AcDbBlockEnd
  0
BLOCK
  5
695
330
694
100
AcDbEntity
  8
0
100
AcDbBlockBegin
  2
*D43
 70
1
 10
0.0
 20
0.0
 30
0.0
  3
*D43
  1

  0
LINE
  5
697
330
694
100
AcDbEntity
  8
0
 62
7
370
13
100
AcDbLine
 10
6.100000000000073
 20
85.82
 30
0.0
 11
6.100000000000073
 21
86.1
 31
0.0
  0
LINE
  5
698
330
694
100
AcDbEntity
  8
0
 62
7
370
13
100
AcDbLine
 10
7.3000000000000735
 20
85.82
 30
0.0
 11
7.3000000000000735
 21
86.1
 31
0.0
  0
INSERT
  5
699
330
694
100
AcDbEntity
  8
E-COTA
 62
7
100
AcDbBlockReference
  2
_OBLIQUE
 10
6.100000000000073
 20
86.07
 30
0.0
 41
0.05
 42
0.05
  0
INSERT
  5
69B
330
694
100
AcDbEntity
  8
E-COTA
 62
7
100
AcDbBlockReference
  2
_OBLIQUE
 10
7.3000000000000735
 20
86.07
 30
0.0
 41
0.05
 42
0.05
  0
LINE
  5
69D
330
694
100
AcDbEntity
  8
0
 62
7
370
13
100
AcDbLine
 10
6.100000000000073
 20
86.07
 30
0.0
 11
7.3000000000000735
 21
86.07
 31
0.0
  0
MTEXT
  5
69E
330
694
100
AcDbEntity
  8
E-COTA
 62
7
100
AcDbMText
 10
6.700000000000074
 20
86.10749999999999
 30
0.0
 40
0.045000000000000005
 71
5
  1
plataf. 1.20
  7
ARIAL
  0
POINT
  5
69F
330
694
100
AcDbEntity
  8
Defpoints
100
AcDbPoint
 10
6.100000000000073
 20
86.07
 30
0.0
  0
POINT
  5
6A0
330
694
100
AcDbEntity
  8
Defpoints
100
AcDbPoint
 10
6.100000000000073
 20
85.8
 30
0.0
  0
POINT
  5
6A1
330
694
100
AcDbEntity
  8
Defpoints
100
AcDbPoint
 10
7.3000000000000735
 20
85.8
 30
0.0
  0
ENDBLK
  5
696
330
694
100
AcDbEntity
  8
0
100
AcDbBlockEnd
  0
BLOCK
  5
6A4
330
6A3
100
AcDbEntity
  8
0
100
AcDbBlockBegin
  2
*D44
 70
1
 10
0.0
 20
0.0
 30
0.0
  3
*D44
  1

  0
LINE
  5
6A6
330
6A3
100
AcDbEntity
  8
0
 62
7
370
13
100
AcDbLine
 10
7.3000000000000735
 20
85.82
 30
0.0
 11
7.3000000000000735
 21
86.1
 31
0.0
  0
LINE
  5
6A7
330
6A3
100
AcDbEntity
  8
0
 62
7
370
13
100
AcDbLine
 10
9.050000000000074
 20
84.52
 30
0.0
 11
9.050000000000074
 21
86.1
 31
0.0
  0
INSERT
  5
6A8
330
6A3
100
AcDbEntity
  8
E-COTA
 62
7
100
AcDbBlockReference
  2
_OBLIQUE
 10
7.3000000000000735
 20
86.07
 30
0.0
 41
0.05
 42
0.05
  0
INSERT
  5
6AA
330
6A3
100
AcDbEntity
  8
E-COTA
 62
7
100
AcDbBlockReference
  2
_OBLIQUE
 10
9.050000000000074
 20
86.07
 30
0.0
 41
0.05
 42
0.05
  0
LINE
  5
6AC
330
6A3
100
AcDbEntity
  8
0
 62
7
370
13
100
AcDbLine
 10
7.3000000000000735
 20
86.07
 30
0.0
 11
9.050000000000074
 21
86.07
 31
0.0
  0
MTEXT
  5
6AD
330
6A3
100
AcDbEntity
  8
E-COTA
 62
7
100
AcDbMText
 10
8.175000000000074
 20
86.10749999999999
 30
0.0
 40
0.045000000000000005
 71
5
  1
7 p @ .25 = 1.75
  7
ARIAL
  0
POINT
  5
6AE
330
6A3
100
AcDbEntity
  8
Defpoints
100
AcDbPoint
 10
7.3000000000000735
 20
86.07
 30
0.0
  0
POINT
  5
6AF
330
6A3
100
AcDbEntity
  8
Defpoints
100
AcDbPoint
 10
7.3000000000000735
 20
85.8
 30
0.0
  0
POINT
  5
6B0
330
6A3
100
AcDbEntity
  8
Defpoints
100
AcDbPoint
 10
9.050000000000074
 20
84.5
 30
0.0
  0
ENDBLK
  5
6A5
330
6A3
100
AcDbEntity
  8
0
100
AcDbBlockEnd
  0
BLOCK
  5
6B3
330
6B2
100
AcDbEntity
  8
0
100
AcDbBlockBegin
  2
*D45
 70
1
 10
0.0
 20
0.0
 30
0.0
  3
*D45
  1

  0
LINE
  5
6B5
330
6B2
100
AcDbEntity
  8
0
 62
7
370
13
100
AcDbLine
 10
9.050000000000074
 20
84.52
 30
0.0
 11
9.050000000000074
 21
86.1
 31
0.0
  0
LINE
  5
6B6
330
6B2
100
AcDbEntity
  8
0
 62
7
370
13
100
AcDbLine
 10
10.150000000000073
 20
84.52
 30
0.0
 11
10.150000000000073
 21
86.1
 31
0.0
  0
INSERT
  5
6B7
330
6B2
100
AcDbEntity
  8
E-COTA
 62
7
100
AcDbBlockReference
  2
_OBLIQUE
 10
9.050000000000074
 20
86.07
 30
0.0
 41
0.05
 42
0.05
  0
INSERT
  5
6B9
330
6B2
100
AcDbEntity
  8
E-COTA
 62
7
100
AcDbBlockReference
  2
_OBLIQUE
 10
10.150000000000073
 20
86.07
 30
0.0
 41
0.05
 42
0.05
  0
LINE
  5
6BB
330
6B2
100
AcDbEntity
  8
0
 62
7
370
13
100
AcDbLine
 10
9.050000000000074
 20
86.07
 30
0.0
 11
10.150000000000073
 21
86.07
 31
0.0
  0
MTEXT
  5
6BC
330
6B2
100
AcDbEntity
  8
E-COTA
 62
7
100
AcDbMText
 10
9.600000000000072
 20
86.10749999999999
 30
0.0
 40
0.045000000000000005
 71
5
  1
desc. 1.10
  7
ARIAL
  0
POINT
  5
6BD
330
6B2
100
AcDbEntity
  8
Defpoints
100
AcDbPoint
 10
9.050000000000074
 20
86.07
 30
0.0
  0
POINT
  5
6BE
330
6B2
100
AcDbEntity
  8
Defpoints
100
AcDbPoint
 10
9.050000000000074
 20
84.5
 30
0.0
  0
POINT
  5
6BF
330
6B2
100
AcDbEntity
  8
Defpoints
100
AcDbPoint
 10
10.150000000000073
 20
84.5
 30
0.0
  0
ENDBLK
  5
6B4
330
6B2
100
AcDbEntity
  8
0
100
AcDbBlockEnd
  0
BLOCK
  5
6C2
330
6C1
100
AcDbEntity
  8
0
100
AcDbBlockBegin
  2
*D46
 70
1
 10
0.0
 20
0.0
 30
0.0
  3
*D46
  1

  0
LINE
  5
6C4
330
6C1
100
AcDbEntity
  8
0
 62
7
370
13
100
AcDbLine
 10
7.566667
 20
82.8832
 30
0.0
 11
7.566667
 21
82.9732
 31
0.0
  0
LINE
  5
6C5
330
6C1
100
AcDbEntity
  8
0
 62
7
370
13
100
AcDbLine
 10
7.833333
 20
82.8832
 30
0.0
 11
7.833333
 21
82.9732
 31
0.0
  0
INSERT
  5
6C6
330
6C1
100
AcDbEntity
  8
E-COTA
 62
7
100
AcDbBlockReference
  2
_OBLIQUE
 10
7.566667
 20
82.9432
 30
0.0
 41
0.05
 42
0.05
  0
INSERT
  5
6C8
330
6C1
100
AcDbEntity
  8
E-COTA
 62
7
100
AcDbBlockReference
  2
_OBLIQUE
 10
7.833333
 20
82.9432
 30
0.0
 41
0.05
 42
0.05
  0
LINE
  5
6CA
330
6C1
100
AcDbEntity
  8
0
 62
7
370
13
100
AcDbLine
 10
7.566667
 20
82.9432
 30
0.0
 11
7.833333
 21
82.9432
 31
0.0
  0
MTEXT
  5
6CB
330
6C1
100
AcDbEntity
  8
E-COTA
 62
7
100
AcDbMText
 10
7.699999999999999
 20
83.0107
 30
0.0
 40
0.045000000000000005
 71
5
  1
p=0.267
  7
ARIAL
  0
POINT
  5
6CC
330
6C1
100
AcDbEntity
  8
Defpoints
100
AcDbPoint
 10
7.566667
 20
82.9432
 30
0.0
  0
POINT
  5
6CD
330
6C1
100
AcDbEntity
  8
Defpoints
100
AcDbPoint
 10
7.566667
 20
82.8632
 30
0.0
  0
POINT
  5
6CE
330
6C1
100
AcDbEntity
  8
Defpoints
100
AcDbPoint
 10
7.833333
 20
82.8632
 30
0.0
  0
ENDBLK
  5
6C3
330
6C1
100
AcDbEntity
  8
0
100
AcDbBlockEnd
  0
BLOCK
  5
6D1
330
6D0
100
AcDbEntity
  8
0
100
AcDbBlockBegin
  2
*D47
 70
1
 10
0.0
 20
0.0
 30
0.0
  3
*D47
  1

  0
LINE
  5
6D3
330
6D0
100
AcDbEntity
  8
0
 62
7
370
13
100
AcDbLine
 10
7.853332999999999
 20
82.6947
 30
0.0
 11
7.948333
 21
82.6947
 31
0.0
  0
LINE
  5
6D4
330
6D0
100
AcDbEntity
  8
0
 62
7
370
13
100
AcDbLine
 10
7.853332999999999
 20
82.8632
 30
0.0
 11
7.948333
 21
82.8632
 31
0.0
  0
INSERT
  5
6D5
330
6D0
100
AcDbEntity
  8
E-COTA
 62
7
100
AcDbBlockReference
  2
_OBLIQUE
 10
7.918333
 20
82.6947
 30
0.0
 41
0.05
 42
0.05
 50
90.0
  0
INSERT
  5
6D7
330
6D0
100
AcDbEntity
  8
E-COTA
 62
7
100
AcDbBlockReference
  2
_OBLIQUE
 10
7.918333
 20
82.8632
 30
0.0
 41
0.05
 42
0.05
 50
90.0
  0
LINE
  5
6D9
330
6D0
100
AcDbEntity
  8
0
 62
7
370
13
100
AcDbLine
 10
7.918333
 20
82.6947
 30
0.0
 11
7.918333
 21
82.8632
 31
0.0
  0
MTEXT
  5
6DA
330
6D0
100
AcDbEntity
  8
E-COTA
 62
7
100
AcDbMText
 10
7.850833
 20
82.77895000000001
 30
0.0
 40
0.045000000000000005
 71
5
  1
cp=0.168
  7
ARIAL
 50
90.0
  0
POINT
  5
6DB
330
6D0
100
AcDbEntity
  8
Defpoints
100
AcDbPoint
 10
7.918333
 20
82.6947
 30
0.0
  0
POINT
  5
6DC
330
6D0
100
AcDbEntity
  8
Defpoints
100
AcDbPoint
 10
7.833333
 20
82.6947
 30
0.0
  0
POINT
  5
6DD
330
6D0
100
AcDbEntity
  8
Defpoints
100
AcDbPoint
 10
7.833333
 20
82.8632
 30
0.0
  0
ENDBLK
  5
6D2
330
6D0
100
AcDbEntity
  8
0
100
AcDbBlockEnd
  0
BLOCK
  5
6E0
330
6DF
100
AcDbEntity
  8
0
100
AcDbBlockBegin
  2
*D48
 70
1
 10
0.0
 20
0.0
 30
0.0
  3
*D48
  1

  0
LINE
  5
6E2
330
6DF
100
AcDbEntity
  8
0
 62
7
370
13
100
AcDbLine
 10
7.55
 20
85.49499999999999
 30
0.0
 11
7.55
 21
85.58500000000001
 31
0.0
  0
LINE
  5
6E3
330
6DF
100
AcDbEntity
  8
0
 62
7
370
13
100
AcDbLine
 10
7.8
 20
85.49499999999999
 30
0.0
 11
7.8
 21
85.58500000000001
 31
0.0
  0
INSERT
  5
6E4
330
6DF
100
AcDbEntity
  8
E-COTA
 62
7
100
AcDbBlockReference
  2
_OBLIQUE
 10
7.55
 20
85.555
 30
0.0
 41
0.05
 42
0.05
  0
INSERT
  5
6E6
330
6DF
100
AcDbEntity
  8
E-COTA
 62
7
100
AcDbBlockReference
  2
_OBLIQUE
 10
7.8
 20
85.555
 30
0.0
 41
0.05
 42
0.05
  0
LINE
  5
6E8
330
6DF
100
AcDbEntity
  8
0
 62
7
370
13
100
AcDbLine
 10
7.55
 20
85.555
 30
0.0
 11
7.8
 21
85.555
 31
0.0
  0
MTEXT
  5
6E9
330
6DF
100
AcDbEntity
  8
E-COTA
 62
7
100
AcDbMText
 10
7.675
 20
85.6225
 30
0.0
 40
0.045000000000000005
 71
5
  1
p=0.25
  7
ARIAL
  0
POINT
  5
6EA
330
6DF
100
AcDbEntity
  8
Defpoints
100
AcDbPoint
 10
7.55
 20
85.555
 30
0.0
  0
POINT
  5
6EB
330
6DF
100
AcDbEntity
  8
Defpoints
100
AcDbPoint
 10
7.55
 20
85.475
 30
0.0
  0
POINT
  5
6EC
330
6DF
100
AcDbEntity
  8
Defpoints
100
AcDbPoint
 10
7.8
 20
85.475
 30
0.0
  0
ENDBLK
  5
6E1
330
6DF
100
AcDbEntity
  8
0
100
AcDbBlockEnd
  0
BLOCK
  5
6EF
330
6EE
100
AcDbEntity
  8
0
100
AcDbBlockBegin
  2
*D49
 70
1
 10
0.0
 20
0.0
 30
0.0
  3
*D49
  1

  0
LINE
  5
6F1
330
6EE
100
AcDbEntity
  8
0
 62
7
370
13
100
AcDbLine
 10
7.819999999999999
 20
85.3125
 30
0.0
 11
7.915
 21
85.3125
 31
0.0
  0
LINE
  5
6F2
330
6EE
100
AcDbEntity
  8
0
 62
7
370
13
100
AcDbLine
 10
7.819999999999999
 20
85.475
 30
0.0
 11
7.915
 21
85.475
 31
0.0
  0
INSERT
  5
6F3
330
6EE
100
AcDbEntity
  8
E-COTA
 62
7
100
AcDbBlockReference
  2
_OBLIQUE
 10
7.885
 20
85.3125
 30
0.0
 41
0.05
 42
0.05
 50
90.0
  0
INSERT
  5
6F5
330
6EE
100
AcDbEntity
  8
E-COTA
 62
7
100
AcDbBlockReference
  2
_OBLIQUE
 10
7.885
 20
85.475
 30
0.0
 41
0.05
 42
0.05
 50
90.0
  0
LINE
  5
6F7
330
6EE
100
AcDbEntity
  8
0
 62
7
370
13
100
AcDbLine
 10
7.885
 20
85.3125
 30
0.0
 11
7.885
 21
85.475
 31
0.0
  0
MTEXT
  5
6F8
330
6EE
100
AcDbEntity
  8
E-COTA
 62
7
100
AcDbMText
 10
7.8175
 20
85.39375
 30
0.0
 40
0.045000000000000005
 71
5
  1
cp=0.162
  7
ARIAL
 50
90.0
  0
POINT
  5
6F9
330
6EE
100
AcDbEntity
  8
Defpoints
100
AcDbPoint
 10
7.885
 20
85.3125
 30
0.0
  0
POINT
  5
6FA
330
6EE
100
AcDbEntity
  8
Defpoints
100
AcDbPoint
 10
7.8
 20
85.3125
 30
0.0
  0
POINT
  5
6FB
330
6EE
100
AcDbEntity
  8
Defpoints
100
AcDbPoint
 10
7.8
 20
85.475
 30
0.0
  0
ENDBLK
  5
6F0
330
6EE
100
AcDbEntity
  8
0
100
AcDbBlockEnd
  0
BLOCK
  5
763
330
762
100
AcDbEntity
  8
0
100
AcDbBlockBegin
  2
*D50
 70
1
 10
0.0
 20
0.0
 30
0.0
  3
*D50
  1

  0
LINE
  5
765
330
762
100
AcDbEntity
  8
0
 62
7
370
13
100
AcDbLine
 10
6.0000000000000755
 20
108.984
 30
0.0
 11
6.0000000000000755
 21
108.876
 31
0.0
  0
LINE
  5
766
330
762
100
AcDbEntity
  8
0
 62
7
370
13
100
AcDbLine
 10
6.100000000000075
 20
108.984
 30
0.0
 11
6.100000000000075
 21
108.876
 31
0.0
  0
INSERT
  5
767
330
762
100
AcDbEntity
  8
E-COTA
 62
7
100
AcDbBlockReference
  2
_OBLIQUE
 10
6.0000000000000755
 20
108.9
 30
0.0
 41
0.04
 42
0.04
  0
INSERT
  5
769
330
762
100
AcDbEntity
  8
E-COTA
 62
7
100
AcDbBlockReference
  2
_OBLIQUE
 10
6.100000000000075
 20
108.9
 30
0.0
 41
0.04
 42
0.04
  0
LINE
  5
76B
330
762
100
AcDbEntity
  8
0
 62
7
370
13
100
AcDbLine
 10
6.0000000000000755
 20
108.9
 30
0.0
 11
6.100000000000075
 21
108.9
 31
0.0
  0
MTEXT
  5
76C
330
762
100
AcDbEntity
  8
E-COTA
 62
7
100
AcDbMText
 10
6.050000000000075
 20
108.95400000000001
 30
0.0
 40
0.036000000000000004
 71
5
  1
0.10
  7
ARIAL
  0
POINT
  5
76D
330
762
100
AcDbEntity
  8
Defpoints
100
AcDbPoint
 10
6.0000000000000755
 20
108.9
 30
0.0
  0
POINT
  5
76E
330
762
100
AcDbEntity
  8
Defpoints
100
AcDbPoint
 10
6.0000000000000755
 20
109.0
 30
0.0
  0
POINT
  5
76F
330
762
100
AcDbEntity
  8
Defpoints
100
AcDbPoint
 10
6.100000000000075
 20
109.0
 30
0.0
  0
ENDBLK
  5
764
330
762
100
AcDbEntity
  8
0
100
AcDbBlockEnd
  0
BLOCK
  5
772
330
771
100
AcDbEntity
  8
0
100
AcDbBlockBegin
  2
*D51
 70
1
 10
0.0
 20
0.0
 30
0.0
  3
*D51
  1

  0
LINE
  5
774
330
771
100
AcDbEntity
  8
0
 62
7
370
13
100
AcDbLine
 10
6.100000000000075
 20
108.984
 30
0.0
 11
6.100000000000075
 21
108.876
 31
0.0
  0
LINE
  5
775
330
771
100
AcDbEntity
  8
0
 62
7
370
13
100
AcDbLine
 10
6.500000000000077
 20
108.984
 30
0.0
 11
6.500000000000077
 21
108.876
 31
0.0
  0
INSERT
  5
776
330
771
100
AcDbEntity
  8
E-COTA
 62
7
100
AcDbBlockReference
  2
_OBLIQUE
 10
6.100000000000075
 20
108.9
 30
0.0
 41
0.04
 42
0.04
  0
INSERT
  5
778
330
771
100
AcDbEntity
  8
E-COTA
 62
7
100
AcDbBlockReference
  2
_OBLIQUE
 10
6.500000000000077
 20
108.9
 30
0.0
 41
0.04
 42
0.04
  0
LINE
  5
77A
330
771
100
AcDbEntity
  8
0
 62
7
370
13
100
AcDbLine
 10
6.100000000000075
 20
108.9
 30
0.0
 11
6.500000000000077
 21
108.9
 31
0.0
  0
MTEXT
  5
77B
330
771
100
AcDbEntity
  8
E-COTA
 62
7
100
AcDbMText
 10
6.300000000000076
 20
108.93
 30
0.0
 40
0.036000000000000004
 71
5
  1
0.40
  7
ARIAL
  0
POINT
  5
77C
330
771
100
AcDbEntity
  8
Defpoints
100
AcDbPoint
 10
6.100000000000075
 20
108.9
 30
0.0
  0
POINT
  5
77D
330
771
100
AcDbEntity
  8
Defpoints
100
AcDbPoint
 10
6.100000000000075
 20
109.0
 30
0.0
  0
POINT
  5
77E
330
771
100
AcDbEntity
  8
Defpoints
100
AcDbPoint
 10
6.500000000000077
 20
109.0
 30
0.0
  0
ENDBLK
  5
773
330
771
100
AcDbEntity
  8
0
100
AcDbBlockEnd
  0
BLOCK
  5
781
330
780
100
AcDbEntity
  8
0
100
AcDbBlockBegin
  2
*D52
 70
1
 10
0.0
 20
0.0
 30
0.0
  3
*D52
  1

  0
LINE
  5
783
330
780
100
AcDbEntity
  8
0
 62
7
370
13
100
AcDbLine
 10
6.0000000000000755
 20
108.984
 30
0.0
 11
6.0000000000000755
 21
108.776
 31
0.0
  0
LINE
  5
784
330
780
100
AcDbEntity
  8
0
 62
7
370
13
100
AcDbLine
 10
6.500000000000077
 20
108.984
 30
0.0
 11
6.500000000000077
 21
108.776
 31
0.0
  0
INSERT
  5
785
330
780
100
AcDbEntity
  8
E-COTA
 62
7
100
AcDbBlockReference
  2
_OBLIQUE
 10
6.0000000000000755
 20
108.8
 30
0.0
 41
0.04
 42
0.04
  0
INSERT
  5
787
330
780
100
AcDbEntity
  8
E-COTA
 62
7
100
AcDbBlockReference
  2
_OBLIQUE
 10
6.500000000000077
 20
108.8
 30
0.0
 41
0.04
 42
0.04
  0
LINE
  5
789
330
780
100
AcDbEntity
  8
0
 62
7
370
13
100
AcDbLine
 10
6.0000000000000755
 20
108.8
 30
0.0
 11
6.500000000000077
 21
108.8
 31
0.0
  0
MTEXT
  5
78A
330
780
100
AcDbEntity
  8
E-COTA
 62
7
100
AcDbMText
 10
6.250000000000076
 20
108.83
 30
0.0
 40
0.036000000000000004
 71
5
  1
0.50
  7
ARIAL
  0
POINT
  5
78B
330
780
100
AcDbEntity
  8
Defpoints
100
AcDbPoint
 10
6.0000000000000755
 20
108.8
 30
0.0
  0
POINT
  5
78C
330
780
100
AcDbEntity
  8
Defpoints
100
AcDbPoint
 10
6.0000000000000755
 20
109.0
 30
0.0
  0
POINT
  5
78D
330
780
100
AcDbEntity
  8
Defpoints
100
AcDbPoint
 10
6.500000000000077
 20
109.0
 30
0.0
  0
ENDBLK
  5
782
330
780
100
AcDbEntity
  8
0
100
AcDbBlockEnd
  0
BLOCK
  5
790
330
78F
100
AcDbEntity
  8
0
100
AcDbBlockBegin
  2
*D53
 70
1
 10
0.0
 20
0.0
 30
0.0
  3
*D53
  1

  0
LINE
  5
792
330
78F
100
AcDbEntity
  8
0
 62
7
370
13
100
AcDbLine
 10
5.9840000000000755
 20
109.0
 30
0.0
 11
5.856000000000075
 21
109.0
 31
0.0
  0
LINE
  5
793
330
78F
100
AcDbEntity
  8
0
 62
7
370
13
100
AcDbLine
 10
5.9840000000000755
 20
109.1
 30
0.0
 11
5.856000000000075
 21
109.1
 31
0.0
  0
INSERT
  5
794
330
78F
100
AcDbEntity
  8
E-COTA
 62
7
100
AcDbBlockReference
  2
_OBLIQUE
 10
5.880000000000075
 20
109.0
 30
0.0
 41
0.04
 42
0.04
 50
90.0
  0
INSERT
  5
796
330
78F
100
AcDbEntity
  8
E-COTA
 62
7
100
AcDbBlockReference
  2
_OBLIQUE
 10
5.880000000000075
 20
109.1
 30
0.0
 41
0.04
 42
0.04
 50
90.0
  0
LINE
  5
798
330
78F
100
AcDbEntity
  8
0
 62
7
370
13
100
AcDbLine
 10
5.880000000000075
 20
109.0
 30
0.0
 11
5.880000000000075
 21
109.1
 31
0.0
  0
MTEXT
  5
799
330
78F
100
AcDbEntity
  8
E-COTA
 62
7
100
AcDbMText
 10
5.826000000000075
 20
109.05
 30
0.0
 40
0.036000000000000004
 71
5
  1
0.10
  7
ARIAL
 50
90.0
  0
POINT
  5
79A
330
78F
100
AcDbEntity
  8
Defpoints
100
AcDbPoint
 10
5.880000000000075
 20
109.0
 30
0.0
  0
POINT
  5
79B
330
78F
100
AcDbEntity
  8
Defpoints
100
AcDbPoint
 10
6.0000000000000755
 20
109.0
 30
0.0
  0
POINT
  5
79C
330
78F
100
AcDbEntity
  8
Defpoints
100
AcDbPoint
 10
6.0000000000000755
 20
109.1
 30
0.0
  0
ENDBLK
  5
791
330
78F
100
AcDbEntity
  8
0
100
AcDbBlockEnd
  0
BLOCK
  5
79F
330
79E
100
AcDbEntity
  8
0
100
AcDbBlockBegin
  2
*D54
 70
1
 10
0.0
 20
0.0
 30
0.0
  3
*D54
  1

  0
LINE
  5
7A1
330
79E
100
AcDbEntity
  8
0
 62
7
370
13
100
AcDbLine
 10
5.9840000000000755
 20
109.1
 30
0.0
 11
5.856000000000075
 21
109.1
 31
0.0
  0
LINE
  5
7A2
330
79E
100
AcDbEntity
  8
0
 62
7
370
13
100
AcDbLine
 10
5.9840000000000755
 20
109.97377376423061
 30
0.0
 11
5.856000000000075
 21
109.97377376423061
 31
0.0
  0
INSERT
  5
7A3
330
79E
100
AcDbEntity
  8
E-COTA
 62
7
100
AcDbBlockReference
  2
_OBLIQUE
 10
5.880000000000075
 20
109.1
 30
0.0
 41
0.04
 42
0.04
 50
90.0
  0
INSERT
  5
7A5
330
79E
100
AcDbEntity
  8
E-COTA
 62
7
100
AcDbBlockReference
  2
_OBLIQUE
 10
5.880000000000075
 20
109.97377376423061
 30
0.0
 41
0.04
 42
0.04
 50
90.0
  0
LINE
  5
7A7
330
79E
100
AcDbEntity
  8
0
 62
7
370
13
100
AcDbLine
 10
5.880000000000075
 20
109.1
 30
0.0
 11
5.880000000000075
 21
109.97377376423061
 31
0.0
  0
MTEXT
  5
7A8
330
79E
100
AcDbEntity
  8
E-COTA
 62
7
100
AcDbMText
 10
5.850000000000075
 20
109.53688688211531
 30
0.0
 40
0.036000000000000004
 71
5
  1
0.87
  7
ARIAL
 50
90.0
  0
POINT
  5
7A9
330
79E
100
AcDbEntity
  8
Defpoints
100
AcDbPoint
 10
5.880000000000075
 20
109.1
 30
0.0
  0
POINT
  5
7AA
330
79E
100
AcDbEntity
  8
Defpoints
100
AcDbPoint
 10
6.0000000000000755
 20
109.1
 30
0.0
  0
POINT
  5
7AB
330
79E
100
AcDbEntity
  8
Defpoints
100
AcDbPoint
 10
6.0000000000000755
 20
109.97377376423061
 30
0.0
  0
ENDBLK
  5
7A0
330
79E
100
AcDbEntity
  8
0
100
AcDbBlockEnd
  0
BLOCK
  5
7AE
330
7AD
100
AcDbEntity
  8
0
100
AcDbBlockBegin
  2
*D55
 70
1
 10
0.0
 20
0.0
 30
0.0
  3
*D55
  1

  0
LINE
  5
7B0
330
7AD
100
AcDbEntity
  8
0
 62
7
370
13
100
AcDbLine
 10
5.9840000000000755
 20
109.0
 30
0.0
 11
5.736000000000075
 21
109.0
 31
0.0
  0
LINE
  5
7B1
330
7AD
100
AcDbEntity
  8
0
 62
7
370
13
100
AcDbLine
 10
5.9840000000000755
 20
110.0
 30
0.0
 11
5.736000000000075
 21
110.0
 31
0.0
  0
INSERT
  5
7B2
330
7AD
100
AcDbEntity
  8
E-COTA
 62
7
100
AcDbBlockReference
  2
_OBLIQUE
 10
5.760000000000075
 20
109.0
 30
0.0
 41
0.04
 42
0.04
 50
90.0
  0
INSERT
  5
7B4
330
7AD
100
AcDbEntity
  8
E-COTA
 62
7
100
AcDbBlockReference
  2
_OBLIQUE
 10
5.760000000000075
 20
110.0
 30
0.0
 41
0.04
 42
0.04
 50
90.0
  0
LINE
  5
7B6
330
7AD
100
AcDbEntity
  8
0
 62
7
370
13
100
AcDbLine
 10
5.760000000000075
 20
109.0
 30
0.0
 11
5.760000000000075
 21
110.0
 31
0.0
  0
MTEXT
  5
7B7
330
7AD
100
AcDbEntity
  8
E-COTA
 62
7
100
AcDbMText
 10
5.730000000000075
 20
109.5
 30
0.0
 40
0.036000000000000004
 71
5
  1
1.00
  7
ARIAL
 50
90.0
  0
POINT
  5
7B8
330
7AD
100
AcDbEntity
  8
Defpoints
100
AcDbPoint
 10
5.760000000000075
 20
109.0
 30
0.0
  0
POINT
  5
7B9
330
7AD
100
AcDbEntity
  8
Defpoints
100
AcDbPoint
 10
6.0000000000000755
 20
109.0
 30
0.0
  0
POINT
  5
7BA
330
7AD
100
AcDbEntity
  8
Defpoints
100
AcDbPoint
 10
6.0000000000000755
 20
110.0
 30
0.0
  0
ENDBLK
  5
7AF
330
7AD
100
AcDbEntity
  8
0
100
AcDbBlockEnd
  0
BLOCK
  5
7BD
330
7BC
100
AcDbEntity
  8
0
100
AcDbBlockBegin
  2
*D56
 70
1
 10
0.0
 20
0.0
 30
0.0
  3
*D56
  1

  0
LINE
  5
7BF
330
7BC
100
AcDbEntity
  8
0
 62
7
370
13
100
AcDbLine
 10
6.134273088743701
 20
109.97609547867225
 30
0.0
 11
6.030534161701272
 21
110.1328827071575
 31
0.0
  0
LINE
  5
7C0
330
7BC
100
AcDbEntity
  8
0
 62
7
370
13
100
AcDbLine
 10
6.509561667564777
 20
110.22440674020997
 30
0.0
 11
6.40582274052235
 21
110.38119396869523
 31
0.0
  0
INSERT
  5
7C1
330
7BC
100
AcDbEntity
  8
E-COTA
 62
7
100
AcDbBlockReference
  2
_OBLIQUE
 10
6.043777428983284
 20
110.11286731628705
 30
0.0
 41
0.04
 42
0.04
 50
33.49078093579578
  0
INSERT
  5
7C3
330
7BC
100
AcDbEntity
  8
E-COTA
 62
7
100
AcDbBlockReference
  2
_OBLIQUE
 10
6.4190660078043615
 20
110.36117857782477
 30
0.0
 41
0.04
 42
0.04
 50
33.49078093579578
  0
LINE
  5
7C5
330
7BC
100
AcDbEntity
  8
0
 62
7
370
13
100
AcDbLine
 10
6.043777428983284
 20
110.11286731628705
 30
0.0
 11
6.4190660078043615
 21
110.36117857782477
 31
0.0
  0
MTEXT
  5
7C6
330
7BC
100
AcDbEntity
  8
E-COTA
 62
7
100
AcDbMText
 10
6.201624367009296
 20
110.28205757651445
 30
0.0
 40
0.036000000000000004
 71
5
  1
traslape 0.45
  7
ARIAL
 50
33.49078093579578
  0
POINT
  5
7C7
330
7BC
100
AcDbEntity
  8
Defpoints
100
AcDbPoint
 10
6.043777428983284
 20
110.11286731628705
 30
0.0
  0
POINT
  5
7C8
330
7BC
100
AcDbEntity
  8
Defpoints
100
AcDbPoint
 10
6.143101933598375
 20
109.96275188475862
 30
0.0
  0
POINT
  5
7C9
330
7BC
100
AcDbEntity
  8
Defpoints
100
AcDbPoint
 10
6.518390512419452
 20
110.21106314629634
 30
0.0
  0
ENDBLK
  5
7BE
330
7BC
100
AcDbEntity
  8
0
100
AcDbBlockEnd
  0
BLOCK
  5
853
330
852
100
AcDbEntity
  8
0
100
AcDbBlockBegin
  2
*D57
 70
1
 10
0.0
 20
0.0
 30
0.0
  3
*D57
  1

  0
LINE
  5
855
330
852
100
AcDbEntity
  8
0
 62
7
370
13
100
AcDbLine
 10
5.9840000000000755
 20
125.14995830078158
 30
0.0
 11
5.716
 21
125.14995830078158
 31
0.0
  0
LINE
  5
856
330
852
100
AcDbEntity
  8
0
 62
7
370
13
100
AcDbLine
 10
5.9840000000000755
 20
125.37495830078157
 30
0.0
 11
5.716
 21
125.37495830078157
 31
0.0
  0
INSERT
  5
857
330
852
100
AcDbEntity
  8
E-COTA
 62
7
100
AcDbBlockReference
  2
_OBLIQUE
 10
5.74
 20
125.14995830078158
 30
0.0
 41
0.04
 42
0.04
 50
90.0
  0
INSERT
  5
859
330
852
100
AcDbEntity
  8
E-COTA
 62
7
100
AcDbBlockReference
  2
_OBLIQUE
 10
5.74
 20
125.37495830078157
 30
0.0
 41
0.04
 42
0.04
 50
90.0
  0
LINE
  5
85B
330
852
100
AcDbEntity
  8
0
 62
7
370
13
100
AcDbLine
 10
5.74
 20
125.14995830078158
 30
0.0
 11
5.74
 21
125.37495830078157
 31
0.0
  0
MTEXT
  5
85C
330
852
100
AcDbEntity
  8
E-COTA
 62
7
100
AcDbMText
 10
5.71
 20
125.26245830078157
 30
0.0
 40
0.036000000000000004
 71
5
  1
0.22
  7
ARIAL
 50
90.0
  0
POINT
  5
85D
330
852
100
AcDbEntity
  8
Defpoints
100
AcDbPoint
 10
5.74
 20
125.14995830078158
 30
0.0
  0
POINT
  5
85E
330
852
100
AcDbEntity
  8
Defpoints
100
AcDbPoint
 10
6.0000000000000755
 20
125.14995830078158
 30
0.0
  0
POINT
  5
85F
330
852
100
AcDbEntity
  8
Defpoints
100
AcDbPoint
 10
6.0000000000000755
 20
125.37495830078157
 30
0.0
  0
ENDBLK
  5
854
330
852
100
AcDbEntity
  8
0
100
AcDbBlockEnd
  0
BLOCK
  5
862
330
861
100
AcDbEntity
  8
0
100
AcDbBlockBegin
  2
*D58
 70
1
 10
0.0
 20
0.0
 30
0.0
  3
*D58
  1

  0
LINE
  5
864
330
861
100
AcDbEntity
  8
0
 62
7
370
13
100
AcDbLine
 10
5.9840000000000755
 20
125.37495830078157
 30
0.0
 11
5.716
 21
125.37495830078157
 31
0.0
  0
LINE
  5
865
330
861
100
AcDbEntity
  8
0
 62
7
370
13
100
AcDbLine
 10
5.9840000000000755
 20
125.57495830078157
 30
0.0
 11
5.716
 21
125.57495830078157
 31
0.0
  0
INSERT
  5
866
330
861
100
AcDbEntity
  8
E-COTA
 62
7
100
AcDbBlockReference
  2
_OBLIQUE
 10
5.74
 20
125.37495830078157
 30
0.0
 41
0.04
 42
0.04
 50
90.0
  0
INSERT
  5
868
330
861
100
AcDbEntity
  8
E-COTA
 62
7
100
AcDbBlockReference
  2
_OBLIQUE
 10
5.74
 20
125.57495830078157
 30
0.0
 41
0.04
 42
0.04
 50
90.0
  0
LINE
  5
86A
330
861
100
AcDbEntity
  8
0
 62
7
370
13
100
AcDbLine
 10
5.74
 20
125.37495830078157
 30
0.0
 11
5.74
 21
125.57495830078157
 31
0.0
  0
MTEXT
  5
86B
330
861
100
AcDbEntity
  8
E-COTA
 62
7
100
AcDbMText
 10
5.71
 20
125.47495830078157
 30
0.0
 40
0.036000000000000004
 71
5
  1
0.20
  7
ARIAL
 50
90.0
  0
POINT
  5
86C
330
861
100
AcDbEntity
  8
Defpoints
100
AcDbPoint
 10
5.74
 20
125.37495830078157
 30
0.0
  0
POINT
  5
86D
330
861
100
AcDbEntity
  8
Defpoints
100
AcDbPoint
 10
6.0000000000000755
 20
125.37495830078157
 30
0.0
  0
POINT
  5
86E
330
861
100
AcDbEntity
  8
Defpoints
100
AcDbPoint
 10
6.0000000000000755
 20
125.57495830078157
 30
0.0
  0
ENDBLK
  5
863
330
861
100
AcDbEntity
  8
0
100
AcDbBlockEnd
  0
BLOCK
  5
871
330
870
100
AcDbEntity
  8
0
100
AcDbBlockBegin
  2
*D59
 70
1
 10
0.0
 20
0.0
 30
0.0
  3
*D59
  1

  0
LINE
  5
873
330
870
100
AcDbEntity
  8
0
 62
7
370
13
100
AcDbLine
 10
5.9840000000000755
 20
125.57495830078157
 30
0.0
 11
5.716
 21
125.57495830078157
 31
0.0
  0
LINE
  5
874
330
870
100
AcDbEntity
  8
0
 62
7
370
13
100
AcDbLine
 10
5.9840000000000755
 20
125.77495830078158
 30
0.0
 11
5.716
 21
125.77495830078158
 31
0.0
  0
INSERT
  5
875
330
870
100
AcDbEntity
  8
E-COTA
 62
7
100
AcDbBlockReference
  2
_OBLIQUE
 10
5.74
 20
125.57495830078157
 30
0.0
 41
0.04
 42
0.04
 50
90.0
  0
INSERT
  5
877
330
870
100
AcDbEntity
  8
E-COTA
 62
7
100
AcDbBlockReference
  2
_OBLIQUE
 10
5.74
 20
125.77495830078158
 30
0.0
 41
0.04
 42
0.04
 50
90.0
  0
LINE
  5
879
330
870
100
AcDbEntity
  8
0
 62
7
370
13
100
AcDbLine
 10
5.74
 20
125.57495830078157
 30
0.0
 11
5.74
 21
125.77495830078158
 31
0.0
  0
MTEXT
  5
87A
330
870
100
AcDbEntity
  8
E-COTA
 62
7
100
AcDbMText
 10
5.71
 20
125.67495830078158
 30
0.0
 40
0.036000000000000004
 71
5
  1
0.20
  7
ARIAL
 50
90.0
  0
POINT
  5
87B
330
870
100
AcDbEntity
  8
Defpoints
100
AcDbPoint
 10
5.74
 20
125.57495830078157
 30
0.0
  0
POINT
  5
87C
330
870
100
AcDbEntity
  8
Defpoints
100
AcDbPoint
 10
6.0000000000000755
 20
125.57495830078157
 30
0.0
  0
POINT
  5
87D
330
870
100
AcDbEntity
  8
Defpoints
100
AcDbPoint
 10
6.0000000000000755
 20
125.77495830078158
 30
0.0
  0
ENDBLK
  5
872
330
870
100
AcDbEntity
  8
0
100
AcDbBlockEnd
  0
BLOCK
  5
880
330
87F
100
AcDbEntity
  8
0
100
AcDbBlockBegin
  2
*D60
 70
1
 10
0.0
 20
0.0
 30
0.0
  3
*D60
  1

  0
LINE
  5
882
330
87F
100
AcDbEntity
  8
0
 62
7
370
13
100
AcDbLine
 10
5.9840000000000755
 20
125.77495830078158
 30
0.0
 11
5.716
 21
125.77495830078158
 31
0.0
  0
LINE
  5
883
330
87F
100
AcDbEntity
  8
0
 62
7
370
13
100
AcDbLine
 10
5.9840000000000755
 20
125.97495830078157
 30
0.0
 11
5.716
 21
125.97495830078157
 31
0.0
  0
INSERT
  5
884
330
87F
100
AcDbEntity
  8
E-COTA
 62
7
100
AcDbBlockReference
  2
_OBLIQUE
 10
5.74
 20
125.77495830078158
 30
0.0
 41
0.04
 42
0.04
 50
90.0
  0
INSERT
  5
886
330
87F
100
AcDbEntity
  8
E-COTA
 62
7
100
AcDbBlockReference
  2
_OBLIQUE
 10
5.74
 20
125.97495830078157
 30
0.0
 41
0.04
 42
0.04
 50
90.0
  0
LINE
  5
888
330
87F
100
AcDbEntity
  8
0
 62
7
370
13
100
AcDbLine
 10
5.74
 20
125.77495830078158
 30
0.0
 11
5.74
 21
125.97495830078157
 31
0.0
  0
MTEXT
  5
889
330
87F
100
AcDbEntity
  8
E-COTA
 62
7
100
AcDbMText
 10
5.71
 20
125.87495830078157
 30
0.0
 40
0.036000000000000004
 71
5
  1
0.20
  7
ARIAL
 50
90.0
  0
POINT
  5
88A
330
87F
100
AcDbEntity
  8
Defpoints
100
AcDbPoint
 10
5.74
 20
125.77495830078158
 30
0.0
  0
POINT
  5
88B
330
87F
100
AcDbEntity
  8
Defpoints
100
AcDbPoint
 10
6.0000000000000755
 20
125.77495830078158
 30
0.0
  0
POINT
  5
88C
330
87F
100
AcDbEntity
  8
Defpoints
100
AcDbPoint
 10
6.0000000000000755
 20
125.97495830078157
 30
0.0
  0
ENDBLK
  5
881
330
87F
100
AcDbEntity
  8
0
100
AcDbBlockEnd
  0
BLOCK
  5
88F
330
88E
100
AcDbEntity
  8
0
100
AcDbBlockBegin
  2
*D61
 70
1
 10
0.0
 20
0.0
 30
0.0
  3
*D61
  1

  0
LINE
  5
891
330
88E
100
AcDbEntity
  8
0
 62
7
370
13
100
AcDbLine
 10
5.9840000000000755
 20
125.97495830078157
 30
0.0
 11
5.716
 21
125.97495830078157
 31
0.0
  0
LINE
  5
892
330
88E
100
AcDbEntity
  8
0
 62
7
370
13
100
AcDbLine
 10
5.9840000000000755
 20
126.17495830078157
 30
0.0
 11
5.716
 21
126.17495830078157
 31
0.0
  0
INSERT
  5
893
330
88E
100
AcDbEntity
  8
E-COTA
 62
7
100
AcDbBlockReference
  2
_OBLIQUE
 10
5.74
 20
125.97495830078157
 30
0.0
 41
0.04
 42
0.04
 50
90.0
  0
INSERT
  5
895
330
88E
100
AcDbEntity
  8
E-COTA
 62
7
100
AcDbBlockReference
  2
_OBLIQUE
 10
5.74
 20
126.17495830078157
 30
0.0
 41
0.04
 42
0.04
 50
90.0
  0
LINE
  5
897
330
88E
100
AcDbEntity
  8
0
 62
7
370
13
100
AcDbLine
 10
5.74
 20
125.97495830078157
 30
0.0
 11
5.74
 21
126.17495830078157
 31
0.0
  0
MTEXT
  5
898
330
88E
100
AcDbEntity
  8
E-COTA
 62
7
100
AcDbMText
 10
5.71
 20
126.07495830078156
 30
0.0
 40
0.036000000000000004
 71
5
  1
0.20
  7
ARIAL
 50
90.0
  0
POINT
  5
899
330
88E
100
AcDbEntity
  8
Defpoints
100
AcDbPoint
 10
5.74
 20
125.97495830078157
 30
0.0
  0
POINT
  5
89A
330
88E
100
AcDbEntity
  8
Defpoints
100
AcDbPoint
 10
6.0000000000000755
 20
125.97495830078157
 30
0.0
  0
POINT
  5
89B
330
88E
100
AcDbEntity
  8
Defpoints
100
AcDbPoint
 10
6.0000000000000755
 20
126.17495830078157
 30
0.0
  0
ENDBLK
  5
890
330
88E
100
AcDbEntity
  8
0
100
AcDbBlockEnd
  0
BLOCK
  5
89E
330
89D
100
AcDbEntity
  8
0
100
AcDbBlockBegin
  2
*D62
 70
1
 10
0.0
 20
0.0
 30
0.0
  3
*D62
  1

  0
LINE
  5
8A0
330
89D
100
AcDbEntity
  8
0
 62
7
370
13
100
AcDbLine
 10
5.9840000000000755
 20
126.17495830078157
 30
0.0
 11
5.716
 21
126.17495830078157
 31
0.0
  0
LINE
  5
8A1
330
89D
100
AcDbEntity
  8
0
 62
7
370
13
100
AcDbLine
 10
5.9840000000000755
 20
126.39995830078158
 30
0.0
 11
5.716
 21
126.39995830078158
 31
0.0
  0
INSERT
  5
8A2
330
89D
100
AcDbEntity
  8
E-COTA
 62
7
100
AcDbBlockReference
  2
_OBLIQUE
 10
5.74
 20
126.17495830078157
 30
0.0
 41
0.04
 42
0.04
 50
90.0
  0
INSERT
  5
8A4
330
89D
100
AcDbEntity
  8
E-COTA
 62
7
100
AcDbBlockReference
  2
_OBLIQUE
 10
5.74
 20
126.39995830078158
 30
0.0
 41
0.04
 42
0.04
 50
90.0
  0
LINE
  5
8A6
330
89D
100
AcDbEntity
  8
0
 62
7
370
13
100
AcDbLine
 10
5.74
 20
126.17495830078157
 30
0.0
 11
5.74
 21
126.39995830078158
 31
0.0
  0
MTEXT
  5
8A7
330
89D
100
AcDbEntity
  8
E-COTA
 62
7
100
AcDbMText
 10
5.71
 20
126.28745830078157
 30
0.0
 40
0.036000000000000004
 71
5
  1
0.22
  7
ARIAL
 50
90.0
  0
POINT
  5
8A8
330
89D
100
AcDbEntity
  8
Defpoints
100
AcDbPoint
 10
5.74
 20
126.17495830078157
 30
0.0
  0
POINT
  5
8A9
330
89D
100
AcDbEntity
  8
Defpoints
100
AcDbPoint
 10
6.0000000000000755
 20
126.17495830078157
 30
0.0
  0
POINT
  5
8AA
330
89D
100
AcDbEntity
  8
Defpoints
100
AcDbPoint
 10
6.0000000000000755
 20
126.39995830078158
 30
0.0
  0
ENDBLK
  5
89F
330
89D
100
AcDbEntity
  8
0
100
AcDbBlockEnd
  0
BLOCK
  5
8AD
330
8AC
100
AcDbEntity
  8
0
100
AcDbBlockBegin
  2
*D63
 70
1
 10
0.0
 20
0.0
 30
0.0
  3
*D63
  1

  0
LINE
  5
8AF
330
8AC
100
AcDbEntity
  8
0
 62
7
370
13
100
AcDbLine
 10
6.516000000000077
 20
125.14995830078158
 30
0.0
 11
6.884
 21
125.14995830078158
 31
0.0
  0
LINE
  5
8B0
330
8AC
100
AcDbEntity
  8
0
 62
7
370
13
100
AcDbLine
 10
6.516000000000077
 20
126.39995830078158
 30
0.0
 11
6.884
 21
126.39995830078158
 31
0.0
  0
INSERT
  5
8B1
330
8AC
100
AcDbEntity
  8
E-COTA
 62
7
100
AcDbBlockReference
  2
_OBLIQUE
 10
6.86
 20
125.14995830078158
 30
0.0
 41
0.04
 42
0.04
 50
90.0
  0
INSERT
  5
8B3
330
8AC
100
AcDbEntity
  8
E-COTA
 62
7
100
AcDbBlockReference
  2
_OBLIQUE
 10
6.86
 20
126.39995830078158
 30
0.0
 41
0.04
 42
0.04
 50
90.0
  0
LINE
  5
8B5
330
8AC
100
AcDbEntity
  8
0
 62
7
370
13
100
AcDbLine
 10
6.86
 20
125.14995830078158
 30
0.0
 11
6.86
 21
126.39995830078158
 31
0.0
  0
MTEXT
  5
8B6
330
8AC
100
AcDbEntity
  8
E-COTA
 62
7
100
AcDbMText
 10
6.83
 20
125.77495830078158
 30
0.0
 40
0.036000000000000004
 71
5
  1
1.25
  7
ARIAL
 50
90.0
  0
POINT
  5
8B7
330
8AC
100
AcDbEntity
  8
Defpoints
100
AcDbPoint
 10
6.86
 20
125.14995830078158
 30
0.0
  0
POINT
  5
8B8
330
8AC
100
AcDbEntity
  8
Defpoints
100
AcDbPoint
 10
6.500000000000077
 20
125.14995830078158
 30
0.0
  0
POINT
  5
8B9
330
8AC
100
AcDbEntity
  8
Defpoints
100
AcDbPoint
 10
6.500000000000077
 20
126.39995830078158
 30
0.0
  0
ENDBLK
  5
8AE
330
8AC
100
AcDbEntity
  8
0
100
AcDbBlockEnd
  0
BLOCK
  5
8BC
330
8BB
100
AcDbEntity
  8
0
100
AcDbBlockBegin
  2
*D64
 70
1
 10
0.0
 20
0.0
 30
0.0
  3
*D64
  1

  0
LINE
  5
8BE
330
8BB
100
AcDbEntity
  8
0
 62
7
370
13
100
AcDbLine
 10
6.0000000000000755
 20
126.41595830078158
 30
0.0
 11
6.0000000000000755
 21
126.54395830078157
 31
0.0
  0
LINE
  5
8BF
330
8BB
100
AcDbEntity
  8
0
 62
7
370
13
100
AcDbLine
 10
6.500000000000077
 20
126.41595830078158
 30
0.0
 11
6.500000000000077
 21
126.54395830078157
 31
0.0
  0
INSERT
  5
8C0
330
8BB
100
AcDbEntity
  8
E-COTA
 62
7
100
AcDbBlockReference
  2
_OBLIQUE
 10
6.0000000000000755
 20
126.51995830078157
 30
0.0
 41
0.04
 42
0.04
  0
INSERT
  5
8C2
330
8BB
100
AcDbEntity
  8
E-COTA
 62
7
100
AcDbBlockReference
  2
_OBLIQUE
 10
6.500000000000077
 20
126.51995830078157
 30
0.0
 41
0.04
 42
0.04
  0
LINE
  5
8C4
330
8BB
100
AcDbEntity
  8
0
 62
7
370
13
100
AcDbLine
 10
6.0000000000000755
 20
126.51995830078157
 30
0.0
 11
6.500000000000077
 21
126.51995830078157
 31
0.0
  0
MTEXT
  5
8C5
330
8BB
100
AcDbEntity
  8
E-COTA
 62
7
100
AcDbMText
 10
6.250000000000076
 20
126.54995830078157
 30
0.0
 40
0.036000000000000004
 71
5
  1
0.50
  7
ARIAL
  0
POINT
  5
8C6
330
8BB
100
AcDbEntity
  8
Defpoints
100
AcDbPoint
 10
6.0000000000000755
 20
126.51995830078157
 30
0.0
  0
POINT
  5
8C7
330
8BB
100
AcDbEntity
  8
Defpoints
100
AcDbPoint
 10
6.0000000000000755
 20
126.39995830078158
 30
0.0
  0
POINT
  5
8C8
330
8BB
100
AcDbEntity
  8
Defpoints
100
AcDbPoint
 10
6.500000000000077
 20
126.39995830078158
 30
0.0
  0
ENDBLK
  5
8BD
330
8BB
100
AcDbEntity
  8
0
100
AcDbBlockEnd
  0
BLOCK
  5
8CB
330
8CA
100
AcDbEntity
  8
0
100
AcDbBlockBegin
  2
*D65
 70
1
 10
0.0
 20
0.0
 30
0.0
  3
*D65
  1

  0
LINE
  5
8CD
330
8CA
100
AcDbEntity
  8
0
 62
7
370
13
100
AcDbLine
 10
6.0000000000000755
 20
126.41595830078158
 30
0.0
 11
6.0000000000000755
 21
126.64395830078158
 31
0.0
  0
LINE
  5
8CE
330
8CA
100
AcDbEntity
  8
0
 62
7
370
13
100
AcDbLine
 10
6.100000000000075
 20
126.41595830078158
 30
0.0
 11
6.100000000000075
 21
126.64395830078158
 31
0.0
  0
INSERT
  5
8CF
330
8CA
100
AcDbEntity
  8
E-COTA
 62
7
100
AcDbBlockReference
  2
_OBLIQUE
 10
6.0000000000000755
 20
126.61995830078158
 30
0.0
 41
0.04
 42
0.04
  0
INSERT
  5
8D1
330
8CA
100
AcDbEntity
  8
E-COTA
 62
7
100
AcDbBlockReference
  2
_OBLIQUE
 10
6.100000000000075
 20
126.61995830078158
 30
0.0
 41
0.04
 42
0.04
  0
LINE
  5
8D3
330
8CA
100
AcDbEntity
  8
0
 62
7
370
13
100
AcDbLine
 10
6.0000000000000755
 20
126.61995830078158
 30
0.0
 11
6.100000000000075
 21
126.61995830078158
 31
0.0
  0
MTEXT
  5
8D4
330
8CA
100
AcDbEntity
  8
E-COTA
 62
7
100
AcDbMText
 10
6.050000000000075
 20
126.67395830078158
 30
0.0
 40
0.036000000000000004
 71
5
  1
0.10
  7
ARIAL
  0
POINT
  5
8D5
330
8CA
100
AcDbEntity
  8
Defpoints
100
AcDbPoint
 10
6.0000000000000755
 20
126.61995830078158
 30
0.0
  0
POINT
  5
8D6
330
8CA
100
AcDbEntity
  8
Defpoints
100
AcDbPoint
 10
6.0000000000000755
 20
126.39995830078158
 30
0.0
  0
POINT
  5
8D7
330
8CA
100
AcDbEntity
  8
Defpoints
100
AcDbPoint
 10
6.100000000000075
 20
126.39995830078158
 30
0.0
  0
ENDBLK
  5
8CC
330
8CA
100
AcDbEntity
  8
0
100
AcDbBlockEnd
  0
BLOCK
  5
903
330
902
100
AcDbEntity
  8
0
100
AcDbBlockBegin
  2
*D66
 70
1
 10
0.0
 20
0.0
 30
0.0
  3
*D66
  1

  0
LINE
  5
905
330
902
100
AcDbEntity
  8
0
 62
7
370
13
100
AcDbLine
 10
0.14995830078157077
 20
139.992
 30
0.0
 11
0.14995830078157077
 21
139.943
 31
0.0
  0
LINE
  5
906
330
902
100
AcDbEntity
  8
0
 62
7
370
13
100
AcDbLine
 10
1.2499583007815733
 20
139.992
 30
0.0
 11
1.2499583007815733
 21
139.943
 31
0.0
  0
INSERT
  5
907
330
902
100
AcDbEntity
  8
E-COTA
 62
7
100
AcDbBlockReference
  2
_OBLIQUE
 10
0.14995830078157077
 20
139.955
 30
0.0
 41
0.02
 42
0.02
  0
INSERT
  5
909
330
902
100
AcDbEntity
  8
E-COTA
 62
7
100
AcDbBlockReference
  2
_OBLIQUE
 10
1.2499583007815733
 20
139.955
 30
0.0
 41
0.02
 42
0.02
  0
LINE
  5
90B
330
902
100
AcDbEntity
  8
0
 62
7
370
13
100
AcDbLine
 10
0.14995830078157077
 20
139.955
 30
0.0
 11
1.2499583007815733
 21
139.955
 31
0.0
  0
MTEXT
  5
90C
330
902
100
AcDbEntity
  8
E-COTA
 62
7
100
AcDbMText
 10
0.6999583007815721
 20
139.97
 30
0.0
 40
0.018000000000000002
 71
5
  1
1.10
  7
ARIAL
  0
POINT
  5
90D
330
902
100
AcDbEntity
  8
Defpoints
100
AcDbPoint
 10
0.14995830078157077
 20
139.955
 30
0.0
  0
POINT
  5
90E
330
902
100
AcDbEntity
  8
Defpoints
100
AcDbPoint
 10
0.14995830078157077
 20
140.0
 30
0.0
  0
POINT
  5
90F
330
902
100
AcDbEntity
  8
Defpoints
100
AcDbPoint
 10
1.2499583007815733
 20
140.0
 30
0.0
  0
ENDBLK
  5
904
330
902
100
AcDbEntity
  8
0
100
AcDbBlockEnd
  0
BLOCK
  5
912
330
911
100
AcDbEntity
  8
0
100
AcDbBlockBegin
  2
*D67
 70
1
 10
0.0
 20
0.0
 30
0.0
  3
*D67
  1

  0
LINE
  5
914
330
911
100
AcDbEntity
  8
0
 62
7
370
13
100
AcDbLine
 10
1.2579583007815733
 20
140.0
 30
0.0
 11
1.3119583007815734
 21
140.0
 31
0.0
  0
LINE
  5
915
330
911
100
AcDbEntity
  8
0
 62
7
370
13
100
AcDbLine
 10
1.2579583007815733
 20
140.15000007828704
 30
0.0
 11
1.3119583007815734
 21
140.15000007828704
 31
0.0
  0
INSERT
  5
916
330
911
100
AcDbEntity
  8
E-COTA
 62
7
100
AcDbBlockReference
  2
_OBLIQUE
 10
1.2999583007815734
 20
140.0
 30
0.0
 41
0.02
 42
0.02
 50
90.0
  0
INSERT
  5
918
330
911
100
AcDbEntity
  8
E-COTA
 62
7
100
AcDbBlockReference
  2
_OBLIQUE
 10
1.2999583007815734
 20
140.15000007828704
 30
0.0
 41
0.02
 42
0.02
 50
90.0
  0
LINE
  5
91A
330
911
100
AcDbEntity
  8
0
 62
7
370
13
100
AcDbLine
 10
1.2999583007815734
 20
140.0
 30
0.0
 11
1.2999583007815734
 21
140.15000007828704
 31
0.0
  0
MTEXT
  5
91B
330
911
100
AcDbEntity
  8
E-COTA
 62
7
100
AcDbMText
 10
1.2849583007815735
 20
140.0750000391435
 30
0.0
 40
0.018000000000000002
 71
5
  1
t=0.15
  7
ARIAL
 50
90.0
  0
POINT
  5
91C
330
911
100
AcDbEntity
  8
Defpoints
100
AcDbPoint
 10
1.2999583007815734
 20
140.0
 30
0.0
  0
POINT
  5
91D
330
911
100
AcDbEntity
  8
Defpoints
100
AcDbPoint
 10
1.2499583007815733
 20
140.0
 30
0.0
  0
POINT
  5
91E
330
911
100
AcDbEntity
  8
Defpoints
100
AcDbPoint
 10
1.2499583007815733
 20
140.15000007828704
 30
0.0
  0
ENDBLK
  5
913
330
911
100
AcDbEntity
  8
0
100
AcDbBlockEnd
  0
BLOCK
  5
921
330
920
100
AcDbEntity
  8
0
100
AcDbBlockBegin
  2
*D68
 70
1
 10
0.0
 20
0.0
 30
0.0
  3
*D68
  1

  0
LINE
  5
923
330
920
100
AcDbEntity
  8
0
 62
7
370
13
100
AcDbLine
 10
0.14195830078157076
 20
140.0
 30
0.0
 11
0.10295830078157077
 21
140.0
 31
0.0
  0
LINE
  5
924
330
920
100
AcDbEntity
  8
0
 62
7
370
13
100
AcDbLine
 10
0.14195830078157076
 20
140.0250025771562
 30
0.0
 11
0.10295830078157077
 21
140.0250025771562
 31
0.0
  0
INSERT
  5
925
330
920
100
AcDbEntity
  8
E-COTA
 62
7
100
AcDbBlockReference
  2
_OBLIQUE
 10
0.11495830078157077
 20
140.0
 30
0.0
 41
0.02
 42
0.02
 50
90.0
  0
INSERT
  5
927
330
920
100
AcDbEntity
  8
E-COTA
 62
7
100
AcDbBlockReference
  2
_OBLIQUE
 10
0.11495830078157077
 20
140.0250025771562
 30
0.0
 41
0.02
 42
0.02
 50
90.0
  0
LINE
  5
929
330
920
100
AcDbEntity
  8
0
 62
7
370
13
100
AcDbLine
 10
0.11495830078157077
 20
140.0
 30
0.0
 11
0.11495830078157077
 21
140.0250025771562
 31
0.0
  0
MTEXT
  5
92A
330
920
100
AcDbEntity
  8
E-COTA
 62
7
100
AcDbMText
 10
0.08795830078157077
 20
140.0125012885781
 30
0.0
 40
0.018000000000000002
 71
5
  1
0.025
  7
ARIAL
 50
90.0
  0
POINT
  5
92B
330
920
100
AcDbEntity
  8
Defpoints
100
AcDbPoint
 10
0.11495830078157077
 20
140.0
 30
0.0
  0
POINT
  5
92C
330
920
100
AcDbEntity
  8
Defpoints
100
AcDbPoint
 10
0.14995830078157077
 20
140.0
 30
0.0
  0
POINT
  5
92D
330
920
100
AcDbEntity
  8
Defpoints
100
AcDbPoint
 10
0.14995830078157077
 20
140.0250025771562
 30
0.0
  0
ENDBLK
  5
922
330
920
100
AcDbEntity
  8
0
100
AcDbBlockEnd
  0
BLOCK
  5
930
330
92F
100
AcDbEntity
  8
0
100
AcDbBlockBegin
  2
*D69
 70
1
 10
0.0
 20
0.0
 30
0.0
  3
*D69
  1

  0
LINE
  5
932
330
92F
100
AcDbEntity
  8
0
 62
7
370
13
100
AcDbLine
 10
0.14195830078157076
 20
140.12499747277673
 30
0.0
 11
0.10295830078157077
 21
140.12499747277673
 31
0.0
  0
LINE
  5
933
330
92F
100
AcDbEntity
  8
0
 62
7
370
13
100
AcDbLine
 10
0.14195830078157076
 20
140.15000007828704
 30
0.0
 11
0.10295830078157077
 21
140.15000007828704
 31
0.0
  0
INSERT
  5
934
330
92F
100
AcDbEntity
  8
E-COTA
 62
7
100
AcDbBlockReference
  2
_OBLIQUE
 10
0.11495830078157077
 20
140.12499747277673
 30
0.0
 41
0.02
 42
0.02
 50
90.0
  0
INSERT
  5
936
330
92F
100
AcDbEntity
  8
E-COTA
 62
7
100
AcDbBlockReference
  2
_OBLIQUE
 10
0.11495830078157077
 20
140.15000007828704
 30
0.0
 41
0.02
 42
0.02
 50
90.0
  0
LINE
  5
938
330
92F
100
AcDbEntity
  8
0
 62
7
370
13
100
AcDbLine
 10
0.11495830078157077
 20
140.12499747277673
 30
0.0
 11
0.11495830078157077
 21
140.15000007828704
 31
0.0
  0
MTEXT
  5
939
330
92F
100
AcDbEntity
  8
E-COTA
 62
7
100
AcDbMText
 10
0.08795830078157077
 20
140.13749877553187
 30
0.0
 40
0.018000000000000002
 71
5
  1
0.025
  7
ARIAL
 50
90.0
  0
POINT
  5
93A
330
92F
100
AcDbEntity
  8
Defpoints
100
AcDbPoint
 10
0.11495830078157077
 20
140.12499747277673
 30
0.0
  0
POINT
  5
93B
330
92F
100
AcDbEntity
  8
Defpoints
100
AcDbPoint
 10
0.14995830078157077
 20
140.12499747277673
 30
0.0
  0
POINT
  5
93C
330
92F
100
AcDbEntity
  8
Defpoints
100
AcDbPoint
 10
0.14995830078157077
 20
140.15000007828704
 30
0.0
  0
ENDBLK
  5
931
330
92F
100
AcDbEntity
  8
0
100
AcDbBlockEnd
  0
BLOCK
  5
93F
330
93E
100
AcDbEntity
  8
0
100
AcDbBlockBegin
  2
*D70
 70
1
 10
0.0
 20
0.0
 30
0.0
  3
*D70
  1

  0
LINE
  5
941
330
93E
100
AcDbEntity
  8
0
 62
7
370
13
100
AcDbLine
 10
0.14995830078157077
 20
140.008
 30
0.0
 11
0.14995830078157077
 21
140.23200007828703
 31
0.0
  0
LINE
  5
942
330
93E
100
AcDbEntity
  8
0
 62
7
370
13
100
AcDbLine
 10
0.17972080409526825
 20
140.008
 30
0.0
 11
0.17972080409526825
 21
140.23200007828703
 31
0.0
  0
INSERT
  5
943
330
93E
100
AcDbEntity
  8
E-COTA
 62
7
100
AcDbBlockReference
  2
_OBLIQUE
 10
0.14995830078157077
 20
140.22000007828703
 30
0.0
 41
0.02
 42
0.02
  0
INSERT
  5
945
330
93E
100
AcDbEntity
  8
E-COTA
 62
7
100
AcDbBlockReference
  2
_OBLIQUE
 10
0.17972080409526825
 20
140.22000007828703
 30
0.0
 41
0.02
 42
0.02
  0
LINE
  5
947
330
93E
100
AcDbEntity
  8
0
 62
7
370
13
100
AcDbLine
 10
0.14995830078157077
 20
140.22000007828703
 30
0.0
 11
0.17972080409526825
 21
140.22000007828703
 31
0.0
  0
MTEXT
  5
948
330
93E
100
AcDbEntity
  8
E-COTA
 62
7
100
AcDbMText
 10
0.16483955243841952
 20
140.24700007828702
 30
0.0
 40
0.018000000000000002
 71
5
  1
0.03
  7
ARIAL
  0
POINT
  5
949
330
93E
100
AcDbEntity
  8
Defpoints
100
AcDbPoint
 10
0.14995830078157077
 20
140.22000007828703
 30
0.0
  0
POINT
  5
94A
330
93E
100
AcDbEntity
  8
Defpoints
100
AcDbPoint
 10
0.14995830078157077
 20
140.0
 30
0.0
  0
POINT
  5
94B
330
93E
100
AcDbEntity
  8
Defpoints
100
AcDbPoint
 10
0.17972080409526825
 20
140.0
 30
0.0
  0
ENDBLK
  5
940
330
93E
100
AcDbEntity
  8
0
100
AcDbBlockEnd
  0
BLOCK
  5
94E
330
94D
100
AcDbEntity
  8
0
100
AcDbBlockBegin
  2
*D71
 70
1
 10
0.0
 20
0.0
 30
0.0
  3
*D71
  1

  0
LINE
  5
950
330
94D
100
AcDbEntity
  8
0
 62
7
370
13
100
AcDbLine
 10
0.17972080409526825
 20
140.008
 30
0.0
 11
0.17972080409526825
 21
140.23200007828703
 31
0.0
  0
LINE
  5
951
330
94D
100
AcDbEntity
  8
0
 62
7
370
13
100
AcDbLine
 10
0.38781580328941345
 20
140.008
 30
0.0
 11
0.38781580328941345
 21
140.23200007828703
 31
0.0
  0
INSERT
  5
952
330
94D
100
AcDbEntity
  8
E-COTA
 62
7
100
AcDbBlockReference
  2
_OBLIQUE
 10
0.17972080409526825
 20
140.22000007828703
 30
0.0
 41
0.02
 42
0.02
  0
INSERT
  5
954
330
94D
100
AcDbEntity
  8
E-COTA
 62
7
100
AcDbBlockReference
  2
_OBLIQUE
 10
0.38781580328941345
 20
140.22000007828703
 30
0.0
 41
0.02
 42
0.02
  0
LINE
  5
956
330
94D
100
AcDbEntity
  8
0
 62
7
370
13
100
AcDbLine
 10
0.17972080409526825
 20
140.22000007828703
 30
0.0
 11
0.38781580328941345
 21
140.22000007828703
 31
0.0
  0
MTEXT
  5
957
330
94D
100
AcDbEntity
  8
E-COTA
 62
7
100
AcDbMText
 10
0.28376830369234085
 20
140.23500007828702
 30
0.0
 40
0.018000000000000002
 71
5
  1
0.208
  7
ARIAL
  0
POINT
  5
958
330
94D
100
AcDbEntity
  8
Defpoints
100
AcDbPoint
 10
0.17972080409526825
 20
140.22000007828703
 30
0.0
  0
POINT
  5
959
330
94D
100
AcDbEntity
  8
Defpoints
100
AcDbPoint
 10
0.17972080409526825
 20
140.0
 30
0.0
  0
POINT
  5
95A
330
94D
100
AcDbEntity
  8
Defpoints
100
AcDbPoint
 10
0.38781580328941345
 20
140.0
 30
0.0
  0
ENDBLK
  5
94F
330
94D
100
AcDbEntity
  8
0
100
AcDbBlockEnd
  0
BLOCK
  5
95D
330
95C
100
AcDbEntity
  8
0
100
AcDbBlockBegin
  2
*D72
 70
1
 10
0.0
 20
0.0
 30
0.0
  3
*D72
  1

  0
LINE
  5
95F
330
95C
100
AcDbEntity
  8
0
 62
7
370
13
100
AcDbLine
 10
0.38781580328941345
 20
140.008
 30
0.0
 11
0.38781580328941345
 21
140.23200007828703
 31
0.0
  0
LINE
  5
960
330
95C
100
AcDbEntity
  8
0
 62
7
370
13
100
AcDbLine
 10
0.5959107875823975
 20
140.008
 30
0.0
 11
0.5959107875823975
 21
140.23200007828703
 31
0.0
  0
INSERT
  5
961
330
95C
100
AcDbEntity
  8
E-COTA
 62
7
100
AcDbBlockReference
  2
_OBLIQUE
 10
0.38781580328941345
 20
140.22000007828703
 30
0.0
 41
0.02
 42
0.02
  0
INSERT
  5
963
330
95C
100
AcDbEntity
  8
E-COTA
 62
7
100
AcDbBlockReference
  2
_OBLIQUE
 10
0.5959107875823975
 20
140.22000007828703
 30
0.0
 41
0.02
 42
0.02
  0
LINE
  5
965
330
95C
100
AcDbEntity
  8
0
 62
7
370
13
100
AcDbLine
 10
0.38781580328941345
 20
140.22000007828703
 30
0.0
 11
0.5959107875823975
 21
140.22000007828703
 31
0.0
  0
MTEXT
  5
966
330
95C
100
AcDbEntity
  8
E-COTA
 62
7
100
AcDbMText
 10
0.49186329543590546
 20
140.23500007828702
 30
0.0
 40
0.018000000000000002
 71
5
  1
0.208
  7
ARIAL
  0
POINT
  5
967
330
95C
100
AcDbEntity
  8
Defpoints
100
AcDbPoint
 10
0.38781580328941345
 20
140.22000007828703
 30
0.0
  0
POINT
  5
968
330
95C
100
AcDbEntity
  8
Defpoints
100
AcDbPoint
 10
0.38781580328941345
 20
140.0
 30
0.0
  0
POINT
  5
969
330
95C
100
AcDbEntity
  8
Defpoints
100
AcDbPoint
 10
0.5959107875823975
 20
140.0
 30
0.0
  0
ENDBLK
  5
95E
330
95C
100
AcDbEntity
  8
0
100
AcDbBlockEnd
  0
BLOCK
  5
96C
330
96B
100
AcDbEntity
  8
0
100
AcDbBlockBegin
  2
*D73
 70
1
 10
0.0
 20
0.0
 30
0.0
  3
*D73
  1

  0
LINE
  5
96E
330
96B
100
AcDbEntity
  8
0
 62
7
370
13
100
AcDbLine
 10
0.5959107875823975
 20
140.008
 30
0.0
 11
0.5959107875823975
 21
140.23200007828703
 31
0.0
  0
LINE
  5
96F
330
96B
100
AcDbEntity
  8
0
 62
7
370
13
100
AcDbLine
 10
0.8040058016777039
 20
140.008
 30
0.0
 11
0.8040058016777039
 21
140.23200007828703
 31
0.0
  0
INSERT
  5
970
330
96B
100
AcDbEntity
  8
E-COTA
 62
7
100
AcDbBlockReference
  2
_OBLIQUE
 10
0.5959107875823975
 20
140.22000007828703
 30
0.0
 41
0.02
 42
0.02
  0
INSERT
  5
972
330
96B
100
AcDbEntity
  8
E-COTA
 62
7
100
AcDbBlockReference
  2
_OBLIQUE
 10
0.8040058016777039
 20
140.22000007828703
 30
0.0
 41
0.02
 42
0.02
  0
LINE
  5
974
330
96B
100
AcDbEntity
  8
0
 62
7
370
13
100
AcDbLine
 10
0.5959107875823975
 20
140.22000007828703
 30
0.0
 11
0.8040058016777039
 21
140.22000007828703
 31
0.0
  0
MTEXT
  5
975
330
96B
100
AcDbEntity
  8
E-COTA
 62
7
100
AcDbMText
 10
0.6999582946300507
 20
140.23500007828702
 30
0.0
 40
0.018000000000000002
 71
5
  1
0.208
  7
ARIAL
  0
POINT
  5
976
330
96B
100
AcDbEntity
  8
Defpoints
100
AcDbPoint
 10
0.5959107875823975
 20
140.22000007828703
 30
0.0
  0
POINT
  5
977
330
96B
100
AcDbEntity
  8
Defpoints
100
AcDbPoint
 10
0.5959107875823975
 20
140.0
 30
0.0
  0
POINT
  5
978
330
96B
100
AcDbEntity
  8
Defpoints
100
AcDbPoint
 10
0.8040058016777039
 20
140.0
 30
0.0
  0
ENDBLK
  5
96D
330
96B
100
AcDbEntity
  8
0
100
AcDbBlockEnd
  0
BLOCK
  5
97B
330
97A
100
AcDbEntity
  8
0
100
AcDbBlockBegin
  2
*D74
 70
1
 10
0.0
 20
0.0
 30
0.0
  3
*D74
  1

  0
LINE
  5
97D
330
97A
100
AcDbEntity
  8
0
 62
7
370
13
100
AcDbLine
 10
0.8040058016777039
 20
140.008
 30
0.0
 11
0.8040058016777039
 21
140.23200007828703
 31
0.0
  0
LINE
  5
97E
330
97A
100
AcDbEntity
  8
0
 62
7
370
13
100
AcDbLine
 10
1.0121008157730103
 20
140.008
 30
0.0
 11
1.0121008157730103
 21
140.23200007828703
 31
0.0
  0
INSERT
  5
97F
330
97A
100
AcDbEntity
  8
E-COTA
 62
7
100
AcDbBlockReference
  2
_OBLIQUE
 10
0.8040058016777039
 20
140.22000007828703
 30
0.0
 41
0.02
 42
0.02
  0
INSERT
  5
981
330
97A
100
AcDbEntity
  8
E-COTA
 62
7
100
AcDbBlockReference
  2
_OBLIQUE
 10
1.0121008157730103
 20
140.22000007828703
 30
0.0
 41
0.02
 42
0.02
  0
LINE
  5
983
330
97A
100
AcDbEntity
  8
0
 62
7
370
13
100
AcDbLine
 10
0.8040058016777039
 20
140.22000007828703
 30
0.0
 11
1.0121008157730103
 21
140.22000007828703
 31
0.0
  0
MTEXT
  5
984
330
97A
100
AcDbEntity
  8
E-COTA
 62
7
100
AcDbMText
 10
0.9080533087253571
 20
140.23500007828702
 30
0.0
 40
0.018000000000000002
 71
5
  1
0.208
  7
ARIAL
  0
POINT
  5
985
330
97A
100
AcDbEntity
  8
Defpoints
100
AcDbPoint
 10
0.8040058016777039
 20
140.22000007828703
 30
0.0
  0
POINT
  5
986
330
97A
100
AcDbEntity
  8
Defpoints
100
AcDbPoint
 10
0.8040058016777039
 20
140.0
 30
0.0
  0
POINT
  5
987
330
97A
100
AcDbEntity
  8
Defpoints
100
AcDbPoint
 10
1.0121008157730103
 20
140.0
 30
0.0
  0
ENDBLK
  5
97C
330
97A
100
AcDbEntity
  8
0
100
AcDbBlockEnd
  0
BLOCK
  5
98A
330
989
100
AcDbEntity
  8
0
100
AcDbBlockBegin
  2
*D75
 70
1
 10
0.0
 20
0.0
 30
0.0
  3
*D75
  1

  0
LINE
  5
98C
330
989
100
AcDbEntity
  8
0
 62
7
370
13
100
AcDbLine
 10
1.0121008157730103
 20
140.008
 30
0.0
 11
1.0121008157730103
 21
140.23200007828703
 31
0.0
  0
LINE
  5
98D
330
989
100
AcDbEntity
  8
0
 62
7
370
13
100
AcDbLine
 10
1.2201957702636719
 20
140.008
 30
0.0
 11
1.2201957702636719
 21
140.23200007828703
 31
0.0
  0
INSERT
  5
98E
330
989
100
AcDbEntity
  8
E-COTA
 62
7
100
AcDbBlockReference
  2
_OBLIQUE
 10
1.0121008157730103
 20
140.22000007828703
 30
0.0
 41
0.02
 42
0.02
  0
INSERT
  5
990
330
989
100
AcDbEntity
  8
E-COTA
 62
7
100
AcDbBlockReference
  2
_OBLIQUE
 10
1.2201957702636719
 20
140.22000007828703
 30
0.0
 41
0.02
 42
0.02
  0
LINE
  5
992
330
989
100
AcDbEntity
  8
0
 62
7
370
13
100
AcDbLine
 10
1.0121008157730103
 20
140.22000007828703
 30
0.0
 11
1.2201957702636719
 21
140.22000007828703
 31
0.0
  0
MTEXT
  5
993
330
989
100
AcDbEntity
  8
E-COTA
 62
7
100
AcDbMText
 10
1.116148293018341
 20
140.23500007828702
 30
0.0
 40
0.018000000000000002
 71
5
  1
0.208
  7
ARIAL
  0
POINT
  5
994
330
989
100
AcDbEntity
  8
Defpoints
100
AcDbPoint
 10
1.0121008157730103
 20
140.22000007828703
 30
0.0
  0
POINT
  5
995
330
989
100
AcDbEntity
  8
Defpoints
100
AcDbPoint
 10
1.0121008157730103
 20
140.0
 30
0.0
  0
POINT
  5
996
330
989
100
AcDbEntity
  8
Defpoints
100
AcDbPoint
 10
1.2201957702636719
 20
140.0
 30
0.0
  0
ENDBLK
  5
98B
330
989
100
AcDbEntity
  8
0
100
AcDbBlockEnd
  0
BLOCK
  5
999
330
998
100
AcDbEntity
  8
0
100
AcDbBlockBegin
  2
*D76
 70
1
 10
0.0
 20
0.0
 30
0.0
  3
*D76
  1

  0
LINE
  5
99B
330
998
100
AcDbEntity
  8
0
 62
7
370
13
100
AcDbLine
 10
1.2201957702636719
 20
140.008
 30
0.0
 11
1.2201957702636719
 21
140.23200007828703
 31
0.0
  0
LINE
  5
99C
330
998
100
AcDbEntity
  8
0
 62
7
370
13
100
AcDbLine
 10
1.2499583007815733
 20
140.008
 30
0.0
 11
1.2499583007815733
 21
140.23200007828703
 31
0.0
  0
INSERT
  5
99D
330
998
100
AcDbEntity
  8
E-COTA
 62
7
100
AcDbBlockReference
  2
_OBLIQUE
 10
1.2201957702636719
 20
140.22000007828703
 30
0.0
 41
0.02
 42
0.02
  0
INSERT
  5
99F
330
998
100
AcDbEntity
  8
E-COTA
 62
7
100
AcDbBlockReference
  2
_OBLIQUE
 10
1.2499583007815733
 20
140.22000007828703
 30
0.0
 41
0.02
 42
0.02
  0
LINE
  5
9A1
330
998
100
AcDbEntity
  8
0
 62
7
370
13
100
AcDbLine
 10
1.2201957702636719
 20
140.22000007828703
 30
0.0
 11
1.2499583007815733
 21
140.22000007828703
 31
0.0
  0
MTEXT
  5
9A2
330
998
100
AcDbEntity
  8
E-COTA
 62
7
100
AcDbMText
 10
1.2350770355226226
 20
140.24700007828702
 30
0.0
 40
0.018000000000000002
 71
5
  1
0.03
  7
ARIAL
  0
POINT
  5
9A3
330
998
100
AcDbEntity
  8
Defpoints
100
AcDbPoint
 10
1.2201957702636719
 20
140.22000007828703
 30
0.0
  0
POINT
  5
9A4
330
998
100
AcDbEntity
  8
Defpoints
100
AcDbPoint
 10
1.2201957702636719
 20
140.0
 30
0.0
  0
POINT
  5
9A5
330
998
100
AcDbEntity
  8
Defpoints
100
AcDbPoint
 10
1.2499583007815733
 20
140.0
 30
0.0
  0
ENDBLK
  5
99A
330
998
100
AcDbEntity
  8
0
100
AcDbBlockEnd
  0
BLOCK
  5
9B4
330
9B3
100
AcDbEntity
  8
0
100
AcDbBlockBegin
  2
*Paper_Space0
 70
0
 10
0.0
 20
0.0
 30
0.0
  3
*Paper_Space0
  1

  0
VIEWPORT
  5
9B7
330
9B3
100
AcDbEntity
 67
1
  8
VIEWPORTS
100
AcDbViewport
 10
420.5
 20
297.0
 30
0.0
 40
841.0
 41
594.0
 68
1
 69
1
 12
420.5
 22
297.0
 13
0.0
 23
0.0
 14
10.0
 24
10.0
 15
10.0
 25
10.0
 16
0.0
 26
0.0
 36
1.0
 17
0.0
 27
0.0
 37
0.0
 42
50.0
 43
0.0
 44
0.0
 45
594.0
 50
0.0
 51
0.0
 72
100
 90
557088
  1

281
0
 71
0
 74
0
110
0.0
120
0.0
130
0.0
111
1.0
121
0.0
131
0.0
112
0.0
122
1.0
132
0.0
 79
0
146
0.0
282
0
  0
LWPOLYLINE
  5
9B8
330
9B3
100
AcDbEntity
 67
1
  8
E-HOJA
370
0
100
AcDbPolyline
 90
4
 70
1
 10
0.0
 20
0.0
 10
841.0
 20
0.0
 10
841.0
 20
594.0
 10
0.0
 20
594.0
  0
LWPOLYLINE
  5
9B9
330
9B3
100
AcDbEntity
 67
1
  8
E-MARCO
370
70
100
AcDbPolyline
 90
4
 70
1
 10
25.0
 20
10.0
 10
831.0
 20
10.0
 10
831.0
 20
584.0
 10
25.0
 20
584.0
  0
LWPOLYLINE
  5
9BA
330
9B3
100
AcDbEntity
 67
1
  8
E-HOJA
100
AcDbPolyline
 90
4
 70
1
 10
0.2
 20
0.2
 10
840.8
 20
0.2
 10
840.8
 20
593.8
 10
0.2
 20
593.8
  0
VIEWPORT
  5
9BB
330
9B3
100
AcDbEntity
 67
1
  8
E-VPORT
100
AcDbViewport
 10
149.0
 20
490.0
 30
0.0
 40
243.20000000000005
 41
181.6
 68
2
 69
3
 12
8.26
 22
1.25
 13
0.0
 23
0.0
 14
10.0
 24
10.0
 15
10.0
 25
10.0
 16
0.0
 26
0.0
 36
1.0
 17
0.0
 27
0.0
 37
0.0
 42
50.0
 43
0.0
 44
0.0
 45
4.54
 50
0.0
 51
0.0
 72
100
 90
0
  1

281
0
 71
0
 74
0
110
0.0
120
0.0
130
0.0
111
1.0
121
0.0
131
0.0
112
0.0
122
1.0
132
0.0
 79
0
146
0.0
282
0
  0
TEXT
  5
9BC
330
9B3
100
AcDbEntity
 67
1
  8
E-TITULO
100
AcDbText
 10
149.0
 20
392.5
 30
0.0
 40
4.0
  1
PLANTA ESCALERA - PRIMER PISO (N1 → N2)
  7
ARIAL
 41
0.9
 72
1
 11
149.0
 21
392.5
 31
0.0
100
AcDbText
 73
1
  0
LINE
  5
9BD
330
9B3
100
AcDbEntity
 67
1
  8
E-TITULO
370
50
100
AcDbLine
 10
94.0
 20
391.0
 30
0.0
 11
204.0
 21
391.0
 31
0.0
  0
LINE
  5
9BE
330
9B3
100
AcDbEntity
 67
1
  8
E-TITULO
370
18
100
AcDbLine
 10
94.0
 20
390.0
 30
0.0
 11
204.0
 21
390.0
 31
0.0
  0
TEXT
  5
9BF
330
9B3
100
AcDbEntity
 67
1
  8
E-TEXTO
100
AcDbText
 10
149.0
 20
388.5
 30
0.0
 40
2.5
  1
ESC. 1:25
  7
ARIAL
 41
0.9
 72
1
 11
149.0
 21
388.5
 31
0.0
100
AcDbText
 73
3
  0
VIEWPORT
  5
9C0
330
9B3
100
AcDbEntity
 67
1
  8
E-VPORT
100
AcDbViewport
 10
149.0
 20
286.0
 30
0.0
 40
243.20000000000005
 41
181.6
 68
2
 69
4
 12
8.26
 22
21.25
 13
0.0
 23
0.0
 14
10.0
 24
10.0
 15
10.0
 25
10.0
 16
0.0
 26
0.0
 36
1.0
 17
0.0
 27
0.0
 37
0.0
 42
50.0
 43
0.0
 44
0.0
 45
4.54
 50
0.0
 51
0.0
 72
100
 90
0
  1

281
0
 71
0
 74
0
110
0.0
120
0.0
130
0.0
111
1.0
121
0.0
131
0.0
112
0.0
122
1.0
132
0.0
 79
0
146
0.0
282
0
  0
TEXT
  5
9C1
330
9B3
100
AcDbEntity
 67
1
  8
E-TITULO
100
AcDbText
 10
149.0
 20
188.5
 30
0.0
 40
4.0
  1
PLANTA ESCALERA - PISO TÍPICO (N2→N3, N3→N4, N4→N5)
  7
ARIAL
 41
0.9
 72
1
 11
149.0
 21
188.5
 31
0.0
100
AcDbText
 73
1
  0
LINE
  5
9C2
330
9B3
100
AcDbEntity
 67
1
  8
E-TITULO
370
50
100
AcDbLine
 10
79.0
 20
187.0
 30
0.0
 11
219.0
 21
187.0
 31
0.0
  0
LINE
  5
9C3
330
9B3
100
AcDbEntity
 67
1
  8
E-TITULO
370
18
100
AcDbLine
 10
79.0
 20
186.0
 30
0.0
 11
219.0
 21
186.0
 31
0.0
  0
TEXT
  5
9C4
330
9B3
100
AcDbEntity
 67
1
  8
E-TEXTO
100
AcDbText
 10
149.0
 20
184.5
 30
0.0
 40
2.5
  1
ESC. 1:25  (dibujado N2 → N3)
  7
ARIAL
 41
0.9
 72
1
 11
149.0
 21
184.5
 31
0.0
100
AcDbText
 73
3
  0
VIEWPORT
  5
9C5
330
9B3
100
AcDbEntity
 67
1
  8
E-VPORT
100
AcDbViewport
 10
395.0
 20
454.0
 30
0.0
 40
235.2
 41
250.0
 68
2
 69
5
 12
8.16
 22
51.825
 13
0.0
 23
0.0
 14
10.0
 24
10.0
 15
10.0
 25
10.0
 16
0.0
 26
0.0
 36
1.0
 17
0.0
 27
0.0
 37
0.0
 42
50.0
 43
0.0
 44
0.0
 45
6.25
 50
0.0
 51
0.0
 72
100
 90
0
  1

281
0
 71
0
 74
0
110
0.0
120
0.0
130
0.0
111
1.0
121
0.0
131
0.0
112
0.0
122
1.0
132
0.0
 79
0
146
0.0
282
0
  0
TEXT
  5
9C6
330
9B3
100
AcDbEntity
 67
1
  8
E-TITULO
100
AcDbText
 10
395.0
 20
320.5
 30
0.0
 40
4.0
  1
CORTE A-A  TRAMO 1  (N1→N2 desde el cimiento y N2→N3 típico)
  7
ARIAL
 41
0.9
 72
1
 11
395.0
 21
320.5
 31
0.0
100
AcDbText
 73
1
  0
LINE
  5
9C7
330
9B3
100
AcDbEntity
 67
1
  8
E-TITULO
370
50
100
AcDbLine
 10
315.0
 20
319.0
 30
0.0
 11
475.0
 21
319.0
 31
0.0
  0
LINE
  5
9C8
330
9B3
100
AcDbEntity
 67
1
  8
E-TITULO
370
18
100
AcDbLine
 10
315.0
 20
318.0
 30
0.0
 11
475.0
 21
318.0
 31
0.0
  0
TEXT
  5
9C9
330
9B3
100
AcDbEntity
 67
1
  8
E-TEXTO
100
AcDbText
 10
395.0
 20
316.5
 30
0.0
 40
2.5
  1
ESC. 1:25
  7
ARIAL
 41
0.9
 72
1
 11
395.0
 21
316.5
 31
0.0
100
AcDbText
 73
3
  0
VIEWPORT
  5
9CA
330
9B3
100
AcDbEntity
 67
1
  8
E-VPORT
100
AcDbViewport
 10
638.0
 20
479.0
 30
0.0
 40
235.2
 41
202.8
 68
2
 69
6
 12
8.16
 22
83.715
 13
0.0
 23
0.0
 14
10.0
 24
10.0
 15
10.0
 25
10.0
 16
0.0
 26
0.0
 36
1.0
 17
0.0
 27
0.0
 37
0.0
 42
50.0
 43
0.0
 44
0.0
 45
5.07
 50
0.0
 51
0.0
 72
100
 90
0
  1

281
0
 71
0
 74
0
110
0.0
120
0.0
130
0.0
111
1.0
121
0.0
131
0.0
112
0.0
122
1.0
132
0.0
 79
0
146
0.0
282
0
  0
TEXT
  5
9CB
330
9B3
100
AcDbEntity
 67
1
  8
E-TITULO
100
AcDbText
 10
638.0
 20
371.5
 30
0.0
 40
4.0
  1
CORTE B-B  TRAMO 2  (N1→N2 y N2→N3 típico)
  7
ARIAL
 41
0.9
 72
1
 11
638.0
 21
371.5
 31
0.0
100
AcDbText
 73
1
  0
LINE
  5
9CC
330
9B3
100
AcDbEntity
 67
1
  8
E-TITULO
370
50
100
AcDbLine
 10
573.0
 20
370.0
 30
0.0
 11
703.0
 21
370.0
 31
0.0
  0
LINE
  5
9CD
330
9B3
100
AcDbEntity
 67
1
  8
E-TITULO
370
18
100
AcDbLine
 10
573.0
 20
369.0
 30
0.0
 11
703.0
 21
369.0
 31
0.0
  0
TEXT
  5
9CE
330
9B3
100
AcDbEntity
 67
1
  8
E-TEXTO
100
AcDbText
 10
638.0
 20
367.5
 30
0.0
 40
2.5
  1
ESC. 1:25
  7
ARIAL
 41
0.9
 72
1
 11
638.0
 21
367.5
 31
0.0
100
AcDbText
 73
3
  0
VIEWPORT
  5
9CF
330
9B3
100
AcDbEntity
 67
1
  8
E-VPORT
100
AcDbViewport
 10
87.0
 20
100.0
 30
0.0
 40
117.49999999999997
 41
108.0
 68
2
 69
7
 12
6.575
 22
109.72
 13
0.0
 23
0.0
 14
10.0
 24
10.0
 15
10.0
 25
10.0
 16
0.0
 26
0.0
 36
1.0
 17
0.0
 27
0.0
 37
0.0
 42
50.0
 43
0.0
 44
0.0
 45
2.16
 50
0.0
 51
0.0
 72
100
 90
0
  1

281
0
 71
0
 74
0
110
0.0
120
0.0
130
0.0
111
1.0
121
0.0
131
0.0
112
0.0
122
1.0
132
0.0
 79
0
146
0.0
282
0
  0
TEXT
  5
9D0
330
9B3
100
AcDbEntity
 67
1
  8
E-TITULO
100
AcDbText
 10
87.0
 20
40.5
 30
0.0
 40
4.0
  1
CORTE C-C  CIMIENTO DE ARRANQUE
  7
ARIAL
 41
0.9
 72
1
 11
87.0
 21
40.5
 31
0.0
100
AcDbText
 73
1
  0
LINE
  5
9D1
330
9B3
100
AcDbEntity
 67
1
  8
E-TITULO
370
50
100
AcDbLine
 10
39.5
 20
39.0
 30
0.0
 11
134.5
 21
39.0
 31
0.0
  0
LINE
  5
9D2
330
9B3
100
AcDbEntity
 67
1
  8
E-TITULO
370
18
100
AcDbLine
 10
39.5
 20
38.0
 30
0.0
 11
134.5
 21
38.0
 31
0.0
  0
TEXT
  5
9D3
330
9B3
100
AcDbEntity
 67
1
  8
E-TEXTO
100
AcDbText
 10
87.0
 20
36.5
 30
0.0
 40
2.5
  1
ESC. 1:20
  7
ARIAL
 41
0.9
 72
1
 11
87.0
 21
36.5
 31
0.0
100
AcDbText
 73
3
  0
VIEWPORT
  5
9D4
330
9B3
100
AcDbEntity
 67
1
  8
E-VPORT
100
AcDbViewport
 10
196.0
 20
100.0
 30
0.0
 40
89.00000000000001
 41
106.0
 68
2
 69
8
 12
6.51
 22
125.76
 13
0.0
 23
0.0
 14
10.0
 24
10.0
 15
10.0
 25
10.0
 16
0.0
 26
0.0
 36
1.0
 17
0.0
 27
0.0
 37
0.0
 42
50.0
 43
0.0
 44
0.0
 45
2.12
 50
0.0
 51
0.0
 72
100
 90
0
  1

281
0
 71
0
 74
0
110
0.0
120
0.0
130
0.0
111
1.0
121
0.0
131
0.0
112
0.0
122
1.0
132
0.0
 79
0
146
0.0
282
0
  0
TEXT
  5
9D5
330
9B3
100
AcDbEntity
 67
1
  8
E-TITULO
100
AcDbText
 10
196.0
 20
45.5
 30
0.0
 40
4.0
  1
PLANTA CIMIENTO DE ARRANQUE
  7
ARIAL
 41
0.9
 72
1
 11
196.0
 21
45.5
 31
0.0
100
AcDbText
 73
1
  0
LINE
  5
9D6
330
9B3
100
AcDbEntity
 67
1
  8
E-TITULO
370
50
100
AcDbLine
 10
156.0
 20
44.0
 30
0.0
 11
236.0
 21
44.0
 31
0.0
  0
LINE
  5
9D7
330
9B3
100
AcDbEntity
 67
1
  8
E-TITULO
370
18
100
AcDbLine
 10
156.0
 20
43.0
 30
0.0
 11
236.0
 21
43.0
 31
0.0
  0
TEXT
  5
9D8
330
9B3
100
AcDbEntity
 67
1
  8
E-TEXTO
100
AcDbText
 10
196.0
 20
41.5
 30
0.0
 40
2.5
  1
ESC. 1:20
  7
ARIAL
 41
0.9
 72
1
 11
196.0
 21
41.5
 31
0.0
100
AcDbText
 73
3
  0
VIEWPORT
  5
9D9
330
9B3
100
AcDbEntity
 67
1
  8
E-VPORT
100
AcDbViewport
 10
395.0
 20
272.0
 30
0.0
 40
140.0
 41
51.0
 68
2
 69
9
 12
0.7
 22
140.105
 13
0.0
 23
0.0
 14
10.0
 24
10.0
 15
10.0
 25
10.0
 16
0.0
 26
0.0
 36
1.0
 17
0.0
 27
0.0
 37
0.0
 42
50.0
 43
0.0
 44
0.0
 45
0.51
 50
0.0
 51
0.0
 72
100
 90
0
  1

281
0
 71
0
 74
0
110
0.0
120
0.0
130
0.0
111
1.0
121
0.0
131
0.0
112
0.0
122
1.0
132
0.0
 79
0
146
0.0
282
0
  0
TEXT
  5
9DA
330
9B3
100
AcDbEntity
 67
1
  8
E-TITULO
100
AcDbText
 10
395.0
 20
240.5
 30
0.0
 40
4.0
  1
SECCIÓN TÍPICA DE TRAMO (perpendicular a la losa)
  7
ARIAL
 41
0.9
 72
1
 11
395.0
 21
240.5
 31
0.0
100
AcDbText
 73
1
  0
LINE
  5
9DB
330
9B3
100
AcDbEntity
 67
1
  8
E-TITULO
370
50
100
AcDbLine
 10
330.0
 20
239.0
 30
0.0
 11
460.0
 21
239.0
 31
0.0
  0
LINE
  5
9DC
330
9B3
100
AcDbEntity
 67
1
  8
E-TITULO
370
18
100
AcDbLine
 10
330.0
 20
238.0
 30
0.0
 11
460.0
 21
238.0
 31
0.0
  0
TEXT
  5
9DD
330
9B3
100
AcDbEntity
 67
1
  8
E-TEXTO
100
AcDbText
 10
395.0
 20
236.5
 30
0.0
 40
2.5
  1
ESC. 1:10  (tramo 1, N2→N3)
  7
ARIAL
 41
0.9
 72
1
 11
395.0
 21
236.5
 31
0.0
100
AcDbText
 73
3
  0
LINE
  5
9DE
330
9B3
100
AcDbEntity
 67
1
  8
E-TABLA
370
50
100
AcDbLine
 10
280.0
 20
216.0
 30
0.0
 11
484.0
 21
216.0
 31
0.0
  0
LINE
  5
9DF
330
9B3
100
AcDbEntity
 67
1
  8
E-TABLA
370
50
100
AcDbLine
 10
280.0
 20
210.4
 30
0.0
 11
484.0
 21
210.4
 31
0.0
  0
LINE
  5
9E0
330
9B3
100
AcDbEntity
 67
1
  8
E-TABLA
370
18
100
AcDbLine
 10
280.0
 20
204.8
 30
0.0
 11
484.0
 21
204.8
 31
0.0
  0
LINE
  5
9E1
330
9B3
100
AcDbEntity
 67
1
  8
E-TABLA
370
18
100
AcDbLine
 10
280.0
 20
199.2
 30
0.0
 11
484.0
 21
199.2
 31
0.0
  0
LINE
  5
9E2
330
9B3
100
AcDbEntity
 67
1
  8
E-TABLA
370
18
100
AcDbLine
 10
280.0
 20
193.6
 30
0.0
 11
484.0
 21
193.6
 31
0.0
  0
LINE
  5
9E3
330
9B3
100
AcDbEntity
 67
1
  8
E-TABLA
370
50
100
AcDbLine
 10
280.0
 20
188.0
 30
0.0
 11
484.0
 21
188.0
 31
0.0
  0
LINE
  5
9E4
330
9B3
100
AcDbEntity
 67
1
  8
E-TABLA
370
50
100
AcDbLine
 10
280.0
 20
216.0
 30
0.0
 11
280.0
 21
188.0
 31
0.0
  0
LINE
  5
9E5
330
9B3
100
AcDbEntity
 67
1
  8
E-TABLA
370
18
100
AcDbLine
 10
296.0
 20
216.0
 30
0.0
 11
296.0
 21
188.0
 31
0.0
  0
LINE
  5
9E6
330
9B3
100
AcDbEntity
 67
1
  8
E-TABLA
370
18
100
AcDbLine
 10
348.0
 20
216.0
 30
0.0
 11
348.0
 21
188.0
 31
0.0
  0
LINE
  5
9E7
330
9B3
100
AcDbEntity
 67
1
  8
E-TABLA
370
18
100
AcDbLine
 10
400.0
 20
216.0
 30
0.0
 11
400.0
 21
188.0
 31
0.0
  0
LINE
  5
9E8
330
9B3
100
AcDbEntity
 67
1
  8
E-TABLA
370
18
100
AcDbLine
 10
416.0
 20
216.0
 30
0.0
 11
416.0
 21
188.0
 31
0.0
  0
LINE
  5
9E9
330
9B3
100
AcDbEntity
 67
1
  8
E-TABLA
370
18
100
AcDbLine
 10
460.0
 20
216.0
 30
0.0
 11
460.0
 21
188.0
 31
0.0
  0
LINE
  5
9EA
330
9B3
100
AcDbEntity
 67
1
  8
E-TABLA
370
50
100
AcDbLine
 10
484.0
 20
216.0
 30
0.0
 11
484.0
 21
188.0
 31
0.0
  0
TEXT
  5
9EB
330
9B3
100
AcDbEntity
 67
1
  8
E-TABLA
100
AcDbText
 10
288.0
 20
213.2
 30
0.0
 40
2.0
  1
PISO
  7
ARIAL
 41
0.85
 72
1
 11
288.0
 21
213.2
 31
0.0
100
AcDbText
 73
2
  0
TEXT
  5
9EC
330
9B3
100
AcDbEntity
 67
1
  8
E-TABLA
100
AcDbText
 10
322.0
 20
213.2
 30
0.0
 40
2.0
  1
TRAMO 1: contrapasos / pasos
  7
ARIAL
 41
0.85
 72
1
 11
322.0
 21
213.2
 31
0.0
100
AcDbText
 73
2
  0
TEXT
  5
9ED
330
9B3
100
AcDbEntity
 67
1
  8
E-TABLA
100
AcDbText
 10
374.0
 20
213.2
 30
0.0
 40
2.0
  1
TRAMO 2: contrapasos / pasos
  7
ARIAL
 41
0.85
 72
1
 11
374.0
 21
213.2
 31
0.0
100
AcDbText
 73
2
  0
TEXT
  5
9EE
330
9B3
100
AcDbEntity
 67
1
  8
E-TABLA
100
AcDbText
 10
408.0
 20
213.2
 30
0.0
 40
2.0
  1
TOTAL
  7
ARIAL
 41
0.85
 72
1
 11
408.0
 21
213.2
 31
0.0
100
AcDbText
 73
2
  0
TEXT
  5
9EF
330
9B3
100
AcDbEntity
 67
1
  8
E-TABLA
100
AcDbText
 10
438.0
 20
213.2
 30
0.0
 40
2.0
  1
DESCANSO
  7
ARIAL
 41
0.85
 72
1
 11
438.0
 21
213.2
 31
0.0
100
AcDbText
 73
2
  0
TEXT
  5
9F0
330
9B3
100
AcDbEntity
 67
1
  8
E-TABLA
100
AcDbText
 10
472.0
 20
213.2
 30
0.0
 40
2.0
  1
LLEGADA
  7
ARIAL
 41
0.85
 72
1
 11
472.0
 21
213.2
 31
0.0
100
AcDbText
 73
2
  0
TEXT
  5
9F1
330
9B3
100
AcDbEntity
 67
1
  8
E-TABLA
100
AcDbText
 10
288.0
 20
207.6
 30
0.0
 40
2.0
  1
N1-N2
  7
ARIAL
 41
0.85
 72
1
 11
288.0
 21
207.6
 31
0.0
100
AcDbText
 73
2
  0
TEXT
  5
9F2
330
9B3
100
AcDbEntity
 67
1
  8
E-TABLA
100
AcDbText
 10
322.0
 20
207.6
 30
0.0
 40
2.0
  1
12 x 0.1684 / 11 x 0.255
  7
ARIAL
 41
0.85
 72
1
 11
322.0
 21
207.6
 31
0.0
100
AcDbText
 73
2
  0
TEXT
  5
9F3
330
9B3
100
AcDbEntity
 67
1
  8
E-TABLA
100
AcDbText
 10
374.0
 20
207.6
 30
0.0
 40
2.0
  1
7 x 0.1684 / 6 x 0.267
  7
ARIAL
 41
0.85
 72
1
 11
374.0
 21
207.6
 31
0.0
100
AcDbText
 73
2
  0
TEXT
  5
9F4
330
9B3
100
AcDbEntity
 67
1
  8
E-TABLA
100
AcDbText
 10
408.0
 20
207.6
 30
0.0
 40
2.0
  1
19 cp
  7
ARIAL
 41
0.85
 72
1
 11
408.0
 21
207.6
 31
0.0
100
AcDbText
 73
2
  0
TEXT
  5
9F5
330
9B3
100
AcDbEntity
 67
1
  8
E-TABLA
100
AcDbText
 10
438.0
 20
207.6
 30
0.0
 40
2.0
  1
NPT +2.02  L=1.25
  7
ARIAL
 41
0.85
 72
1
 11
438.0
 21
207.6
 31
0.0
100
AcDbText
 73
2
  0
TEXT
  5
9F6
330
9B3
100
AcDbEntity
 67
1
  8
E-TABLA
100
AcDbText
 10
472.0
 20
207.6
 30
0.0
 40
2.0
  1
NPT +3.20
  7
ARIAL
 41
0.85
 72
1
 11
472.0
 21
207.6
 31
0.0
100
AcDbText
 73
2
  0
TEXT
  5
9F7
330
9B3
100
AcDbEntity
 67
1
  8
E-TABLA
100
AcDbText
 10
288.0
 20
202.0
 30
0.0
 40
2.0
  1
N2-N3
  7
ARIAL
 41
0.85
 72
1
 11
288.0
 21
202.0
 31
0.0
100
AcDbText
 73
2
  0
TEXT
  5
9F8
330
9B3
100
AcDbEntity
 67
1
  8
E-TABLA
100
AcDbText
 10
322.0
 20
202.0
 30
0.0
 40
2.0
  1
8 x 0.1625 / 7 x 0.250
  7
ARIAL
 41
0.85
 72
1
 11
322.0
 21
202.0
 31
0.0
100
AcDbText
 73
2
  0
TEXT
  5
9F9
330
9B3
100
AcDbEntity
 67
1
  8
E-TABLA
100
AcDbText
 10
374.0
 20
202.0
 30
0.0
 40
2.0
  1
8 x 0.1625 / 7 x 0.250
  7
ARIAL
 41
0.85
 72
1
 11
374.0
 21
202.0
 31
0.0
100
AcDbText
 73
2
  0
TEXT
  5
9FA
330
9B3
100
AcDbEntity
 67
1
  8
E-TABLA
100
AcDbText
 10
408.0
 20
202.0
 30
0.0
 40
2.0
  1
16 cp
  7
ARIAL
 41
0.85
 72
1
 11
408.0
 21
202.0
 31
0.0
100
AcDbText
 73
2
  0
TEXT
  5
9FB
330
9B3
100
AcDbEntity
 67
1
  8
E-TABLA
100
AcDbText
 10
438.0
 20
202.0
 30
0.0
 40
2.0
  1
NPT +4.50  L=1.10
  7
ARIAL
 41
0.85
 72
1
 11
438.0
 21
202.0
 31
0.0
100
AcDbText
 73
2
  0
TEXT
  5
9FC
330
9B3
100
AcDbEntity
 67
1
  8
E-TABLA
100
AcDbText
 10
472.0
 20
202.0
 30
0.0
 40
2.0
  1
NPT +5.80
  7
ARIAL
 41
0.85
 72
1
 11
472.0
 21
202.0
 31
0.0
100
AcDbText
 73
2
  0
TEXT
  5
9FD
330
9B3
100
AcDbEntity
 67
1
  8
E-TABLA
100
AcDbText
 10
288.0
 20
196.4
 30
0.0
 40
2.0
  1
N3-N4
  7
ARIAL
 41
0.85
 72
1
 11
288.0
 21
196.4
 31
0.0
100
AcDbText
 73
2
  0
TEXT
  5
9FE
330
9B3
100
AcDbEntity
 67
1
  8
E-TABLA
100
AcDbText
 10
322.0
 20
196.4
 30
0.0
 40
2.0
  1
8 x 0.1625 / 7 x 0.250
  7
ARIAL
 41
0.85
 72
1
 11
322.0
 21
196.4
 31
0.0
100
AcDbText
 73
2
  0
TEXT
  5
9FF
330
9B3
100
AcDbEntity
 67
1
  8
E-TABLA
100
AcDbText
 10
374.0
 20
196.4
 30
0.0
 40
2.0
  1
8 x 0.1625 / 7 x 0.250
  7
ARIAL
 41
0.85
 72
1
 11
374.0
 21
196.4
 31
0.0
100
AcDbText
 73
2
  0
TEXT
  5
A00
330
9B3
100
AcDbEntity
 67
1
  8
E-TABLA
100
AcDbText
 10
408.0
 20
196.4
 30
0.0
 40
2.0
  1
16 cp
  7
ARIAL
 41
0.85
 72
1
 11
408.0
 21
196.4
 31
0.0
100
AcDbText
 73
2
  0
TEXT
  5
A01
330
9B3
100
AcDbEntity
 67
1
  8
E-TABLA
100
AcDbText
 10
438.0
 20
196.4
 30
0.0
 40
2.0
  1
NPT +7.10  L=1.10
  7
ARIAL
 41
0.85
 72
1
 11
438.0
 21
196.4
 31
0.0
100
AcDbText
 73
2
  0
TEXT
  5
A02
330
9B3
100
AcDbEntity
 67
1
  8
E-TABLA
100
AcDbText
 10
472.0
 20
196.4
 30
0.0
 40
2.0
  1
NPT +8.40
  7
ARIAL
 41
0.85
 72
1
 11
472.0
 21
196.4
 31
0.0
100
AcDbText
 73
2
  0
TEXT
  5
A03
330
9B3
100
AcDbEntity
 67
1
  8
E-TABLA
100
AcDbText
 10
288.0
 20
190.8
 30
0.0
 40
2.0
  1
N4-N5
  7
ARIAL
 41
0.85
 72
1
 11
288.0
 21
190.8
 31
0.0
100
AcDbText
 73
2
  0
TEXT
  5
A04
330
9B3
100
AcDbEntity
 67
1
  8
E-TABLA
100
AcDbText
 10
322.0
 20
190.8
 30
0.0
 40
2.0
  1
8 x 0.1625 / 7 x 0.250
  7
ARIAL
 41
0.85
 72
1
 11
322.0
 21
190.8
 31
0.0
100
AcDbText
 73
2
  0
TEXT
  5
A05
330
9B3
100
AcDbEntity
 67
1
  8
E-TABLA
100
AcDbText
 10
374.0
 20
190.8
 30
0.0
 40
2.0
  1
8 x 0.1625 / 7 x 0.250
  7
ARIAL
 41
0.85
 72
1
 11
374.0
 21
190.8
 31
0.0
100
AcDbText
 73
2
  0
TEXT
  5
A06
330
9B3
100
AcDbEntity
 67
1
  8
E-TABLA
100
AcDbText
 10
408.0
 20
190.8
 30
0.0
 40
2.0
  1
16 cp
  7
ARIAL
 41
0.85
 72
1
 11
408.0
 21
190.8
 31
0.0
100
AcDbText
 73
2
  0
TEXT
  5
A07
330
9B3
100
AcDbEntity
 67
1
  8
E-TABLA
100
AcDbText
 10
438.0
 20
190.8
 30
0.0
 40
2.0
  1
NPT +9.70  L=1.10
  7
ARIAL
 41
0.85
 72
1
 11
438.0
 21
190.8
 31
0.0
100
AcDbText
 73
2
  0
TEXT
  5
A08
330
9B3
100
AcDbEntity
 67
1
  8
E-TABLA
100
AcDbText
 10
472.0
 20
190.8
 30
0.0
 40
2.0
  1
NPT +11.00
  7
ARIAL
 41
0.85
 72
1
 11
472.0
 21
190.8
 31
0.0
100
AcDbText
 73
2
  0
TEXT
  5
A09
330
9B3
100
AcDbEntity
 67
1
  8
E-TITULO
100
AcDbText
 10
280.0
 20
218.0
 30
0.0
 40
3.0
  1
CUADRO DE TRAMOS (medido del modelo, m)
  7
ARIAL
 41
0.9
 11
280.0
 21
218.0
 31
0.0
100
AcDbText
 73
1
  0
TEXT
  5
A0A
330
9B3
100
AcDbEntity
 67
1
  8
E-TEXTO
100
AcDbText
 10
280.0
 20
184.0
 30
0.0
 40
1.8
  1
Ancho de tramo 1.10 (junta 0.015 entre tramos); garganta t = 0.15 perpendicular; pendiente: N1-N2 T1 33.5°, T2 32.3°; típico 33.0°.
  7
ARIAL
 41
0.9
 11
280.0
 21
184.0
 31
0.0
100
AcDbText
 73
1
  0
TEXT
  5
A0B
330
9B3
100
AcDbEntity
 67
1
  8
E-TEXTO
100
AcDbText
 10
280.0
 20
180.0
 30
0.0
 40
1.8
  1
Plataforma de llegada 1.20 x 2.215 (e = 0.15) en cada nivel. 2cp + p (N1-N2) = 0.591; típico = 0.575.
  7
ARIAL
 41
0.9
 11
280.0
 21
180.0
 31
0.0
100
AcDbText
 73
1
  0
LINE
  5
A0C
330
9B3
100
AcDbEntity
 67
1
  8
E-TABLA
370
50
100
AcDbLine
 10
520.0
 20
350.0
 30
0.0
 11
770.0
 21
350.0
 31
0.0
  0
LINE
  5
A0D
330
9B3
100
AcDbEntity
 67
1
  8
E-TABLA
370
50
100
AcDbLine
 10
520.0
 20
343.0
 30
0.0
 11
770.0
 21
343.0
 31
0.0
  0
LINE
  5
A0E
330
9B3
100
AcDbEntity
 67
1
  8
E-TABLA
370
18
100
AcDbLine
 10
520.0
 20
336.0
 30
0.0
 11
770.0
 21
336.0
 31
0.0
  0
LINE
  5
A0F
330
9B3
100
AcDbEntity
 67
1
  8
E-TABLA
370
18
100
AcDbLine
 10
520.0
 20
329.0
 30
0.0
 11
770.0
 21
329.0
 31
0.0
  0
LINE
  5
A10
330
9B3
100
AcDbEntity
 67
1
  8
E-TABLA
370
18
100
AcDbLine
 10
520.0
 20
322.0
 30
0.0
 11
770.0
 21
322.0
 31
0.0
  0
LINE
  5
A11
330
9B3
100
AcDbEntity
 67
1
  8
E-TABLA
370
18
100
AcDbLine
 10
520.0
 20
315.0
 30
0.0
 11
770.0
 21
315.0
 31
0.0
  0
LINE
  5
A12
330
9B3
100
AcDbEntity
 67
1
  8
E-TABLA
370
18
100
AcDbLine
 10
520.0
 20
308.0
 30
0.0
 11
770.0
 21
308.0
 31
0.0
  0
LINE
  5
A13
330
9B3
100
AcDbEntity
 67
1
  8
E-TABLA
370
18
100
AcDbLine
 10
520.0
 20
301.0
 30
0.0
 11
770.0
 21
301.0
 31
0.0
  0
LINE
  5
A14
330
9B3
100
AcDbEntity
 67
1
  8
E-TABLA
370
18
100
AcDbLine
 10
520.0
 20
294.0
 30
0.0
 11
770.0
 21
294.0
 31
0.0
  0
LINE
  5
A15
330
9B3
100
AcDbEntity
 67
1
  8
E-TABLA
370
18
100
AcDbLine
 10
520.0
 20
287.0
 30
0.0
 11
770.0
 21
287.0
 31
0.0
  0
LINE
  5
A16
330
9B3
100
AcDbEntity
 67
1
  8
E-TABLA
370
18
100
AcDbLine
 10
520.0
 20
280.0
 30
0.0
 11
770.0
 21
280.0
 31
0.0
  0
LINE
  5
A17
330
9B3
100
AcDbEntity
 67
1
  8
E-TABLA
370
18
100
AcDbLine
 10
520.0
 20
273.0
 30
0.0
 11
770.0
 21
273.0
 31
0.0
  0
LINE
  5
A18
330
9B3
100
AcDbEntity
 67
1
  8
E-TABLA
370
18
100
AcDbLine
 10
520.0
 20
266.0
 30
0.0
 11
770.0
 21
266.0
 31
0.0
  0
LINE
  5
A19
330
9B3
100
AcDbEntity
 67
1
  8
E-TABLA
370
18
100
AcDbLine
 10
520.0
 20
259.0
 30
0.0
 11
770.0
 21
259.0
 31
0.0
  0
LINE
  5
A1A
330
9B3
100
AcDbEntity
 67
1
  8
E-TABLA
370
18
100
AcDbLine
 10
520.0
 20
252.0
 30
0.0
 11
770.0
 21
252.0
 31
0.0
  0
LINE
  5
A1B
330
9B3
100
AcDbEntity
 67
1
  8
E-TABLA
370
50
100
AcDbLine
 10
520.0
 20
245.0
 30
0.0
 11
770.0
 21
245.0
 31
0.0
  0
LINE
  5
A1C
330
9B3
100
AcDbEntity
 67
1
  8
E-TABLA
370
50
100
AcDbLine
 10
520.0
 20
350.0
 30
0.0
 11
520.0
 21
245.0
 31
0.0
  0
LINE
  5
A1D
330
9B3
100
AcDbEntity
 67
1
  8
E-TABLA
370
18
100
AcDbLine
 10
531.0
 20
350.0
 30
0.0
 11
531.0
 21
245.0
 31
0.0
  0
LINE
  5
A1E
330
9B3
100
AcDbEntity
 67
1
  8
E-TABLA
370
18
100
AcDbLine
 10
623.0
 20
350.0
 30
0.0
 11
623.0
 21
245.0
 31
0.0
  0
LINE
  5
A1F
330
9B3
100
AcDbEntity
 67
1
  8
E-TABLA
370
18
100
AcDbLine
 10
653.0
 20
350.0
 30
0.0
 11
653.0
 21
245.0
 31
0.0
  0
LINE
  5
A20
330
9B3
100
AcDbEntity
 67
1
  8
E-TABLA
370
18
100
AcDbLine
 10
697.0
 20
350.0
 30
0.0
 11
697.0
 21
245.0
 31
0.0
  0
LINE
  5
A21
330
9B3
100
AcDbEntity
 67
1
  8
E-TABLA
370
18
100
AcDbLine
 10
708.0
 20
350.0
 30
0.0
 11
708.0
 21
245.0
 31
0.0
  0
LINE
  5
A22
330
9B3
100
AcDbEntity
 67
1
  8
E-TABLA
370
18
100
AcDbLine
 10
720.0
 20
350.0
 30
0.0
 11
720.0
 21
245.0
 31
0.0
  0
LINE
  5
A23
330
9B3
100
AcDbEntity
 67
1
  8
E-TABLA
370
18
100
AcDbLine
 10
736.0
 20
350.0
 30
0.0
 11
736.0
 21
245.0
 31
0.0
  0
LINE
  5
A24
330
9B3
100
AcDbEntity
 67
1
  8
E-TABLA
370
18
100
AcDbLine
 10
753.0
 20
350.0
 30
0.0
 11
753.0
 21
245.0
 31
0.0
  0
LINE
  5
A25
330
9B3
100
AcDbEntity
 67
1
  8
E-TABLA
370
50
100
AcDbLine
 10
770.0
 20
350.0
 30
0.0
 11
770.0
 21
245.0
 31
0.0
  0
TEXT
  5
A26
330
9B3
100
AcDbEntity
 67
1
  8
E-TABLA
100
AcDbText
 10
525.5
 20
346.5
 30
0.0
 40
2.0
  1
CÓD.
  7
ARIAL
 41
0.85
 72
1
 11
525.5
 21
346.5
 31
0.0
100
AcDbText
 73
2
  0
TEXT
  5
A27
330
9B3
100
AcDbEntity
 67
1
  8
E-TABLA
100
AcDbText
 10
577.0
 20
346.5
 30
0.0
 40
2.0
  1
DESCRIPCIÓN
  7
ARIAL
 41
0.85
 72
1
 11
577.0
 21
346.5
 31
0.0
100
AcDbText
 73
2
  0
TEXT
  5
A28
330
9B3
100
AcDbEntity
 67
1
  8
E-TABLA
100
AcDbText
 10
638.0
 20
346.5
 30
0.0
 40
2.0
  1
FORMA
  7
ARIAL
 41
0.85
 72
1
 11
638.0
 21
346.5
 31
0.0
100
AcDbText
 73
2
  0
TEXT
  5
A29
330
9B3
100
AcDbEntity
 67
1
  8
E-TABLA
100
AcDbText
 10
675.0
 20
346.5
 30
0.0
 40
2.0
  1
TRAMOS (m)
  7
ARIAL
 41
0.85
 72
1
 11
675.0
 21
346.5
 31
0.0
100
AcDbText
 73
2
  0
TEXT
  5
A2A
330
9B3
100
AcDbEntity
 67
1
  8
E-TABLA
100
AcDbText
 10
702.5
 20
346.5
 30
0.0
 40
2.0
  1
Ø
  7
ARIAL
 41
0.85
 72
1
 11
702.5
 21
346.5
 31
0.0
100
AcDbText
 73
2
  0
TEXT
  5
A2B
330
9B3
100
AcDbEntity
 67
1
  8
E-TABLA
100
AcDbText
 10
714.0
 20
346.5
 30
0.0
 40
2.0
  1
CANT.
  7
ARIAL
 41
0.85
 72
1
 11
714.0
 21
346.5
 31
0.0
100
AcDbText
 73
2
  0
TEXT
  5
A2C
330
9B3
100
AcDbEntity
 67
1
  8
E-TABLA
100
AcDbText
 10
728.0
 20
346.5
 30
0.0
 40
2.0
  1
LONG. (m)
  7
ARIAL
 41
0.85
 72
1
 11
728.0
 21
346.5
 31
0.0
100
AcDbText
 73
2
  0
TEXT
  5
A2D
330
9B3
100
AcDbEntity
 67
1
  8
E-TABLA
100
AcDbText
 10
744.5
 20
346.5
 30
0.0
 40
2.0
  1
TOTAL (m)
  7
ARIAL
 41
0.85
 72
1
 11
744.5
 21
346.5
 31
0.0
100
AcDbText
 73
2
  0
TEXT
  5
A2E
330
9B3
100
AcDbEntity
 67
1
  8
E-TABLA
100
AcDbText
 10
761.5
 20
346.5
 30
0.0
 40
2.0
  1
PESO (kg)
  7
ARIAL
 41
0.85
 72
1
 11
761.5
 21
346.5
 31
0.0
100
AcDbText
 73
2
  0
TEXT
  5
A2F
330
9B3
100
AcDbEntity
 67
1
  8
E-TABLA
100
AcDbText
 10
525.5
 20
339.5
 30
0.0
 40
2.0
  1
E1
  7
ARIAL
 41
0.85
 72
1
 11
525.5
 21
339.5
 31
0.0
100
AcDbText
 73
2
  0
TEXT
  5
A30
330
9B3
100
AcDbEntity
 67
1
  8
E-TABLA
100
AcDbText
 10
532.5
 20
339.5
 30
0.0
 40
2.0
  1
Mecha cimiento, traslapa con sup. tramo 1
  7
ARIAL
 41
0.85
 11
532.5
 21
339.5
 31
0.0
100
AcDbText
 73
2
  0
TEXT
  5
A31
330
9B3
100
AcDbEntity
 67
1
  8
E-TABLA
100
AcDbText
 10
638.0
 20
339.5
 30
0.0
 40
2.0
  1

  7
ARIAL
 41
0.85
 72
1
 11
638.0
 21
339.5
 31
0.0
100
AcDbText
 73
2
  0
TEXT
  5
A32
330
9B3
100
AcDbEntity
 67
1
  8
E-TABLA
100
AcDbText
 10
675.0
 20
339.5
 30
0.0
 40
2.0
  1
0.87 / 0.43
  7
ARIAL
 41
0.85
 72
1
 11
675.0
 21
339.5
 31
0.0
100
AcDbText
 73
2
  0
TEXT
  5
A33
330
9B3
100
AcDbEntity
 67
1
  8
E-TABLA
100
AcDbText
 10
702.5
 20
339.5
 30
0.0
 40
2.0
  1
Ø3/8"
  7
ARIAL
 41
0.85
 72
1
 11
702.5
 21
339.5
 31
0.0
100
AcDbText
 73
2
  0
TEXT
  5
A34
330
9B3
100
AcDbEntity
 67
1
  8
E-TABLA
100
AcDbText
 10
714.0
 20
339.5
 30
0.0
 40
2.0
  1
5
  7
ARIAL
 41
0.85
 72
1
 11
714.0
 21
339.5
 31
0.0
100
AcDbText
 73
2
  0
TEXT
  5
A35
330
9B3
100
AcDbEntity
 67
1
  8
E-TABLA
100
AcDbText
 10
728.0
 20
339.5
 30
0.0
 40
2.0
  1
1.30
  7
ARIAL
 41
0.85
 72
1
 11
728.0
 21
339.5
 31
0.0
100
AcDbText
 73
2
  0
TEXT
  5
A36
330
9B3
100
AcDbEntity
 67
1
  8
E-TABLA
100
AcDbText
 10
744.5
 20
339.5
 30
0.0
 40
2.0
  1
6.52
  7
ARIAL
 41
0.85
 72
1
 11
744.5
 21
339.5
 31
0.0
100
AcDbText
 73
2
  0
TEXT
  5
A37
330
9B3
100
AcDbEntity
 67
1
  8
E-TABLA
100
AcDbText
 10
761.5
 20
339.5
 30
0.0
 40
2.0
  1
3.7
  7
ARIAL
 41
0.85
 72
1
 11
761.5
 21
339.5
 31
0.0
100
AcDbText
 73
2
  0
TEXT
  5
A38
330
9B3
100
AcDbEntity
 67
1
  8
E-TABLA
100
AcDbText
 10
525.5
 20
332.5
 30
0.0
 40
2.0
  1
E2
  7
ARIAL
 41
0.85
 72
1
 11
525.5
 21
332.5
 31
0.0
100
AcDbText
 73
2
  0
TEXT
  5
A39
330
9B3
100
AcDbEntity
 67
1
  8
E-TABLA
100
AcDbText
 10
532.5
 20
332.5
 30
0.0
 40
2.0
  1
Long. inferior tramo 1 (N1-N2)
  7
ARIAL
 41
0.85
 11
532.5
 21
332.5
 31
0.0
100
AcDbText
 73
2
  0
TEXT
  5
A3A
330
9B3
100
AcDbEntity
 67
1
  8
E-TABLA
100
AcDbText
 10
638.0
 20
332.5
 30
0.0
 40
2.0
  1

  7
ARIAL
 41
0.85
 72
1
 11
638.0
 21
332.5
 31
0.0
100
AcDbText
 73
2
  0
TEXT
  5
A3B
330
9B3
100
AcDbEntity
 67
1
  8
E-TABLA
100
AcDbText
 10
675.0
 20
332.5
 30
0.0
 40
2.0
  1
3.40 / 0.26 / 0.40
  7
ARIAL
 41
0.85
 72
1
 11
675.0
 21
332.5
 31
0.0
100
AcDbText
 73
2
  0
TEXT
  5
A3C
330
9B3
100
AcDbEntity
 67
1
  8
E-TABLA
100
AcDbText
 10
702.5
 20
332.5
 30
0.0
 40
2.0
  1
Ø3/8"
  7
ARIAL
 41
0.85
 72
1
 11
702.5
 21
332.5
 31
0.0
100
AcDbText
 73
2
  0
TEXT
  5
A3D
330
9B3
100
AcDbEntity
 67
1
  8
E-TABLA
100
AcDbText
 10
714.0
 20
332.5
 30
0.0
 40
2.0
  1
6
  7
ARIAL
 41
0.85
 72
1
 11
714.0
 21
332.5
 31
0.0
100
AcDbText
 73
2
  0
TEXT
  5
A3E
330
9B3
100
AcDbEntity
 67
1
  8
E-TABLA
100
AcDbText
 10
728.0
 20
332.5
 30
0.0
 40
2.0
  1
4.04
  7
ARIAL
 41
0.85
 72
1
 11
728.0
 21
332.5
 31
0.0
100
AcDbText
 73
2
  0
TEXT
  5
A3F
330
9B3
100
AcDbEntity
 67
1
  8
E-TABLA
100
AcDbText
 10
744.5
 20
332.5
 30
0.0
 40
2.0
  1
24.22
  7
ARIAL
 41
0.85
 72
1
 11
744.5
 21
332.5
 31
0.0
100
AcDbText
 73
2
  0
TEXT
  5
A40
330
9B3
100
AcDbEntity
 67
1
  8
E-TABLA
100
AcDbText
 10
761.5
 20
332.5
 30
0.0
 40
2.0
  1
13.6
  7
ARIAL
 41
0.85
 72
1
 11
761.5
 21
332.5
 31
0.0
100
AcDbText
 73
2
  0
TEXT
  5
A41
330
9B3
100
AcDbEntity
 67
1
  8
E-TABLA
100
AcDbText
 10
525.5
 20
325.5
 30
0.0
 40
2.0
  1
E3
  7
ARIAL
 41
0.85
 72
1
 11
525.5
 21
325.5
 31
0.0
100
AcDbText
 73
2
  0
TEXT
  5
A42
330
9B3
100
AcDbEntity
 67
1
  8
E-TABLA
100
AcDbText
 10
532.5
 20
325.5
 30
0.0
 40
2.0
  1
Long. superior tramo 1 (N1-N2)
  7
ARIAL
 41
0.85
 11
532.5
 21
325.5
 31
0.0
100
AcDbText
 73
2
  0
TEXT
  5
A43
330
9B3
100
AcDbEntity
 67
1
  8
E-TABLA
100
AcDbText
 10
638.0
 20
325.5
 30
0.0
 40
2.0
  1

  7
ARIAL
 41
0.85
 72
1
 11
638.0
 21
325.5
 31
0.0
100
AcDbText
 73
2
  0
TEXT
  5
A44
330
9B3
100
AcDbEntity
 67
1
  8
E-TABLA
100
AcDbText
 10
675.0
 20
325.5
 30
0.0
 40
2.0
  1
3.45 / 0.12 / 0.40
  7
ARIAL
 41
0.85
 72
1
 11
675.0
 21
325.5
 31
0.0
100
AcDbText
 73
2
  0
TEXT
  5
A45
330
9B3
100
AcDbEntity
 67
1
  8
E-TABLA
100
AcDbText
 10
702.5
 20
325.5
 30
0.0
 40
2.0
  1
Ø3/8"
  7
ARIAL
 41
0.85
 72
1
 11
702.5
 21
325.5
 31
0.0
100
AcDbText
 73
2
  0
TEXT
  5
A46
330
9B3
100
AcDbEntity
 67
1
  8
E-TABLA
100
AcDbText
 10
714.0
 20
325.5
 30
0.0
 40
2.0
  1
6
  7
ARIAL
 41
0.85
 72
1
 11
714.0
 21
325.5
 31
0.0
100
AcDbText
 73
2
  0
TEXT
  5
A47
330
9B3
100
AcDbEntity
 67
1
  8
E-TABLA
100
AcDbText
 10
728.0
 20
325.5
 30
0.0
 40
2.0
  1
3.94
  7
ARIAL
 41
0.85
 72
1
 11
728.0
 21
325.5
 31
0.0
100
AcDbText
 73
2
  0
TEXT
  5
A48
330
9B3
100
AcDbEntity
 67
1
  8
E-TABLA
100
AcDbText
 10
744.5
 20
325.5
 30
0.0
 40
2.0
  1
23.63
  7
ARIAL
 41
0.85
 72
1
 11
744.5
 21
325.5
 31
0.0
100
AcDbText
 73
2
  0
TEXT
  5
A49
330
9B3
100
AcDbEntity
 67
1
  8
E-TABLA
100
AcDbText
 10
761.5
 20
325.5
 30
0.0
 40
2.0
  1
13.2
  7
ARIAL
 41
0.85
 72
1
 11
761.5
 21
325.5
 31
0.0
100
AcDbText
 73
2
  0
TEXT
  5
A4A
330
9B3
100
AcDbEntity
 67
1
  8
E-TABLA
100
AcDbText
 10
525.5
 20
318.5
 30
0.0
 40
2.0
  1
E4
  7
ARIAL
 41
0.85
 72
1
 11
525.5
 21
318.5
 31
0.0
100
AcDbText
 73
2
  0
TEXT
  5
A4B
330
9B3
100
AcDbEntity
 67
1
  8
E-TABLA
100
AcDbText
 10
532.5
 20
318.5
 30
0.0
 40
2.0
  1
Transversal tramo 1 y tramo 2 (todos)
  7
ARIAL
 41
0.85
 11
532.5
 21
318.5
 31
0.0
100
AcDbText
 73
2
  0
TEXT
  5
A4C
330
9B3
100
AcDbEntity
 67
1
  8
E-TABLA
100
AcDbText
 10
638.0
 20
318.5
 30
0.0
 40
2.0
  1

  7
ARIAL
 41
0.85
 72
1
 11
638.0
 21
318.5
 31
0.0
100
AcDbText
 73
2
  0
TEXT
  5
A4D
330
9B3
100
AcDbEntity
 67
1
  8
E-TABLA
100
AcDbText
 10
675.0
 20
318.5
 30
0.0
 40
2.0
  1
1.05
  7
ARIAL
 41
0.85
 72
1
 11
675.0
 21
318.5
 31
0.0
100
AcDbText
 73
2
  0
TEXT
  5
A4E
330
9B3
100
AcDbEntity
 67
1
  8
E-TABLA
100
AcDbText
 10
702.5
 20
318.5
 30
0.0
 40
2.0
  1
Ø3/8"
  7
ARIAL
 41
0.85
 72
1
 11
702.5
 21
318.5
 31
0.0
100
AcDbText
 73
2
  0
TEXT
  5
A4F
330
9B3
100
AcDbEntity
 67
1
  8
E-TABLA
100
AcDbText
 10
714.0
 20
318.5
 30
0.0
 40
2.0
  1
84
  7
ARIAL
 41
0.85
 72
1
 11
714.0
 21
318.5
 31
0.0
100
AcDbText
 73
2
  0
TEXT
  5
A50
330
9B3
100
AcDbEntity
 67
1
  8
E-TABLA
100
AcDbText
 10
728.0
 20
318.5
 30
0.0
 40
2.0
  1
1.05
  7
ARIAL
 41
0.85
 72
1
 11
728.0
 21
318.5
 31
0.0
100
AcDbText
 73
2
  0
TEXT
  5
A51
330
9B3
100
AcDbEntity
 67
1
  8
E-TABLA
100
AcDbText
 10
744.5
 20
318.5
 30
0.0
 40
2.0
  1
88.20
  7
ARIAL
 41
0.85
 72
1
 11
744.5
 21
318.5
 31
0.0
100
AcDbText
 73
2
  0
TEXT
  5
A52
330
9B3
100
AcDbEntity
 67
1
  8
E-TABLA
100
AcDbText
 10
761.5
 20
318.5
 30
0.0
 40
2.0
  1
49.4
  7
ARIAL
 41
0.85
 72
1
 11
761.5
 21
318.5
 31
0.0
100
AcDbText
 73
2
  0
TEXT
  5
A53
330
9B3
100
AcDbEntity
 67
1
  8
E-TABLA
100
AcDbText
 10
525.5
 20
311.5
 30
0.0
 40
2.0
  1
E5
  7
ARIAL
 41
0.85
 72
1
 11
525.5
 21
311.5
 31
0.0
100
AcDbText
 73
2
  0
TEXT
  5
A54
330
9B3
100
AcDbEntity
 67
1
  8
E-TABLA
100
AcDbText
 10
532.5
 20
311.5
 30
0.0
 40
2.0
  1
Long. inferior tramo 2 (N1-N2)
  7
ARIAL
 41
0.85
 11
532.5
 21
311.5
 31
0.0
100
AcDbText
 73
2
  0
TEXT
  5
A55
330
9B3
100
AcDbEntity
 67
1
  8
E-TABLA
100
AcDbText
 10
638.0
 20
311.5
 30
0.0
 40
2.0
  1

  7
ARIAL
 41
0.85
 72
1
 11
638.0
 21
311.5
 31
0.0
100
AcDbText
 73
2
  0
TEXT
  5
A56
330
9B3
100
AcDbEntity
 67
1
  8
E-TABLA
100
AcDbText
 10
675.0
 20
311.5
 30
0.0
 40
2.0
  1
0.50 / 1.91 / 0.26 / 0.40
  7
ARIAL
 41
0.85
 72
1
 11
675.0
 21
311.5
 31
0.0
100
AcDbText
 73
2
  0
TEXT
  5
A57
330
9B3
100
AcDbEntity
 67
1
  8
E-TABLA
100
AcDbText
 10
702.5
 20
311.5
 30
0.0
 40
2.0
  1
Ø3/8"
  7
ARIAL
 41
0.85
 72
1
 11
702.5
 21
311.5
 31
0.0
100
AcDbText
 73
2
  0
TEXT
  5
A58
330
9B3
100
AcDbEntity
 67
1
  8
E-TABLA
100
AcDbText
 10
714.0
 20
311.5
 30
0.0
 40
2.0
  1
6
  7
ARIAL
 41
0.85
 72
1
 11
714.0
 21
311.5
 31
0.0
100
AcDbText
 73
2
  0
TEXT
  5
A59
330
9B3
100
AcDbEntity
 67
1
  8
E-TABLA
100
AcDbText
 10
728.0
 20
311.5
 30
0.0
 40
2.0
  1
3.04
  7
ARIAL
 41
0.85
 72
1
 11
728.0
 21
311.5
 31
0.0
100
AcDbText
 73
2
  0
TEXT
  5
A5A
330
9B3
100
AcDbEntity
 67
1
  8
E-TABLA
100
AcDbText
 10
744.5
 20
311.5
 30
0.0
 40
2.0
  1
18.23
  7
ARIAL
 41
0.85
 72
1
 11
744.5
 21
311.5
 31
0.0
100
AcDbText
 73
2
  0
TEXT
  5
A5B
330
9B3
100
AcDbEntity
 67
1
  8
E-TABLA
100
AcDbText
 10
761.5
 20
311.5
 30
0.0
 40
2.0
  1
10.2
  7
ARIAL
 41
0.85
 72
1
 11
761.5
 21
311.5
 31
0.0
100
AcDbText
 73
2
  0
TEXT
  5
A5C
330
9B3
100
AcDbEntity
 67
1
  8
E-TABLA
100
AcDbText
 10
525.5
 20
304.5
 30
0.0
 40
2.0
  1
E6
  7
ARIAL
 41
0.85
 72
1
 11
525.5
 21
304.5
 31
0.0
100
AcDbText
 73
2
  0
TEXT
  5
A5D
330
9B3
100
AcDbEntity
 67
1
  8
E-TABLA
100
AcDbText
 10
532.5
 20
304.5
 30
0.0
 40
2.0
  1
Long. superior tramo 2 (N1-N2)
  7
ARIAL
 41
0.85
 11
532.5
 21
304.5
 31
0.0
100
AcDbText
 73
2
  0
TEXT
  5
A5E
330
9B3
100
AcDbEntity
 67
1
  8
E-TABLA
100
AcDbText
 10
638.0
 20
304.5
 30
0.0
 40
2.0
  1

  7
ARIAL
 41
0.85
 72
1
 11
638.0
 21
304.5
 31
0.0
100
AcDbText
 73
2
  0
TEXT
  5
A5F
330
9B3
100
AcDbEntity
 67
1
  8
E-TABLA
100
AcDbText
 10
675.0
 20
304.5
 30
0.0
 40
2.0
  1
0.35 / 2.14 / 0.12 / 0.40
  7
ARIAL
 41
0.85
 72
1
 11
675.0
 21
304.5
 31
0.0
100
AcDbText
 73
2
  0
TEXT
  5
A60
330
9B3
100
AcDbEntity
 67
1
  8
E-TABLA
100
AcDbText
 10
702.5
 20
304.5
 30
0.0
 40
2.0
  1
Ø3/8"
  7
ARIAL
 41
0.85
 72
1
 11
702.5
 21
304.5
 31
0.0
100
AcDbText
 73
2
  0
TEXT
  5
A61
330
9B3
100
AcDbEntity
 67
1
  8
E-TABLA
100
AcDbText
 10
714.0
 20
304.5
 30
0.0
 40
2.0
  1
6
  7
ARIAL
 41
0.85
 72
1
 11
714.0
 21
304.5
 31
0.0
100
AcDbText
 73
2
  0
TEXT
  5
A62
330
9B3
100
AcDbEntity
 67
1
  8
E-TABLA
100
AcDbText
 10
728.0
 20
304.5
 30
0.0
 40
2.0
  1
2.98
  7
ARIAL
 41
0.85
 72
1
 11
728.0
 21
304.5
 31
0.0
100
AcDbText
 73
2
  0
TEXT
  5
A63
330
9B3
100
AcDbEntity
 67
1
  8
E-TABLA
100
AcDbText
 10
744.5
 20
304.5
 30
0.0
 40
2.0
  1
17.86
  7
ARIAL
 41
0.85
 72
1
 11
744.5
 21
304.5
 31
0.0
100
AcDbText
 73
2
  0
TEXT
  5
A64
330
9B3
100
AcDbEntity
 67
1
  8
E-TABLA
100
AcDbText
 10
761.5
 20
304.5
 30
0.0
 40
2.0
  1
10.0
  7
ARIAL
 41
0.85
 72
1
 11
761.5
 21
304.5
 31
0.0
100
AcDbText
 73
2
  0
TEXT
  5
A65
330
9B3
100
AcDbEntity
 67
1
  8
E-TABLA
100
AcDbText
 10
525.5
 20
297.5
 30
0.0
 40
2.0
  1
E7
  7
ARIAL
 41
0.85
 72
1
 11
525.5
 21
297.5
 31
0.0
100
AcDbText
 73
2
  0
TEXT
  5
A66
330
9B3
100
AcDbEntity
 67
1
  8
E-TABLA
100
AcDbText
 10
532.5
 20
297.5
 30
0.0
 40
2.0
  1
Long. inferior descanso (N1-N2)
  7
ARIAL
 41
0.85
 11
532.5
 21
297.5
 31
0.0
100
AcDbText
 73
2
  0
TEXT
  5
A67
330
9B3
100
AcDbEntity
 67
1
  8
E-TABLA
100
AcDbText
 10
638.0
 20
297.5
 30
0.0
 40
2.0
  1

  7
ARIAL
 41
0.85
 72
1
 11
638.0
 21
297.5
 31
0.0
100
AcDbText
 73
2
  0
TEXT
  5
A68
330
9B3
100
AcDbEntity
 67
1
  8
E-TABLA
100
AcDbText
 10
675.0
 20
297.5
 30
0.0
 40
2.0
  1
1.20
  7
ARIAL
 41
0.85
 72
1
 11
675.0
 21
297.5
 31
0.0
100
AcDbText
 73
2
  0
TEXT
  5
A69
330
9B3
100
AcDbEntity
 67
1
  8
E-TABLA
100
AcDbText
 10
702.5
 20
297.5
 30
0.0
 40
2.0
  1
Ø3/8"
  7
ARIAL
 41
0.85
 72
1
 11
702.5
 21
297.5
 31
0.0
100
AcDbText
 73
2
  0
TEXT
  5
A6A
330
9B3
100
AcDbEntity
 67
1
  8
E-TABLA
100
AcDbText
 10
714.0
 20
297.5
 30
0.0
 40
2.0
  1
10
  7
ARIAL
 41
0.85
 72
1
 11
714.0
 21
297.5
 31
0.0
100
AcDbText
 73
2
  0
TEXT
  5
A6B
330
9B3
100
AcDbEntity
 67
1
  8
E-TABLA
100
AcDbText
 10
728.0
 20
297.5
 30
0.0
 40
2.0
  1
1.20
  7
ARIAL
 41
0.85
 72
1
 11
728.0
 21
297.5
 31
0.0
100
AcDbText
 73
2
  0
TEXT
  5
A6C
330
9B3
100
AcDbEntity
 67
1
  8
E-TABLA
100
AcDbText
 10
744.5
 20
297.5
 30
0.0
 40
2.0
  1
12.00
  7
ARIAL
 41
0.85
 72
1
 11
744.5
 21
297.5
 31
0.0
100
AcDbText
 73
2
  0
TEXT
  5
A6D
330
9B3
100
AcDbEntity
 67
1
  8
E-TABLA
100
AcDbText
 10
761.5
 20
297.5
 30
0.0
 40
2.0
  1
6.7
  7
ARIAL
 41
0.85
 72
1
 11
761.5
 21
297.5
 31
0.0
100
AcDbText
 73
2
  0
TEXT
  5
A6E
330
9B3
100
AcDbEntity
 67
1
  8
E-TABLA
100
AcDbText
 10
525.5
 20
290.5
 30
0.0
 40
2.0
  1
E8
  7
ARIAL
 41
0.85
 72
1
 11
525.5
 21
290.5
 31
0.0
100
AcDbText
 73
2
  0
TEXT
  5
A6F
330
9B3
100
AcDbEntity
 67
1
  8
E-TABLA
100
AcDbText
 10
532.5
 20
290.5
 30
0.0
 40
2.0
  1
Transversal descanso y plataforma (todos)
  7
ARIAL
 41
0.85
 11
532.5
 21
290.5
 31
0.0
100
AcDbText
 73
2
  0
TEXT
  5
A70
330
9B3
100
AcDbEntity
 67
1
  8
E-TABLA
100
AcDbText
 10
638.0
 20
290.5
 30
0.0
 40
2.0
  1

  7
ARIAL
 41
0.85
 72
1
 11
638.0
 21
290.5
 31
0.0
100
AcDbText
 73
2
  0
TEXT
  5
A71
330
9B3
100
AcDbEntity
 67
1
  8
E-TABLA
100
AcDbText
 10
675.0
 20
290.5
 30
0.0
 40
2.0
  1
2.17
  7
ARIAL
 41
0.85
 72
1
 11
675.0
 21
290.5
 31
0.0
100
AcDbText
 73
2
  0
TEXT
  5
A72
330
9B3
100
AcDbEntity
 67
1
  8
E-TABLA
100
AcDbText
 10
702.5
 20
290.5
 30
0.0
 40
2.0
  1
Ø3/8"
  7
ARIAL
 41
0.85
 72
1
 11
702.5
 21
290.5
 31
0.0
100
AcDbText
 73
2
  0
TEXT
  5
A73
330
9B3
100
AcDbEntity
 67
1
  8
E-TABLA
100
AcDbText
 10
714.0
 20
290.5
 30
0.0
 40
2.0
  1
40
  7
ARIAL
 41
0.85
 72
1
 11
714.0
 21
290.5
 31
0.0
100
AcDbText
 73
2
  0
TEXT
  5
A74
330
9B3
100
AcDbEntity
 67
1
  8
E-TABLA
100
AcDbText
 10
728.0
 20
290.5
 30
0.0
 40
2.0
  1
2.17
  7
ARIAL
 41
0.85
 72
1
 11
728.0
 21
290.5
 31
0.0
100
AcDbText
 73
2
  0
TEXT
  5
A75
330
9B3
100
AcDbEntity
 67
1
  8
E-TABLA
100
AcDbText
 10
744.5
 20
290.5
 30
0.0
 40
2.0
  1
86.60
  7
ARIAL
 41
0.85
 72
1
 11
744.5
 21
290.5
 31
0.0
100
AcDbText
 73
2
  0
TEXT
  5
A76
330
9B3
100
AcDbEntity
 67
1
  8
E-TABLA
100
AcDbText
 10
761.5
 20
290.5
 30
0.0
 40
2.0
  1
48.5
  7
ARIAL
 41
0.85
 72
1
 11
761.5
 21
290.5
 31
0.0
100
AcDbText
 73
2
  0
TEXT
  5
A77
330
9B3
100
AcDbEntity
 67
1
  8
E-TABLA
100
AcDbText
 10
525.5
 20
283.5
 30
0.0
 40
2.0
  1
E9
  7
ARIAL
 41
0.85
 72
1
 11
525.5
 21
283.5
 31
0.0
100
AcDbText
 73
2
  0
TEXT
  5
A78
330
9B3
100
AcDbEntity
 67
1
  8
E-TABLA
100
AcDbText
 10
532.5
 20
283.5
 30
0.0
 40
2.0
  1
Long. inferior plataforma (todos)
  7
ARIAL
 41
0.85
 11
532.5
 21
283.5
 31
0.0
100
AcDbText
 73
2
  0
TEXT
  5
A79
330
9B3
100
AcDbEntity
 67
1
  8
E-TABLA
100
AcDbText
 10
638.0
 20
283.5
 30
0.0
 40
2.0
  1

  7
ARIAL
 41
0.85
 72
1
 11
638.0
 21
283.5
 31
0.0
100
AcDbText
 73
2
  0
TEXT
  5
A7A
330
9B3
100
AcDbEntity
 67
1
  8
E-TABLA
100
AcDbText
 10
675.0
 20
283.5
 30
0.0
 40
2.0
  1
1.15
  7
ARIAL
 41
0.85
 72
1
 11
675.0
 21
283.5
 31
0.0
100
AcDbText
 73
2
  0
TEXT
  5
A7B
330
9B3
100
AcDbEntity
 67
1
  8
E-TABLA
100
AcDbText
 10
702.5
 20
283.5
 30
0.0
 40
2.0
  1
Ø3/8"
  7
ARIAL
 41
0.85
 72
1
 11
702.5
 21
283.5
 31
0.0
100
AcDbText
 73
2
  0
TEXT
  5
A7C
330
9B3
100
AcDbEntity
 67
1
  8
E-TABLA
100
AcDbText
 10
714.0
 20
283.5
 30
0.0
 40
2.0
  1
40
  7
ARIAL
 41
0.85
 72
1
 11
714.0
 21
283.5
 31
0.0
100
AcDbText
 73
2
  0
TEXT
  5
A7D
330
9B3
100
AcDbEntity
 67
1
  8
E-TABLA
100
AcDbText
 10
728.0
 20
283.5
 30
0.0
 40
2.0
  1
1.15
  7
ARIAL
 41
0.85
 72
1
 11
728.0
 21
283.5
 31
0.0
100
AcDbText
 73
2
  0
TEXT
  5
A7E
330
9B3
100
AcDbEntity
 67
1
  8
E-TABLA
100
AcDbText
 10
744.5
 20
283.5
 30
0.0
 40
2.0
  1
46.00
  7
ARIAL
 41
0.85
 72
1
 11
744.5
 21
283.5
 31
0.0
100
AcDbText
 73
2
  0
TEXT
  5
A7F
330
9B3
100
AcDbEntity
 67
1
  8
E-TABLA
100
AcDbText
 10
761.5
 20
283.5
 30
0.0
 40
2.0
  1
25.8
  7
ARIAL
 41
0.85
 72
1
 11
761.5
 21
283.5
 31
0.0
100
AcDbText
 73
2
  0
TEXT
  5
A80
330
9B3
100
AcDbEntity
 67
1
  8
E-TABLA
100
AcDbText
 10
525.5
 20
276.5
 30
0.0
 40
2.0
  1
E10
  7
ARIAL
 41
0.85
 72
1
 11
525.5
 21
276.5
 31
0.0
100
AcDbText
 73
2
  0
TEXT
  5
A81
330
9B3
100
AcDbEntity
 67
1
  8
E-TABLA
100
AcDbText
 10
532.5
 20
276.5
 30
0.0
 40
2.0
  1
Transversal plataforma (todos)
  7
ARIAL
 41
0.85
 11
532.5
 21
276.5
 31
0.0
100
AcDbText
 73
2
  0
TEXT
  5
A82
330
9B3
100
AcDbEntity
 67
1
  8
E-TABLA
100
AcDbText
 10
638.0
 20
276.5
 30
0.0
 40
2.0
  1

  7
ARIAL
 41
0.85
 72
1
 11
638.0
 21
276.5
 31
0.0
100
AcDbText
 73
2
  0
TEXT
  5
A83
330
9B3
100
AcDbEntity
 67
1
  8
E-TABLA
100
AcDbText
 10
675.0
 20
276.5
 30
0.0
 40
2.0
  1
2.16
  7
ARIAL
 41
0.85
 72
1
 11
675.0
 21
276.5
 31
0.0
100
AcDbText
 73
2
  0
TEXT
  5
A84
330
9B3
100
AcDbEntity
 67
1
  8
E-TABLA
100
AcDbText
 10
702.5
 20
276.5
 30
0.0
 40
2.0
  1
Ø3/8"
  7
ARIAL
 41
0.85
 72
1
 11
702.5
 21
276.5
 31
0.0
100
AcDbText
 73
2
  0
TEXT
  5
A85
330
9B3
100
AcDbEntity
 67
1
  8
E-TABLA
100
AcDbText
 10
714.0
 20
276.5
 30
0.0
 40
2.0
  1
8
  7
ARIAL
 41
0.85
 72
1
 11
714.0
 21
276.5
 31
0.0
100
AcDbText
 73
2
  0
TEXT
  5
A86
330
9B3
100
AcDbEntity
 67
1
  8
E-TABLA
100
AcDbText
 10
728.0
 20
276.5
 30
0.0
 40
2.0
  1
2.16
  7
ARIAL
 41
0.85
 72
1
 11
728.0
 21
276.5
 31
0.0
100
AcDbText
 73
2
  0
TEXT
  5
A87
330
9B3
100
AcDbEntity
 67
1
  8
E-TABLA
100
AcDbText
 10
744.5
 20
276.5
 30
0.0
 40
2.0
  1
17.32
  7
ARIAL
 41
0.85
 72
1
 11
744.5
 21
276.5
 31
0.0
100
AcDbText
 73
2
  0
TEXT
  5
A88
330
9B3
100
AcDbEntity
 67
1
  8
E-TABLA
100
AcDbText
 10
761.5
 20
276.5
 30
0.0
 40
2.0
  1
9.7
  7
ARIAL
 41
0.85
 72
1
 11
761.5
 21
276.5
 31
0.0
100
AcDbText
 73
2
  0
TEXT
  5
A89
330
9B3
100
AcDbEntity
 67
1
  8
E-TABLA
100
AcDbText
 10
525.5
 20
269.5
 30
0.0
 40
2.0
  1
E11
  7
ARIAL
 41
0.85
 72
1
 11
525.5
 21
269.5
 31
0.0
100
AcDbText
 73
2
  0
TEXT
  5
A8A
330
9B3
100
AcDbEntity
 67
1
  8
E-TABLA
100
AcDbText
 10
532.5
 20
269.5
 30
0.0
 40
2.0
  1
Long. inferior tramo 1 y tramo 2 (N2-N3 a N4-N5)
  7
ARIAL
 41
0.85
 11
532.5
 21
269.5
 31
0.0
100
AcDbText
 73
2
  0
TEXT
  5
A8B
330
9B3
100
AcDbEntity
 67
1
  8
E-TABLA
100
AcDbText
 10
638.0
 20
269.5
 30
0.0
 40
2.0
  1

  7
ARIAL
 41
0.85
 72
1
 11
638.0
 21
269.5
 31
0.0
100
AcDbText
 73
2
  0
TEXT
  5
A8C
330
9B3
100
AcDbEntity
 67
1
  8
E-TABLA
100
AcDbText
 10
675.0
 20
269.5
 30
0.0
 40
2.0
  1
0.50 / 2.10 / 0.26 / 0.40
  7
ARIAL
 41
0.85
 72
1
 11
675.0
 21
269.5
 31
0.0
100
AcDbText
 73
2
  0
TEXT
  5
A8D
330
9B3
100
AcDbEntity
 67
1
  8
E-TABLA
100
AcDbText
 10
702.5
 20
269.5
 30
0.0
 40
2.0
  1
Ø3/8"
  7
ARIAL
 41
0.85
 72
1
 11
702.5
 21
269.5
 31
0.0
100
AcDbText
 73
2
  0
TEXT
  5
A8E
330
9B3
100
AcDbEntity
 67
1
  8
E-TABLA
100
AcDbText
 10
714.0
 20
269.5
 30
0.0
 40
2.0
  1
36
  7
ARIAL
 41
0.85
 72
1
 11
714.0
 21
269.5
 31
0.0
100
AcDbText
 73
2
  0
TEXT
  5
A8F
330
9B3
100
AcDbEntity
 67
1
  8
E-TABLA
100
AcDbText
 10
728.0
 20
269.5
 30
0.0
 40
2.0
  1
3.23
  7
ARIAL
 41
0.85
 72
1
 11
728.0
 21
269.5
 31
0.0
100
AcDbText
 73
2
  0
TEXT
  5
A90
330
9B3
100
AcDbEntity
 67
1
  8
E-TABLA
100
AcDbText
 10
744.5
 20
269.5
 30
0.0
 40
2.0
  1
116.16
  7
ARIAL
 41
0.85
 72
1
 11
744.5
 21
269.5
 31
0.0
100
AcDbText
 73
2
  0
TEXT
  5
A91
330
9B3
100
AcDbEntity
 67
1
  8
E-TABLA
100
AcDbText
 10
761.5
 20
269.5
 30
0.0
 40
2.0
  1
65.1
  7
ARIAL
 41
0.85
 72
1
 11
761.5
 21
269.5
 31
0.0
100
AcDbText
 73
2
  0
TEXT
  5
A92
330
9B3
100
AcDbEntity
 67
1
  8
E-TABLA
100
AcDbText
 10
525.5
 20
262.5
 30
0.0
 40
2.0
  1
E12
  7
ARIAL
 41
0.85
 72
1
 11
525.5
 21
262.5
 31
0.0
100
AcDbText
 73
2
  0
TEXT
  5
A93
330
9B3
100
AcDbEntity
 67
1
  8
E-TABLA
100
AcDbText
 10
532.5
 20
262.5
 30
0.0
 40
2.0
  1
Long. superior tramo 1 y tramo 2 (N2-N3 a N4-N5)
  7
ARIAL
 41
0.85
 11
532.5
 21
262.5
 31
0.0
100
AcDbText
 73
2
  0
TEXT
  5
A94
330
9B3
100
AcDbEntity
 67
1
  8
E-TABLA
100
AcDbText
 10
638.0
 20
262.5
 30
0.0
 40
2.0
  1

  7
ARIAL
 41
0.85
 72
1
 11
638.0
 21
262.5
 31
0.0
100
AcDbText
 73
2
  0
TEXT
  5
A95
330
9B3
100
AcDbEntity
 67
1
  8
E-TABLA
100
AcDbText
 10
675.0
 20
262.5
 30
0.0
 40
2.0
  1
0.35 / 2.33 / 0.11 / 0.40
  7
ARIAL
 41
0.85
 72
1
 11
675.0
 21
262.5
 31
0.0
100
AcDbText
 73
2
  0
TEXT
  5
A96
330
9B3
100
AcDbEntity
 67
1
  8
E-TABLA
100
AcDbText
 10
702.5
 20
262.5
 30
0.0
 40
2.0
  1
Ø3/8"
  7
ARIAL
 41
0.85
 72
1
 11
702.5
 21
262.5
 31
0.0
100
AcDbText
 73
2
  0
TEXT
  5
A97
330
9B3
100
AcDbEntity
 67
1
  8
E-TABLA
100
AcDbText
 10
714.0
 20
262.5
 30
0.0
 40
2.0
  1
36
  7
ARIAL
 41
0.85
 72
1
 11
714.0
 21
262.5
 31
0.0
100
AcDbText
 73
2
  0
TEXT
  5
A98
330
9B3
100
AcDbEntity
 67
1
  8
E-TABLA
100
AcDbText
 10
728.0
 20
262.5
 30
0.0
 40
2.0
  1
3.16
  7
ARIAL
 41
0.85
 72
1
 11
728.0
 21
262.5
 31
0.0
100
AcDbText
 73
2
  0
TEXT
  5
A99
330
9B3
100
AcDbEntity
 67
1
  8
E-TABLA
100
AcDbText
 10
744.5
 20
262.5
 30
0.0
 40
2.0
  1
113.84
  7
ARIAL
 41
0.85
 72
1
 11
744.5
 21
262.5
 31
0.0
100
AcDbText
 73
2
  0
TEXT
  5
A9A
330
9B3
100
AcDbEntity
 67
1
  8
E-TABLA
100
AcDbText
 10
761.5
 20
262.5
 30
0.0
 40
2.0
  1
63.8
  7
ARIAL
 41
0.85
 72
1
 11
761.5
 21
262.5
 31
0.0
100
AcDbText
 73
2
  0
TEXT
  5
A9B
330
9B3
100
AcDbEntity
 67
1
  8
E-TABLA
100
AcDbText
 10
525.5
 20
255.5
 30
0.0
 40
2.0
  1
E13
  7
ARIAL
 41
0.85
 72
1
 11
525.5
 21
255.5
 31
0.0
100
AcDbText
 73
2
  0
TEXT
  5
A9C
330
9B3
100
AcDbEntity
 67
1
  8
E-TABLA
100
AcDbText
 10
532.5
 20
255.5
 30
0.0
 40
2.0
  1
Long. inferior descanso (N2-N3 a N4-N5)
  7
ARIAL
 41
0.85
 11
532.5
 21
255.5
 31
0.0
100
AcDbText
 73
2
  0
TEXT
  5
A9D
330
9B3
100
AcDbEntity
 67
1
  8
E-TABLA
100
AcDbText
 10
638.0
 20
255.5
 30
0.0
 40
2.0
  1

  7
ARIAL
 41
0.85
 72
1
 11
638.0
 21
255.5
 31
0.0
100
AcDbText
 73
2
  0
TEXT
  5
A9E
330
9B3
100
AcDbEntity
 67
1
  8
E-TABLA
100
AcDbText
 10
675.0
 20
255.5
 30
0.0
 40
2.0
  1
1.05
  7
ARIAL
 41
0.85
 72
1
 11
675.0
 21
255.5
 31
0.0
100
AcDbText
 73
2
  0
TEXT
  5
A9F
330
9B3
100
AcDbEntity
 67
1
  8
E-TABLA
100
AcDbText
 10
702.5
 20
255.5
 30
0.0
 40
2.0
  1
Ø3/8"
  7
ARIAL
 41
0.85
 72
1
 11
702.5
 21
255.5
 31
0.0
100
AcDbText
 73
2
  0
TEXT
  5
AA0
330
9B3
100
AcDbEntity
 67
1
  8
E-TABLA
100
AcDbText
 10
714.0
 20
255.5
 30
0.0
 40
2.0
  1
30
  7
ARIAL
 41
0.85
 72
1
 11
714.0
 21
255.5
 31
0.0
100
AcDbText
 73
2
  0
TEXT
  5
AA1
330
9B3
100
AcDbEntity
 67
1
  8
E-TABLA
100
AcDbText
 10
728.0
 20
255.5
 30
0.0
 40
2.0
  1
1.05
  7
ARIAL
 41
0.85
 72
1
 11
728.0
 21
255.5
 31
0.0
100
AcDbText
 73
2
  0
TEXT
  5
AA2
330
9B3
100
AcDbEntity
 67
1
  8
E-TABLA
100
AcDbText
 10
744.5
 20
255.5
 30
0.0
 40
2.0
  1
31.50
  7
ARIAL
 41
0.85
 72
1
 11
744.5
 21
255.5
 31
0.0
100
AcDbText
 73
2
  0
TEXT
  5
AA3
330
9B3
100
AcDbEntity
 67
1
  8
E-TABLA
100
AcDbText
 10
761.5
 20
255.5
 30
0.0
 40
2.0
  1
17.6
  7
ARIAL
 41
0.85
 72
1
 11
761.5
 21
255.5
 31
0.0
100
AcDbText
 73
2
  0
TEXT
  5
AA4
330
9B3
100
AcDbEntity
 67
1
  8
E-TABLA
100
AcDbText
 10
525.5
 20
248.5
 30
0.0
 40
2.0
  1

  7
ARIAL
 41
0.85
 72
1
 11
525.5
 21
248.5
 31
0.0
100
AcDbText
 73
2
  0
TEXT
  5
AA5
330
9B3
100
AcDbEntity
 67
1
  8
E-TABLA
100
AcDbText
 10
532.5
 20
248.5
 30
0.0
 40
2.0
  1
TOTAL ACERO DE ESCALERA (0.56 kg/m)
  7
ARIAL
 41
0.85
 11
532.5
 21
248.5
 31
0.0
100
AcDbText
 73
2
  0
TEXT
  5
AA6
330
9B3
100
AcDbEntity
 67
1
  8
E-TABLA
100
AcDbText
 10
638.0
 20
248.5
 30
0.0
 40
2.0
  1

  7
ARIAL
 41
0.85
 72
1
 11
638.0
 21
248.5
 31
0.0
100
AcDbText
 73
2
  0
TEXT
  5
AA7
330
9B3
100
AcDbEntity
 67
1
  8
E-TABLA
100
AcDbText
 10
675.0
 20
248.5
 30
0.0
 40
2.0
  1

  7
ARIAL
 41
0.85
 72
1
 11
675.0
 21
248.5
 31
0.0
100
AcDbText
 73
2
  0
TEXT
  5
AA8
330
9B3
100
AcDbEntity
 67
1
  8
E-TABLA
100
AcDbText
 10
702.5
 20
248.5
 30
0.0
 40
2.0
  1

  7
ARIAL
 41
0.85
 72
1
 11
702.5
 21
248.5
 31
0.0
100
AcDbText
 73
2
  0
TEXT
  5
AA9
330
9B3
100
AcDbEntity
 67
1
  8
E-TABLA
100
AcDbText
 10
714.0
 20
248.5
 30
0.0
 40
2.0
  1
313
  7
ARIAL
 41
0.85
 72
1
 11
714.0
 21
248.5
 31
0.0
100
AcDbText
 73
2
  0
TEXT
  5
AAA
330
9B3
100
AcDbEntity
 67
1
  8
E-TABLA
100
AcDbText
 10
728.0
 20
248.5
 30
0.0
 40
2.0
  1

  7
ARIAL
 41
0.85
 72
1
 11
728.0
 21
248.5
 31
0.0
100
AcDbText
 73
2
  0
TEXT
  5
AAB
330
9B3
100
AcDbEntity
 67
1
  8
E-TABLA
100
AcDbText
 10
744.5
 20
248.5
 30
0.0
 40
2.0
  1
602.08
  7
ARIAL
 41
0.85
 72
1
 11
744.5
 21
248.5
 31
0.0
100
AcDbText
 73
2
  0
TEXT
  5
AAC
330
9B3
100
AcDbEntity
 67
1
  8
E-TABLA
100
AcDbText
 10
761.5
 20
248.5
 30
0.0
 40
2.0
  1
337.2
  7
ARIAL
 41
0.85
 72
1
 11
761.5
 21
248.5
 31
0.0
100
AcDbText
 73
2
  0
TEXT
  5
AAD
330
9B3
100
AcDbEntity
 67
1
  8
E-TITULO
100
AcDbText
 10
520.0
 20
352.0
 30
0.0
 40
3.0
  1
CUADRO DE ACERO DE ESCALERA (planilla, medido del modelo)
  7
ARIAL
 41
0.9
 11
520.0
 21
352.0
 31
0.0
100
AcDbText
 73
1
  0
LWPOLYLINE
  5
AAE
330
9B3
100
AcDbEntity
 67
1
  8
E-ACERO
100
AcDbPolyline
 90
3
 70
0
 10
637.1930465122193
 20
337.0
 10
637.1930465122193
 20
340.9321516834722
 10
638.8069534877808
 20
342.0
  0
LWPOLYLINE
  5
AAF
330
9B3
100
AcDbEntity
 67
1
  8
E-ACERO
100
AcDbPolyline
 90
15
 70
0
 10
634.2055804499104
 20
330.0
 10
640.7522649481226
 20
334.33164115478206
 10
640.7930095611758
 20
334.34453294393325
 10
640.8375130251828
 20
334.3574247330844
 10
640.8375130251828
 20
334.3832083113866
 10
640.8563185911765
 20
334.4120997511937
 10
640.8652915924602
 20
334.44999863919935
 10
640.8604131149492
 20
334.7091613411343
 10
640.859600035364
 20
334.79119588552334
 10
640.8587869557789
 20
334.79554890844594
 10
640.8563477170234
 20
334.92513025941344
 10
640.8782391516156
 20
334.9809323013846
 10
640.9057081858821
 20
334.99292108807145
 10
640.9331772201485
 20
335.0
 10
641.7944195500896
 20
335.0
  0
LWPOLYLINE
  5
AB0
330
9B3
100
AcDbEntity
 67
1
  8
E-ACERO
100
AcDbPolyline
 90
17
 70
0
 10
633.9856456187172
 20
323.0
 10
634.0266581455538
 20
323.0271361103225
 10
634.0230173347975
 20
323.0989255582379
 10
640.7490717360038
 20
327.54924765112304
 10
640.8228198755896
 20
327.567338391338
 10
640.8636407801093
 20
327.57638376144547
 10
640.8636407801093
 20
327.60351987176796
 10
640.8721093165137
 20
327.63065598209045
 10
640.9541343701869
 20
327.68492820273536
 10
640.9951468970236
 20
327.78075338973724
 10
641.0225699524402
 20
327.78075338973724
 10
641.0319917021995
 20
327.78219488978505
 10
641.0293686682465
 20
327.9214497627253
 10
641.0523572671599
 20
327.98004251880474
 10
641.0812000544067
 20
327.9926307292821
 10
641.1100428416536
 20
328.0
 10
642.0143543812829
 20
328.0
  0
LWPOLYLINE
  5
AB1
330
9B3
100
AcDbEntity
 67
1
  8
E-ACERO
100
AcDbPolyline
 90
2
 70
0
 10
625.0
 20
318.4999871779695
 10
651.0
 20
318.4999871779695
  0
LWPOLYLINE
  5
AB2
330
9B3
100
AcDbEntity
 67
1
  8
E-ACERO
100
AcDbPolyline
 90
12
 70
0
 10
633.0589042682051
 20
309.0
 10
634.9916981015747
 20
309.0
 10
635.0283748760335
 20
309.0052218162898
 10
635.0621381100859
 20
309.020473260466
 10
641.3033100826543
 20
312.9831212965142
 10
641.3480376271525
 20
313.0307670806776
 10
641.3642857841032
 20
313.09406515578604
 10
641.3642857841032
 20
313.88782822442454
 10
641.4027764724281
 20
313.9807541859117
 10
641.4492399230976
 20
314.0
 10
641.495703373767
 20
313.9977961666079
 10
642.9410957317948
 20
313.9977961666079
  0
LWPOLYLINE
  5
AB3
330
9B3
100
AcDbEntity
 67
1
  8
E-ACERO
100
AcDbPolyline
 90
22
 70
0
 10
632.8956813071253
 20
302.0
 10
634.2571175807117
 20
302.0
 10
634.294343563929
 20
302.005299466095
 10
634.3286050509939
 20
302.02077770332625
 10
634.5299326080315
 20
302.14860468745974
 10
634.5884263767285
 20
302.1912136821709
 10
634.5884263767285
 20
302.233822676882
 10
634.6630437852025
 20
302.2551271742376
 10
634.7312601650689
 20
302.2764316715932
 10
634.7991301390907
 20
302.31783608531504
 10
641.1841200944702
 20
306.35046317309184
 10
641.2408511759456
 20
306.4095041585758
 10
641.375069547304
 20
306.4947221479981
 10
641.4198090044234
 20
306.5917906871318
 10
641.442178732983
 20
306.64672598530626
 10
641.4875713880338
 20
306.64672598530626
 10
641.5040611594251
 20
306.64992476684876
 10
641.5040611594251
 20
306.886160200113
 10
641.5431261222377
 20
306.98046799550747
 10
641.5902795430212
 20
307.0
 10
641.6374329638046
 20
306.9959024773859
 10
643.1043186928746
 20
306.9959024773859
  0
LWPOLYLINE
  5
AB4
330
9B3
100
AcDbEntity
 67
1
  8
E-ACERO
100
AcDbPolyline
 90
2
 70
0
 10
625.0
 20
297.49998905060306
 10
651.0
 20
297.49998905060306
  0
LWPOLYLINE
  5
AB5
330
9B3
100
AcDbEntity
 67
1
  8
E-ACERO
100
AcDbPolyline
 90
2
 70
0
 10
625.0
 20
290.4999939598937
 10
651.0
 20
290.4999939598937
  0
LWPOLYLINE
  5
AB6
330
9B3
100
AcDbEntity
 67
1
  8
E-ACERO
100
AcDbPolyline
 90
2
 70
0
 10
625.0
 20
283.49998856922065
 10
651.0
 20
283.49998856922065
  0
LWPOLYLINE
  5
AB7
330
9B3
100
AcDbEntity
 67
1
  8
E-ACERO
100
AcDbPolyline
 90
2
 70
0
 10
625.0
 20
276.4999939776896
 10
651.0
 20
276.4999939776896
  0
LWPOLYLINE
  5
AB8
330
9B3
100
AcDbEntity
 67
1
  8
E-ACERO
100
AcDbPolyline
 90
11
 70
0
 10
633.2208124516895
 20
267.0
 10
634.9832226123253
 20
267.0
 10
635.0172928130565
 20
267.00494420854596
 10
635.048554408413
 20
267.01936703156815
 10
641.286281763132
 20
271.07389066946314
 10
641.3263155349827
 20
271.11722343810334
 10
641.3408283774079
 20
271.1744020482586
 10
641.3408283774079
 20
271.88012158963636
 10
641.3759410885591
 20
271.9648872888488
 10
641.4607067877715
 20
272.0
 10
642.7791875483103
 20
272.0
  0
LWPOLYLINE
  5
AB9
330
9B3
100
AcDbEntity
 67
1
  8
E-ACERO
100
AcDbPolyline
 90
17
 70
0
 10
633.076176416082
 20
260.0
 10
634.3161910609798
 20
260.0
 10
634.3507362607598
 20
260.0050120180648
 10
634.3824321030623
 20
260.01963605412493
 10
634.565764753352
 20
260.1388022654754
 10
634.6063445112752
 20
260.17852433592554
 10
634.6063445112752
 20
260.2182464063757
 10
634.6806376313978
 20
260.2381074416008
 10
634.7490974036418
 20
260.25796847682585
 10
641.349072814073
 20
264.5479520854429
 10
641.4101836975029
 20
264.6701320987856
 10
641.4507700914472
 20
264.6701320987856
 10
641.4654845281107
 20
264.6895817129315
 10
641.4654845281107
 20
264.87845638883664
 10
641.5010849810872
 20
264.96439954702345
 10
641.587028139274
 20
265.0
 10
642.9238235839181
 20
265.0
  0
LWPOLYLINE
  5
ABA
330
9B3
100
AcDbEntity
 67
1
  8
E-ACERO
100
AcDbPolyline
 90
2
 70
0
 10
625.0
 20
255.49998746721505
 10
651.0
 20
255.49998746721505
  0
TEXT
  5
ABB
330
9B3
100
AcDbEntity
 67
1
  8
E-TEXTO
100
AcDbText
 10
520.0
 20
241.0
 30
0.0
 40
1.8
  1
TRAMOS: longitudes de los segmentos de la barra según el modelo (Revit), en orden. LONG.: longitud de corte de una barra.
  7
ARIAL
 41
0.9
 11
520.0
 21
241.0
 31
0.0
100
AcDbText
 73
1
  0
TEXT
  5
ABC
330
9B3
100
AcDbEntity
 67
1
  8
E-TEXTO
100
AcDbText
 10
520.0
 20
237.5
 30
0.0
 40
1.8
  1
Códigos E# en los cortes. Cantidades: todas las barras modeladas (4 pisos de escalera + cimiento).
  7
ARIAL
 41
0.9
 11
520.0
 21
237.5
 31
0.0
100
AcDbText
 73
1
  0
TEXT
  5
ABD
330
9B3
100
AcDbEntity
 67
1
  8
E-TITULO
100
AcDbText
 10
280.0
 20
168.0
 30
0.0
 40
2.4
  1
NOTAS - ESCALERA
  7
ARIAL
 41
0.9
 11
280.0
 21
168.0
 31
0.0
100
AcDbText
 73
1
  0
TEXT
  5
ABE
330
9B3
100
AcDbEntity
 67
1
  8
E-TEXTO
100
AcDbText
 10
280.0
 20
163.6
 30
0.0
 40
2.1
  1
1. CONCRETO f'c = 210 kg/cm² en tramos, descansos, plataformas y cimiento de arranque.
  7
ARIAL
 41
0.9
 11
280.0
 21
163.6
 31
0.0
100
AcDbText
 73
1
  0
TEXT
  5
ABF
330
9B3
100
AcDbEntity
 67
1
  8
E-TEXTO
100
AcDbText
 10
280.0
 20
159.2
 30
0.0
 40
2.1
  1
2. ACERO corrugado ASTM A615 Grado 60, fy = 4200 kg/cm². Todo el acero de escalera es Ø3/8" (0.56 kg/m).
  7
ARIAL
 41
0.9
 11
280.0
 21
159.2
 31
0.0
100
AcDbText
 73
1
  0
TEXT
  5
AC0
330
9B3
100
AcDbEntity
 67
1
  8
E-TEXTO
100
AcDbText
 10
280.0
 20
154.8
 30
0.0
 40
2.1
  1
3. RECUBRIMIENTO libre mínimo de proyecto: 2.5 cm en tramos, descansos y plataformas; 5 cm en el cimiento de
  7
ARIAL
 41
0.9
 11
280.0
 21
154.8
 31
0.0
100
AcDbText
 73
1
  0
TEXT
  5
AC1
330
9B3
100
AcDbEntity
 67
1
  8
E-TEXTO
100
AcDbText
 10
280.0
 20
150.4
 30
0.0
 40
2.1
  1
    arranque. El acero se dibuja corregido a estos valores (lista de barras: planos/ESCALERA_RECUBRIMIENTOS.csv).
  7
ARIAL
 41
0.9
 11
280.0
 21
150.4
 31
0.0
100
AcDbText
 73
1
  0
TEXT
  5
AC2
330
9B3
100
AcDbEntity
 67
1
  8
E-TEXTO
100
AcDbText
 10
280.0
 20
146.0
 30
0.0
 40
2.1
  1
4. Losa (garganta) e = 0.15 m. Malla inferior Ø3/8" en dos capas (capa 1 longitudinal abajo, capa 2 transversal)
  7
ARIAL
 41
0.9
 11
280.0
 21
146.0
 31
0.0
100
AcDbText
 73
1
  0
TEXT
  5
AC3
330
9B3
100
AcDbEntity
 67
1
  8
E-TEXTO
100
AcDbText
 10
280.0
 20
141.6
 30
0.0
 40
2.1
  1
    y acero superior longitudinal Ø3/8" corrido; separación de diseño @ 0.25 máx., modelada @ .19 - .24 (ver cortes).
  7
ARIAL
 41
0.9
 11
280.0
 21
141.6
 31
0.0
100
AcDbText
 73
1
  0
TEXT
  5
AC4
330
9B3
100
AcDbEntity
 67
1
  8
E-TEXTO
100
AcDbText
 10
280.0
 20
137.2
 30
0.0
 40
2.1
  1
5. ANCLAJES (medidos): extremo bajo, inferior entra horizontal 0.49 en la plataforma; superior baja y entra 0.36.
  7
ARIAL
 41
0.9
 11
280.0
 21
137.2
 31
0.0
100
AcDbText
 73
1
  0
TEXT
  5
AC5
330
9B3
100
AcDbEntity
 67
1
  8
E-TEXTO
100
AcDbText
 10
280.0
 20
132.8
 30
0.0
 40
2.1
  1
    Extremo alto: ambas capas suben en el nudo y doblan 0.40 horizontales ARRIBA en el descanso/plataforma.
  7
ARIAL
 41
0.9
 11
280.0
 21
132.8
 31
0.0
100
AcDbText
 73
1
  0
TEXT
  5
AC6
330
9B3
100
AcDbEntity
 67
1
  8
E-TEXTO
100
AcDbText
 10
280.0
 20
128.4
 30
0.0
 40
2.1
  1
6. ARRANQUE (fig. 107, Manual del Maestro Constructor - Aceros Arequipa): el inferior llega recto al cimiento;
  7
ARIAL
 41
0.9
 11
280.0
 21
128.4
 31
0.0
100
AcDbText
 73
1
  0
TEXT
  5
AC7
330
9B3
100
AcDbEntity
 67
1
  8
E-TEXTO
100
AcDbText
 10
280.0
 20
124.0
 30
0.0
 40
2.1
  1
    el superior traslapa 0.45 con 5 mechas Ø3/8" centradas que salen del cimiento (vertical 0.87).
  7
ARIAL
 41
0.9
 11
280.0
 21
124.0
 31
0.0
100
AcDbText
 73
1
  0
TEXT
  5
AC8
330
9B3
100
AcDbEntity
 67
1
  8
E-TEXTO
100
AcDbText
 10
280.0
 20
119.6
 30
0.0
 40
2.1
  1
    CORREGIR POSICIÓN DE MECHAS SEGÚN DETALLE (corte C-C y planta del cimiento).
  7
ARIAL
 41
0.9
 11
280.0
 21
119.6
 31
0.0
100
AcDbText
 73
1
  0
TEXT
  5
AC9
330
9B3
100
AcDbEntity
 67
1
  8
E-TEXTO
100
AcDbText
 10
280.0
 20
115.19999999999999
 30
0.0
 40
2.1
  1
7. Traslape de Ø3/8" = 0.45 m. El cimiento se vacía antes que la escalera (dejar mechas).
  7
ARIAL
 41
0.9
 11
280.0
 21
115.19999999999999
 31
0.0
100
AcDbText
 73
1
  0
TEXT
  5
ACA
330
9B3
100
AcDbEntity
 67
1
  8
E-TEXTO
100
AcDbText
 10
280.0
 20
110.8
 30
0.0
 40
2.1
  1
8. Cimiento de arranque 1.25 x 0.50 x 1.00, fondo -1.00: confirmar capacidad portante a esa profundidad (EMS a Df 2.00).
  7
ARIAL
 41
0.9
 11
280.0
 21
110.8
 31
0.0
100
AcDbText
 73
1
  0
TEXT
  5
ACB
330
9B3
100
AcDbEntity
 67
1
  8
E-TEXTO
100
AcDbText
 10
280.0
 20
106.39999999999999
 30
0.0
 40
2.1
  1
9. Niveles NPT en metros. Plano generado del modelo IFC 'Proyect sj.ifc'; acero dibujado a los recubrimientos de proyecto.
  7
ARIAL
 41
0.9
 11
280.0
 21
106.39999999999999
 31
0.0
100
AcDbText
 73
1
  0
TEXT
  5
ACC
330
9B3
100
AcDbEntity
 67
1
  8
E-TITULO
100
AcDbText
 10
520.0
 20
229.0
 30
0.0
 40
2.4
  1
OBSERVACIONES DEL MODELO (revisar antes de emitir)
  7
ARIAL
 41
0.9
 11
520.0
 21
229.0
 31
0.0
100
AcDbText
 73
1
  0
TEXT
  5
ACD
330
9B3
100
AcDbEntity
 67
1
  8
E-TEXTO
100
AcDbText
 10
520.0
 20
224.6
 30
0.0
 40
2.1
  1
1. En el IFC, 77 barras en N1-N2 y 51 por piso típico tienen 1.6 - 2.2 cm libres en extremos y anclajes
  7
ARIAL
 41
0.9
 11
520.0
 21
224.6
 31
0.0
100
AcDbText
 73
1
  0
TEXT
  5
ACE
330
9B3
100
AcDbEntity
 67
1
  8
E-TEXTO
100
AcDbText
 10
520.0
 20
220.2
 30
0.0
 40
2.1
  1
    (patas en nudos): aquí se dibujan con 2.5 cm. Se ajustan con el nodo 13 actualizado (herramientas/dynamo).
  7
ARIAL
 41
0.9
 11
520.0
 21
220.2
 31
0.0
100
AcDbText
 73
1
  0
TEXT
  5
ACF
330
9B3
100
AcDbEntity
 67
1
  8
E-TEXTO
100
AcDbText
 10
520.0
 20
215.8
 30
0.0
 40
2.1
  1
2. Mechas: el modelo ya tiene las 5 mechas centradas @ 0.20 del detalle (ids 231415 - 231419).
  7
ARIAL
 41
0.9
 11
520.0
 21
215.8
 31
0.0
100
AcDbText
 73
1
  0
TEXT
  5
AD0
330
9B3
100
AcDbEntity
 67
1
  8
E-TEXTO
100
AcDbText
 10
520.0
 20
211.4
 30
0.0
 40
2.1
  1
3. Nudo J1 (nodo 18) llega al fondo de la plataforma: sin vacío bajo la llegada del tramo 2.
  7
ARIAL
 41
0.9
 11
520.0
 21
211.4
 31
0.0
100
AcDbText
 73
1
  0
TEXT
  5
AD1
330
9B3
100
AcDbEntity
 67
1
  8
E-TEXTO
100
AcDbText
 10
520.0
 20
207.0
 30
0.0
 40
2.1
  1
4. Capa 2 (transversal) de T2 N1-N2 cruza 0.4 - 4.2 mm la capa 1 en el modelo; se corrige con
  7
ARIAL
 41
0.9
 11
520.0
 21
207.0
 31
0.0
100
AcDbText
 73
1
  0
TEXT
  5
AD2
330
9B3
100
AcDbEntity
 67
1
  8
E-TEXTO
100
AcDbText
 10
520.0
 20
202.6
 30
0.0
 40
2.1
  1
    correccion_escalera.py (correr después del nodo 13). En obra la transversal apoya sobre la longitudinal.
  7
ARIAL
 41
0.9
 11
520.0
 21
202.6
 31
0.0
100
AcDbText
 73
1
  0
TEXT
  5
AD3
330
9B3
100
AcDbEntity
 67
1
  8
E-TEXTO
100
AcDbText
 10
520.0
 20
198.2
 30
0.0
 40
2.1
  1
5. Acero superior sin barras transversales de repartición en el modelo: definir (sugerido Ø3/8" @ .25).
  7
ARIAL
 41
0.9
 11
520.0
 21
198.2
 31
0.0
100
AcDbText
 73
1
  0
TEXT
  5
AD4
330
9B3
100
AcDbEntity
 67
1
  8
E-TEXTO
100
AcDbText
 10
520.0
 20
193.8
 30
0.0
 40
2.1
  1
6. Descansos intermedios sin viga de apoyo modelada (apoyan en los tramos y en las caras de columnas A-3).
  7
ARIAL
 41
0.9
 11
520.0
 21
193.8
 31
0.0
100
AcDbText
 73
1
  0
LWPOLYLINE
  5
AD5
330
9B3
100
AcDbEntity
 67
1
  8
E-MARCO
370
50
100
AcDbPolyline
 90
4
 70
1
 10
631.0
 20
10.0
 10
831.0
 20
10.0
 10
831.0
 20
72.0
 10
631.0
 20
72.0
  0
LINE
  5
AD6
330
9B3
100
AcDbEntity
 67
1
  8
E-MARCO
370
25
100
AcDbLine
 10
631.0
 20
54.0
 30
0.0
 11
831.0
 21
54.0
 31
0.0
  0
LINE
  5
AD7
330
9B3
100
AcDbEntity
 67
1
  8
E-MARCO
370
25
100
AcDbLine
 10
631.0
 20
40.0
 30
0.0
 11
831.0
 21
40.0
 31
0.0
  0
LINE
  5
AD8
330
9B3
100
AcDbEntity
 67
1
  8
E-MARCO
370
25
100
AcDbLine
 10
631.0
 20
28.0
 30
0.0
 11
831.0
 21
28.0
 31
0.0
  0
LINE
  5
AD9
330
9B3
100
AcDbEntity
 67
1
  8
E-MARCO
370
25
100
AcDbLine
 10
781.0
 20
10.0
 30
0.0
 11
781.0
 21
40.0
 31
0.0
  0
LINE
  5
ADA
330
9B3
100
AcDbEntity
 67
1
  8
E-MARCO
370
25
100
AcDbLine
 10
706.0
 20
10.0
 30
0.0
 11
706.0
 21
28.0
 31
0.0
  0
TEXT
  5
ADB
330
9B3
100
AcDbEntity
 67
1
  8
E-TEXTO
100
AcDbText
 10
633.0
 20
68.0
 30
0.0
 40
1.8
  1
PROYECTO:
  7
ARIAL
 41
0.9
 11
633.0
 21
68.0
 31
0.0
100
AcDbText
 73
1
  0
TEXT
  5
ADC
330
9B3
100
AcDbEntity
 67
1
  8
E-TITULO
100
AcDbText
 10
633.0
 20
61.0
 30
0.0
 40
3.6
  1
CASA SAN JERÓNIMO - REDISEÑO ESTRUCTURAL 4 x 3
  7
ARIAL
 41
0.9
 11
633.0
 21
61.0
 31
0.0
100
AcDbText
 73
1
  0
TEXT
  5
ADD
330
9B3
100
AcDbEntity
 67
1
  8
E-TEXTO
100
AcDbText
 10
633.0
 20
56.0
 30
0.0
 40
2.0
  1
5 niveles (Cimentación -2.00, N1 ±0.00 ... N5 +11.00)
  7
ARIAL
 41
0.9
 11
633.0
 21
56.0
 31
0.0
100
AcDbText
 73
1
  0
TEXT
  5
ADE
330
9B3
100
AcDbEntity
 67
1
  8
E-TEXTO
100
AcDbText
 10
633.0
 20
49.5
 30
0.0
 40
2.2
  1
ESPECIALIDAD: ESTRUCTURAS
  7
ARIAL
 41
0.9
 11
633.0
 21
49.5
 31
0.0
100
AcDbText
 73
1
  0
TEXT
  5
ADF
330
9B3
100
AcDbEntity
 67
1
  8
E-TITULO
100
AcDbText
 10
633.0
 20
45.0
 30
0.0
 40
2.6
  1
ESCALERA: PLANTAS, CORTES, CIMIENTO DE
  7
ARIAL
 41
0.9
 11
633.0
 21
45.0
 31
0.0
100
AcDbText
 73
1
  0
TEXT
  5
AE0
330
9B3
100
AcDbEntity
 67
1
  8
E-TITULO
100
AcDbText
 10
633.0
 20
41.5
 30
0.0
 40
2.6
  1
ARRANQUE Y CUADRO DE ACERO
  7
ARIAL
 41
0.9
 11
633.0
 21
41.5
 31
0.0
100
AcDbText
 73
1
  0
TEXT
  5
AE1
330
9B3
100
AcDbEntity
 67
1
  8
E-TEXTO
100
AcDbText
 10
806.0
 20
36.0
 30
0.0
 40
2.0
  1
LÁMINA
  7
ARIAL
 41
0.9
 72
1
 11
806.0
 21
36.0
 31
0.0
100
AcDbText
 73
1
  0
TEXT
  5
AE2
330
9B3
100
AcDbEntity
 67
1
  8
E-TITULO
100
AcDbText
 10
806.0
 20
20.0
 30
0.0
 40
11.0
  1
E-09
  7
ARIAL
 41
0.9
 72
1
 11
806.0
 21
20.0
 31
0.0
100
AcDbText
 73
1
  0
TEXT
  5
AE3
330
9B3
100
AcDbEntity
 67
1
  8
E-TEXTO
100
AcDbText
 10
633.0
 20
34.0
 30
0.0
 40
2.0
  1
ESCALA: INDICADA
  7
ARIAL
 41
0.9
 11
633.0
 21
34.0
 31
0.0
100
AcDbText
 73
1
  0
TEXT
  5
AE4
330
9B3
100
AcDbEntity
 67
1
  8
E-TEXTO
100
AcDbText
 10
633.0
 20
30.0
 30
0.0
 40
2.0
  1
FECHA: SET. 2026
  7
ARIAL
 41
0.9
 11
633.0
 21
30.0
 31
0.0
100
AcDbText
 73
1
  0
TEXT
  5
AE5
330
9B3
100
AcDbEntity
 67
1
  8
E-TEXTO
100
AcDbText
 10
708.0
 20
34.0
 30
0.0
 40
2.0
  1
FUENTE: modelo IFC 'Proyect sj.ifc'
  7
ARIAL
 41
0.9
 11
708.0
 21
34.0
 31
0.0
100
AcDbText
 73
1
  0
TEXT
  5
AE6
330
9B3
100
AcDbEntity
 67
1
  8
E-TEXTO
100
AcDbText
 10
708.0
 20
30.0
 30
0.0
 40
2.0
  1
(Revit 2027, IFC4, 26-09-2026)
  7
ARIAL
 41
0.9
 11
708.0
 21
30.0
 31
0.0
100
AcDbText
 73
1
  0
TEXT
  5
AE7
330
9B3
100
AcDbEntity
 67
1
  8
E-TEXTO
100
AcDbText
 10
633.0
 20
23.0
 30
0.0
 40
1.8
  1
PROFESIONAL RESPONSABLE:
  7
ARIAL
 41
0.9
 11
633.0
 21
23.0
 31
0.0
100
AcDbText
 73
1
  0
TEXT
  5
AE8
330
9B3
100
AcDbEntity
 67
1
  8
E-TEXTO
100
AcDbText
 10
633.0
 20
14.0
 30
0.0
 40
2.0
  1
_______________________  CIP ______
  7
ARIAL
 41
0.9
 11
633.0
 21
14.0
 31
0.0
100
AcDbText
 73
1
  0
TEXT
  5
AE9
330
9B3
100
AcDbEntity
 67
1
  8
E-TEXTO
100
AcDbText
 10
708.0
 20
23.0
 30
0.0
 40
1.8
  1
REVISÓ:
  7
ARIAL
 41
0.9
 11
708.0
 21
23.0
 31
0.0
100
AcDbText
 73
1
  0
TEXT
  5
AEA
330
9B3
100
AcDbEntity
 67
1
  8
E-TEXTO
100
AcDbText
 10
708.0
 20
14.0
 30
0.0
 40
2.0
  1
_______________________
  7
ARIAL
 41
0.9
 11
708.0
 21
14.0
 31
0.0
100
AcDbText
 73
1
  0
ENDBLK
  5
9B5
330
9B3
100
AcDbEntity
  8
0
100
AcDbBlockEnd
  0
ENDSEC
  0
SECTION
  2
ENTITIES
  0
LINE
  5
A8
330
17
100
AcDbEntity
  8
E-EJES
  6
EJE25
100
AcDbLine
 10
6.3999999999999595
 20
-0.9
 30
0.0
 11
6.3999999999999595
 21
3.1
 31
0.0
  0
CIRCLE
  5
A9
330
17
100
AcDbEntity
  8
E-EJES-ID
100
AcDbCircle
 10
6.3999999999999595
 20
3.225
 30
0.0
 40
0.125
  0
TEXT
  5
AA
330
17
100
AcDbEntity
  8
E-EJES-ID
100
AcDbText
 10
6.3999999999999595
 20
3.225
 30
0.0
 40
0.07500000000000001
  1
A-2
  7
ARIAL
 41
0.8
 72
1
 11
6.3999999999999595
 21
3.225
 31
0.0
100
AcDbText
 73
2
  0
LINE
  5
AB
330
17
100
AcDbEntity
  8
E-EJES
  6
EJE25
100
AcDbLine
 10
9.999999999999954
 20
-0.9
 30
0.0
 11
9.999999999999954
 21
3.1
 31
0.0
  0
CIRCLE
  5
AC
330
17
100
AcDbEntity
  8
E-EJES-ID
100
AcDbCircle
 10
9.999999999999954
 20
3.225
 30
0.0
 40
0.125
  0
TEXT
  5
AD
330
17
100
AcDbEntity
  8
E-EJES-ID
100
AcDbText
 10
9.999999999999954
 20
3.225
 30
0.0
 40
0.07500000000000001
  1
A-3
  7
ARIAL
 41
0.8
 72
1
 11
9.999999999999954
 21
3.225
 31
0.0
100
AcDbText
 73
2
  0
LINE
  5
AE
330
17
100
AcDbEntity
  8
E-EJES
  6
EJE25
100
AcDbLine
 10
5.52
 20
3.8581546245602195e-16
 30
0.0
 11
11.12
 21
3.8581546245602195e-16
 31
0.0
  0
CIRCLE
  5
AF
330
17
100
AcDbEntity
  8
E-EJES-ID
100
AcDbCircle
 10
5.395
 20
3.8581546245602195e-16
 30
0.0
 40
0.125
  0
TEXT
  5
B0
330
17
100
AcDbEntity
  8
E-EJES-ID
100
AcDbText
 10
5.395
 20
3.8581546245602195e-16
 30
0.0
 40
0.07500000000000001
  1
N-4
  7
ARIAL
 41
0.8
 72
1
 11
5.395
 21
3.8581546245602195e-16
 31
0.0
100
AcDbText
 73
2
  0
LINE
  5
B1
330
17
100
AcDbEntity
  8
E-EJES
  6
EJE25
100
AcDbLine
 10
5.52
 20
2.51495830078157
 30
0.0
 11
11.12
 21
2.51495830078157
 31
0.0
  0
CIRCLE
  5
B2
330
17
100
AcDbEntity
  8
E-EJES-ID
100
AcDbCircle
 10
5.395
 20
2.51495830078157
 30
0.0
 40
0.125
  0
TEXT
  5
B3
330
17
100
AcDbEntity
  8
E-EJES-ID
100
AcDbText
 10
5.395
 20
2.51495830078157
 30
0.0
 40
0.07500000000000001
  1
N-3
  7
ARIAL
 41
0.8
 72
1
 11
5.395
 21
2.51495830078157
 31
0.0
100
AcDbText
 73
2
  0
HATCH
  5
B4
330
17
100
AcDbEntity
  8
E-COLUMNA-ACH
100
AcDbHatch
 10
0.0
 20
0.0
 30
0.0
210
0.0
220
0.0
230
1.0
  2
SOLID
 70
1
 71
0
 91
1
 92
3
 72
0
 73
1
 93
4
 10
6.099999914638712
 20
2.3649582939814673
 10
6.099999915642699
 20
2.6649582276070305
 10
6.699999799258974
 20
2.664958230905556
 10
6.699999798255006
 20
2.3649582972800545
 97
0
 75
0
 76
1
 98
0
  0
LWPOLYLINE
  5
B5
330
17
100
AcDbEntity
  8
E-COLUMNA
100
AcDbPolyline
 90
4
 70
1
 10
6.099999914638712
 20
2.3649582939814673
 10
6.099999915642699
 20
2.6649582276070305
 10
6.699999799258974
 20
2.664958230905556
 10
6.699999798255006
 20
2.3649582972800545
  0
TEXT
  5
B6
330
17
100
AcDbEntity
  8
E-TEXTO
100
AcDbText
 10
6.119999914638711
 20
2.684958230905556
 30
0.0
 40
0.04000000000000001
  1
C-1
  7
ARIAL
 41
0.9
 11
6.119999914638711
 21
2.684958230905556
 31
0.0
100
AcDbText
 73
1
  0
HATCH
  5
B7
330
17
100
AcDbEntity
  8
E-COLUMNA-ACH
100
AcDbHatch
 10
0.0
 20
0.0
 30
0.0
210
0.0
220
0.0
230
1.0
  2
SOLID
 70
1
 71
0
 91
1
 92
3
 72
0
 73
1
 93
4
 10
6.100000050418581
 20
-0.15004169940948486
 10
6.099999916127808
 20
0.14995828611504305
 10
6.699999797769897
 20
0.14995828611504305
 10
6.699999799227609
 20
-0.15004168994179345
 97
0
 75
0
 76
1
 98
0
  0
LWPOLYLINE
  5
B8
330
17
100
AcDbEntity
  8
E-COLUMNA
100
AcDbPolyline
 90
4
 70
1
 10
6.100000050418581
 20
-0.15004169940948486
 10
6.099999916127808
 20
0.14995828611504305
 10
6.699999797769897
 20
0.14995828611504305
 10
6.699999799227609
 20
-0.15004168994179345
  0
TEXT
  5
B9
330
17
100
AcDbEntity
  8
E-TEXTO
100
AcDbText
 10
6.119999916127807
 20
-0.17004169940948485
 30
0.0
 40
0.04000000000000001
  1
C-1
  7
ARIAL
 41
0.9
 11
6.119999916127807
 21
-0.17004169940948485
 31
0.0
100
AcDbText
 73
3
  0
HATCH
  5
BA
330
17
100
AcDbEntity
  8
E-COLUMNA-ACH
100
AcDbHatch
 10
0.0
 20
0.0
 30
0.0
210
0.0
220
0.0
230
1.0
  2
SOLID
 70
1
 71
0
 91
1
 92
3
 72
0
 73
1
 93
4
 10
9.550000205764864
 20
-0.15004168923079128
 10
9.550000202230104
 20
0.1499582861150431
 10
10.149999607308136
 20
0.14995828686085866
 10
10.149999607035033
 20
-0.15004168791424508
 97
0
 75
0
 76
1
 98
0
  0
LWPOLYLINE
  5
BB
330
17
100
AcDbEntity
  8
E-COLUMNA
100
AcDbPolyline
 90
4
 70
1
 10
9.550000205764864
 20
-0.15004168923079128
 10
9.550000202230104
 20
0.1499582861150431
 10
10.149999607308136
 20
0.14995828686085866
 10
10.149999607035033
 20
-0.15004168791424508
  0
TEXT
  5
BC
330
17
100
AcDbEntity
  8
E-TEXTO
100
AcDbText
 10
9.570000202230103
 20
-0.17004168923079127
 30
0.0
 40
0.04000000000000001
  1
C-1
  7
ARIAL
 41
0.9
 11
9.570000202230103
 21
-0.17004168923079127
 31
0.0
100
AcDbText
 73
3
  0
HATCH
  5
BD
330
17
100
AcDbEntity
  8
E-COLUMNA-ACH
100
AcDbHatch
 10
0.0
 20
0.0
 30
0.0
210
0.0
220
0.0
230
1.0
  2
SOLID
 70
1
 71
0
 91
1
 92
3
 72
0
 73
1
 93
6
 10
9.5500002022301
 20
2.3649582977806443
 10
9.550000202230104
 20
2.6649582271064447
 10
9.849997452537538
 20
2.664961167533873
 10
9.850000392964967
 20
2.964958179422729
 10
10.149999607035054
 20
2.964958179422707
 10
10.149999607035022
 20
2.364958297780628
 97
0
 75
0
 76
1
 98
0
  0
LWPOLYLINE
  5
BE
330
17
100
AcDbEntity
  8
E-COLUMNA
100
AcDbPolyline
 90
6
 70
1
 10
9.5500002022301
 20
2.3649582977806443
 10
9.550000202230104
 20
2.6649582271064447
 10
9.849997452537538
 20
2.664961167533873
 10
9.850000392964967
 20
2.964958179422729
 10
10.149999607035054
 20
2.964958179422707
 10
10.149999607035022
 20
2.364958297780628
  0
TEXT
  5
BF
330
17
100
AcDbEntity
  8
E-TEXTO
100
AcDbText
 10
9.5700002022301
 20
2.984958179422729
 30
0.0
 40
0.04000000000000001
  1
C-2
  7
ARIAL
 41
0.9
 11
9.5700002022301
 21
2.984958179422729
 31
0.0
100
AcDbText
 73
1
  0
LINE
  5
C0
330
17
100
AcDbEntity
  8
E-OCULTO
100
AcDbLine
 10
6.000000011250937
 20
0.14995830897150184
 30
0.0
 11
6.000000011263152
 21
0.21245830897150184
 31
0.0
  0
LINE
  5
C1
330
17
100
AcDbEntity
  8
E-OCULTO
100
AcDbLine
 10
6.000000011269015
 20
0.24245830897150183
 30
0.0
 11
6.00000001128123
 21
0.30495830897150183
 31
0.0
  0
LINE
  5
C2
330
17
100
AcDbEntity
  8
E-OCULTO
100
AcDbLine
 10
6.000000011287094
 20
0.3349583089715018
 30
0.0
 11
6.000000011299309
 21
0.3974583089715018
 31
0.0
  0
LINE
  5
C3
330
17
100
AcDbEntity
  8
E-OCULTO
100
AcDbLine
 10
6.000000011305172
 20
0.42745830897150183
 30
0.0
 11
6.000000011317387
 21
0.48995830897150183
 31
0.0
  0
LINE
  5
C4
330
17
100
AcDbEntity
  8
E-OCULTO
100
AcDbLine
 10
6.000000011323251
 20
0.5199583089715019
 30
0.0
 11
6.000000011335466
 21
0.5824583089715019
 31
0.0
  0
LINE
  5
C5
330
17
100
AcDbEntity
  8
E-OCULTO
100
AcDbLine
 10
6.000000011341329
 20
0.6124583089715019
 30
0.0
 11
6.000000011353544
 21
0.6749583089715019
 31
0.0
  0
LINE
  5
C6
330
17
100
AcDbEntity
  8
E-OCULTO
100
AcDbLine
 10
6.000000011359408
 20
0.7049583089715019
 30
0.0
 11
6.000000011371623
 21
0.7674583089715019
 31
0.0
  0
LINE
  5
C7
330
17
100
AcDbEntity
  8
E-OCULTO
100
AcDbLine
 10
6.000000011377486
 20
0.7974583089715019
 30
0.0
 11
6.000000011389701
 21
0.8599583089715019
 31
0.0
  0
LINE
  5
C8
330
17
100
AcDbEntity
  8
E-OCULTO
100
AcDbLine
 10
6.0000000113955645
 20
0.889958308971502
 30
0.0
 11
6.00000001140778
 21
0.952458308971502
 31
0.0
  0
LINE
  5
C9
330
17
100
AcDbEntity
  8
E-OCULTO
100
AcDbLine
 10
6.0000000114136425
 20
0.982458308971502
 30
0.0
 11
6.000000011425858
 21
1.044958308971502
 31
0.0
  0
LINE
  5
CA
330
17
100
AcDbEntity
  8
E-OCULTO
100
AcDbLine
 10
6.0000000114317205
 20
1.074958308971502
 30
0.0
 11
6.000000011443936
 21
1.137458308971502
 31
0.0
  0
LINE
  5
CB
330
17
100
AcDbEntity
  8
E-OCULTO
100
AcDbLine
 10
6.000000011449799
 20
1.1674583089715018
 30
0.0
 11
6.0000000114620144
 21
1.2299583089715018
 31
0.0
  0
LINE
  5
CC
330
17
100
AcDbEntity
  8
E-OCULTO
100
AcDbLine
 10
6.000000011467877
 20
1.2599583089715019
 30
0.0
 11
6.000000011480092
 21
1.3224583089715019
 31
0.0
  0
LINE
  5
CD
330
17
100
AcDbEntity
  8
E-OCULTO
100
AcDbLine
 10
6.000000011485956
 20
1.3524583089715019
 30
0.0
 11
6.015000079055182
 21
1.39995824141558
 31
0.0
  0
LINE
  5
CE
330
17
100
AcDbEntity
  8
E-OCULTO
100
AcDbLine
 10
6.045000079055182
 20
1.3999582414236214
 30
0.0
 11
6.107500079055182
 21
1.399958241440374
 31
0.0
  0
LINE
  5
CF
330
17
100
AcDbEntity
  8
E-OCULTO
100
AcDbLine
 10
6.137500079055182
 20
1.3999582414484153
 30
0.0
 11
6.200000079055182
 21
1.399958241465168
 31
0.0
  0
LINE
  5
D0
330
17
100
AcDbEntity
  8
E-OCULTO
100
AcDbLine
 10
6.230000079055182
 20
1.3999582414732092
 30
0.0
 11
6.292500079055182
 21
1.3999582414899618
 31
0.0
  0
LINE
  5
D1
330
17
100
AcDbEntity
  8
E-OCULTO
100
AcDbLine
 10
6.322500079055182
 20
1.399958241498003
 30
0.0
 11
6.385000079055182
 21
1.3999582415147556
 31
0.0
  0
LINE
  5
D2
330
17
100
AcDbEntity
  8
E-OCULTO
100
AcDbLine
 10
6.415000079055182
 20
1.399958241522797
 30
0.0
 11
6.477500079055182
 21
1.3999582415395495
 31
0.0
  0
LINE
  5
D3
330
17
100
AcDbEntity
  8
E-OCULTO
100
AcDbLine
 10
6.499999988747597
 20
1.3924581512394614
 30
0.0
 11
6.499999988735382
 21
1.3299581512394614
 31
0.0
  0
LINE
  5
D4
330
17
100
AcDbEntity
  8
E-OCULTO
100
AcDbLine
 10
6.499999988729519
 20
1.2999581512394613
 30
0.0
 11
6.4999999887173034
 21
1.2374581512394613
 31
0.0
  0
LINE
  5
D5
330
17
100
AcDbEntity
  8
E-OCULTO
100
AcDbLine
 10
6.499999988711441
 20
1.2074581512394613
 30
0.0
 11
6.4999999886992255
 21
1.1449581512394613
 31
0.0
  0
LINE
  5
D6
330
17
100
AcDbEntity
  8
E-OCULTO
100
AcDbLine
 10
6.499999988693362
 20
1.1149581512394615
 30
0.0
 11
6.499999988681147
 21
1.0524581512394615
 31
0.0
  0
LINE
  5
D7
330
17
100
AcDbEntity
  8
E-OCULTO
100
AcDbLine
 10
6.499999988675284
 20
1.0224581512394617
 30
0.0
 11
6.499999988663069
 21
0.9599581512394617
 31
0.0
  0
LINE
  5
D8
330
17
100
AcDbEntity
  8
E-OCULTO
100
AcDbLine
 10
6.499999988657205
 20
0.9299581512394619
 30
0.0
 11
6.49999998864499
 21
0.8674581512394619
 31
0.0
  0
LINE
  5
D9
330
17
100
AcDbEntity
  8
E-OCULTO
100
AcDbLine
 10
6.499999988639127
 20
0.8374581512394621
 30
0.0
 11
6.499999988626912
 21
0.7749581512394621
 31
0.0
  0
LINE
  5
DA
330
17
100
AcDbEntity
  8
E-OCULTO
100
AcDbLine
 10
6.499999988621049
 20
0.7449581512394623
 30
0.0
 11
6.499999988608834
 21
0.6824581512394623
 31
0.0
  0
LINE
  5
DB
330
17
100
AcDbEntity
  8
E-OCULTO
100
AcDbLine
 10
6.49999998860297
 20
0.6524581512394625
 30
0.0
 11
6.499999988590755
 21
0.5899581512394625
 31
0.0
  0
LINE
  5
DC
330
17
100
AcDbEntity
  8
E-OCULTO
100
AcDbLine
 10
6.499999988584892
 20
0.5599581512394627
 30
0.0
 11
6.499999988572677
 21
0.4974581512394627
 31
0.0
  0
LINE
  5
DD
330
17
100
AcDbEntity
  8
E-OCULTO
100
AcDbLine
 10
6.499999988566813
 20
0.4674581512394629
 30
0.0
 11
6.499999988554598
 21
0.4049581512394629
 31
0.0
  0
LINE
  5
DE
330
17
100
AcDbEntity
  8
E-OCULTO
100
AcDbLine
 10
6.499999988548735
 20
0.3749581512394631
 30
0.0
 11
6.49999998853652
 21
0.3124581512394631
 31
0.0
  0
LINE
  5
DF
330
17
100
AcDbEntity
  8
E-OCULTO
100
AcDbLine
 10
6.499999988530656
 20
0.2824581512394633
 30
0.0
 11
6.499999988518441
 21
0.21995815123946327
 31
0.0
  0
LINE
  5
E0
330
17
100
AcDbEntity
  8
E-OCULTO
100
AcDbLine
 10
6.499999988512578
 20
0.18995815123946347
 30
0.0
 11
6.477499830638701
 21
0.14995830909949173
 31
0.0
  0
LINE
  5
E1
330
17
100
AcDbEntity
  8
E-OCULTO
100
AcDbLine
 10
6.4474998306387015
 20
0.14995830909145047
 30
0.0
 11
6.3849998306387015
 21
0.14995830907469787
 31
0.0
  0
LINE
  5
E2
330
17
100
AcDbEntity
  8
E-OCULTO
100
AcDbLine
 10
6.354999830638702
 20
0.1499583090666566
 30
0.0
 11
6.292499830638702
 21
0.149958309049904
 31
0.0
  0
LINE
  5
E3
330
17
100
AcDbEntity
  8
E-OCULTO
100
AcDbLine
 10
6.262499830638702
 20
0.14995830904186275
 30
0.0
 11
6.199999830638702
 21
0.14995830902511015
 31
0.0
  0
LINE
  5
E4
330
17
100
AcDbEntity
  8
E-OCULTO
100
AcDbLine
 10
6.169999830638702
 20
0.14995830901706889
 30
0.0
 11
6.107499830638702
 21
0.1499583090003163
 31
0.0
  0
LINE
  5
E5
330
17
100
AcDbEntity
  8
E-OCULTO
100
AcDbLine
 10
6.077499830638702
 20
0.14995830899227502
 30
0.0
 11
6.014999830638702
 21
0.14995830897552243
 31
0.0
  0
TEXT
  5
E6
330
17
100
AcDbEntity
  8
E-TEXTO
100
AcDbText
 10
6.25
 20
1.52
 30
0.0
 40
0.037500000000000006
  1
CIMIENTO DE ARRANQUE (abajo)
  7
ARIAL
 41
0.9
 72
1
 11
6.25
 21
1.52
 31
0.0
100
AcDbText
 73
1
  0
LWPOLYLINE
  5
E7
330
17
100
AcDbEntity
  8
E-CORTE
100
AcDbPolyline
 90
4
 70
1
 10
6.100000000000075
 20
0.14995830078156952
 10
8.900000000000079
 20
0.14995830078156952
 10
8.900000000000079
 20
1.2499583007815738
 10
6.100000000000075
 20
1.2499583007815738
  0
LINE
  5
E8
330
17
100
AcDbEntity
  8
E-PROYECCION
100
AcDbLine
 10
6.1
 20
0.14995830078156952
 30
0.0
 11
6.1
 21
1.2499583007815738
 31
0.0
  0
LINE
  5
E9
330
17
100
AcDbEntity
  8
E-PROYECCION
100
AcDbLine
 10
6.354546
 20
0.14995830078156952
 30
0.0
 11
6.354546
 21
1.2499583007815738
 31
0.0
  0
LINE
  5
EA
330
17
100
AcDbEntity
  8
E-PROYECCION
100
AcDbLine
 10
6.609091
 20
0.14995830078156952
 30
0.0
 11
6.609091
 21
1.2499583007815738
 31
0.0
  0
LINE
  5
EB
330
17
100
AcDbEntity
  8
E-PROYECCION
100
AcDbLine
 10
6.863636
 20
0.14995830078156952
 30
0.0
 11
6.863636
 21
1.2499583007815738
 31
0.0
  0
LINE
  5
EC
330
17
100
AcDbEntity
  8
E-PROYECCION
100
AcDbLine
 10
7.118182
 20
0.14995830078156952
 30
0.0
 11
7.118182
 21
1.2499583007815738
 31
0.0
  0
LINE
  5
ED
330
17
100
AcDbEntity
  8
E-PROYECCION
100
AcDbLine
 10
7.372727
 20
0.14995830078156952
 30
0.0
 11
7.372727
 21
1.2499583007815738
 31
0.0
  0
LINE
  5
EE
330
17
100
AcDbEntity
  8
E-PROYECCION
100
AcDbLine
 10
7.627273
 20
0.14995830078156952
 30
0.0
 11
7.627273
 21
1.2499583007815738
 31
0.0
  0
LINE
  5
EF
330
17
100
AcDbEntity
  8
E-PROYECCION
100
AcDbLine
 10
7.881818
 20
0.14995830078156952
 30
0.0
 11
7.881818
 21
1.2499583007815738
 31
0.0
  0
LINE
  5
F0
330
17
100
AcDbEntity
  8
E-PROYECCION
100
AcDbLine
 10
8.136364
 20
0.14995830078156952
 30
0.0
 11
8.136364
 21
1.2499583007815738
 31
0.0
  0
LINE
  5
F1
330
17
100
AcDbEntity
  8
E-PROYECCION
100
AcDbLine
 10
8.390909
 20
0.14995830078156952
 30
0.0
 11
8.390909
 21
1.2499583007815738
 31
0.0
  0
LINE
  5
F2
330
17
100
AcDbEntity
  8
E-PROYECCION
100
AcDbLine
 10
8.645454
 20
0.14995830078156952
 30
0.0
 11
8.645454
 21
1.2499583007815738
 31
0.0
  0
LINE
  5
F3
330
17
100
AcDbEntity
  8
E-PROYECCION
100
AcDbLine
 10
8.9
 20
0.14995830078156952
 30
0.0
 11
8.9
 21
1.2499583007815738
 31
0.0
  0
LWPOLYLINE
  5
F4
330
17
100
AcDbEntity
  8
E-CORTE
100
AcDbPolyline
 90
4
 70
1
 10
7.300000000000071
 20
1.2649583007815712
 10
8.900000000000075
 20
1.2649583007815712
 10
8.900000000000075
 20
2.364958300781572
 10
7.300000000000071
 20
2.364958300781572
  0
LINE
  5
F5
330
17
100
AcDbEntity
  8
E-PROYECCION
100
AcDbLine
 10
8.9
 20
1.2649583007815712
 30
0.0
 11
8.9
 21
2.364958300781572
 31
0.0
  0
LINE
  5
F6
330
17
100
AcDbEntity
  8
E-PROYECCION
100
AcDbLine
 10
8.633333
 20
1.2649583007815712
 30
0.0
 11
8.633333
 21
2.364958300781572
 31
0.0
  0
LINE
  5
F7
330
17
100
AcDbEntity
  8
E-PROYECCION
100
AcDbLine
 10
8.366667
 20
1.2649583007815712
 30
0.0
 11
8.366667
 21
2.364958300781572
 31
0.0
  0
LINE
  5
F8
330
17
100
AcDbEntity
  8
E-PROYECCION
100
AcDbLine
 10
8.1
 20
1.2649583007815712
 30
0.0
 11
8.1
 21
2.364958300781572
 31
0.0
  0
LINE
  5
F9
330
17
100
AcDbEntity
  8
E-PROYECCION
100
AcDbLine
 10
7.833333
 20
1.2649583007815712
 30
0.0
 11
7.833333
 21
2.364958300781572
 31
0.0
  0
LINE
  5
FA
330
17
100
AcDbEntity
  8
E-PROYECCION
100
AcDbLine
 10
7.566667
 20
1.2649583007815712
 30
0.0
 11
7.566667
 21
2.364958300781572
 31
0.0
  0
LINE
  5
FB
330
17
100
AcDbEntity
  8
E-PROYECCION
100
AcDbLine
 10
7.3
 20
1.2649583007815712
 30
0.0
 11
7.3
 21
2.364958300781572
 31
0.0
  0
LWPOLYLINE
  5
FC
330
17
100
AcDbEntity
  8
E-CORTE
100
AcDbPolyline
 90
4
 70
1
 10
8.90000000000008
 20
0.14995830078157096
 10
10.150000000000079
 20
0.14995830078157096
 10
10.150000000000079
 20
2.3649583007815704
 10
8.90000000000008
 20
2.3649583007815704
  0
LINE
  5
FD
330
17
100
AcDbEntity
  8
E-OCULTO
100
AcDbLine
 10
6.100000000000073
 20
0.1499583007815714
 30
0.0
 11
6.162500000000073
 21
0.1499583007815714
 31
0.0
  0
LINE
  5
FE
330
17
100
AcDbEntity
  8
E-OCULTO
100
AcDbLine
 10
6.192500000000074
 20
0.1499583007815714
 30
0.0
 11
6.255000000000074
 21
0.1499583007815714
 31
0.0
  0
LINE
  5
FF
330
17
100
AcDbEntity
  8
E-OCULTO
100
AcDbLine
 10
6.285000000000073
 20
0.1499583007815714
 30
0.0
 11
6.347500000000073
 21
0.1499583007815714
 31
0.0
  0
LINE
  5
100
330
17
100
AcDbEntity
  8
E-OCULTO
100
AcDbLine
 10
6.377500000000073
 20
0.1499583007815714
 30
0.0
 11
6.440000000000073
 21
0.1499583007815714
 31
0.0
  0
LINE
  5
101
330
17
100
AcDbEntity
  8
E-OCULTO
100
AcDbLine
 10
6.4700000000000735
 20
0.1499583007815714
 30
0.0
 11
6.5325000000000735
 21
0.1499583007815714
 31
0.0
  0
LINE
  5
102
330
17
100
AcDbEntity
  8
E-OCULTO
100
AcDbLine
 10
6.562500000000074
 20
0.1499583007815714
 30
0.0
 11
6.625000000000074
 21
0.1499583007815714
 31
0.0
  0
LINE
  5
103
330
17
100
AcDbEntity
  8
E-OCULTO
100
AcDbLine
 10
6.655000000000073
 20
0.1499583007815714
 30
0.0
 11
6.717500000000073
 21
0.1499583007815714
 31
0.0
  0
LINE
  5
104
330
17
100
AcDbEntity
  8
E-OCULTO
100
AcDbLine
 10
6.747500000000073
 20
0.1499583007815714
 30
0.0
 11
6.810000000000073
 21
0.1499583007815714
 31
0.0
  0
LINE
  5
105
330
17
100
AcDbEntity
  8
E-OCULTO
100
AcDbLine
 10
6.840000000000074
 20
0.1499583007815714
 30
0.0
 11
6.902500000000074
 21
0.1499583007815714
 31
0.0
  0
LINE
  5
106
330
17
100
AcDbEntity
  8
E-OCULTO
100
AcDbLine
 10
6.932500000000074
 20
0.1499583007815714
 30
0.0
 11
6.995000000000074
 21
0.1499583007815714
 31
0.0
  0
LINE
  5
107
330
17
100
AcDbEntity
  8
E-OCULTO
100
AcDbLine
 10
7.025000000000073
 20
0.1499583007815714
 30
0.0
 11
7.087500000000073
 21
0.1499583007815714
 31
0.0
  0
LINE
  5
108
330
17
100
AcDbEntity
  8
E-OCULTO
100
AcDbLine
 10
7.117500000000073
 20
0.1499583007815714
 30
0.0
 11
7.180000000000073
 21
0.1499583007815714
 31
0.0
  0
LINE
  5
109
330
17
100
AcDbEntity
  8
E-OCULTO
100
AcDbLine
 10
7.210000000000074
 20
0.1499583007815714
 30
0.0
 11
7.272500000000074
 21
0.1499583007815714
 31
0.0
  0
LINE
  5
10A
330
17
100
AcDbEntity
  8
E-OCULTO
100
AcDbLine
 10
7.3000000000000735
 20
0.15245830078157135
 30
0.0
 11
7.3000000000000735
 21
0.21495830078157135
 31
0.0
  0
LINE
  5
10B
330
17
100
AcDbEntity
  8
E-OCULTO
100
AcDbLine
 10
7.3000000000000735
 20
0.24495830078157138
 30
0.0
 11
7.3000000000000735
 21
0.3074583007815714
 31
0.0
  0
LINE
  5
10C
330
17
100
AcDbEntity
  8
E-OCULTO
100
AcDbLine
 10
7.3000000000000735
 20
0.3374583007815714
 30
0.0
 11
7.3000000000000735
 21
0.3999583007815714
 31
0.0
  0
LINE
  5
10D
330
17
100
AcDbEntity
  8
E-OCULTO
100
AcDbLine
 10
7.3000000000000735
 20
0.42995830078157143
 30
0.0
 11
7.3000000000000735
 21
0.49245830078157143
 31
0.0
  0
LINE
  5
10E
330
17
100
AcDbEntity
  8
E-OCULTO
100
AcDbLine
 10
7.3000000000000735
 20
0.5224583007815715
 30
0.0
 11
7.3000000000000735
 21
0.5849583007815715
 31
0.0
  0
LINE
  5
10F
330
17
100
AcDbEntity
  8
E-OCULTO
100
AcDbLine
 10
7.3000000000000735
 20
0.6149583007815715
 30
0.0
 11
7.3000000000000735
 21
0.6774583007815715
 31
0.0
  0
LINE
  5
110
330
17
100
AcDbEntity
  8
E-OCULTO
100
AcDbLine
 10
7.3000000000000735
 20
0.7074583007815716
 30
0.0
 11
7.3000000000000735
 21
0.7699583007815716
 31
0.0
  0
LINE
  5
111
330
17
100
AcDbEntity
  8
E-OCULTO
100
AcDbLine
 10
7.3000000000000735
 20
0.7999583007815716
 30
0.0
 11
7.3000000000000735
 21
0.8624583007815716
 31
0.0
  0
LINE
  5
112
330
17
100
AcDbEntity
  8
E-OCULTO
100
AcDbLine
 10
7.3000000000000735
 20
0.8924583007815716
 30
0.0
 11
7.3000000000000735
 21
0.9549583007815716
 31
0.0
  0
LINE
  5
113
330
17
100
AcDbEntity
  8
E-OCULTO
100
AcDbLine
 10
7.3000000000000735
 20
0.9849583007815714
 30
0.0
 11
7.3000000000000735
 21
1.0474583007815714
 31
0.0
  0
LINE
  5
114
330
17
100
AcDbEntity
  8
E-OCULTO
100
AcDbLine
 10
7.3000000000000735
 20
1.0774583007815712
 30
0.0
 11
7.3000000000000735
 21
1.1399583007815712
 31
0.0
  0
LINE
  5
115
330
17
100
AcDbEntity
  8
E-OCULTO
100
AcDbLine
 10
7.3000000000000735
 20
1.169958300781571
 30
0.0
 11
7.3000000000000735
 21
1.232458300781571
 31
0.0
  0
LINE
  5
116
330
17
100
AcDbEntity
  8
E-OCULTO
100
AcDbLine
 10
7.3000000000000735
 20
1.2624583007815708
 30
0.0
 11
7.3000000000000735
 21
1.3249583007815708
 31
0.0
  0
LINE
  5
117
330
17
100
AcDbEntity
  8
E-OCULTO
100
AcDbLine
 10
7.3000000000000735
 20
1.3549583007815706
 30
0.0
 11
7.3000000000000735
 21
1.4174583007815706
 31
0.0
  0
LINE
  5
118
330
17
100
AcDbEntity
  8
E-OCULTO
100
AcDbLine
 10
7.3000000000000735
 20
1.4474583007815705
 30
0.0
 11
7.3000000000000735
 21
1.5099583007815705
 31
0.0
  0
LINE
  5
119
330
17
100
AcDbEntity
  8
E-OCULTO
100
AcDbLine
 10
7.3000000000000735
 20
1.5399583007815703
 30
0.0
 11
7.3000000000000735
 21
1.6024583007815705
 31
0.0
  0
LINE
  5
11A
330
17
100
AcDbEntity
  8
E-OCULTO
100
AcDbLine
 10
7.3000000000000735
 20
1.63245830078157
 30
0.0
 11
7.3000000000000735
 21
1.69495830078157
 31
0.0
  0
LINE
  5
11B
330
17
100
AcDbEntity
  8
E-OCULTO
100
AcDbLine
 10
7.3000000000000735
 20
1.7249583007815696
 30
0.0
 11
7.3000000000000735
 21
1.7874583007815699
 31
0.0
  0
LINE
  5
11C
330
17
100
AcDbEntity
  8
E-OCULTO
100
AcDbLine
 10
7.3000000000000735
 20
1.8174583007815697
 30
0.0
 11
7.3000000000000735
 21
1.8799583007815697
 31
0.0
  0
LINE
  5
11D
330
17
100
AcDbEntity
  8
E-OCULTO
100
AcDbLine
 10
7.3000000000000735
 20
1.9099583007815695
 30
0.0
 11
7.3000000000000735
 21
1.9724583007815695
 31
0.0
  0
LINE
  5
11E
330
17
100
AcDbEntity
  8
E-OCULTO
100
AcDbLine
 10
7.3000000000000735
 20
2.0024583007815693
 30
0.0
 11
7.3000000000000735
 21
2.0649583007815693
 31
0.0
  0
LINE
  5
11F
330
17
100
AcDbEntity
  8
E-OCULTO
100
AcDbLine
 10
7.3000000000000735
 20
2.094958300781569
 30
0.0
 11
7.3000000000000735
 21
2.157458300781569
 31
0.0
  0
LINE
  5
120
330
17
100
AcDbEntity
  8
E-OCULTO
100
AcDbLine
 10
7.3000000000000735
 20
2.187458300781569
 30
0.0
 11
7.3000000000000735
 21
2.249958300781569
 31
0.0
  0
LINE
  5
121
330
17
100
AcDbEntity
  8
E-OCULTO
100
AcDbLine
 10
7.3000000000000735
 20
2.2799583007815687
 30
0.0
 11
7.3000000000000735
 21
2.3424583007815687
 31
0.0
  0
LINE
  5
122
330
17
100
AcDbEntity
  8
E-OCULTO
100
AcDbLine
 10
7.292500000000076
 20
2.364958300781571
 30
0.0
 11
7.230000000000076
 21
2.364958300781571
 31
0.0
  0
LINE
  5
123
330
17
100
AcDbEntity
  8
E-OCULTO
100
AcDbLine
 10
7.200000000000076
 20
2.364958300781571
 30
0.0
 11
7.137500000000076
 21
2.364958300781571
 31
0.0
  0
LINE
  5
124
330
17
100
AcDbEntity
  8
E-OCULTO
100
AcDbLine
 10
7.107500000000076
 20
2.364958300781571
 30
0.0
 11
7.045000000000076
 21
2.364958300781571
 31
0.0
  0
LINE
  5
125
330
17
100
AcDbEntity
  8
E-OCULTO
100
AcDbLine
 10
7.015000000000077
 20
2.364958300781571
 30
0.0
 11
6.952500000000077
 21
2.364958300781571
 31
0.0
  0
LINE
  5
126
330
17
100
AcDbEntity
  8
E-OCULTO
100
AcDbLine
 10
6.922500000000077
 20
2.364958300781571
 30
0.0
 11
6.860000000000077
 21
2.364958300781571
 31
0.0
  0
LINE
  5
127
330
17
100
AcDbEntity
  8
E-OCULTO
100
AcDbLine
 10
6.8300000000000765
 20
2.364958300781571
 30
0.0
 11
6.7675000000000765
 21
2.364958300781571
 31
0.0
  0
LINE
  5
128
330
17
100
AcDbEntity
  8
E-OCULTO
100
AcDbLine
 10
6.737500000000077
 20
2.364958300781571
 30
0.0
 11
6.675000000000077
 21
2.364958300781571
 31
0.0
  0
LINE
  5
129
330
17
100
AcDbEntity
  8
E-OCULTO
100
AcDbLine
 10
6.645000000000078
 20
2.364958300781571
 30
0.0
 11
6.582500000000078
 21
2.364958300781571
 31
0.0
  0
LINE
  5
12A
330
17
100
AcDbEntity
  8
E-OCULTO
100
AcDbLine
 10
6.552500000000077
 20
2.364958300781571
 30
0.0
 11
6.4900000000000775
 21
2.364958300781571
 31
0.0
  0
LINE
  5
12B
330
17
100
AcDbEntity
  8
E-OCULTO
100
AcDbLine
 10
6.460000000000077
 20
2.364958300781571
 30
0.0
 11
6.397500000000077
 21
2.364958300781571
 31
0.0
  0
LINE
  5
12C
330
17
100
AcDbEntity
  8
E-OCULTO
100
AcDbLine
 10
6.367500000000076
 20
2.364958300781571
 30
0.0
 11
6.305000000000076
 21
2.364958300781571
 31
0.0
  0
LINE
  5
12D
330
17
100
AcDbEntity
  8
E-OCULTO
100
AcDbLine
 10
6.275000000000077
 20
2.364958300781571
 30
0.0
 11
6.212500000000077
 21
2.364958300781571
 31
0.0
  0
LINE
  5
12E
330
17
100
AcDbEntity
  8
E-OCULTO
100
AcDbLine
 10
6.182500000000076
 20
2.364958300781571
 30
0.0
 11
6.120000000000076
 21
2.364958300781571
 31
0.0
  0
LINE
  5
12F
330
17
100
AcDbEntity
  8
E-OCULTO
100
AcDbLine
 10
6.100000000000073
 20
2.3549583007815738
 30
0.0
 11
6.100000000000073
 21
2.2924583007815738
 31
0.0
  0
LINE
  5
130
330
17
100
AcDbEntity
  8
E-OCULTO
100
AcDbLine
 10
6.100000000000073
 20
2.2624583007815735
 30
0.0
 11
6.100000000000073
 21
2.1999583007815735
 31
0.0
  0
LINE
  5
131
330
17
100
AcDbEntity
  8
E-OCULTO
100
AcDbLine
 10
6.100000000000073
 20
2.1699583007815733
 30
0.0
 11
6.100000000000073
 21
2.1074583007815733
 31
0.0
  0
LINE
  5
132
330
17
100
AcDbEntity
  8
E-OCULTO
100
AcDbLine
 10
6.100000000000073
 20
2.077458300781573
 30
0.0
 11
6.100000000000073
 21
2.014958300781573
 31
0.0
  0
LINE
  5
133
330
17
100
AcDbEntity
  8
E-OCULTO
100
AcDbLine
 10
6.100000000000073
 20
1.9849583007815728
 30
0.0
 11
6.100000000000073
 21
1.9224583007815728
 31
0.0
  0
LINE
  5
134
330
17
100
AcDbEntity
  8
E-OCULTO
100
AcDbLine
 10
6.100000000000073
 20
1.8924583007815725
 30
0.0
 11
6.100000000000073
 21
1.8299583007815725
 31
0.0
  0
LINE
  5
135
330
17
100
AcDbEntity
  8
E-OCULTO
100
AcDbLine
 10
6.100000000000073
 20
1.7999583007815723
 30
0.0
 11
6.100000000000073
 21
1.7374583007815723
 31
0.0
  0
LINE
  5
136
330
17
100
AcDbEntity
  8
E-OCULTO
100
AcDbLine
 10
6.100000000000073
 20
1.707458300781572
 30
0.0
 11
6.100000000000073
 21
1.644958300781572
 31
0.0
  0
LINE
  5
137
330
17
100
AcDbEntity
  8
E-OCULTO
100
AcDbLine
 10
6.100000000000073
 20
1.6149583007815718
 30
0.0
 11
6.100000000000073
 21
1.5524583007815718
 31
0.0
  0
LINE
  5
138
330
17
100
AcDbEntity
  8
E-OCULTO
100
AcDbLine
 10
6.100000000000073
 20
1.5224583007815715
 30
0.0
 11
6.100000000000073
 21
1.4599583007815715
 31
0.0
  0
LINE
  5
139
330
17
100
AcDbEntity
  8
E-OCULTO
100
AcDbLine
 10
6.100000000000073
 20
1.4299583007815713
 30
0.0
 11
6.100000000000073
 21
1.3674583007815713
 31
0.0
  0
LINE
  5
13A
330
17
100
AcDbEntity
  8
E-OCULTO
100
AcDbLine
 10
6.100000000000073
 20
1.337458300781571
 30
0.0
 11
6.100000000000073
 21
1.274958300781571
 31
0.0
  0
LINE
  5
13B
330
17
100
AcDbEntity
  8
E-OCULTO
100
AcDbLine
 10
6.100000000000073
 20
1.2449583007815708
 30
0.0
 11
6.100000000000073
 21
1.1824583007815708
 31
0.0
  0
LINE
  5
13C
330
17
100
AcDbEntity
  8
E-OCULTO
100
AcDbLine
 10
6.100000000000073
 20
1.1524583007815705
 30
0.0
 11
6.100000000000073
 21
1.0899583007815705
 31
0.0
  0
LINE
  5
13D
330
17
100
AcDbEntity
  8
E-OCULTO
100
AcDbLine
 10
6.100000000000073
 20
1.0599583007815703
 30
0.0
 11
6.100000000000073
 21
0.9974583007815703
 31
0.0
  0
LINE
  5
13E
330
17
100
AcDbEntity
  8
E-OCULTO
100
AcDbLine
 10
6.100000000000073
 20
0.9674583007815698
 30
0.0
 11
6.100000000000073
 21
0.90495830078157
 31
0.0
  0
LINE
  5
13F
330
17
100
AcDbEntity
  8
E-OCULTO
100
AcDbLine
 10
6.100000000000073
 20
0.8749583007815698
 30
0.0
 11
6.100000000000073
 21
0.8124583007815698
 31
0.0
  0
LINE
  5
140
330
17
100
AcDbEntity
  8
E-OCULTO
100
AcDbLine
 10
6.100000000000073
 20
0.7824583007815695
 30
0.0
 11
6.100000000000073
 21
0.7199583007815695
 31
0.0
  0
LINE
  5
141
330
17
100
AcDbEntity
  8
E-OCULTO
100
AcDbLine
 10
6.100000000000073
 20
0.6899583007815693
 30
0.0
 11
6.100000000000073
 21
0.6274583007815695
 31
0.0
  0
LINE
  5
142
330
17
100
AcDbEntity
  8
E-OCULTO
100
AcDbLine
 10
6.100000000000073
 20
0.597458300781569
 30
0.0
 11
6.100000000000073
 21
0.534958300781569
 31
0.0
  0
LINE
  5
143
330
17
100
AcDbEntity
  8
E-OCULTO
100
AcDbLine
 10
6.100000000000073
 20
0.5049583007815688
 30
0.0
 11
6.100000000000073
 21
0.4424583007815688
 31
0.0
  0
LINE
  5
144
330
17
100
AcDbEntity
  8
E-OCULTO
100
AcDbLine
 10
6.100000000000073
 20
0.41245830078156853
 30
0.0
 11
6.100000000000073
 21
0.34995830078156853
 31
0.0
  0
LINE
  5
145
330
17
100
AcDbEntity
  8
E-OCULTO
100
AcDbLine
 10
6.100000000000073
 20
0.3199583007815683
 30
0.0
 11
6.100000000000073
 21
0.2574583007815683
 31
0.0
  0
LINE
  5
146
330
17
100
AcDbEntity
  8
E-OCULTO
100
AcDbLine
 10
6.100000000000073
 20
0.22745830078156803
 30
0.0
 11
6.100000000000073
 21
0.16495830078156803
 31
0.0
  0
TEXT
  5
147
330
17
100
AcDbEntity
  8
E-TEXTO
100
AcDbText
 10
6.700000000000074
 20
2.2449583007815708
 30
0.0
 40
0.037500000000000006
  1
PLATAFORMA NPT +3.20 (arriba)
  7
ARIAL
 41
0.9
 72
1
 11
6.700000000000074
 21
2.2449583007815708
 31
0.0
100
AcDbText
 73
2
  0
TEXT
  5
148
330
17
100
AcDbEntity
  8
E-TEXTO
100
AcDbText
 10
9.790000000000079
 20
1.33
 30
0.0
 40
0.045000000000000005
  1
DESCANSO
  7
ARIAL
 41
0.9
 72
1
 11
9.790000000000079
 21
1.33
 31
0.0
100
AcDbText
 73
2
  0
TEXT
  5
149
330
17
100
AcDbEntity
  8
E-TEXTO
100
AcDbText
 10
9.790000000000079
 20
1.18
 30
0.0
 40
0.045000000000000005
  1
NPT +2.02
  7
ARIAL
 41
0.9
 72
1
 11
9.790000000000079
 21
1.18
 31
0.0
100
AcDbText
 73
2
  0
TEXT
  5
14A
330
17
100
AcDbEntity
  8
E-ESC-NUM
100
AcDbText
 10
6.227273
 20
0.36995830078156955
 30
0.0
 40
0.05
  1
1
  7
ARIAL
 41
0.9
 72
1
 11
6.227273
 21
0.36995830078156955
 31
0.0
100
AcDbText
 73
2
  0
TEXT
  5
14B
330
17
100
AcDbEntity
  8
E-ESC-NUM
100
AcDbText
 10
6.4818185
 20
0.36995830078156955
 30
0.0
 40
0.05
  1
2
  7
ARIAL
 41
0.9
 72
1
 11
6.4818185
 21
0.36995830078156955
 31
0.0
100
AcDbText
 73
2
  0
TEXT
  5
14C
330
17
100
AcDbEntity
  8
E-ESC-NUM
100
AcDbText
 10
6.7363634999999995
 20
0.36995830078156955
 30
0.0
 40
0.05
  1
3
  7
ARIAL
 41
0.9
 72
1
 11
6.7363634999999995
 21
0.36995830078156955
 31
0.0
100
AcDbText
 73
2
  0
TEXT
  5
14D
330
17
100
AcDbEntity
  8
E-ESC-NUM
100
AcDbText
 10
6.990909
 20
0.36995830078156955
 30
0.0
 40
0.05
  1
4
  7
ARIAL
 41
0.9
 72
1
 11
6.990909
 21
0.36995830078156955
 31
0.0
100
AcDbText
 73
2
  0
TEXT
  5
14E
330
17
100
AcDbEntity
  8
E-ESC-NUM
100
AcDbText
 10
7.2454545
 20
0.36995830078156955
 30
0.0
 40
0.05
  1
5
  7
ARIAL
 41
0.9
 72
1
 11
7.2454545
 21
0.36995830078156955
 31
0.0
100
AcDbText
 73
2
  0
TEXT
  5
14F
330
17
100
AcDbEntity
  8
E-ESC-NUM
100
AcDbText
 10
7.5
 20
0.36995830078156955
 30
0.0
 40
0.05
  1
6
  7
ARIAL
 41
0.9
 72
1
 11
7.5
 21
0.36995830078156955
 31
0.0
100
AcDbText
 73
2
  0
TEXT
  5
150
330
17
100
AcDbEntity
  8
E-ESC-NUM
100
AcDbText
 10
7.7545455
 20
0.36995830078156955
 30
0.0
 40
0.05
  1
7
  7
ARIAL
 41
0.9
 72
1
 11
7.7545455
 21
0.36995830078156955
 31
0.0
100
AcDbText
 73
2
  0
TEXT
  5
151
330
17
100
AcDbEntity
  8
E-ESC-NUM
100
AcDbText
 10
8.009091
 20
0.36995830078156955
 30
0.0
 40
0.05
  1
8
  7
ARIAL
 41
0.9
 72
1
 11
8.009091
 21
0.36995830078156955
 31
0.0
100
AcDbText
 73
2
  0
TEXT
  5
152
330
17
100
AcDbEntity
  8
E-ESC-NUM
100
AcDbText
 10
8.2636365
 20
0.36995830078156955
 30
0.0
 40
0.05
  1
9
  7
ARIAL
 41
0.9
 72
1
 11
8.2636365
 21
0.36995830078156955
 31
0.0
100
AcDbText
 73
2
  0
TEXT
  5
153
330
17
100
AcDbEntity
  8
E-ESC-NUM
100
AcDbText
 10
8.5181815
 20
0.36995830078156955
 30
0.0
 40
0.05
  1
10
  7
ARIAL
 41
0.9
 72
1
 11
8.5181815
 21
0.36995830078156955
 31
0.0
100
AcDbText
 73
2
  0
TEXT
  5
154
330
17
100
AcDbEntity
  8
E-ESC-NUM
100
AcDbText
 10
8.772727
 20
0.36995830078156955
 30
0.0
 40
0.05
  1
11
  7
ARIAL
 41
0.9
 72
1
 11
8.772727
 21
0.36995830078156955
 31
0.0
100
AcDbText
 73
2
  0
TEXT
  5
155
330
17
100
AcDbEntity
  8
E-ESC-NUM
100
AcDbText
 10
8.99
 20
0.36995830078156955
 30
0.0
 40
0.05
  1
12
  7
ARIAL
 41
0.9
 72
1
 11
8.99
 21
0.36995830078156955
 31
0.0
100
AcDbText
 73
2
  0
TEXT
  5
156
330
17
100
AcDbEntity
  8
E-ESC-NUM
100
AcDbText
 10
8.7666665
 20
2.144958300781572
 30
0.0
 40
0.05
  1
13
  7
ARIAL
 41
0.9
 72
1
 11
8.7666665
 21
2.144958300781572
 31
0.0
100
AcDbText
 73
2
  0
TEXT
  5
157
330
17
100
AcDbEntity
  8
E-ESC-NUM
100
AcDbText
 10
8.5
 20
2.144958300781572
 30
0.0
 40
0.05
  1
14
  7
ARIAL
 41
0.9
 72
1
 11
8.5
 21
2.144958300781572
 31
0.0
100
AcDbText
 73
2
  0
TEXT
  5
158
330
17
100
AcDbEntity
  8
E-ESC-NUM
100
AcDbText
 10
8.2333335
 20
2.144958300781572
 30
0.0
 40
0.05
  1
15
  7
ARIAL
 41
0.9
 72
1
 11
8.2333335
 21
2.144958300781572
 31
0.0
100
AcDbText
 73
2
  0
TEXT
  5
159
330
17
100
AcDbEntity
  8
E-ESC-NUM
100
AcDbText
 10
7.9666665
 20
2.144958300781572
 30
0.0
 40
0.05
  1
16
  7
ARIAL
 41
0.9
 72
1
 11
7.9666665
 21
2.144958300781572
 31
0.0
100
AcDbText
 73
2
  0
TEXT
  5
15A
330
17
100
AcDbEntity
  8
E-ESC-NUM
100
AcDbText
 10
7.699999999999999
 20
2.144958300781572
 30
0.0
 40
0.05
  1
17
  7
ARIAL
 41
0.9
 72
1
 11
7.699999999999999
 21
2.144958300781572
 31
0.0
100
AcDbText
 73
2
  0
TEXT
  5
15B
330
17
100
AcDbEntity
  8
E-ESC-NUM
100
AcDbText
 10
7.4333335
 20
2.144958300781572
 30
0.0
 40
0.05
  1
18
  7
ARIAL
 41
0.9
 72
1
 11
7.4333335
 21
2.144958300781572
 31
0.0
100
AcDbText
 73
2
  0
TEXT
  5
15C
330
17
100
AcDbEntity
  8
E-ESC-NUM
100
AcDbText
 10
7.21
 20
2.144958300781572
 30
0.0
 40
0.05
  1
19
  7
ARIAL
 41
0.9
 72
1
 11
7.21
 21
2.144958300781572
 31
0.0
100
AcDbText
 73
2
  0
LWPOLYLINE
  5
15D
330
17
100
AcDbEntity
  8
E-ESC-FLECHA
100
AcDbPolyline
 90
4
 70
0
 10
6.227273
 20
0.6999583007815716
 10
9.200000000000081
 20
0.6999583007815716
 10
9.200000000000081
 20
1.8149583007815717
 10
7.2
 20
1.8149583007815717
  0
CIRCLE
  5
15E
330
17
100
AcDbEntity
  8
E-ESC-FLECHA
100
AcDbCircle
 10
6.227273
 20
0.6999583007815716
 30
0.0
 40
0.020000000000000004
  0
HATCH
  5
15F
330
17
100
AcDbEntity
  8
E-ESC-FLECHA
100
AcDbHatch
 10
0.0
 20
0.0
 30
0.0
210
0.0
220
0.0
230
1.0
  2
SOLID
 70
1
 71
0
 91
1
 92
1
 93
1
 72
2
 10
6.227273
 20
0.6999583007815716
 40
0.020000000000000004
 50
0
 51
360
 73
1
 97
0
 75
0
 76
1
 98
0
  0
HATCH
  5
160
330
17
100
AcDbEntity
  8
E-ESC-FLECHA
 62
7
100
AcDbHatch
 10
0.0
 20
0.0
 30
0.0
210
0.0
220
0.0
230
1.0
  2
SOLID
 70
1
 71
0
 91
1
 92
3
 72
0
 73
1
 93
3
 10
7.2
 20
1.8149583007815717
 10
7.265000000000001
 20
1.7899583007815718
 10
7.265000000000001
 20
1.8399583007815716
 97
0
 75
0
 76
1
 98
0
  0
LWPOLYLINE
  5
161
330
17
100
AcDbEntity
  8
E-ESC-FLECHA
100
AcDbPolyline
 90
3
 70
1
 10
7.2
 20
1.8149583007815717
 10
7.265000000000001
 20
1.7899583007815718
 10
7.265000000000001
 20
1.8399583007815716
  0
TEXT
  5
162
330
17
100
AcDbEntity
  8
E-TITULO
100
AcDbText
 10
6.327273
 20
0.7899583007815716
 30
0.0
 40
0.05500000000000001
  1
SUBE
  7
ARIAL
 41
0.9
 11
6.327273
 21
0.7899583007815716
 31
0.0
100
AcDbText
 73
2
  0
TEXT
  5
163
330
17
100
AcDbEntity
  8
E-TEXTO
100
AcDbText
 10
5.74
 20
0.44
 30
0.0
 40
0.04000000000000001
  1
ARRANQUE
  7
ARIAL
 41
0.9
 72
1
 11
5.74
 21
0.44
 31
0.0
100
AcDbText
 73
2
  0
TEXT
  5
164
330
17
100
AcDbEntity
  8
E-TEXTO
100
AcDbText
 10
5.74
 20
0.3
 30
0.0
 40
0.04000000000000001
  1
NPT ±0.00
  7
ARIAL
 41
0.9
 72
1
 11
5.74
 21
0.3
 31
0.0
100
AcDbText
 73
2
  0
DIMENSION
  5
165
330
17
100
AcDbEntity
  8
E-COTA
100
AcDbDimension
280
0
  2
*D1
  3
COTA25
 10
6.100000000000075
 20
-0.5
 30
0.0
 11
7.500000000000076
 21
-0.4625
 31
0.0
 70
32
 71
5
  1
11 p. @ .255 = 2.80
100
AcDbAlignedDimension
 13
6.100000000000075
 23
0.14995830078156952
 33
0.0
 14
8.900000000000079
 24
0.14995830078156952
 34
0.0
 50
0.0
100
AcDbRotatedDimension
1001
ACAD
1000
DSTYLE
1002
{
1070
271
1070
2
1002
}
  0
DIMENSION
  5
178
330
17
100
AcDbEntity
  8
E-COTA
100
AcDbDimension
280
0
  2
*D2
  3
COTA25
 10
8.900000000000079
 20
-0.5
 30
0.0
 11
9.525000000000079
 21
-0.4625
 31
0.0
 70
32
 71
5
  1
1.25
100
AcDbAlignedDimension
 13
8.900000000000079
 23
0.14995830078156952
 33
0.0
 14
10.150000000000079
 24
0.14995830078156952
 34
0.0
 50
0.0
100
AcDbRotatedDimension
1001
ACAD
1000
DSTYLE
1002
{
1070
271
1070
2
1002
}
  0
DIMENSION
  5
187
330
17
100
AcDbEntity
  8
E-COTA
100
AcDbDimension
280
0
  2
*D3
  3
COTA25
 10
6.1
 20
-0.8
 30
0.0
 11
6.24999999999998
 21
-0.7625000000000001
 31
0.0
 70
32
 71
5
  1
<>
100
AcDbAlignedDimension
 13
6.1
 23
-0.15
 33
0.0
 14
6.3999999999999595
 24
-0.15
 34
0.0
 50
0.0
100
AcDbRotatedDimension
1001
ACAD
1000
DSTYLE
1002
{
1070
271
1070
2
1002
}
  0
DIMENSION
  5
196
330
17
100
AcDbEntity
  8
E-COTA
100
AcDbDimension
280
0
  2
*D4
  3
COTA25
 10
6.3999999999999595
 20
-0.8
 30
0.0
 11
8.199999999999957
 21
-0.7625000000000001
 31
0.0
 70
32
 71
5
  1
<>
100
AcDbAlignedDimension
 13
6.3999999999999595
 23
-0.15
 33
0.0
 14
9.999999999999954
 24
-0.15
 34
0.0
 50
0.0
100
AcDbRotatedDimension
1001
ACAD
1000
DSTYLE
1002
{
1070
271
1070
2
1002
}
  0
DIMENSION
  5
1A5
330
17
100
AcDbEntity
  8
E-COTA
100
AcDbDimension
280
0
  2
*D5
  3
COTA25
 10
9.999999999999954
 20
-0.8
 30
0.0
 11
10.074999999999978
 21
-0.7325
 31
0.0
 70
32
 71
5
  1
<>
100
AcDbAlignedDimension
 13
9.999999999999954
 23
-0.15
 33
0.0
 14
10.15
 24
-0.15
 34
0.0
 50
0.0
100
AcDbRotatedDimension
1001
ACAD
1000
DSTYLE
1002
{
1070
271
1070
2
1002
}
  0
DIMENSION
  5
1B4
330
17
100
AcDbEntity
  8
E-COTA
100
AcDbDimension
280
0
  2
*D6
  3
COTA25
 10
7.300000000000071
 20
2.85
 30
0.0
 11
8.100000000000072
 21
2.8875
 31
0.0
 70
32
 71
5
  1
6 p. @ .267 = 1.60
100
AcDbAlignedDimension
 13
7.300000000000071
 23
2.364958300781572
 33
0.0
 14
8.900000000000075
 24
2.364958300781572
 34
0.0
 50
0.0
100
AcDbRotatedDimension
1001
ACAD
1000
DSTYLE
1002
{
1070
271
1070
2
1002
}
  0
DIMENSION
  5
1C3
330
17
100
AcDbEntity
  8
E-COTA
100
AcDbDimension
280
0
  2
*D7
  3
COTA25
 10
10.62
 20
0.14995830078156952
 30
0.0
 11
10.5825
 21
0.6999583007815717
 31
0.0
 70
32
 71
5
  1
<>
100
AcDbAlignedDimension
 13
10.15
 23
0.14995830078156952
 33
0.0
 14
10.15
 24
1.2499583007815738
 34
0.0
 50
90.0
100
AcDbRotatedDimension
1001
ACAD
1000
DSTYLE
1002
{
1070
271
1070
2
1002
}
  0
DIMENSION
  5
1D2
330
17
100
AcDbEntity
  8
E-COTA
100
AcDbDimension
280
0
  2
*D8
  3
COTA25
 10
10.62
 20
1.2649583007815712
 30
0.0
 11
10.5825
 21
1.8149583007815717
 31
0.0
 70
32
 71
5
  1
<>
100
AcDbAlignedDimension
 13
10.15
 23
1.2649583007815712
 33
0.0
 14
10.15
 24
2.364958300781572
 34
0.0
 50
90.0
100
AcDbRotatedDimension
1001
ACAD
1000
DSTYLE
1002
{
1070
271
1070
2
1002
}
  0
DIMENSION
  5
1E1
330
17
100
AcDbEntity
  8
E-COTA
100
AcDbDimension
280
0
  2
*D9
  3
COTA25
 10
10.9
 20
0.14995830078157096
 30
0.0
 11
10.8625
 21
1.2574583007815707
 31
0.0
 70
32
 71
5
  1
<>
100
AcDbAlignedDimension
 13
10.15
 23
0.14995830078157096
 33
0.0
 14
10.15
 24
2.3649583007815704
 34
0.0
 50
90.0
100
AcDbRotatedDimension
1001
ACAD
1000
DSTYLE
1002
{
1070
271
1070
3
1002
}
  0
DIMENSION
  5
1F0
330
17
100
AcDbEntity
  8
E-COTA
100
AcDbDimension
280
0
  2
*D10
  3
COTA25
 10
11.18
 20
3.8581546245602195e-16
 30
0.0
 11
11.1425
 21
1.2574791503907852
 31
0.0
 70
32
 71
5
  1
<>
100
AcDbAlignedDimension
 13
10.15
 23
3.8581546245602195e-16
 33
0.0
 14
10.15
 24
2.51495830078157
 34
0.0
 50
90.0
100
AcDbRotatedDimension
1001
ACAD
1000
DSTYLE
1002
{
1070
271
1070
3
1002
}
  0
LWPOLYLINE
  5
1FF
330
17
100
AcDbEntity
  8
E-SECCION
100
AcDbPolyline
 90
2
 70
0
 43
0.017499999999999998
 10
5.92
 20
0.6999583007815716
 10
6.07
 20
0.6999583007815716
  0
LWPOLYLINE
  5
200
330
17
100
AcDbEntity
  8
E-SECCION
100
AcDbPolyline
 90
3
 70
0
 10
5.945
 20
0.6999583007815716
 10
5.92
 20
0.7999583007815716
 10
6.0075
 20
0.6999583007815716
  0
CIRCLE
  5
201
330
17
100
AcDbEntity
  8
E-SECCION
100
AcDbCircle
 10
5.8325
 20
0.6999583007815716
 30
0.0
 40
0.07500000000000001
  0
TEXT
  5
202
330
17
100
AcDbEntity
  8
E-SECCION
100
AcDbText
 10
5.8325
 20
0.6999583007815716
 30
0.0
 40
0.065
  1
A
  7
ARIAL
 41
0.9
 72
1
 11
5.8325
 21
0.6999583007815716
 31
0.0
100
AcDbText
 73
2
  0
LWPOLYLINE
  5
203
330
17
100
AcDbEntity
  8
E-SECCION
100
AcDbPolyline
 90
2
 70
0
 43
0.017499999999999998
 10
10.3
 20
0.6999583007815716
 10
10.15
 20
0.6999583007815716
  0
LWPOLYLINE
  5
204
330
17
100
AcDbEntity
  8
E-SECCION
100
AcDbPolyline
 90
3
 70
0
 10
10.275
 20
0.6999583007815716
 10
10.3
 20
0.7999583007815716
 10
10.2125
 20
0.6999583007815716
  0
CIRCLE
  5
205
330
17
100
AcDbEntity
  8
E-SECCION
100
AcDbCircle
 10
10.387500000000001
 20
0.6999583007815716
 30
0.0
 40
0.07500000000000001
  0
TEXT
  5
206
330
17
100
AcDbEntity
  8
E-SECCION
100
AcDbText
 10
10.387500000000001
 20
0.6999583007815716
 30
0.0
 40
0.065
  1
A
  7
ARIAL
 41
0.9
 72
1
 11
10.387500000000001
 21
0.6999583007815716
 31
0.0
100
AcDbText
 73
2
  0
LWPOLYLINE
  5
207
330
17
100
AcDbEntity
  8
E-SECCION
100
AcDbPolyline
 90
2
 70
0
 43
0.017499999999999998
 10
5.92
 20
1.8149583007815717
 10
6.07
 20
1.8149583007815717
  0
LWPOLYLINE
  5
208
330
17
100
AcDbEntity
  8
E-SECCION
100
AcDbPolyline
 90
3
 70
0
 10
5.945
 20
1.8149583007815717
 10
5.92
 20
1.9149583007815718
 10
6.0075
 20
1.8149583007815717
  0
CIRCLE
  5
209
330
17
100
AcDbEntity
  8
E-SECCION
100
AcDbCircle
 10
5.8325
 20
1.8149583007815717
 30
0.0
 40
0.07500000000000001
  0
TEXT
  5
20A
330
17
100
AcDbEntity
  8
E-SECCION
100
AcDbText
 10
5.8325
 20
1.8149583007815717
 30
0.0
 40
0.065
  1
B
  7
ARIAL
 41
0.9
 72
1
 11
5.8325
 21
1.8149583007815717
 31
0.0
100
AcDbText
 73
2
  0
LWPOLYLINE
  5
20B
330
17
100
AcDbEntity
  8
E-SECCION
100
AcDbPolyline
 90
2
 70
0
 43
0.017499999999999998
 10
10.3
 20
1.8149583007815717
 10
10.15
 20
1.8149583007815717
  0
LWPOLYLINE
  5
20C
330
17
100
AcDbEntity
  8
E-SECCION
100
AcDbPolyline
 90
3
 70
0
 10
10.275
 20
1.8149583007815717
 10
10.3
 20
1.9149583007815718
 10
10.2125
 20
1.8149583007815717
  0
CIRCLE
  5
20D
330
17
100
AcDbEntity
  8
E-SECCION
100
AcDbCircle
 10
10.387500000000001
 20
1.8149583007815717
 30
0.0
 40
0.07500000000000001
  0
TEXT
  5
20E
330
17
100
AcDbEntity
  8
E-SECCION
100
AcDbText
 10
10.387500000000001
 20
1.8149583007815717
 30
0.0
 40
0.065
  1
B
  7
ARIAL
 41
0.9
 72
1
 11
10.387500000000001
 21
1.8149583007815717
 31
0.0
100
AcDbText
 73
2
  0
LINE
  5
20F
330
17
100
AcDbEntity
  8
E-EJES
  6
EJE25
100
AcDbLine
 10
6.3999999999999595
 20
19.1
 30
0.0
 11
6.3999999999999595
 21
23.1
 31
0.0
  0
CIRCLE
  5
210
330
17
100
AcDbEntity
  8
E-EJES-ID
100
AcDbCircle
 10
6.3999999999999595
 20
23.225
 30
0.0
 40
0.125
  0
TEXT
  5
211
330
17
100
AcDbEntity
  8
E-EJES-ID
100
AcDbText
 10
6.3999999999999595
 20
23.225
 30
0.0
 40
0.07500000000000001
  1
A-2
  7
ARIAL
 41
0.8
 72
1
 11
6.3999999999999595
 21
23.225
 31
0.0
100
AcDbText
 73
2
  0
LINE
  5
212
330
17
100
AcDbEntity
  8
E-EJES
  6
EJE25
100
AcDbLine
 10
9.999999999999954
 20
19.1
 30
0.0
 11
9.999999999999954
 21
23.1
 31
0.0
  0
CIRCLE
  5
213
330
17
100
AcDbEntity
  8
E-EJES-ID
100
AcDbCircle
 10
9.999999999999954
 20
23.225
 30
0.0
 40
0.125
  0
TEXT
  5
214
330
17
100
AcDbEntity
  8
E-EJES-ID
100
AcDbText
 10
9.999999999999954
 20
23.225
 30
0.0
 40
0.07500000000000001
  1
A-3
  7
ARIAL
 41
0.8
 72
1
 11
9.999999999999954
 21
23.225
 31
0.0
100
AcDbText
 73
2
  0
LINE
  5
215
330
17
100
AcDbEntity
  8
E-EJES
  6
EJE25
100
AcDbLine
 10
5.52
 20
20.0
 30
0.0
 11
11.12
 21
20.0
 31
0.0
  0
CIRCLE
  5
216
330
17
100
AcDbEntity
  8
E-EJES-ID
100
AcDbCircle
 10
5.395
 20
20.0
 30
0.0
 40
0.125
  0
TEXT
  5
217
330
17
100
AcDbEntity
  8
E-EJES-ID
100
AcDbText
 10
5.395
 20
20.0
 30
0.0
 40
0.07500000000000001
  1
N-4
  7
ARIAL
 41
0.8
 72
1
 11
5.395
 21
20.0
 31
0.0
100
AcDbText
 73
2
  0
LINE
  5
218
330
17
100
AcDbEntity
  8
E-EJES
  6
EJE25
100
AcDbLine
 10
5.52
 20
22.51495830078157
 30
0.0
 11
11.12
 21
22.51495830078157
 31
0.0
  0
CIRCLE
  5
219
330
17
100
AcDbEntity
  8
E-EJES-ID
100
AcDbCircle
 10
5.395
 20
22.51495830078157
 30
0.0
 40
0.125
  0
TEXT
  5
21A
330
17
100
AcDbEntity
  8
E-EJES-ID
100
AcDbText
 10
5.395
 20
22.51495830078157
 30
0.0
 40
0.07500000000000001
  1
N-3
  7
ARIAL
 41
0.8
 72
1
 11
5.395
 21
22.51495830078157
 31
0.0
100
AcDbText
 73
2
  0
LWPOLYLINE
  5
21B
330
17
100
AcDbEntity
  8
E-VIGA
100
AcDbPolyline
 90
4
 70
0
 10
10.149999607035033
 20
22.51495839314807
 10
6.100006077798244
 20
22.514957620448158
 10
6.099999893137329
 20
20.86495829778064
 10
5.2200999999999995
 20
20.864958297376624
  0
LWPOLYLINE
  5
21C
330
17
100
AcDbEntity
  8
E-VIGA
100
AcDbPolyline
 90
2
 70
0
 10
10.149999607045055
 20
23.5199
 10
10.149999607035033
 20
22.51495839314807
  0
TEXT
  5
21D
330
17
100
AcDbEntity
  8
E-TEXTO
100
AcDbText
 10
7.1
 20
23.12
 30
0.0
 40
0.045000000000000005
  1
LOSA NPT +3.20
  7
ARIAL
 41
0.9
 72
1
 11
7.1
 21
23.12
 31
0.0
100
AcDbText
 73
2
  0
LINE
  5
21E
330
17
100
AcDbEntity
  8
E-OCULTO
100
AcDbLine
 10
6.099999893336628
 20
22.66495822751747
 30
0.0
 11
6.09999989329399
 21
22.60245822751747
 31
0.0
  0
LINE
  5
21F
330
17
100
AcDbEntity
  8
E-OCULTO
100
AcDbLine
 10
6.099999893273524
 20
22.57245822751747
 30
0.0
 11
6.099999893230885
 21
22.50995822751747
 31
0.0
  0
LINE
  5
220
330
17
100
AcDbEntity
  8
E-OCULTO
100
AcDbLine
 10
6.099999893210419
 20
22.479958227517468
 30
0.0
 11
6.099999893167781
 21
22.417458227517468
 31
0.0
  0
LINE
  5
221
330
17
100
AcDbEntity
  8
E-OCULTO
100
AcDbLine
 10
6.099999893147315
 20
22.38745822751747
 30
0.0
 11
6.059999822977978
 21
22.364958297666814
 31
0.0
  0
LINE
  5
222
330
17
100
AcDbEntity
  8
E-OCULTO
100
AcDbLine
 10
6.029999822977977
 20
22.364958297663332
 30
0.0
 11
5.967499822977977
 21
22.364958297656074
 31
0.0
  0
LINE
  5
223
330
17
100
AcDbEntity
  8
E-OCULTO
100
AcDbLine
 10
5.937499822977977
 20
22.364958297652592
 30
0.0
 11
5.874999822977977
 21
22.364958297645337
 31
0.0
  0
LINE
  5
224
330
17
100
AcDbEntity
  8
E-OCULTO
100
AcDbLine
 10
5.844999822977978
 20
22.364958297641852
 30
0.0
 11
5.782499822977978
 21
22.364958297634598
 31
0.0
  0
LINE
  5
225
330
17
100
AcDbEntity
  8
E-OCULTO
100
AcDbLine
 10
5.752499822977978
 20
22.364958297631116
 30
0.0
 11
5.689999822977978
 21
22.364958297623858
 31
0.0
  0
LINE
  5
226
330
17
100
AcDbEntity
  8
E-OCULTO
100
AcDbLine
 10
5.659999822977977
 20
22.364958297620376
 30
0.0
 11
5.597499822977977
 21
22.36495829761312
 31
0.0
  0
LINE
  5
227
330
17
100
AcDbEntity
  8
E-OCULTO
100
AcDbLine
 10
5.567499822977977
 20
22.364958297609636
 30
0.0
 11
5.504999822977977
 21
22.36495829760238
 31
0.0
  0
LINE
  5
228
330
17
100
AcDbEntity
  8
E-OCULTO
100
AcDbLine
 10
5.474999822977978
 20
22.3649582975989
 30
0.0
 11
5.412499822977978
 21
22.36495829759164
 31
0.0
  0
LINE
  5
229
330
17
100
AcDbEntity
  8
E-OCULTO
100
AcDbLine
 10
5.3824998229779775
 20
22.36495829758816
 30
0.0
 11
5.3199998229779775
 21
22.364958297580905
 31
0.0
  0
LINE
  5
22A
330
17
100
AcDbEntity
  8
E-OCULTO
100
AcDbLine
 10
5.289999822977977
 20
22.364958297577424
 30
0.0
 11
5.227499822977977
 21
22.364958297570166
 31
0.0
  0
LINE
  5
22B
330
17
100
AcDbEntity
  8
E-OCULTO
100
AcDbLine
 10
5.2200999999999995
 20
22.66495822741532
 30
0.0
 11
5.2825999999999995
 21
22.664958227422574
 31
0.0
  0
LINE
  5
22C
330
17
100
AcDbEntity
  8
E-OCULTO
100
AcDbLine
 10
5.3126
 20
22.66495822742606
 30
0.0
 11
5.3751
 21
22.664958227433313
 31
0.0
  0
LINE
  5
22D
330
17
100
AcDbEntity
  8
E-OCULTO
100
AcDbLine
 10
5.405099999999999
 20
22.664958227436795
 30
0.0
 11
5.467599999999999
 21
22.664958227444053
 31
0.0
  0
LINE
  5
22E
330
17
100
AcDbEntity
  8
E-OCULTO
100
AcDbLine
 10
5.497599999999999
 20
22.664958227447535
 30
0.0
 11
5.560099999999999
 21
22.66495822745479
 31
0.0
  0
LINE
  5
22F
330
17
100
AcDbEntity
  8
E-OCULTO
100
AcDbLine
 10
5.5901
 20
22.664958227458275
 30
0.0
 11
5.6526
 21
22.66495822746553
 31
0.0
  0
LINE
  5
230
330
17
100
AcDbEntity
  8
E-OCULTO
100
AcDbLine
 10
5.6826
 20
22.66495822746901
 30
0.0
 11
5.7451
 21
22.66495822747627
 31
0.0
  0
LINE
  5
231
330
17
100
AcDbEntity
  8
E-OCULTO
100
AcDbLine
 10
5.775099999999999
 20
22.66495822747975
 30
0.0
 11
5.837599999999999
 21
22.664958227487006
 31
0.0
  0
LINE
  5
232
330
17
100
AcDbEntity
  8
E-OCULTO
100
AcDbLine
 10
5.8675999999999995
 20
22.664958227490487
 30
0.0
 11
5.9300999999999995
 21
22.664958227497745
 31
0.0
  0
LINE
  5
233
330
17
100
AcDbEntity
  8
E-OCULTO
100
AcDbLine
 10
5.9601
 20
22.664958227501227
 30
0.0
 11
6.0226
 21
22.664958227508485
 31
0.0
  0
LINE
  5
234
330
17
100
AcDbEntity
  8
E-OCULTO
100
AcDbLine
 10
6.0526
 20
22.664958227511967
 30
0.0
 11
6.099999893336628
 21
22.66495822751747
 31
0.0
  0
LINE
  5
235
330
17
100
AcDbEntity
  8
E-OCULTO
100
AcDbLine
 10
6.699999820663139
 20
22.664958227284014
 30
0.0
 11
6.762499820663139
 21
22.664958227320806
 31
0.0
  0
LINE
  5
236
330
17
100
AcDbEntity
  8
E-OCULTO
100
AcDbLine
 10
6.7924998206631395
 20
22.664958227338467
 30
0.0
 11
6.8549998206631395
 21
22.664958227375255
 31
0.0
  0
LINE
  5
237
330
17
100
AcDbEntity
  8
E-OCULTO
100
AcDbLine
 10
6.884999820663139
 20
22.664958227392916
 30
0.0
 11
6.947499820663139
 21
22.664958227429707
 31
0.0
  0
LINE
  5
238
330
17
100
AcDbEntity
  8
E-OCULTO
100
AcDbLine
 10
6.977499820663139
 20
22.664958227447368
 30
0.0
 11
7.039999820663139
 21
22.664958227484156
 31
0.0
  0
LINE
  5
239
330
17
100
AcDbEntity
  8
E-OCULTO
100
AcDbLine
 10
7.069999820663139
 20
22.664958227501817
 30
0.0
 11
7.132499820663139
 21
22.66495822753861
 31
0.0
  0
LINE
  5
23A
330
17
100
AcDbEntity
  8
E-OCULTO
100
AcDbLine
 10
7.16249982066314
 20
22.66495822755627
 30
0.0
 11
7.22499982066314
 21
22.664958227593058
 31
0.0
  0
LINE
  5
23B
330
17
100
AcDbEntity
  8
E-OCULTO
100
AcDbLine
 10
7.254999820663139
 20
22.664958227610718
 30
0.0
 11
7.317499820663139
 21
22.66495822764751
 31
0.0
  0
LINE
  5
23C
330
17
100
AcDbEntity
  8
E-OCULTO
100
AcDbLine
 10
7.347499820663139
 20
22.664958227665167
 30
0.0
 11
7.409999820663139
 21
22.66495822770196
 31
0.0
  0
LINE
  5
23D
330
17
100
AcDbEntity
  8
E-OCULTO
100
AcDbLine
 10
7.4399998206631395
 20
22.66495822771962
 30
0.0
 11
7.5024998206631395
 21
22.664958227756408
 31
0.0
  0
LINE
  5
23E
330
17
100
AcDbEntity
  8
E-OCULTO
100
AcDbLine
 10
7.53249982066314
 20
22.66495822777407
 30
0.0
 11
7.594999820663139
 21
22.66495822781086
 31
0.0
  0
LINE
  5
23F
330
17
100
AcDbEntity
  8
E-OCULTO
100
AcDbLine
 10
7.624999820663139
 20
22.66495822782852
 30
0.0
 11
7.687499820663139
 21
22.66495822786531
 31
0.0
  0
LINE
  5
240
330
17
100
AcDbEntity
  8
E-OCULTO
100
AcDbLine
 10
7.717499820663139
 20
22.66495822788297
 30
0.0
 11
7.779999820663139
 21
22.66495822791976
 31
0.0
  0
LINE
  5
241
330
17
100
AcDbEntity
  8
E-OCULTO
100
AcDbLine
 10
7.80999982066314
 20
22.66495822793742
 30
0.0
 11
7.87249982066314
 21
22.66495822797421
 31
0.0
  0
LINE
  5
242
330
17
100
AcDbEntity
  8
E-OCULTO
100
AcDbLine
 10
7.90249982066314
 20
22.66495822799187
 30
0.0
 11
7.96499982066314
 21
22.664958228028663
 31
0.0
  0
LINE
  5
243
330
17
100
AcDbEntity
  8
E-OCULTO
100
AcDbLine
 10
7.994999820663139
 20
22.66495822804632
 30
0.0
 11
8.05749982066314
 21
22.664958228083112
 31
0.0
  0
LINE
  5
244
330
17
100
AcDbEntity
  8
E-OCULTO
100
AcDbLine
 10
8.08749982066314
 20
22.664958228100772
 30
0.0
 11
8.14999982066314
 21
22.664958228137564
 31
0.0
  0
LINE
  5
245
330
17
100
AcDbEntity
  8
E-OCULTO
100
AcDbLine
 10
8.17999982066314
 20
22.66495822815522
 30
0.0
 11
8.24249982066314
 21
22.664958228192013
 31
0.0
  0
LINE
  5
246
330
17
100
AcDbEntity
  8
E-OCULTO
100
AcDbLine
 10
8.272499820663139
 20
22.664958228209674
 30
0.0
 11
8.334999820663139
 21
22.664958228246462
 31
0.0
  0
LINE
  5
247
330
17
100
AcDbEntity
  8
E-OCULTO
100
AcDbLine
 10
8.36499982066314
 20
22.664958228264123
 30
0.0
 11
8.42749982066314
 21
22.664958228300915
 31
0.0
  0
LINE
  5
248
330
17
100
AcDbEntity
  8
E-OCULTO
100
AcDbLine
 10
8.45749982066314
 20
22.664958228318575
 30
0.0
 11
8.51999982066314
 21
22.664958228355363
 31
0.0
  0
LINE
  5
249
330
17
100
AcDbEntity
  8
E-OCULTO
100
AcDbLine
 10
8.549999820663139
 20
22.664958228373024
 30
0.0
 11
8.612499820663139
 21
22.664958228409816
 31
0.0
  0
LINE
  5
24A
330
17
100
AcDbEntity
  8
E-OCULTO
100
AcDbLine
 10
8.64249982066314
 20
22.664958228427473
 30
0.0
 11
8.70499982066314
 21
22.664958228464265
 31
0.0
  0
LINE
  5
24B
330
17
100
AcDbEntity
  8
E-OCULTO
100
AcDbLine
 10
8.73499982066314
 20
22.664958228481925
 30
0.0
 11
8.79749982066314
 21
22.664958228518717
 31
0.0
  0
LINE
  5
24C
330
17
100
AcDbEntity
  8
E-OCULTO
100
AcDbLine
 10
8.827499820663139
 20
22.664958228536374
 30
0.0
 11
8.889999820663139
 21
22.664958228573166
 31
0.0
  0
LINE
  5
24D
330
17
100
AcDbEntity
  8
E-OCULTO
100
AcDbLine
 10
8.91999982066314
 20
22.664958228590827
 30
0.0
 11
8.98249982066314
 21
22.66495822862762
 31
0.0
  0
LINE
  5
24E
330
17
100
AcDbEntity
  8
E-OCULTO
100
AcDbLine
 10
9.01249982066314
 20
22.664958228645276
 30
0.0
 11
9.07499982066314
 21
22.664958228682067
 31
0.0
  0
LINE
  5
24F
330
17
100
AcDbEntity
  8
E-OCULTO
100
AcDbLine
 10
9.104999820663139
 20
22.664958228699728
 30
0.0
 11
9.167499820663139
 21
22.664958228736516
 31
0.0
  0
LINE
  5
250
330
17
100
AcDbEntity
  8
E-OCULTO
100
AcDbLine
 10
9.197499820663138
 20
22.664958228754177
 30
0.0
 11
9.259999820663138
 21
22.66495822879097
 31
0.0
  0
LINE
  5
251
330
17
100
AcDbEntity
  8
E-OCULTO
100
AcDbLine
 10
9.289999820663137
 20
22.66495822880863
 30
0.0
 11
9.352499820663137
 21
22.664958228845418
 31
0.0
  0
LINE
  5
252
330
17
100
AcDbEntity
  8
E-OCULTO
100
AcDbLine
 10
9.382499820663138
 20
22.664958228863078
 30
0.0
 11
9.444999820663138
 21
22.66495822889987
 31
0.0
  0
LINE
  5
253
330
17
100
AcDbEntity
  8
E-OCULTO
100
AcDbLine
 10
9.474999820663138
 20
22.664958228917527
 30
0.0
 11
9.537499820663138
 21
22.66495822895432
 31
0.0
  0
LINE
  5
254
330
17
100
AcDbEntity
  8
E-OCULTO
100
AcDbLine
 10
9.567499820663137
 20
22.66495822897198
 30
0.0
 11
9.629999820663137
 21
22.66495822900877
 31
0.0
  0
LINE
  5
255
330
17
100
AcDbEntity
  8
E-OCULTO
100
AcDbLine
 10
9.659999820663138
 20
22.66495822902643
 30
0.0
 11
9.722499820663138
 21
22.66495822906322
 31
0.0
  0
LINE
  5
256
330
17
100
AcDbEntity
  8
E-OCULTO
100
AcDbLine
 10
9.752499820663138
 20
22.66495822908088
 30
0.0
 11
9.814999820663138
 21
22.664958229117673
 31
0.0
  0
LINE
  5
257
330
17
100
AcDbEntity
  8
E-OCULTO
100
AcDbLine
 10
9.844999820663137
 20
22.66495822913533
 30
0.0
 11
9.907499820663137
 21
22.66495822917212
 31
0.0
  0
LINE
  5
258
330
17
100
AcDbEntity
  8
E-OCULTO
100
AcDbLine
 10
9.937499820663136
 20
22.664958229189782
 30
0.0
 11
9.999999820663136
 21
22.66495822922657
 31
0.0
  0
LINE
  5
259
330
17
100
AcDbEntity
  8
E-OCULTO
100
AcDbLine
 10
9.999999989610044
 20
22.634958398285484
 30
0.0
 11
9.9999999893767
 21
22.572458398285484
 31
0.0
  0
LINE
  5
25A
330
17
100
AcDbEntity
  8
E-OCULTO
100
AcDbLine
 10
9.999999989264696
 20
22.542458398285483
 30
0.0
 11
9.999999989031352
 21
22.479958398285483
 31
0.0
  0
LINE
  5
25B
330
17
100
AcDbEntity
  8
E-OCULTO
100
AcDbLine
 10
9.999999988919345
 20
22.449958398285485
 30
0.0
 11
9.999999988686001
 21
22.387458398285485
 31
0.0
  0
LINE
  5
25C
330
17
100
AcDbEntity
  8
E-OCULTO
100
AcDbLine
 10
9.992500089284412
 20
22.364958297593848
 30
0.0
 11
9.930000089284412
 21
22.364958297517013
 31
0.0
  0
LINE
  5
25D
330
17
100
AcDbEntity
  8
E-OCULTO
100
AcDbLine
 10
9.900000089284413
 20
22.364958297480133
 30
0.0
 11
9.837500089284413
 21
22.364958297403295
 31
0.0
  0
LINE
  5
25E
330
17
100
AcDbEntity
  8
E-OCULTO
100
AcDbLine
 10
9.807500089284414
 20
22.364958297366414
 30
0.0
 11
9.745000089284414
 21
22.36495829728958
 31
0.0
  0
LINE
  5
25F
330
17
100
AcDbEntity
  8
E-OCULTO
100
AcDbLine
 10
9.715000089284413
 20
22.3649582972527
 30
0.0
 11
9.652500089284413
 21
22.36495829717586
 31
0.0
  0
LINE
  5
260
330
17
100
AcDbEntity
  8
E-OCULTO
100
AcDbLine
 10
9.622500089284413
 20
22.36495829713898
 30
0.0
 11
9.560000089284415
 21
22.364958297062145
 31
0.0
  0
LINE
  5
261
330
17
100
AcDbEntity
  8
E-OCULTO
100
AcDbLine
 10
9.530000089284414
 20
22.36495829702526
 30
0.0
 11
9.467500089284414
 21
22.364958296948426
 31
0.0
  0
LINE
  5
262
330
17
100
AcDbEntity
  8
E-OCULTO
100
AcDbLine
 10
9.437500089284413
 20
22.364958296911546
 30
0.0
 11
9.375000089284413
 21
22.364958296834708
 31
0.0
  0
LINE
  5
263
330
17
100
AcDbEntity
  8
E-OCULTO
100
AcDbLine
 10
9.345000089284413
 20
22.364958296797827
 30
0.0
 11
9.282500089284413
 21
22.364958296720992
 31
0.0
  0
LINE
  5
264
330
17
100
AcDbEntity
  8
E-OCULTO
100
AcDbLine
 10
9.252500089284414
 20
22.364958296684108
 30
0.0
 11
9.190000089284414
 21
22.364958296607274
 31
0.0
  0
LINE
  5
265
330
17
100
AcDbEntity
  8
E-OCULTO
100
AcDbLine
 10
9.160000089284413
 20
22.364958296570393
 30
0.0
 11
9.097500089284413
 21
22.364958296493555
 31
0.0
  0
LINE
  5
266
330
17
100
AcDbEntity
  8
E-OCULTO
100
AcDbLine
 10
9.067500089284412
 20
22.364958296456674
 30
0.0
 11
9.005000089284414
 21
22.36495829637984
 31
0.0
  0
LINE
  5
267
330
17
100
AcDbEntity
  8
E-OCULTO
100
AcDbLine
 10
8.975000089284412
 20
22.36495829634296
 30
0.0
 11
8.912500089284412
 21
22.36495829626612
 31
0.0
  0
LINE
  5
268
330
17
100
AcDbEntity
  8
E-OCULTO
100
AcDbLine
 10
8.882500089284413
 20
22.36495829622924
 30
0.0
 11
8.820000089284413
 21
22.364958296152402
 31
0.0
  0
LINE
  5
269
330
17
100
AcDbEntity
  8
E-OCULTO
100
AcDbLine
 10
8.790000089284412
 20
22.36495829611552
 30
0.0
 11
8.727500089284412
 21
22.364958296038687
 31
0.0
  0
LINE
  5
26A
330
17
100
AcDbEntity
  8
E-OCULTO
100
AcDbLine
 10
8.69750008928441
 20
22.364958296001806
 30
0.0
 11
8.63500008928441
 21
22.364958295924968
 31
0.0
  0
LINE
  5
26B
330
17
100
AcDbEntity
  8
E-OCULTO
100
AcDbLine
 10
8.605000089284411
 20
22.364958295888087
 30
0.0
 11
8.542500089284411
 21
22.364958295811252
 31
0.0
  0
LINE
  5
26C
330
17
100
AcDbEntity
  8
E-OCULTO
100
AcDbLine
 10
8.512500089284412
 20
22.364958295774372
 30
0.0
 11
8.450000089284412
 21
22.364958295697534
 31
0.0
  0
LINE
  5
26D
330
17
100
AcDbEntity
  8
E-OCULTO
100
AcDbLine
 10
8.420000089284411
 20
22.364958295660653
 30
0.0
 11
8.357500089284411
 21
22.36495829558382
 31
0.0
  0
LINE
  5
26E
330
17
100
AcDbEntity
  8
E-OCULTO
100
AcDbLine
 10
8.32750008928441
 20
22.364958295546934
 30
0.0
 11
8.265000089284412
 21
22.3649582954701
 31
0.0
  0
LINE
  5
26F
330
17
100
AcDbEntity
  8
E-OCULTO
100
AcDbLine
 10
8.23500008928441
 20
22.36495829543322
 30
0.0
 11
8.17250008928441
 21
22.36495829535638
 31
0.0
  0
LINE
  5
270
330
17
100
AcDbEntity
  8
E-OCULTO
100
AcDbLine
 10
8.142500089284411
 20
22.3649582953195
 30
0.0
 11
8.08000008928441
 21
22.364958295242666
 31
0.0
  0
LINE
  5
271
330
17
100
AcDbEntity
  8
E-OCULTO
100
AcDbLine
 10
8.05000008928441
 20
22.36495829520578
 30
0.0
 11
7.98750008928441
 21
22.364958295128947
 31
0.0
  0
LINE
  5
272
330
17
100
AcDbEntity
  8
E-OCULTO
100
AcDbLine
 10
7.95750008928441
 20
22.364958295092066
 30
0.0
 11
7.89500008928441
 21
22.364958295015228
 31
0.0
  0
LINE
  5
273
330
17
100
AcDbEntity
  8
E-OCULTO
100
AcDbLine
 10
7.865000089284409
 20
22.364958294978347
 30
0.0
 11
7.802500089284409
 21
22.364958294901513
 31
0.0
  0
LINE
  5
274
330
17
100
AcDbEntity
  8
E-OCULTO
100
AcDbLine
 10
7.772500089284409
 20
22.364958294864632
 30
0.0
 11
7.710000089284409
 21
22.364958294787794
 31
0.0
  0
LINE
  5
275
330
17
100
AcDbEntity
  8
E-OCULTO
100
AcDbLine
 10
7.680000089284409
 20
22.364958294750913
 30
0.0
 11
7.617500089284409
 21
22.36495829467408
 31
0.0
  0
LINE
  5
276
330
17
100
AcDbEntity
  8
E-OCULTO
100
AcDbLine
 10
7.587500089284409
 20
22.364958294637194
 30
0.0
 11
7.525000089284409
 21
22.36495829456036
 31
0.0
  0
LINE
  5
277
330
17
100
AcDbEntity
  8
E-OCULTO
100
AcDbLine
 10
7.495000089284408
 20
22.36495829452348
 30
0.0
 11
7.432500089284408
 21
22.36495829444664
 31
0.0
  0
LINE
  5
278
330
17
100
AcDbEntity
  8
E-OCULTO
100
AcDbLine
 10
7.402500089284408
 20
22.36495829440976
 30
0.0
 11
7.340000089284408
 21
22.364958294332926
 31
0.0
  0
LINE
  5
279
330
17
100
AcDbEntity
  8
E-OCULTO
100
AcDbLine
 10
7.310000089284408
 20
22.364958294296045
 30
0.0
 11
7.247500089284408
 21
22.364958294219207
 31
0.0
  0
LINE
  5
27A
330
17
100
AcDbEntity
  8
E-OCULTO
100
AcDbLine
 10
7.217500089284408
 20
22.364958294182326
 30
0.0
 11
7.155000089284408
 21
22.36495829410549
 31
0.0
  0
LINE
  5
27B
330
17
100
AcDbEntity
  8
E-OCULTO
100
AcDbLine
 10
7.125000089284407
 20
22.364958294068607
 30
0.0
 11
7.062500089284407
 21
22.364958293991773
 31
0.0
  0
LINE
  5
27C
330
17
100
AcDbEntity
  8
E-OCULTO
100
AcDbLine
 10
7.032500089284407
 20
22.364958293954892
 30
0.0
 11
6.970000089284407
 21
22.364958293878054
 31
0.0
  0
LINE
  5
27D
330
17
100
AcDbEntity
  8
E-OCULTO
100
AcDbLine
 10
6.940000089284407
 20
22.364958293841173
 30
0.0
 11
6.877500089284407
 21
22.36495829376434
 31
0.0
  0
LINE
  5
27E
330
17
100
AcDbEntity
  8
E-OCULTO
100
AcDbLine
 10
6.847500089284407
 20
22.364958293727454
 30
0.0
 11
6.785000089284407
 21
22.36495829365062
 31
0.0
  0
LINE
  5
27F
330
17
100
AcDbEntity
  8
E-OCULTO
100
AcDbLine
 10
6.755000089284406
 20
22.36495829361374
 30
0.0
 11
6.699999819920392
 21
22.372458024163063
 31
0.0
  0
LINE
  5
280
330
17
100
AcDbEntity
  8
E-OCULTO
100
AcDbLine
 10
6.699999819996571
 20
22.402458024163064
 30
0.0
 11
6.699999820155278
 21
22.464958024163064
 31
0.0
  0
LINE
  5
281
330
17
100
AcDbEntity
  8
E-OCULTO
100
AcDbLine
 10
6.699999820231457
 20
22.494958024163065
 30
0.0
 11
6.699999820390163
 21
22.557458024163065
 31
0.0
  0
LINE
  5
282
330
17
100
AcDbEntity
  8
E-OCULTO
100
AcDbLine
 10
6.699999820466343
 20
22.587458024163066
 30
0.0
 11
6.699999820625049
 21
22.649958024163066
 31
0.0
  0
LINE
  5
283
330
17
100
AcDbEntity
  8
E-OCULTO
100
AcDbLine
 10
6.550000179281763
 20
23.5199
 30
0.0
 11
6.5500001792783005
 21
23.4574
 31
0.0
  0
LINE
  5
284
330
17
100
AcDbEntity
  8
E-OCULTO
100
AcDbLine
 10
6.550000179276639
 20
23.4274
 30
0.0
 11
6.5500001792731775
 21
23.3649
 31
0.0
  0
LINE
  5
285
330
17
100
AcDbEntity
  8
E-OCULTO
100
AcDbLine
 10
6.550000179271516
 20
23.3349
 30
0.0
 11
6.550000179268054
 21
23.2724
 31
0.0
  0
LINE
  5
286
330
17
100
AcDbEntity
  8
E-OCULTO
100
AcDbLine
 10
6.550000179266392
 20
23.2424
 30
0.0
 11
6.55000017926293
 21
23.1799
 31
0.0
  0
LINE
  5
287
330
17
100
AcDbEntity
  8
E-OCULTO
100
AcDbLine
 10
6.550000179261269
 20
23.1499
 30
0.0
 11
6.550000179257807
 21
23.0874
 31
0.0
  0
LINE
  5
288
330
17
100
AcDbEntity
  8
E-OCULTO
100
AcDbLine
 10
6.550000179256145
 20
23.0574
 30
0.0
 11
6.550000179252683
 21
22.9949
 31
0.0
  0
LINE
  5
289
330
17
100
AcDbEntity
  8
E-OCULTO
100
AcDbLine
 10
6.550000179251021
 20
22.9649
 30
0.0
 11
6.55000017924756
 21
22.9024
 31
0.0
  0
LINE
  5
28A
330
17
100
AcDbEntity
  8
E-OCULTO
100
AcDbLine
 10
6.550000179245898
 20
22.8724
 30
0.0
 11
6.550000179242436
 21
22.8099
 31
0.0
  0
LINE
  5
28B
330
17
100
AcDbEntity
  8
E-OCULTO
100
AcDbLine
 10
6.550000179240774
 20
22.779899999999998
 30
0.0
 11
6.550000179237312
 21
22.717399999999998
 31
0.0
  0
LINE
  5
28C
330
17
100
AcDbEntity
  8
E-OCULTO
100
AcDbLine
 10
6.550000179235651
 20
22.6874
 30
0.0
 11
6.509941929243658
 21
22.66495824999194
 31
0.0
  0
LINE
  5
28D
330
17
100
AcDbEntity
  8
E-OCULTO
100
AcDbLine
 10
6.479941929243659
 20
22.664958249992836
 30
0.0
 11
6.417441929243659
 21
22.664958249994697
 31
0.0
  0
LINE
  5
28E
330
17
100
AcDbEntity
  8
E-OCULTO
100
AcDbLine
 10
6.387441929243659
 20
22.664958249995593
 30
0.0
 11
6.324941929243659
 21
22.664958249997454
 31
0.0
  0
LINE
  5
28F
330
17
100
AcDbEntity
  8
E-OCULTO
100
AcDbLine
 10
6.294941929243659
 20
22.66495824999835
 30
0.0
 11
6.250000011318644
 21
22.6825163320737
 31
0.0
  0
LINE
  5
290
330
17
100
AcDbEntity
  8
E-OCULTO
100
AcDbLine
 10
6.250000011320306
 20
22.7125163320737
 30
0.0
 11
6.250000011323768
 21
22.7750163320737
 31
0.0
  0
LINE
  5
291
330
17
100
AcDbEntity
  8
E-OCULTO
100
AcDbLine
 10
6.250000011325429
 20
22.8050163320737
 30
0.0
 11
6.250000011328891
 21
22.8675163320737
 31
0.0
  0
LINE
  5
292
330
17
100
AcDbEntity
  8
E-OCULTO
100
AcDbLine
 10
6.2500000113305525
 20
22.8975163320737
 30
0.0
 11
6.250000011334015
 21
22.9600163320737
 31
0.0
  0
LINE
  5
293
330
17
100
AcDbEntity
  8
E-OCULTO
100
AcDbLine
 10
6.250000011335676
 20
22.9900163320737
 30
0.0
 11
6.250000011339138
 21
23.0525163320737
 31
0.0
  0
LINE
  5
294
330
17
100
AcDbEntity
  8
E-OCULTO
100
AcDbLine
 10
6.250000011340799
 20
23.082516332073702
 30
0.0
 11
6.2500000113442615
 21
23.145016332073702
 31
0.0
  0
LINE
  5
295
330
17
100
AcDbEntity
  8
E-OCULTO
100
AcDbLine
 10
6.250000011345923
 20
23.1750163320737
 30
0.0
 11
6.250000011349385
 21
23.2375163320737
 31
0.0
  0
LINE
  5
296
330
17
100
AcDbEntity
  8
E-OCULTO
100
AcDbLine
 10
6.250000011351047
 20
23.2675163320737
 30
0.0
 11
6.2500000113545084
 21
23.3300163320737
 31
0.0
  0
LINE
  5
297
330
17
100
AcDbEntity
  8
E-OCULTO
100
AcDbLine
 10
6.25000001135617
 20
23.3600163320737
 30
0.0
 11
6.250000011359632
 21
23.4225163320737
 31
0.0
  0
LINE
  5
298
330
17
100
AcDbEntity
  8
E-OCULTO
100
AcDbLine
 10
6.250000011361294
 20
23.4525163320737
 30
0.0
 11
6.250000011364755
 21
23.5150163320737
 31
0.0
  0
LINE
  5
299
330
17
100
AcDbEntity
  8
E-OCULTO
100
AcDbLine
 10
10.149999607035024
 20
22.514958393148063
 30
0.0
 11
10.087499607035024
 21
22.514958393148067
 31
0.0
  0
LINE
  5
29A
330
17
100
AcDbEntity
  8
E-OCULTO
100
AcDbLine
 10
10.057499607035025
 20
22.51495839314807
 30
0.0
 11
9.999999913471049
 21
22.519958797607327
 31
0.0
  0
LINE
  5
29B
330
17
100
AcDbEntity
  8
E-OCULTO
100
AcDbLine
 10
9.999999325373475
 20
22.549958797601562
 30
0.0
 11
9.999998100170194
 21
22.612458797589554
 31
0.0
  0
LINE
  5
29C
330
17
100
AcDbEntity
  8
E-OCULTO
100
AcDbLine
 10
9.999997512072618
 20
22.64245879758379
 30
0.0
 11
9.959993583165527
 21
22.66495609386922
 31
0.0
  0
LINE
  5
29D
330
17
100
AcDbEntity
  8
E-OCULTO
100
AcDbLine
 10
9.929993583171292
 20
22.664956681967727
 30
0.0
 11
9.8674935831833
 21
22.664957907172955
 31
0.0
  0
LINE
  5
29E
330
17
100
AcDbEntity
  8
E-OCULTO
100
AcDbLine
 10
9.85000039294886
 20
22.677465059875228
 30
0.0
 11
9.850000392868369
 21
22.739965059875228
 31
0.0
  0
LINE
  5
29F
330
17
100
AcDbEntity
  8
E-OCULTO
100
AcDbLine
 10
9.850000392829733
 20
22.76996505987523
 30
0.0
 11
9.850000392749243
 21
22.83246505987523
 31
0.0
  0
LINE
  5
2A0
330
17
100
AcDbEntity
  8
E-OCULTO
100
AcDbLine
 10
9.850000392710607
 20
22.86246505987523
 30
0.0
 11
9.850000392630115
 21
22.92496505987523
 31
0.0
  0
LINE
  5
2A1
330
17
100
AcDbEntity
  8
E-OCULTO
100
AcDbLine
 10
9.850000392591479
 20
22.954965059875228
 30
0.0
 11
9.850000392510989
 21
23.017465059875228
 31
0.0
  0
LINE
  5
2A2
330
17
100
AcDbEntity
  8
E-OCULTO
100
AcDbLine
 10
9.850000392472353
 20
23.04746505987523
 30
0.0
 11
9.85000039239186
 21
23.10996505987523
 31
0.0
  0
LINE
  5
2A3
330
17
100
AcDbEntity
  8
E-OCULTO
100
AcDbLine
 10
9.850000392353225
 20
23.13996505987523
 30
0.0
 11
9.850000392272735
 21
23.20246505987523
 31
0.0
  0
LINE
  5
2A4
330
17
100
AcDbEntity
  8
E-OCULTO
100
AcDbLine
 10
9.850000392234099
 20
23.23246505987523
 30
0.0
 11
9.850000392153609
 21
23.29496505987523
 31
0.0
  0
LINE
  5
2A5
330
17
100
AcDbEntity
  8
E-OCULTO
100
AcDbLine
 10
9.850000392114973
 20
23.32496505987523
 30
0.0
 11
9.850000392034481
 21
23.38746505987523
 31
0.0
  0
LINE
  5
2A6
330
17
100
AcDbEntity
  8
E-OCULTO
100
AcDbLine
 10
9.850000391995845
 20
23.41746505987523
 30
0.0
 11
9.850000391915355
 21
23.47996505987523
 31
0.0
  0
LINE
  5
2A7
330
17
100
AcDbEntity
  8
E-OCULTO
100
AcDbLine
 10
9.85000039187672
 20
23.509965059875228
 30
0.0
 11
9.850000391863924
 21
23.5199
 31
0.0
  0
LINE
  5
2A8
330
17
100
AcDbEntity
  8
E-OCULTO
100
AcDbLine
 10
10.149999608277511
 20
23.5199
 30
0.0
 11
10.149999608200238
 21
23.4574
 31
0.0
  0
LINE
  5
2A9
330
17
100
AcDbEntity
  8
E-OCULTO
100
AcDbLine
 10
10.149999608163146
 20
23.4274
 30
0.0
 11
10.149999608085873
 21
23.3649
 31
0.0
  0
LINE
  5
2AA
330
17
100
AcDbEntity
  8
E-OCULTO
100
AcDbLine
 10
10.149999608048782
 20
23.3349
 30
0.0
 11
10.149999607971507
 21
23.2724
 31
0.0
  0
LINE
  5
2AB
330
17
100
AcDbEntity
  8
E-OCULTO
100
AcDbLine
 10
10.149999607934417
 20
23.2424
 30
0.0
 11
10.149999607857144
 21
23.1799
 31
0.0
  0
LINE
  5
2AC
330
17
100
AcDbEntity
  8
E-OCULTO
100
AcDbLine
 10
10.149999607820051
 20
23.1499
 30
0.0
 11
10.149999607742778
 21
23.0874
 31
0.0
  0
LINE
  5
2AD
330
17
100
AcDbEntity
  8
E-OCULTO
100
AcDbLine
 10
10.149999607705686
 20
23.0574
 30
0.0
 11
10.149999607628413
 21
22.9949
 31
0.0
  0
LINE
  5
2AE
330
17
100
AcDbEntity
  8
E-OCULTO
100
AcDbLine
 10
10.149999607591322
 20
22.9649
 30
0.0
 11
10.149999607514049
 21
22.9024
 31
0.0
  0
LINE
  5
2AF
330
17
100
AcDbEntity
  8
E-OCULTO
100
AcDbLine
 10
10.149999607476957
 20
22.8724
 30
0.0
 11
10.149999607399684
 21
22.8099
 31
0.0
  0
LINE
  5
2B0
330
17
100
AcDbEntity
  8
E-OCULTO
100
AcDbLine
 10
10.149999607362592
 20
22.779899999999998
 30
0.0
 11
10.149999607285318
 21
22.717399999999998
 31
0.0
  0
LINE
  5
2B1
330
17
100
AcDbEntity
  8
E-OCULTO
100
AcDbLine
 10
10.149999607248228
 20
22.6874
 30
0.0
 11
10.149999607170953
 21
22.6249
 31
0.0
  0
LINE
  5
2B2
330
17
100
AcDbEntity
  8
E-OCULTO
100
AcDbLine
 10
10.149999607133863
 20
22.5949
 30
0.0
 11
10.14999960705659
 21
22.5324
 31
0.0
  0
LINE
  5
2B3
330
17
100
AcDbEntity
  8
E-OCULTO
100
AcDbLine
 10
6.250000009151007
 20
22.36495827511688
 30
0.0
 11
6.312500009151007
 21
22.364958275024676
 31
0.0
  0
LINE
  5
2B4
330
17
100
AcDbEntity
  8
E-OCULTO
100
AcDbLine
 10
6.342500009151007
 20
22.364958274980417
 30
0.0
 11
6.405000009151007
 21
22.364958274888213
 31
0.0
  0
LINE
  5
2B5
330
17
100
AcDbEntity
  8
E-OCULTO
100
AcDbLine
 10
6.435000009151007
 20
22.364958274843953
 30
0.0
 11
6.497500009151007
 21
22.36495827475175
 31
0.0
  0
LINE
  5
2B6
330
17
100
AcDbEntity
  8
E-OCULTO
100
AcDbLine
 10
6.527500009151007
 20
22.36495827470749
 30
0.0
 11
6.550000181597846
 21
22.324958447121393
 31
0.0
  0
LINE
  5
2B7
330
17
100
AcDbEntity
  8
E-OCULTO
100
AcDbLine
 10
6.550000181597653
 20
22.29495844712139
 30
0.0
 11
6.550000181597251
 21
22.23245844712139
 31
0.0
  0
LINE
  5
2B8
330
17
100
AcDbEntity
  8
E-OCULTO
100
AcDbLine
 10
6.550000181597058
 20
22.202458447121394
 30
0.0
 11
6.550000181596657
 21
22.139958447121394
 31
0.0
  0
LINE
  5
2B9
330
17
100
AcDbEntity
  8
E-OCULTO
100
AcDbLine
 10
6.550000181596463
 20
22.109958447121393
 30
0.0
 11
6.550000181596062
 21
22.047458447121393
 31
0.0
  0
LINE
  5
2BA
330
17
100
AcDbEntity
  8
E-OCULTO
100
AcDbLine
 10
6.550000181595868
 20
22.017458447121392
 30
0.0
 11
6.5500001815954665
 21
21.954958447121392
 31
0.0
  0
LINE
  5
2BB
330
17
100
AcDbEntity
  8
E-OCULTO
100
AcDbLine
 10
6.550000181595274
 20
21.92495844712139
 30
0.0
 11
6.550000181594871
 21
21.86245844712139
 31
0.0
  0
LINE
  5
2BC
330
17
100
AcDbEntity
  8
E-OCULTO
100
AcDbLine
 10
6.550000181594679
 20
21.832458447121393
 30
0.0
 11
6.550000181594276
 21
21.769958447121393
 31
0.0
  0
LINE
  5
2BD
330
17
100
AcDbEntity
  8
E-OCULTO
100
AcDbLine
 10
6.550000181594084
 20
21.739958447121392
 30
0.0
 11
6.550000181593681
 21
21.677458447121392
 31
0.0
  0
LINE
  5
2BE
330
17
100
AcDbEntity
  8
E-OCULTO
100
AcDbLine
 10
6.5500001815934885
 20
21.64745844712139
 30
0.0
 11
6.550000181593086
 21
21.58495844712139
 31
0.0
  0
LINE
  5
2BF
330
17
100
AcDbEntity
  8
E-OCULTO
100
AcDbLine
 10
6.550000181592893
 20
21.554958447121393
 30
0.0
 11
6.550000181592491
 21
21.492458447121393
 31
0.0
  0
LINE
  5
2C0
330
17
100
AcDbEntity
  8
E-OCULTO
100
AcDbLine
 10
6.550000181592298
 20
21.462458447121392
 30
0.0
 11
6.550000181591896
 21
21.399958447121392
 31
0.0
  0
LINE
  5
2C1
330
17
100
AcDbEntity
  8
E-OCULTO
100
AcDbLine
 10
6.550000181591703
 20
21.36995844712139
 30
0.0
 11
6.550000181591302
 21
21.30745844712139
 31
0.0
  0
LINE
  5
2C2
330
17
100
AcDbEntity
  8
E-OCULTO
100
AcDbLine
 10
6.550000181591108
 20
21.277458447121393
 30
0.0
 11
6.550000181590707
 21
21.214958447121393
 31
0.0
  0
LINE
  5
2C3
330
17
100
AcDbEntity
  8
E-OCULTO
100
AcDbLine
 10
6.550000181590513
 20
21.184958447121392
 30
0.0
 11
6.550000181590112
 21
21.122458447121392
 31
0.0
  0
LINE
  5
2C4
330
17
100
AcDbEntity
  8
E-OCULTO
100
AcDbLine
 10
6.550000181589919
 20
21.09245844712139
 30
0.0
 11
6.550000181589517
 21
21.02995844712139
 31
0.0
  0
LINE
  5
2C5
330
17
100
AcDbEntity
  8
E-OCULTO
100
AcDbLine
 10
6.550000181589324
 20
20.999958447121394
 30
0.0
 11
6.5500001815889215
 21
20.937458447121394
 31
0.0
  0
LINE
  5
2C6
330
17
100
AcDbEntity
  8
E-OCULTO
100
AcDbLine
 10
6.550000181588729
 20
20.907458447121392
 30
0.0
 11
6.550000181588326
 21
20.844958447121392
 31
0.0
  0
LINE
  5
2C7
330
17
100
AcDbEntity
  8
E-OCULTO
100
AcDbLine
 10
6.550000181588134
 20
20.81495844712139
 30
0.0
 11
6.550000181587731
 21
20.75245844712139
 31
0.0
  0
LINE
  5
2C8
330
17
100
AcDbEntity
  8
E-OCULTO
100
AcDbLine
 10
6.550000181587539
 20
20.72245844712139
 30
0.0
 11
6.550000181587136
 21
20.65995844712139
 31
0.0
  0
LINE
  5
2C9
330
17
100
AcDbEntity
  8
E-OCULTO
100
AcDbLine
 10
6.5500001815869435
 20
20.629958447121393
 30
0.0
 11
6.550000181586542
 21
20.567458447121393
 31
0.0
  0
LINE
  5
2CA
330
17
100
AcDbEntity
  8
E-OCULTO
100
AcDbLine
 10
6.5500001815863484
 20
20.53745844712139
 30
0.0
 11
6.550000181585947
 21
20.47495844712139
 31
0.0
  0
LINE
  5
2CB
330
17
100
AcDbEntity
  8
E-OCULTO
100
AcDbLine
 10
6.550000181585753
 20
20.444958447121394
 30
0.0
 11
6.550000181585352
 21
20.382458447121394
 31
0.0
  0
LINE
  5
2CC
330
17
100
AcDbEntity
  8
E-OCULTO
100
AcDbLine
 10
6.550000181585159
 20
20.352458447121393
 30
0.0
 11
6.550000181584757
 21
20.289958447121393
 31
0.0
  0
LINE
  5
2CD
330
17
100
AcDbEntity
  8
E-OCULTO
100
AcDbLine
 10
6.550000181584564
 20
20.25995844712139
 30
0.0
 11
6.550000181584162
 21
20.19745844712139
 31
0.0
  0
LINE
  5
2CE
330
17
100
AcDbEntity
  8
E-OCULTO
100
AcDbLine
 10
6.550000181583969
 20
20.167458447121394
 30
0.0
 11
6.505000319926447
 21
20.14995830884519
 31
0.0
  0
LINE
  5
2CF
330
17
100
AcDbEntity
  8
E-OCULTO
100
AcDbLine
 10
6.475000319926448
 20
20.14995830888945
 30
0.0
 11
6.412500319926448
 21
20.149958308981653
 31
0.0
  0
LINE
  5
2D0
330
17
100
AcDbEntity
  8
E-OCULTO
100
AcDbLine
 10
6.382500319926448
 20
20.149958309025912
 30
0.0
 11
6.320000319926448
 21
20.149958309118116
 31
0.0
  0
LINE
  5
2D1
330
17
100
AcDbEntity
  8
E-OCULTO
100
AcDbLine
 10
6.290000319926448
 20
20.149958309162376
 30
0.0
 11
6.250000009136905
 21
20.1724579984317
 31
0.0
  0
LINE
  5
2D2
330
17
100
AcDbEntity
  8
E-OCULTO
100
AcDbLine
 10
6.250000009137097
 20
20.202457998431697
 30
0.0
 11
6.2500000091375
 21
20.264957998431697
 31
0.0
  0
LINE
  5
2D3
330
17
100
AcDbEntity
  8
E-OCULTO
100
AcDbLine
 10
6.250000009137692
 20
20.2949579984317
 30
0.0
 11
6.250000009138095
 21
20.3574579984317
 31
0.0
  0
LINE
  5
2D4
330
17
100
AcDbEntity
  8
E-OCULTO
100
AcDbLine
 10
6.2500000091382875
 20
20.3874579984317
 30
0.0
 11
6.25000000913869
 21
20.4499579984317
 31
0.0
  0
LINE
  5
2D5
330
17
100
AcDbEntity
  8
E-OCULTO
100
AcDbLine
 10
6.2500000091388825
 20
20.479957998431697
 30
0.0
 11
6.250000009139284
 21
20.542457998431697
 31
0.0
  0
LINE
  5
2D6
330
17
100
AcDbEntity
  8
E-OCULTO
100
AcDbLine
 10
6.250000009139478
 20
20.572457998431698
 30
0.0
 11
6.250000009139879
 21
20.634957998431698
 31
0.0
  0
LINE
  5
2D7
330
17
100
AcDbEntity
  8
E-OCULTO
100
AcDbLine
 10
6.250000009140073
 20
20.6649579984317
 30
0.0
 11
6.250000009140474
 21
20.7274579984317
 31
0.0
  0
LINE
  5
2D8
330
17
100
AcDbEntity
  8
E-OCULTO
100
AcDbLine
 10
6.250000009140668
 20
20.757457998431697
 30
0.0
 11
6.250000009141069
 21
20.819957998431697
 31
0.0
  0
LINE
  5
2D9
330
17
100
AcDbEntity
  8
E-OCULTO
100
AcDbLine
 10
6.250000009141262
 20
20.849957998431698
 30
0.0
 11
6.250000009141664
 21
20.912457998431698
 31
0.0
  0
LINE
  5
2DA
330
17
100
AcDbEntity
  8
E-OCULTO
100
AcDbLine
 10
6.250000009141857
 20
20.942457998431696
 30
0.0
 11
6.250000009142259
 21
21.0049579984317
 31
0.0
  0
LINE
  5
2DB
330
17
100
AcDbEntity
  8
E-OCULTO
100
AcDbLine
 10
6.250000009142452
 20
21.034957998431697
 30
0.0
 11
6.2500000091428545
 21
21.097457998431697
 31
0.0
  0
LINE
  5
2DC
330
17
100
AcDbEntity
  8
E-OCULTO
100
AcDbLine
 10
6.250000009143047
 20
21.127457998431698
 30
0.0
 11
6.2500000091434496
 21
21.189957998431698
 31
0.0
  0
LINE
  5
2DD
330
17
100
AcDbEntity
  8
E-OCULTO
100
AcDbLine
 10
6.250000009143642
 20
21.219957998431696
 30
0.0
 11
6.250000009144045
 21
21.282457998431696
 31
0.0
  0
LINE
  5
2DE
330
17
100
AcDbEntity
  8
E-OCULTO
100
AcDbLine
 10
6.250000009144237
 20
21.312457998431697
 30
0.0
 11
6.250000009144639
 21
21.374957998431697
 31
0.0
  0
LINE
  5
2DF
330
17
100
AcDbEntity
  8
E-OCULTO
100
AcDbLine
 10
6.2500000091448324
 20
21.404957998431698
 30
0.0
 11
6.250000009145234
 21
21.467457998431698
 31
0.0
  0
LINE
  5
2E0
330
17
100
AcDbEntity
  8
E-OCULTO
100
AcDbLine
 10
6.2500000091454275
 20
21.497457998431695
 30
0.0
 11
6.250000009145829
 21
21.559957998431695
 31
0.0
  0
LINE
  5
2E1
330
17
100
AcDbEntity
  8
E-OCULTO
100
AcDbLine
 10
6.250000009146022
 20
21.589957998431696
 30
0.0
 11
6.250000009146424
 21
21.652457998431696
 31
0.0
  0
LINE
  5
2E2
330
17
100
AcDbEntity
  8
E-OCULTO
100
AcDbLine
 10
6.250000009146617
 20
21.682457998431698
 30
0.0
 11
6.250000009147019
 21
21.744957998431698
 31
0.0
  0
LINE
  5
2E3
330
17
100
AcDbEntity
  8
E-OCULTO
100
AcDbLine
 10
6.250000009147212
 20
21.7749579984317
 30
0.0
 11
6.250000009147614
 21
21.8374579984317
 31
0.0
  0
LINE
  5
2E4
330
17
100
AcDbEntity
  8
E-OCULTO
100
AcDbLine
 10
6.250000009147807
 20
21.867457998431696
 30
0.0
 11
6.250000009148209
 21
21.929957998431696
 31
0.0
  0
LINE
  5
2E5
330
17
100
AcDbEntity
  8
E-OCULTO
100
AcDbLine
 10
6.250000009148402
 20
21.959957998431697
 30
0.0
 11
6.250000009148804
 21
22.022457998431697
 31
0.0
  0
LINE
  5
2E6
330
17
100
AcDbEntity
  8
E-OCULTO
100
AcDbLine
 10
6.250000009148997
 20
22.0524579984317
 30
0.0
 11
6.2500000091493995
 21
22.1149579984317
 31
0.0
  0
LINE
  5
2E7
330
17
100
AcDbEntity
  8
E-OCULTO
100
AcDbLine
 10
6.250000009149592
 20
22.1449579984317
 30
0.0
 11
6.250000009149994
 21
22.2074579984317
 31
0.0
  0
LINE
  5
2E8
330
17
100
AcDbEntity
  8
E-OCULTO
100
AcDbLine
 10
6.250000009150187
 20
22.237457998431697
 30
0.0
 11
6.250000009150589
 21
22.299957998431697
 31
0.0
  0
LINE
  5
2E9
330
17
100
AcDbEntity
  8
E-OCULTO
100
AcDbLine
 10
6.250000009150782
 20
22.3299579984317
 30
0.0
 11
6.250000009151007
 21
22.36495827511688
 31
0.0
  0
LINE
  5
2EA
330
17
100
AcDbEntity
  8
E-OCULTO
100
AcDbLine
 10
9.850000392964967
 20
22.364958274790162
 30
0.0
 11
9.912500392952959
 21
22.36495949999539
 31
0.0
  0
LINE
  5
2EB
330
17
100
AcDbEntity
  8
E-OCULTO
100
AcDbLine
 10
9.942500392947194
 20
22.3649600880939
 30
0.0
 11
9.999997169149038
 21
22.36996453708496
 31
0.0
  0
LINE
  5
2EC
330
17
100
AcDbEntity
  8
E-OCULTO
100
AcDbLine
 10
9.999997757245678
 20
22.399964537079196
 30
0.0
 11
9.99999898244701
 21
22.462464537067188
 31
0.0
  0
LINE
  5
2ED
330
17
100
AcDbEntity
  8
E-OCULTO
100
AcDbLine
 10
9.999999570543652
 20
22.492464537061423
 30
0.0
 11
10.04000617839475
 21
22.514958370157586
 31
0.0
  0
LINE
  5
2EE
330
17
100
AcDbEntity
  8
E-OCULTO
100
AcDbLine
 10
10.07000617839475
 20
22.51495837015758
 30
0.0
 11
10.13250617839475
 21
22.514958370157565
 31
0.0
  0
LINE
  5
2EF
330
17
100
AcDbEntity
  8
E-OCULTO
100
AcDbLine
 10
10.149999607046198
 20
22.502451798797875
 30
0.0
 11
10.149999607101844
 21
22.439951798797875
 31
0.0
  0
LINE
  5
2F0
330
17
100
AcDbEntity
  8
E-OCULTO
100
AcDbLine
 10
10.149999607128555
 20
22.409951798797877
 30
0.0
 11
10.149999607184201
 21
22.347451798797877
 31
0.0
  0
LINE
  5
2F1
330
17
100
AcDbEntity
  8
E-OCULTO
100
AcDbLine
 10
10.14999960721091
 20
22.317451798797876
 30
0.0
 11
10.149999607266558
 21
22.254951798797876
 31
0.0
  0
LINE
  5
2F2
330
17
100
AcDbEntity
  8
E-OCULTO
100
AcDbLine
 10
10.149999607293267
 20
22.224951798797875
 30
0.0
 11
10.149999607348915
 21
22.162451798797875
 31
0.0
  0
LINE
  5
2F3
330
17
100
AcDbEntity
  8
E-OCULTO
100
AcDbLine
 10
10.149999607375625
 20
22.132451798797874
 30
0.0
 11
10.149999607431273
 21
22.069951798797874
 31
0.0
  0
LINE
  5
2F4
330
17
100
AcDbEntity
  8
E-OCULTO
100
AcDbLine
 10
10.149999607457982
 20
22.039951798797876
 30
0.0
 11
10.14999960751363
 21
21.977451798797876
 31
0.0
  0
LINE
  5
2F5
330
17
100
AcDbEntity
  8
E-OCULTO
100
AcDbLine
 10
10.14999960754034
 20
21.947451798797875
 30
0.0
 11
10.149999607595987
 21
21.884951798797875
 31
0.0
  0
LINE
  5
2F6
330
17
100
AcDbEntity
  8
E-OCULTO
100
AcDbLine
 10
10.149999607622696
 20
21.854951798797874
 30
0.0
 11
10.149999607678344
 21
21.792451798797874
 31
0.0
  0
LINE
  5
2F7
330
17
100
AcDbEntity
  8
E-OCULTO
100
AcDbLine
 10
10.149999607705054
 20
21.762451798797876
 30
0.0
 11
10.149999607760702
 21
21.699951798797876
 31
0.0
  0
LINE
  5
2F8
330
17
100
AcDbEntity
  8
E-OCULTO
100
AcDbLine
 10
10.14999960778741
 20
21.669951798797875
 30
0.0
 11
10.149999607843057
 21
21.607451798797875
 31
0.0
  0
LINE
  5
2F9
330
17
100
AcDbEntity
  8
E-OCULTO
100
AcDbLine
 10
10.149999607869768
 20
21.577451798797874
 30
0.0
 11
10.149999607925414
 21
21.514951798797874
 31
0.0
  0
LINE
  5
2FA
330
17
100
AcDbEntity
  8
E-OCULTO
100
AcDbLine
 10
10.149999607952125
 20
21.484951798797876
 30
0.0
 11
10.149999608007771
 21
21.422451798797876
 31
0.0
  0
LINE
  5
2FB
330
17
100
AcDbEntity
  8
E-OCULTO
100
AcDbLine
 10
10.149999608034483
 20
21.392451798797875
 30
0.0
 11
10.149999608090129
 21
21.329951798797875
 31
0.0
  0
LINE
  5
2FC
330
17
100
AcDbEntity
  8
E-OCULTO
100
AcDbLine
 10
10.14999960811684
 20
21.299951798797874
 30
0.0
 11
10.149999608172486
 21
21.237451798797874
 31
0.0
  0
LINE
  5
2FD
330
17
100
AcDbEntity
  8
E-OCULTO
100
AcDbLine
 10
10.149999608199197
 20
21.207451798797877
 30
0.0
 11
10.149999608254843
 21
21.144951798797877
 31
0.0
  0
LINE
  5
2FE
330
17
100
AcDbEntity
  8
E-OCULTO
100
AcDbLine
 10
10.149999608281554
 20
21.114951798797875
 30
0.0
 11
10.1499996083372
 21
21.052451798797875
 31
0.0
  0
LINE
  5
2FF
330
17
100
AcDbEntity
  8
E-OCULTO
100
AcDbLine
 10
10.149999608363911
 20
21.022451798797874
 30
0.0
 11
10.149999608419558
 21
20.959951798797874
 31
0.0
  0
LINE
  5
300
330
17
100
AcDbEntity
  8
E-OCULTO
100
AcDbLine
 10
10.149999608446269
 20
20.929951798797873
 30
0.0
 11
10.149999608501915
 21
20.867451798797873
 31
0.0
  0
LINE
  5
301
330
17
100
AcDbEntity
  8
E-OCULTO
100
AcDbLine
 10
10.149999608528626
 20
20.837451798797876
 30
0.0
 11
10.149999608584272
 21
20.774951798797876
 31
0.0
  0
LINE
  5
302
330
17
100
AcDbEntity
  8
E-OCULTO
100
AcDbLine
 10
10.149999608610983
 20
20.744951798797874
 30
0.0
 11
10.14999960866663
 21
20.682451798797874
 31
0.0
  0
LINE
  5
303
330
17
100
AcDbEntity
  8
E-OCULTO
100
AcDbLine
 10
10.14999960869334
 20
20.652451798797877
 30
0.0
 11
10.149999608748987
 21
20.589951798797877
 31
0.0
  0
LINE
  5
304
330
17
100
AcDbEntity
  8
E-OCULTO
100
AcDbLine
 10
10.149999608775698
 20
20.559951798797876
 30
0.0
 11
10.149999608831344
 21
20.497451798797876
 31
0.0
  0
LINE
  5
305
330
17
100
AcDbEntity
  8
E-OCULTO
100
AcDbLine
 10
10.149999608858055
 20
20.467451798797875
 30
0.0
 11
10.149999608913701
 21
20.404951798797875
 31
0.0
  0
LINE
  5
306
330
17
100
AcDbEntity
  8
E-OCULTO
100
AcDbLine
 10
10.149999608940412
 20
20.374951798797877
 30
0.0
 11
10.149999608996058
 21
20.312451798797877
 31
0.0
  0
LINE
  5
307
330
17
100
AcDbEntity
  8
E-OCULTO
100
AcDbLine
 10
10.149999609022768
 20
20.282451798797876
 30
0.0
 11
10.149999609078415
 21
20.219951798797876
 31
0.0
  0
LINE
  5
308
330
17
100
AcDbEntity
  8
E-OCULTO
100
AcDbLine
 10
10.149999609105125
 20
20.18995179879788
 30
0.0
 11
10.127493099159187
 21
20.149958308768106
 31
0.0
  0
LINE
  5
309
330
17
100
AcDbEntity
  8
E-OCULTO
100
AcDbLine
 10
10.097493099159188
 20
20.149958308753025
 30
0.0
 11
10.034993099159188
 21
20.1499583087216
 31
0.0
  0
LINE
  5
30A
330
17
100
AcDbEntity
  8
E-OCULTO
100
AcDbLine
 10
10.004993099159188
 20
20.149958308706516
 30
0.0
 11
9.942493099159188
 21
20.149958308675096
 31
0.0
  0
LINE
  5
30B
330
17
100
AcDbEntity
  8
E-OCULTO
100
AcDbLine
 10
9.912493099159189
 20
20.14995830866001
 30
0.0
 11
9.850000391784047
 21
20.14996560125345
 31
0.0
  0
LINE
  5
30C
330
17
100
AcDbEntity
  8
E-OCULTO
100
AcDbLine
 10
9.850000391800041
 20
20.179965601253446
 30
0.0
 11
9.850000391833364
 21
20.242465601253446
 31
0.0
  0
LINE
  5
30D
330
17
100
AcDbEntity
  8
E-OCULTO
100
AcDbLine
 10
9.850000391849358
 20
20.272465601253447
 30
0.0
 11
9.850000391882679
 21
20.334965601253447
 31
0.0
  0
LINE
  5
30E
330
17
100
AcDbEntity
  8
E-OCULTO
100
AcDbLine
 10
9.850000391898673
 20
20.36496560125345
 30
0.0
 11
9.850000391931996
 21
20.42746560125345
 31
0.0
  0
LINE
  5
30F
330
17
100
AcDbEntity
  8
E-OCULTO
100
AcDbLine
 10
9.85000039194799
 20
20.457465601253446
 30
0.0
 11
9.850000391981311
 21
20.519965601253446
 31
0.0
  0
LINE
  5
310
330
17
100
AcDbEntity
  8
E-OCULTO
100
AcDbLine
 10
9.850000391997307
 20
20.549965601253447
 30
0.0
 11
9.850000392030628
 21
20.612465601253447
 31
0.0
  0
LINE
  5
311
330
17
100
AcDbEntity
  8
E-OCULTO
100
AcDbLine
 10
9.850000392046622
 20
20.642465601253445
 30
0.0
 11
9.850000392079945
 21
20.704965601253445
 31
0.0
  0
LINE
  5
312
330
17
100
AcDbEntity
  8
E-OCULTO
100
AcDbLine
 10
9.85000039209594
 20
20.734965601253446
 30
0.0
 11
9.85000039212926
 21
20.797465601253446
 31
0.0
  0
LINE
  5
313
330
17
100
AcDbEntity
  8
E-OCULTO
100
AcDbLine
 10
9.850000392145255
 20
20.827465601253447
 30
0.0
 11
9.850000392178577
 21
20.889965601253447
 31
0.0
  0
LINE
  5
314
330
17
100
AcDbEntity
  8
E-OCULTO
100
AcDbLine
 10
9.850000392194572
 20
20.919965601253445
 30
0.0
 11
9.850000392227892
 21
20.982465601253445
 31
0.0
  0
LINE
  5
315
330
17
100
AcDbEntity
  8
E-OCULTO
100
AcDbLine
 10
9.850000392243887
 20
21.012465601253446
 30
0.0
 11
9.85000039227721
 21
21.074965601253446
 31
0.0
  0
LINE
  5
316
330
17
100
AcDbEntity
  8
E-OCULTO
100
AcDbLine
 10
9.850000392293204
 20
21.104965601253447
 30
0.0
 11
9.850000392326525
 21
21.167465601253447
 31
0.0
  0
LINE
  5
317
330
17
100
AcDbEntity
  8
E-OCULTO
100
AcDbLine
 10
9.85000039234252
 20
21.197465601253445
 30
0.0
 11
9.850000392375842
 21
21.259965601253445
 31
0.0
  0
LINE
  5
318
330
17
100
AcDbEntity
  8
E-OCULTO
100
AcDbLine
 10
9.850000392391836
 20
21.289965601253446
 30
0.0
 11
9.850000392425159
 21
21.352465601253446
 31
0.0
  0
LINE
  5
319
330
17
100
AcDbEntity
  8
E-OCULTO
100
AcDbLine
 10
9.850000392441153
 20
21.382465601253447
 30
0.0
 11
9.850000392474474
 21
21.444965601253447
 31
0.0
  0
LINE
  5
31A
330
17
100
AcDbEntity
  8
E-OCULTO
100
AcDbLine
 10
9.850000392490468
 20
21.474965601253448
 30
0.0
 11
9.850000392523791
 21
21.537465601253448
 31
0.0
  0
LINE
  5
31B
330
17
100
AcDbEntity
  8
E-OCULTO
100
AcDbLine
 10
9.850000392539785
 20
21.567465601253446
 30
0.0
 11
9.850000392573106
 21
21.629965601253446
 31
0.0
  0
LINE
  5
31C
330
17
100
AcDbEntity
  8
E-OCULTO
100
AcDbLine
 10
9.8500003925891
 20
21.659965601253447
 30
0.0
 11
9.850000392622423
 21
21.722465601253447
 31
0.0
  0
LINE
  5
31D
330
17
100
AcDbEntity
  8
E-OCULTO
100
AcDbLine
 10
9.850000392638417
 20
21.752465601253448
 30
0.0
 11
9.850000392671738
 21
21.814965601253448
 31
0.0
  0
LINE
  5
31E
330
17
100
AcDbEntity
  8
E-OCULTO
100
AcDbLine
 10
9.850000392687734
 20
21.84496560125345
 30
0.0
 11
9.850000392721055
 21
21.90746560125345
 31
0.0
  0
LINE
  5
31F
330
17
100
AcDbEntity
  8
E-OCULTO
100
AcDbLine
 10
9.85000039273705
 20
21.937465601253447
 30
0.0
 11
9.850000392770372
 21
21.999965601253447
 31
0.0
  0
LINE
  5
320
330
17
100
AcDbEntity
  8
E-OCULTO
100
AcDbLine
 10
9.850000392786367
 20
22.029965601253448
 30
0.0
 11
9.850000392819688
 21
22.092465601253448
 31
0.0
  0
LINE
  5
321
330
17
100
AcDbEntity
  8
E-OCULTO
100
AcDbLine
 10
9.850000392835682
 20
22.12246560125345
 30
0.0
 11
9.850000392869005
 21
22.18496560125345
 31
0.0
  0
LINE
  5
322
330
17
100
AcDbEntity
  8
E-OCULTO
100
AcDbLine
 10
9.850000392884999
 20
22.214965601253446
 30
0.0
 11
9.85000039291832
 21
22.277465601253446
 31
0.0
  0
LINE
  5
323
330
17
100
AcDbEntity
  8
E-OCULTO
100
AcDbLine
 10
9.850000392934314
 20
22.307465601253448
 30
0.0
 11
9.850000392964967
 21
22.364958274790162
 31
0.0
  0
LWPOLYLINE
  5
324
330
17
100
AcDbEntity
  8
E-VIGA
100
AcDbPolyline
 90
5
 70
0
 10
6.6999998207629305
 20
20.149958286167035
 10
9.550000179263584
 20
20.149958286165734
 10
9.550000179237069
 20
19.849958312033763
 10
6.69999982067325
 20
19.84995831203816
 10
6.6999998207629305
 20
20.149958286167035
  0
TEXT
  5
325
330
17
100
AcDbEntity
  8
E-TEXTO
100
AcDbText
 10
8.12499999998666
 20
19.99995829910062
 30
0.0
 40
0.04000000000000001
  1
VIGA COLLARÍN 0.30x0.50
  7
ARIAL
 41
0.9
 72
1
 11
8.12499999998666
 21
19.99995829910062
 31
0.0
100
AcDbText
 73
2
  0
HATCH
  5
326
330
17
100
AcDbEntity
  8
E-COLUMNA-ACH
100
AcDbHatch
 10
0.0
 20
0.0
 30
0.0
210
0.0
220
0.0
230
1.0
  2
SOLID
 70
1
 71
0
 91
1
 92
3
 72
0
 73
1
 93
4
 10
6.099999914638712
 20
22.364958293981466
 10
6.099999915642699
 20
22.66495822760703
 10
6.699999799258974
 20
22.664958230905555
 10
6.699999798255006
 20
22.364958297280054
 97
0
 75
0
 76
1
 98
0
  0
LWPOLYLINE
  5
327
330
17
100
AcDbEntity
  8
E-COLUMNA
100
AcDbPolyline
 90
4
 70
1
 10
6.099999914638712
 20
22.364958293981466
 10
6.099999915642699
 20
22.66495822760703
 10
6.699999799258974
 20
22.664958230905555
 10
6.699999798255006
 20
22.364958297280054
  0
TEXT
  5
328
330
17
100
AcDbEntity
  8
E-TEXTO
100
AcDbText
 10
6.119999914638711
 20
22.684958230905558
 30
0.0
 40
0.04000000000000001
  1
C-1
  7
ARIAL
 41
0.9
 11
6.119999914638711
 21
22.684958230905558
 31
0.0
100
AcDbText
 73
1
  0
HATCH
  5
329
330
17
100
AcDbEntity
  8
E-COLUMNA-ACH
100
AcDbHatch
 10
0.0
 20
0.0
 30
0.0
210
0.0
220
0.0
230
1.0
  2
SOLID
 70
1
 71
0
 91
1
 92
3
 72
0
 73
1
 93
4
 10
6.099999919662869
 20
19.849958310769168
 10
6.099999916127808
 20
20.149958286115044
 10
6.699999798043003
 20
20.149958286860855
 10
6.699999797769897
 20
19.849958312085754
 97
0
 75
0
 76
1
 98
0
  0
LWPOLYLINE
  5
32A
330
17
100
AcDbEntity
  8
E-COLUMNA
100
AcDbPolyline
 90
4
 70
1
 10
6.099999919662869
 20
19.849958310769168
 10
6.099999916127808
 20
20.149958286115044
 10
6.699999798043003
 20
20.149958286860855
 10
6.699999797769897
 20
19.849958312085754
  0
TEXT
  5
32B
330
17
100
AcDbEntity
  8
E-TEXTO
100
AcDbText
 10
6.119999916127807
 20
19.829958310769165
 30
0.0
 40
0.04000000000000001
  1
C-1
  7
ARIAL
 41
0.9
 11
6.119999916127807
 21
19.829958310769165
 31
0.0
100
AcDbText
 73
3
  0
HATCH
  5
32C
330
17
100
AcDbEntity
  8
E-COLUMNA-ACH
100
AcDbHatch
 10
0.0
 20
0.0
 30
0.0
210
0.0
220
0.0
230
1.0
  2
SOLID
 70
1
 71
0
 91
1
 92
3
 72
0
 73
1
 93
4
 10
9.550000205764864
 20
19.84995831076921
 10
9.550000202230104
 20
20.149958286115044
 10
10.149999607308136
 20
20.14995828686086
 10
10.149999607035033
 20
19.849958312085754
 97
0
 75
0
 76
1
 98
0
  0
LWPOLYLINE
  5
32D
330
17
100
AcDbEntity
  8
E-COLUMNA
100
AcDbPolyline
 90
4
 70
1
 10
9.550000205764864
 20
19.84995831076921
 10
9.550000202230104
 20
20.149958286115044
 10
10.149999607308136
 20
20.14995828686086
 10
10.149999607035033
 20
19.849958312085754
  0
TEXT
  5
32E
330
17
100
AcDbEntity
  8
E-TEXTO
100
AcDbText
 10
9.570000202230103
 20
19.829958310769207
 30
0.0
 40
0.04000000000000001
  1
C-1
  7
ARIAL
 41
0.9
 11
9.570000202230103
 21
19.829958310769207
 31
0.0
100
AcDbText
 73
3
  0
HATCH
  5
32F
330
17
100
AcDbEntity
  8
E-COLUMNA-ACH
100
AcDbHatch
 10
0.0
 20
0.0
 30
0.0
210
0.0
220
0.0
230
1.0
  2
SOLID
 70
1
 71
0
 91
1
 92
3
 72
0
 73
1
 93
6
 10
9.5500002022301
 20
22.364958297780646
 10
9.550000202230104
 20
22.664958227106446
 10
9.849997452537538
 20
22.664961167533875
 10
9.850000392964967
 20
22.96495817942273
 10
10.149999607035054
 20
22.96495817942271
 10
10.149999607035022
 20
22.36495829778063
 97
0
 75
0
 76
1
 98
0
  0
LWPOLYLINE
  5
330
330
17
100
AcDbEntity
  8
E-COLUMNA
100
AcDbPolyline
 90
6
 70
1
 10
9.5500002022301
 20
22.364958297780646
 10
9.550000202230104
 20
22.664958227106446
 10
9.849997452537538
 20
22.664961167533875
 10
9.850000392964967
 20
22.96495817942273
 10
10.149999607035054
 20
22.96495817942271
 10
10.149999607035022
 20
22.36495829778063
  0
TEXT
  5
331
330
17
100
AcDbEntity
  8
E-TEXTO
100
AcDbText
 10
9.5700002022301
 20
22.98495817942273
 30
0.0
 40
0.04000000000000001
  1
C-2
  7
ARIAL
 41
0.9
 11
9.5700002022301
 21
22.98495817942273
 31
0.0
100
AcDbText
 73
1
  0
LWPOLYLINE
  5
332
330
17
100
AcDbEntity
  8
E-CORTE
100
AcDbPolyline
 90
4
 70
1
 10
7.300000000000072
 20
20.14995830078157
 10
9.050000000000074
 20
20.14995830078157
 10
9.050000000000074
 20
21.24995830078157
 10
7.300000000000072
 20
21.24995830078157
  0
LINE
  5
333
330
17
100
AcDbEntity
  8
E-PROYECCION
100
AcDbLine
 10
7.3
 20
20.14995830078157
 30
0.0
 11
7.3
 21
21.24995830078157
 31
0.0
  0
LINE
  5
334
330
17
100
AcDbEntity
  8
E-PROYECCION
100
AcDbLine
 10
7.55
 20
20.14995830078157
 30
0.0
 11
7.55
 21
21.24995830078157
 31
0.0
  0
LINE
  5
335
330
17
100
AcDbEntity
  8
E-PROYECCION
100
AcDbLine
 10
7.8
 20
20.14995830078157
 30
0.0
 11
7.8
 21
21.24995830078157
 31
0.0
  0
LINE
  5
336
330
17
100
AcDbEntity
  8
E-PROYECCION
100
AcDbLine
 10
8.05
 20
20.14995830078157
 30
0.0
 11
8.05
 21
21.24995830078157
 31
0.0
  0
LINE
  5
337
330
17
100
AcDbEntity
  8
E-PROYECCION
100
AcDbLine
 10
8.3
 20
20.14995830078157
 30
0.0
 11
8.3
 21
21.24995830078157
 31
0.0
  0
LINE
  5
338
330
17
100
AcDbEntity
  8
E-PROYECCION
100
AcDbLine
 10
8.55
 20
20.14995830078157
 30
0.0
 11
8.55
 21
21.24995830078157
 31
0.0
  0
LINE
  5
339
330
17
100
AcDbEntity
  8
E-PROYECCION
100
AcDbLine
 10
8.8
 20
20.14995830078157
 30
0.0
 11
8.8
 21
21.24995830078157
 31
0.0
  0
LINE
  5
33A
330
17
100
AcDbEntity
  8
E-PROYECCION
100
AcDbLine
 10
9.05
 20
20.14995830078157
 30
0.0
 11
9.05
 21
21.24995830078157
 31
0.0
  0
LWPOLYLINE
  5
33B
330
17
100
AcDbEntity
  8
E-CORTE
100
AcDbPolyline
 90
4
 70
1
 10
7.300000000000071
 20
21.26495830078157
 10
9.050000000000074
 20
21.26495830078157
 10
9.050000000000074
 20
22.364958300781574
 10
7.300000000000071
 20
22.364958300781574
  0
LINE
  5
33C
330
17
100
AcDbEntity
  8
E-PROYECCION
100
AcDbLine
 10
9.05
 20
21.26495830078157
 30
0.0
 11
9.05
 21
22.364958300781574
 31
0.0
  0
LINE
  5
33D
330
17
100
AcDbEntity
  8
E-PROYECCION
100
AcDbLine
 10
8.8
 20
21.26495830078157
 30
0.0
 11
8.8
 21
22.364958300781574
 31
0.0
  0
LINE
  5
33E
330
17
100
AcDbEntity
  8
E-PROYECCION
100
AcDbLine
 10
8.55
 20
21.26495830078157
 30
0.0
 11
8.55
 21
22.364958300781574
 31
0.0
  0
LINE
  5
33F
330
17
100
AcDbEntity
  8
E-PROYECCION
100
AcDbLine
 10
8.3
 20
21.26495830078157
 30
0.0
 11
8.3
 21
22.364958300781574
 31
0.0
  0
LINE
  5
340
330
17
100
AcDbEntity
  8
E-PROYECCION
100
AcDbLine
 10
8.05
 20
21.26495830078157
 30
0.0
 11
8.05
 21
22.364958300781574
 31
0.0
  0
LINE
  5
341
330
17
100
AcDbEntity
  8
E-PROYECCION
100
AcDbLine
 10
7.8
 20
21.26495830078157
 30
0.0
 11
7.8
 21
22.364958300781574
 31
0.0
  0
LINE
  5
342
330
17
100
AcDbEntity
  8
E-PROYECCION
100
AcDbLine
 10
7.55
 20
21.26495830078157
 30
0.0
 11
7.55
 21
22.364958300781574
 31
0.0
  0
LINE
  5
343
330
17
100
AcDbEntity
  8
E-PROYECCION
100
AcDbLine
 10
7.3
 20
21.26495830078157
 30
0.0
 11
7.3
 21
22.364958300781574
 31
0.0
  0
LWPOLYLINE
  5
344
330
17
100
AcDbEntity
  8
E-CORTE
100
AcDbPolyline
 90
4
 70
1
 10
9.050000000000072
 20
20.14995830078157
 10
10.150000000000073
 20
20.14995830078157
 10
10.150000000000073
 20
22.36495830078157
 10
9.050000000000072
 20
22.36495830078157
  0
LWPOLYLINE
  5
345
330
17
100
AcDbEntity
  8
E-CORTE
100
AcDbPolyline
 90
4
 70
1
 10
6.100000000000073
 20
20.14995830078157
 10
7.3000000000000735
 20
20.14995830078157
 10
7.3000000000000735
 20
22.36495830078157
 10
6.100000000000073
 20
22.36495830078157
  0
TEXT
  5
346
330
17
100
AcDbEntity
  8
E-TEXTO
100
AcDbText
 10
6.700000000000074
 20
21.33
 30
0.0
 40
0.045000000000000005
  1
PLATAFORMA
  7
ARIAL
 41
0.9
 72
1
 11
6.700000000000074
 21
21.33
 31
0.0
100
AcDbText
 73
2
  0
TEXT
  5
347
330
17
100
AcDbEntity
  8
E-TEXTO
100
AcDbText
 10
6.700000000000074
 20
21.18
 30
0.0
 40
0.045000000000000005
  1
NPT +3.20
  7
ARIAL
 41
0.9
 72
1
 11
6.700000000000074
 21
21.18
 31
0.0
100
AcDbText
 73
2
  0
TEXT
  5
348
330
17
100
AcDbEntity
  8
E-TEXTO
100
AcDbText
 10
9.790000000000074
 20
21.33
 30
0.0
 40
0.045000000000000005
  1
DESCANSO
  7
ARIAL
 41
0.9
 72
1
 11
9.790000000000074
 21
21.33
 31
0.0
100
AcDbText
 73
2
  0
TEXT
  5
349
330
17
100
AcDbEntity
  8
E-TEXTO
100
AcDbText
 10
9.790000000000074
 20
21.18
 30
0.0
 40
0.045000000000000005
  1
NPT +4.50
  7
ARIAL
 41
0.9
 72
1
 11
9.790000000000074
 21
21.18
 31
0.0
100
AcDbText
 73
2
  0
TEXT
  5
34A
330
17
100
AcDbEntity
  8
E-ESC-NUM
100
AcDbText
 10
7.425
 20
20.36995830078157
 30
0.0
 40
0.05
  1
1
  7
ARIAL
 41
0.9
 72
1
 11
7.425
 21
20.36995830078157
 31
0.0
100
AcDbText
 73
2
  0
TEXT
  5
34B
330
17
100
AcDbEntity
  8
E-ESC-NUM
100
AcDbText
 10
7.675
 20
20.36995830078157
 30
0.0
 40
0.05
  1
2
  7
ARIAL
 41
0.9
 72
1
 11
7.675
 21
20.36995830078157
 31
0.0
100
AcDbText
 73
2
  0
TEXT
  5
34C
330
17
100
AcDbEntity
  8
E-ESC-NUM
100
AcDbText
 10
7.925000000000001
 20
20.36995830078157
 30
0.0
 40
0.05
  1
3
  7
ARIAL
 41
0.9
 72
1
 11
7.925000000000001
 21
20.36995830078157
 31
0.0
100
AcDbText
 73
2
  0
TEXT
  5
34D
330
17
100
AcDbEntity
  8
E-ESC-NUM
100
AcDbText
 10
8.175
 20
20.36995830078157
 30
0.0
 40
0.05
  1
4
  7
ARIAL
 41
0.9
 72
1
 11
8.175
 21
20.36995830078157
 31
0.0
100
AcDbText
 73
2
  0
TEXT
  5
34E
330
17
100
AcDbEntity
  8
E-ESC-NUM
100
AcDbText
 10
8.425
 20
20.36995830078157
 30
0.0
 40
0.05
  1
5
  7
ARIAL
 41
0.9
 72
1
 11
8.425
 21
20.36995830078157
 31
0.0
100
AcDbText
 73
2
  0
TEXT
  5
34F
330
17
100
AcDbEntity
  8
E-ESC-NUM
100
AcDbText
 10
8.675
 20
20.36995830078157
 30
0.0
 40
0.05
  1
6
  7
ARIAL
 41
0.9
 72
1
 11
8.675
 21
20.36995830078157
 31
0.0
100
AcDbText
 73
2
  0
TEXT
  5
350
330
17
100
AcDbEntity
  8
E-ESC-NUM
100
AcDbText
 10
8.925
 20
20.36995830078157
 30
0.0
 40
0.05
  1
7
  7
ARIAL
 41
0.9
 72
1
 11
8.925
 21
20.36995830078157
 31
0.0
100
AcDbText
 73
2
  0
TEXT
  5
351
330
17
100
AcDbEntity
  8
E-ESC-NUM
100
AcDbText
 10
9.14
 20
20.36995830078157
 30
0.0
 40
0.05
  1
8
  7
ARIAL
 41
0.9
 72
1
 11
9.14
 21
20.36995830078157
 31
0.0
100
AcDbText
 73
2
  0
TEXT
  5
352
330
17
100
AcDbEntity
  8
E-ESC-NUM
100
AcDbText
 10
8.925
 20
22.14495830078157
 30
0.0
 40
0.05
  1
9
  7
ARIAL
 41
0.9
 72
1
 11
8.925
 21
22.14495830078157
 31
0.0
100
AcDbText
 73
2
  0
TEXT
  5
353
330
17
100
AcDbEntity
  8
E-ESC-NUM
100
AcDbText
 10
8.675
 20
22.14495830078157
 30
0.0
 40
0.05
  1
10
  7
ARIAL
 41
0.9
 72
1
 11
8.675
 21
22.14495830078157
 31
0.0
100
AcDbText
 73
2
  0
TEXT
  5
354
330
17
100
AcDbEntity
  8
E-ESC-NUM
100
AcDbText
 10
8.425
 20
22.14495830078157
 30
0.0
 40
0.05
  1
11
  7
ARIAL
 41
0.9
 72
1
 11
8.425
 21
22.14495830078157
 31
0.0
100
AcDbText
 73
2
  0
TEXT
  5
355
330
17
100
AcDbEntity
  8
E-ESC-NUM
100
AcDbText
 10
8.175
 20
22.14495830078157
 30
0.0
 40
0.05
  1
12
  7
ARIAL
 41
0.9
 72
1
 11
8.175
 21
22.14495830078157
 31
0.0
100
AcDbText
 73
2
  0
TEXT
  5
356
330
17
100
AcDbEntity
  8
E-ESC-NUM
100
AcDbText
 10
7.925000000000001
 20
22.14495830078157
 30
0.0
 40
0.05
  1
13
  7
ARIAL
 41
0.9
 72
1
 11
7.925000000000001
 21
22.14495830078157
 31
0.0
100
AcDbText
 73
2
  0
TEXT
  5
357
330
17
100
AcDbEntity
  8
E-ESC-NUM
100
AcDbText
 10
7.675
 20
22.14495830078157
 30
0.0
 40
0.05
  1
14
  7
ARIAL
 41
0.9
 72
1
 11
7.675
 21
22.14495830078157
 31
0.0
100
AcDbText
 73
2
  0
TEXT
  5
358
330
17
100
AcDbEntity
  8
E-ESC-NUM
100
AcDbText
 10
7.425
 20
22.14495830078157
 30
0.0
 40
0.05
  1
15
  7
ARIAL
 41
0.9
 72
1
 11
7.425
 21
22.14495830078157
 31
0.0
100
AcDbText
 73
2
  0
TEXT
  5
359
330
17
100
AcDbEntity
  8
E-ESC-NUM
100
AcDbText
 10
7.21
 20
22.14495830078157
 30
0.0
 40
0.05
  1
16
  7
ARIAL
 41
0.9
 72
1
 11
7.21
 21
22.14495830078157
 31
0.0
100
AcDbText
 73
2
  0
LWPOLYLINE
  5
35A
330
17
100
AcDbEntity
  8
E-ESC-FLECHA
100
AcDbPolyline
 90
4
 70
0
 10
7.425
 20
20.69995830078157
 10
9.350000000000072
 20
20.69995830078157
 10
9.350000000000072
 20
21.81495830078157
 10
7.2
 20
21.81495830078157
  0
CIRCLE
  5
35B
330
17
100
AcDbEntity
  8
E-ESC-FLECHA
100
AcDbCircle
 10
7.425
 20
20.69995830078157
 30
0.0
 40
0.020000000000000004
  0
HATCH
  5
35C
330
17
100
AcDbEntity
  8
E-ESC-FLECHA
100
AcDbHatch
 10
0.0
 20
0.0
 30
0.0
210
0.0
220
0.0
230
1.0
  2
SOLID
 70
1
 71
0
 91
1
 92
1
 93
1
 72
2
 10
7.425
 20
20.69995830078157
 40
0.020000000000000004
 50
0
 51
360
 73
1
 97
0
 75
0
 76
1
 98
0
  0
HATCH
  5
35D
330
17
100
AcDbEntity
  8
E-ESC-FLECHA
 62
7
100
AcDbHatch
 10
0.0
 20
0.0
 30
0.0
210
0.0
220
0.0
230
1.0
  2
SOLID
 70
1
 71
0
 91
1
 92
3
 72
0
 73
1
 93
3
 10
7.2
 20
21.81495830078157
 10
7.265000000000001
 20
21.78995830078157
 10
7.265000000000001
 20
21.83995830078157
 97
0
 75
0
 76
1
 98
0
  0
LWPOLYLINE
  5
35E
330
17
100
AcDbEntity
  8
E-ESC-FLECHA
100
AcDbPolyline
 90
3
 70
1
 10
7.2
 20
21.81495830078157
 10
7.265000000000001
 20
21.78995830078157
 10
7.265000000000001
 20
21.83995830078157
  0
TEXT
  5
35F
330
17
100
AcDbEntity
  8
E-TITULO
100
AcDbText
 10
7.5249999999999995
 20
20.78995830078157
 30
0.0
 40
0.05500000000000001
  1
SUBE
  7
ARIAL
 41
0.9
 11
7.5249999999999995
 21
20.78995830078157
 31
0.0
100
AcDbText
 73
2
  0
DIMENSION
  5
360
330
17
100
AcDbEntity
  8
E-COTA
100
AcDbDimension
280
0
  2
*D11
  3
COTA25
 10
6.100000000000073
 20
19.5
 30
0.0
 11
6.700000000000072
 21
19.5375
 31
0.0
 70
32
 71
5
  1
1.20
100
AcDbAlignedDimension
 13
6.100000000000073
 23
20.14995830078157
 33
0.0
 14
7.300000000000072
 24
20.14995830078157
 34
0.0
 50
0.0
100
AcDbRotatedDimension
1001
ACAD
1000
DSTYLE
1002
{
1070
271
1070
2
1002
}
  0
DIMENSION
  5
36F
330
17
100
AcDbEntity
  8
E-COTA
100
AcDbDimension
280
0
  2
*D12
  3
COTA25
 10
7.300000000000072
 20
19.5
 30
0.0
 11
8.175000000000072
 21
19.5375
 31
0.0
 70
32
 71
5
  1
7 p. @ .25 = 1.75
100
AcDbAlignedDimension
 13
7.300000000000072
 23
20.14995830078157
 33
0.0
 14
9.050000000000074
 24
20.14995830078157
 34
0.0
 50
0.0
100
AcDbRotatedDimension
1001
ACAD
1000
DSTYLE
1002
{
1070
271
1070
2
1002
}
  0
DIMENSION
  5
37E
330
17
100
AcDbEntity
  8
E-COTA
100
AcDbDimension
280
0
  2
*D13
  3
COTA25
 10
9.050000000000074
 20
19.5
 30
0.0
 11
9.600000000000072
 21
19.5375
 31
0.0
 70
32
 71
5
  1
1.10
100
AcDbAlignedDimension
 13
9.050000000000074
 23
20.14995830078157
 33
0.0
 14
10.150000000000073
 24
20.14995830078157
 34
0.0
 50
0.0
100
AcDbRotatedDimension
1001
ACAD
1000
DSTYLE
1002
{
1070
271
1070
2
1002
}
  0
DIMENSION
  5
38D
330
17
100
AcDbEntity
  8
E-COTA
100
AcDbDimension
280
0
  2
*D14
  3
COTA25
 10
6.1
 20
19.2
 30
0.0
 11
6.24999999999998
 21
19.2375
 31
0.0
 70
32
 71
5
  1
<>
100
AcDbAlignedDimension
 13
6.1
 23
19.85
 33
0.0
 14
6.3999999999999595
 24
19.85
 34
0.0
 50
0.0
100
AcDbRotatedDimension
1001
ACAD
1000
DSTYLE
1002
{
1070
271
1070
2
1002
}
  0
DIMENSION
  5
39C
330
17
100
AcDbEntity
  8
E-COTA
100
AcDbDimension
280
0
  2
*D15
  3
COTA25
 10
6.3999999999999595
 20
19.2
 30
0.0
 11
8.199999999999957
 21
19.2375
 31
0.0
 70
32
 71
5
  1
<>
100
AcDbAlignedDimension
 13
6.3999999999999595
 23
19.85
 33
0.0
 14
9.999999999999954
 24
19.85
 34
0.0
 50
0.0
100
AcDbRotatedDimension
1001
ACAD
1000
DSTYLE
1002
{
1070
271
1070
2
1002
}
  0
DIMENSION
  5
3AB
330
17
100
AcDbEntity
  8
E-COTA
100
AcDbDimension
280
0
  2
*D16
  3
COTA25
 10
9.999999999999954
 20
19.2
 30
0.0
 11
10.074999999999978
 21
19.2675
 31
0.0
 70
32
 71
5
  1
<>
100
AcDbAlignedDimension
 13
9.999999999999954
 23
19.85
 33
0.0
 14
10.15
 24
19.85
 34
0.0
 50
0.0
100
AcDbRotatedDimension
1001
ACAD
1000
DSTYLE
1002
{
1070
271
1070
2
1002
}
  0
DIMENSION
  5
3BA
330
17
100
AcDbEntity
  8
E-COTA
100
AcDbDimension
280
0
  2
*D17
  3
COTA25
 10
7.300000000000071
 20
22.85
 30
0.0
 11
8.175000000000072
 21
22.887500000000003
 31
0.0
 70
32
 71
5
  1
7 p. @ .250 = 1.75
100
AcDbAlignedDimension
 13
7.300000000000071
 23
22.364958300781574
 33
0.0
 14
9.050000000000074
 24
22.364958300781574
 34
0.0
 50
0.0
100
AcDbRotatedDimension
1001
ACAD
1000
DSTYLE
1002
{
1070
271
1070
2
1002
}
  0
DIMENSION
  5
3C9
330
17
100
AcDbEntity
  8
E-COTA
100
AcDbDimension
280
0
  2
*D18
  3
COTA25
 10
10.62
 20
20.14995830078157
 30
0.0
 11
10.5825
 21
20.69995830078157
 31
0.0
 70
32
 71
5
  1
<>
100
AcDbAlignedDimension
 13
10.15
 23
20.14995830078157
 33
0.0
 14
10.15
 24
21.24995830078157
 34
0.0
 50
90.0
100
AcDbRotatedDimension
1001
ACAD
1000
DSTYLE
1002
{
1070
271
1070
2
1002
}
  0
DIMENSION
  5
3D8
330
17
100
AcDbEntity
  8
E-COTA
100
AcDbDimension
280
0
  2
*D19
  3
COTA25
 10
10.62
 20
21.26495830078157
 30
0.0
 11
10.5825
 21
21.81495830078157
 31
0.0
 70
32
 71
5
  1
<>
100
AcDbAlignedDimension
 13
10.15
 23
21.26495830078157
 33
0.0
 14
10.15
 24
22.364958300781574
 34
0.0
 50
90.0
100
AcDbRotatedDimension
1001
ACAD
1000
DSTYLE
1002
{
1070
271
1070
2
1002
}
  0
DIMENSION
  5
3E7
330
17
100
AcDbEntity
  8
E-COTA
100
AcDbDimension
280
0
  2
*D20
  3
COTA25
 10
10.9
 20
20.14995830078157
 30
0.0
 11
10.8625
 21
21.257458300781572
 31
0.0
 70
32
 71
5
  1
<>
100
AcDbAlignedDimension
 13
10.15
 23
20.14995830078157
 33
0.0
 14
10.15
 24
22.36495830078157
 34
0.0
 50
90.0
100
AcDbRotatedDimension
1001
ACAD
1000
DSTYLE
1002
{
1070
271
1070
3
1002
}
  0
DIMENSION
  5
3F6
330
17
100
AcDbEntity
  8
E-COTA
100
AcDbDimension
280
0
  2
*D21
  3
COTA25
 10
11.18
 20
20.0
 30
0.0
 11
11.1425
 21
21.257479150390786
 31
0.0
 70
32
 71
5
  1
<>
100
AcDbAlignedDimension
 13
10.15
 23
20.0
 33
0.0
 14
10.15
 24
22.51495830078157
 34
0.0
 50
90.0
100
AcDbRotatedDimension
1001
ACAD
1000
DSTYLE
1002
{
1070
271
1070
3
1002
}
  0
LWPOLYLINE
  5
405
330
17
100
AcDbEntity
  8
E-SECCION
100
AcDbPolyline
 90
2
 70
0
 43
0.017499999999999998
 10
5.92
 20
20.69995830078157
 10
6.07
 20
20.69995830078157
  0
LWPOLYLINE
  5
406
330
17
100
AcDbEntity
  8
E-SECCION
100
AcDbPolyline
 90
3
 70
0
 10
5.945
 20
20.69995830078157
 10
5.92
 20
20.799958300781572
 10
6.0075
 20
20.69995830078157
  0
CIRCLE
  5
407
330
17
100
AcDbEntity
  8
E-SECCION
100
AcDbCircle
 10
5.8325
 20
20.69995830078157
 30
0.0
 40
0.07500000000000001
  0
TEXT
  5
408
330
17
100
AcDbEntity
  8
E-SECCION
100
AcDbText
 10
5.8325
 20
20.69995830078157
 30
0.0
 40
0.065
  1
A
  7
ARIAL
 41
0.9
 72
1
 11
5.8325
 21
20.69995830078157
 31
0.0
100
AcDbText
 73
2
  0
LWPOLYLINE
  5
409
330
17
100
AcDbEntity
  8
E-SECCION
100
AcDbPolyline
 90
2
 70
0
 43
0.017499999999999998
 10
10.3
 20
20.69995830078157
 10
10.15
 20
20.69995830078157
  0
LWPOLYLINE
  5
40A
330
17
100
AcDbEntity
  8
E-SECCION
100
AcDbPolyline
 90
3
 70
0
 10
10.275
 20
20.69995830078157
 10
10.3
 20
20.799958300781572
 10
10.2125
 20
20.69995830078157
  0
CIRCLE
  5
40B
330
17
100
AcDbEntity
  8
E-SECCION
100
AcDbCircle
 10
10.387500000000001
 20
20.69995830078157
 30
0.0
 40
0.07500000000000001
  0
TEXT
  5
40C
330
17
100
AcDbEntity
  8
E-SECCION
100
AcDbText
 10
10.387500000000001
 20
20.69995830078157
 30
0.0
 40
0.065
  1
A
  7
ARIAL
 41
0.9
 72
1
 11
10.387500000000001
 21
20.69995830078157
 31
0.0
100
AcDbText
 73
2
  0
LWPOLYLINE
  5
40D
330
17
100
AcDbEntity
  8
E-SECCION
100
AcDbPolyline
 90
2
 70
0
 43
0.017499999999999998
 10
5.92
 20
21.81495830078157
 10
6.07
 20
21.81495830078157
  0
LWPOLYLINE
  5
40E
330
17
100
AcDbEntity
  8
E-SECCION
100
AcDbPolyline
 90
3
 70
0
 10
5.945
 20
21.81495830078157
 10
5.92
 20
21.91495830078157
 10
6.0075
 20
21.81495830078157
  0
CIRCLE
  5
40F
330
17
100
AcDbEntity
  8
E-SECCION
100
AcDbCircle
 10
5.8325
 20
21.81495830078157
 30
0.0
 40
0.07500000000000001
  0
TEXT
  5
410
330
17
100
AcDbEntity
  8
E-SECCION
100
AcDbText
 10
5.8325
 20
21.81495830078157
 30
0.0
 40
0.065
  1
B
  7
ARIAL
 41
0.9
 72
1
 11
5.8325
 21
21.81495830078157
 31
0.0
100
AcDbText
 73
2
  0
LWPOLYLINE
  5
411
330
17
100
AcDbEntity
  8
E-SECCION
100
AcDbPolyline
 90
2
 70
0
 43
0.017499999999999998
 10
10.3
 20
21.81495830078157
 10
10.15
 20
21.81495830078157
  0
LWPOLYLINE
  5
412
330
17
100
AcDbEntity
  8
E-SECCION
100
AcDbPolyline
 90
3
 70
0
 10
10.275
 20
21.81495830078157
 10
10.3
 20
21.91495830078157
 10
10.2125
 20
21.81495830078157
  0
CIRCLE
  5
413
330
17
100
AcDbEntity
  8
E-SECCION
100
AcDbCircle
 10
10.387500000000001
 20
21.81495830078157
 30
0.0
 40
0.07500000000000001
  0
TEXT
  5
414
330
17
100
AcDbEntity
  8
E-SECCION
100
AcDbText
 10
10.387500000000001
 20
21.81495830078157
 30
0.0
 40
0.065
  1
B
  7
ARIAL
 41
0.9
 72
1
 11
10.387500000000001
 21
21.81495830078157
 31
0.0
100
AcDbText
 73
2
  0
HATCH
  5
415
330
17
100
AcDbEntity
  8
E-CORTE-ACH
100
AcDbHatch
 10
0.0
 20
0.0
 30
0.0
210
0.0
220
0.0
230
1.0
  2
SOLID
 70
1
 71
0
 91
1
 92
3
 72
0
 73
1
 93
29
 10
6.1
 20
50.168421
 10
6.354546
 20
50.168421
 10
6.354546
 20
50.336842
 10
6.609091
 20
50.336842
 10
6.609091
 20
50.505263
 10
6.863636
 20
50.505263
 10
6.863636
 20
50.673684
 10
7.118182
 20
50.673684
 10
7.118182
 20
50.842105
 10
7.372727
 20
50.842105
 10
7.372727
 20
51.010526
 10
7.627273
 20
51.010526
 10
7.627273
 20
51.178947
 10
7.881818
 20
51.178947
 10
7.881818
 20
51.347368
 10
8.136364
 20
51.347368
 10
8.136364
 20
51.51579
 10
8.390909
 20
51.51579
 10
8.390909
 20
51.684211
 10
8.645454
 20
51.684211
 10
8.645454
 20
51.852632
 10
8.9
 20
51.852632
 10
8.9
 20
52.021053
 10
10.15
 20
52.021053
 10
10.15
 20
51.871053
 10
9.2
 20
51.871053
 10
9.2
 20
51.67277
 10
8.9
 20
51.67277
 10
6.1
 20
49.820138
 97
0
 75
0
 76
1
 98
0
  0
LWPOLYLINE
  5
416
330
17
100
AcDbEntity
  8
E-CORTE
100
AcDbPolyline
 90
30
 70
0
 10
6.1
 20
50.168421
 10
6.354546
 20
50.168421
 10
6.354546
 20
50.336842
 10
6.609091
 20
50.336842
 10
6.609091
 20
50.505263
 10
6.863636
 20
50.505263
 10
6.863636
 20
50.673684
 10
7.118182
 20
50.673684
 10
7.118182
 20
50.842105
 10
7.372727
 20
50.842105
 10
7.372727
 20
51.010526
 10
7.627273
 20
51.010526
 10
7.627273
 20
51.178947
 10
7.881818
 20
51.178947
 10
7.881818
 20
51.347368
 10
8.136364
 20
51.347368
 10
8.136364
 20
51.51579
 10
8.390909
 20
51.51579
 10
8.390909
 20
51.684211
 10
8.645454
 20
51.684211
 10
8.645454
 20
51.852632
 10
8.9
 20
51.852632
 10
8.9
 20
52.021053
 10
10.15
 20
52.021053
 10
10.15
 20
51.871053
 10
9.2
 20
51.871053
 10
9.2
 20
51.67277
 10
8.9
 20
51.67277
 10
6.1
 20
49.820138
 10
6.1
 20
50.168421
  0
HATCH
  5
417
330
17
100
AcDbEntity
  8
E-CORTE-ACH
100
AcDbHatch
 10
0.0
 20
0.0
 30
0.0
210
0.0
220
0.0
230
1.0
  2
SOLID
 70
1
 71
0
 91
1
 92
3
 72
0
 73
1
 93
25
 10
7.3
 20
53.3625
 10
7.55
 20
53.3625
 10
7.55
 20
53.525
 10
7.8
 20
53.525
 10
7.8
 20
53.6875
 10
8.05
 20
53.6875
 10
8.05
 20
53.85
 10
8.3
 20
53.85
 10
8.3
 20
54.0125
 10
8.55
 20
54.0125
 10
8.55
 20
54.175
 10
8.8
 20
54.175
 10
8.8
 20
54.3375
 10
9.05
 20
54.3375
 10
9.05
 20
54.5
 10
10.15
 20
54.5
 10
10.15
 20
54.35
 10
9.35
 20
54.35
 10
9.35
 20
54.158597
 10
9.05
 20
54.158597
 10
7.3
 20
53.021097
 10
7.3
 20
53.05
 10
6.1
 20
53.05
 10
6.1
 20
53.2
 10
7.3
 20
53.2
 97
0
 75
0
 76
1
 98
0
  0
LWPOLYLINE
  5
418
330
17
100
AcDbEntity
  8
E-CORTE
100
AcDbPolyline
 90
26
 70
0
 10
7.3
 20
53.3625
 10
7.55
 20
53.3625
 10
7.55
 20
53.525
 10
7.8
 20
53.525
 10
7.8
 20
53.6875
 10
8.05
 20
53.6875
 10
8.05
 20
53.85
 10
8.3
 20
53.85
 10
8.3
 20
54.0125
 10
8.55
 20
54.0125
 10
8.55
 20
54.175
 10
8.8
 20
54.175
 10
8.8
 20
54.3375
 10
9.05
 20
54.3375
 10
9.05
 20
54.5
 10
10.15
 20
54.5
 10
10.15
 20
54.35
 10
9.35
 20
54.35
 10
9.35
 20
54.158597
 10
9.05
 20
54.158597
 10
7.3
 20
53.021097
 10
7.3
 20
53.05
 10
6.1
 20
53.05
 10
6.1
 20
53.2
 10
7.3
 20
53.2
 10
7.3
 20
53.3625
  0
HATCH
  5
419
330
17
100
AcDbEntity
  8
E-CORTE-ACH
100
AcDbHatch
 10
0.0
 20
0.0
 30
0.0
210
0.0
220
0.0
230
1.0
  2
SOLID
 70
1
 71
0
 91
1
 92
3
 72
0
 73
1
 93
8
 10
6.25
 20
53.05
 10
6.475508
 20
53.05
 10
6.55
 20
53.05
 10
6.55
 20
52.786907
 10
6.55
 20
52.7
 10
6.324492
 20
52.7
 10
6.25
 20
52.7
 10
6.25
 20
52.963093
 97
0
 75
0
 76
1
 98
0
  0
LWPOLYLINE
  5
41A
330
17
100
AcDbEntity
  8
E-CORTE
100
AcDbPolyline
 90
9
 70
0
 10
6.25
 20
53.05
 10
6.475508
 20
53.05
 10
6.55
 20
53.05
 10
6.55
 20
52.786907
 10
6.55
 20
52.7
 10
6.324492
 20
52.7
 10
6.25
 20
52.7
 10
6.25
 20
52.963093
 10
6.25
 20
53.05
  0
HATCH
  5
41B
330
17
100
AcDbEntity
  8
E-CORTE-ACH
100
AcDbHatch
 10
0.0
 20
0.0
 30
0.0
210
0.0
220
0.0
230
1.0
  2
SOLID
 70
1
 71
0
 91
1
 92
3
 72
0
 73
1
 93
11
 10
10.112754
 20
53.2
 10
10.15
 20
53.2
 10
10.15
 20
53.153488
 10
10.15
 20
52.769767
 10
10.15
 20
52.7
 10
10.112754
 20
52.7
 10
9.887246
 20
52.7
 10
9.85
 20
52.7
 10
9.85
 20
53.075847
 10
9.85
 20
53.2
 10
9.887246
 20
53.2
 97
0
 75
0
 76
1
 98
0
  0
LWPOLYLINE
  5
41C
330
17
100
AcDbEntity
  8
E-CORTE
100
AcDbPolyline
 90
12
 70
0
 10
10.112754
 20
53.2
 10
10.15
 20
53.2
 10
10.15
 20
53.153488
 10
10.15
 20
52.769767
 10
10.15
 20
52.7
 10
10.112754
 20
52.7
 10
9.887246
 20
52.7
 10
9.85
 20
52.7
 10
9.85
 20
53.075847
 10
9.85
 20
53.2
 10
9.887246
 20
53.2
 10
10.112754
 20
53.2
  0
HATCH
  5
41D
330
17
100
AcDbEntity
  8
E-CORTE-ACH
100
AcDbHatch
 10
0.0
 20
0.0
 30
0.0
210
0.0
220
0.0
230
1.0
  2
SOLID
 70
1
 71
0
 91
1
 92
3
 72
0
 73
1
 93
8
 10
6.0
 20
49.44
 10
6.0
 20
50.0
 10
6.22
 20
50.0
 10
6.5
 20
50.0
 10
6.5
 20
49.56
 10
6.5
 20
49.0
 10
6.22
 20
49.0
 10
6.0
 20
49.0
 97
0
 75
0
 76
1
 98
0
  0
LWPOLYLINE
  5
41E
330
17
100
AcDbEntity
  8
E-CORTE
100
AcDbPolyline
 90
9
 70
0
 10
6.0
 20
49.44
 10
6.0
 20
50.0
 10
6.22
 20
50.0
 10
6.5
 20
50.0
 10
6.5
 20
49.56
 10
6.5
 20
49.0
 10
6.22
 20
49.0
 10
6.0
 20
49.0
 10
6.0
 20
49.44
  0
LWPOLYLINE
  5
41F
330
17
100
AcDbEntity
  8
E-PROYECCION
100
AcDbPolyline
 90
8
 70
0
 10
10.15
 20
49.9
 10
8.781212
 20
49.9
 10
6.5
 20
49.9
 10
6.5
 20
50.0
 10
8.781212
 20
50.0
 10
10.15
 20
50.0
 10
10.15
 20
49.99176
 10
10.15
 20
49.9
  0
LWPOLYLINE
  5
420
330
17
100
AcDbEntity
  8
E-ACERO
100
AcDbPolyline
 90
3
 70
0
 10
6.159760000000075
 20
49.1
 10
6.159760000000075
 20
49.97377376423062
 10
6.518390512419452
 20
50.21106314629634
  0
LWPOLYLINE
  5
421
330
17
100
AcDbEntity
  8
E-ACERO
100
AcDbPolyline
 90
15
 70
0
 10
6.108397960662842
 20
49.861382618546486
 10
8.895072751886705
 20
51.70519763879916
 10
8.912416185208489
 20
51.71068518350229
 10
8.931359618530273
 20
51.71617272820543
 10
8.931359618530273
 20
51.727147817611694
 10
8.939364433288574
 20
51.73944580554962
 10
8.943183898925781
 20
51.75557792186737
 10
8.941107316450639
 20
51.86589363488284
 10
8.94076121937145
 20
51.90081262279511
 10
8.940415122292258
 20
51.90266553922133
 10
8.939376831054688
 20
51.957823395729065
 10
8.948695182800293
 20
51.98157620429993
 10
8.960387706756592
 20
51.98667937517166
 10
8.97208023071289
 20
51.98969259895325
 10
9.338678359985352
 20
51.98969259895325
  0
LWPOLYLINE
  5
422
330
17
100
AcDbEntity
  8
E-ACERO
100
AcDbPolyline
 90
17
 70
0
 10
6.143101933598375
 20
49.96275188475862
 10
6.1597279256858055
 20
49.973752542126114
 10
6.1582519841748615
 20
50.00285513309199
 10
8.8849146865135
 20
51.80696294136172
 10
8.914811307858015
 20
51.814296712940056
 10
8.931359618530273
 20
51.81796359872922
 10
8.931359618530273
 20
51.82896425609672
 10
8.934792662775793
 20
51.839964913464215
 10
8.968044646950656
 20
51.861966228199215
 10
8.984670639038086
 20
51.90081262279511
 10
8.995787620544434
 20
51.90081262279511
 10
8.99960708618164
 20
51.90139698982239
 10
8.998543739318848
 20
51.9578492641449
 10
9.00786304473877
 20
51.98160207271576
 10
9.019555568695068
 20
51.98670518398285
 10
9.031248092651367
 20
51.98969259895325
 10
9.397845268249512
 20
51.98969259895325
  0
LWPOLYLINE
  5
423
330
17
100
AcDbEntity
  8
E-ACERO
100
AcDbPolyline
 90
2
 70
0
 10
8.931359618530273
 20
51.90081512928009
 10
10.118639618530274
 20
51.90081512928009
  0
LWPOLYLINE
  5
424
330
17
100
AcDbEntity
  8
E-ACERO
100
AcDbPolyline
 90
2
 70
0
 10
6.131359904632568
 20
53.07976245880127
 10
7.268640190734864
 20
53.07976245880127
  0
LWPOLYLINE
  5
425
330
17
100
AcDbEntity
  8
E-ACERO
100
AcDbPolyline
 90
11
 70
0
 10
6.835643291473389
 20
53.07976245880127
 10
7.325760841369629
 20
53.07976245880127
 10
7.335235595703125
 20
53.08113741874695
 10
7.343929290771484
 20
53.085148334503174
 10
9.07861042022705
 20
54.21269130706787
 10
9.089743614196777
 20
54.22474193572998
 10
9.093779563903809
 20
54.24064302444458
 10
9.093779563903809
 20
54.43690013885498
 10
9.103544235229492
 20
54.46047306060791
 10
9.127117156982422
 20
54.470237731933594
 10
9.493780136108398
 20
54.470237731933594
  0
LWPOLYLINE
  5
426
330
17
100
AcDbEntity
  8
E-ACERO
100
AcDbPolyline
 90
17
 70
0
 10
6.84893798828125
 20
53.09881258010864
 10
7.189055442810059
 20
53.09881258010864
 10
7.198530673980713
 20
53.10018730163574
 10
7.207224369049072
 20
53.10419845581055
 10
7.257509770600692
 20
53.136883963709295
 10
7.268640190734864
 20
53.147779133008875
 10
7.268640190734864
 20
53.158674302308455
 10
7.289017681443587
 20
53.16412188695825
 10
7.307795172152312
 20
53.169569471608035
 10
9.118069628010625
 20
54.34624775596287
 10
9.134831428527832
 20
54.379759904632564
 10
9.145963668823242
 20
54.379759904632564
 10
9.149999618530273
 20
54.38509464263916
 10
9.149999618530273
 20
54.43690013885498
 10
9.159764289855957
 20
54.46047306060791
 10
9.183337211608887
 20
54.470237731933594
 10
9.550000190734863
 20
54.470237731933594
  0
LWPOLYLINE
  5
427
330
17
100
AcDbEntity
  8
E-ACERO
100
AcDbPolyline
 90
2
 70
0
 10
9.081360190734863
 20
54.37976264953613
 10
10.118639618530274
 20
54.37976264953613
  0
CIRCLE
  5
428
330
17
100
AcDbEntity
  8
E-ACERO
100
AcDbCircle
 10
6.103142261505127
 20
49.86932621896267
 30
0.0
 40
0.011250000000000001
  0
HATCH
  5
429
330
17
100
AcDbEntity
  8
E-ACERO
100
AcDbHatch
 10
0.0
 20
0.0
 30
0.0
210
0.0
220
0.0
230
1.0
  2
SOLID
 70
1
 71
0
 91
1
 92
1
 93
1
 72
2
 10
6.103142261505127
 20
49.86932621896267
 40
0.011250000000000001
 50
0
 51
360
 73
1
 97
0
 75
0
 76
1
 98
0
  0
CIRCLE
  5
42A
330
17
100
AcDbEntity
  8
E-ACERO
100
AcDbCircle
 10
6.299596309661865
 20
49.999310904648155
 30
0.0
 40
0.011250000000000001
  0
HATCH
  5
42B
330
17
100
AcDbEntity
  8
E-ACERO
100
AcDbHatch
 10
0.0
 20
0.0
 30
0.0
210
0.0
220
0.0
230
1.0
  2
SOLID
 70
1
 71
0
 91
1
 92
1
 93
1
 72
2
 10
6.299596309661865
 20
49.999310904648155
 40
0.011250000000000001
 50
0
 51
360
 73
1
 97
0
 75
0
 76
1
 98
0
  0
CIRCLE
  5
42C
330
17
100
AcDbEntity
  8
E-ACERO
100
AcDbCircle
 10
6.4960503578186035
 20
50.12929558753967
 30
0.0
 40
0.011250000000000001
  0
HATCH
  5
42D
330
17
100
AcDbEntity
  8
E-ACERO
100
AcDbHatch
 10
0.0
 20
0.0
 30
0.0
210
0.0
220
0.0
230
1.0
  2
SOLID
 70
1
 71
0
 91
1
 92
1
 93
1
 72
2
 10
6.4960503578186035
 20
50.12929558753967
 40
0.011250000000000001
 50
0
 51
360
 73
1
 97
0
 75
0
 76
1
 98
0
  0
CIRCLE
  5
42E
330
17
100
AcDbEntity
  8
E-ACERO
100
AcDbCircle
 10
6.692504405975342
 20
50.259280264377594
 30
0.0
 40
0.011250000000000001
  0
HATCH
  5
42F
330
17
100
AcDbEntity
  8
E-ACERO
100
AcDbHatch
 10
0.0
 20
0.0
 30
0.0
210
0.0
220
0.0
230
1.0
  2
SOLID
 70
1
 71
0
 91
1
 92
1
 93
1
 72
2
 10
6.692504405975342
 20
50.259280264377594
 40
0.011250000000000001
 50
0
 51
360
 73
1
 97
0
 75
0
 76
1
 98
0
  0
CIRCLE
  5
430
330
17
100
AcDbEntity
  8
E-ACERO
100
AcDbCircle
 10
6.888958930969238
 20
50.389264941215515
 30
0.0
 40
0.011250000000000001
  0
HATCH
  5
431
330
17
100
AcDbEntity
  8
E-ACERO
100
AcDbHatch
 10
0.0
 20
0.0
 30
0.0
210
0.0
220
0.0
230
1.0
  2
SOLID
 70
1
 71
0
 91
1
 92
1
 93
1
 72
2
 10
6.888958930969238
 20
50.389264941215515
 40
0.011250000000000001
 50
0
 51
360
 73
1
 97
0
 75
0
 76
1
 98
0
  0
CIRCLE
  5
432
330
17
100
AcDbEntity
  8
E-ACERO
100
AcDbCircle
 10
7.085412979125977
 20
50.519249618053436
 30
0.0
 40
0.011250000000000001
  0
HATCH
  5
433
330
17
100
AcDbEntity
  8
E-ACERO
100
AcDbHatch
 10
0.0
 20
0.0
 30
0.0
210
0.0
220
0.0
230
1.0
  2
SOLID
 70
1
 71
0
 91
1
 92
1
 93
1
 72
2
 10
7.085412979125977
 20
50.519249618053436
 40
0.011250000000000001
 50
0
 51
360
 73
1
 97
0
 75
0
 76
1
 98
0
  0
CIRCLE
  5
434
330
17
100
AcDbEntity
  8
E-ACERO
100
AcDbCircle
 10
7.281867027282715
 20
50.64923429489136
 30
0.0
 40
0.011250000000000001
  0
HATCH
  5
435
330
17
100
AcDbEntity
  8
E-ACERO
100
AcDbHatch
 10
0.0
 20
0.0
 30
0.0
210
0.0
220
0.0
230
1.0
  2
SOLID
 70
1
 71
0
 91
1
 92
1
 93
1
 72
2
 10
7.281867027282715
 20
50.64923429489136
 40
0.011250000000000001
 50
0
 51
360
 73
1
 97
0
 75
0
 76
1
 98
0
  0
CIRCLE
  5
436
330
17
100
AcDbEntity
  8
E-ACERO
100
AcDbCircle
 10
7.478321075439453
 20
50.77921897172928
 30
0.0
 40
0.011250000000000001
  0
HATCH
  5
437
330
17
100
AcDbEntity
  8
E-ACERO
100
AcDbHatch
 10
0.0
 20
0.0
 30
0.0
210
0.0
220
0.0
230
1.0
  2
SOLID
 70
1
 71
0
 91
1
 92
1
 93
1
 72
2
 10
7.478321075439453
 20
50.77921897172928
 40
0.011250000000000001
 50
0
 51
360
 73
1
 97
0
 75
0
 76
1
 98
0
  0
CIRCLE
  5
438
330
17
100
AcDbEntity
  8
E-ACERO
100
AcDbCircle
 10
7.674775123596191
 20
50.9092036485672
 30
0.0
 40
0.011250000000000001
  0
HATCH
  5
439
330
17
100
AcDbEntity
  8
E-ACERO
100
AcDbHatch
 10
0.0
 20
0.0
 30
0.0
210
0.0
220
0.0
230
1.0
  2
SOLID
 70
1
 71
0
 91
1
 92
1
 93
1
 72
2
 10
7.674775123596191
 20
50.9092036485672
 40
0.011250000000000001
 50
0
 51
360
 73
1
 97
0
 75
0
 76
1
 98
0
  0
CIRCLE
  5
43A
330
17
100
AcDbEntity
  8
E-ACERO
100
AcDbCircle
 10
7.87122917175293
 20
51.039188385009766
 30
0.0
 40
0.011250000000000001
  0
HATCH
  5
43B
330
17
100
AcDbEntity
  8
E-ACERO
100
AcDbHatch
 10
0.0
 20
0.0
 30
0.0
210
0.0
220
0.0
230
1.0
  2
SOLID
 70
1
 71
0
 91
1
 92
1
 93
1
 72
2
 10
7.87122917175293
 20
51.039188385009766
 40
0.011250000000000001
 50
0
 51
360
 73
1
 97
0
 75
0
 76
1
 98
0
  0
CIRCLE
  5
43C
330
17
100
AcDbEntity
  8
E-ACERO
100
AcDbCircle
 10
8.067683219909668
 20
51.16917300224304
 30
0.0
 40
0.011250000000000001
  0
HATCH
  5
43D
330
17
100
AcDbEntity
  8
E-ACERO
100
AcDbHatch
 10
0.0
 20
0.0
 30
0.0
210
0.0
220
0.0
230
1.0
  2
SOLID
 70
1
 71
0
 91
1
 92
1
 93
1
 72
2
 10
8.067683219909668
 20
51.16917300224304
 40
0.011250000000000001
 50
0
 51
360
 73
1
 97
0
 75
0
 76
1
 98
0
  0
CIRCLE
  5
43E
330
17
100
AcDbEntity
  8
E-ACERO
100
AcDbCircle
 10
8.264137268066406
 20
51.29915773868561
 30
0.0
 40
0.011250000000000001
  0
HATCH
  5
43F
330
17
100
AcDbEntity
  8
E-ACERO
100
AcDbHatch
 10
0.0
 20
0.0
 30
0.0
210
0.0
220
0.0
230
1.0
  2
SOLID
 70
1
 71
0
 91
1
 92
1
 93
1
 72
2
 10
8.264137268066406
 20
51.29915773868561
 40
0.011250000000000001
 50
0
 51
360
 73
1
 97
0
 75
0
 76
1
 98
0
  0
CIRCLE
  5
440
330
17
100
AcDbEntity
  8
E-ACERO
100
AcDbCircle
 10
8.460591316223145
 20
51.429142355918884
 30
0.0
 40
0.011250000000000001
  0
HATCH
  5
441
330
17
100
AcDbEntity
  8
E-ACERO
100
AcDbHatch
 10
0.0
 20
0.0
 30
0.0
210
0.0
220
0.0
230
1.0
  2
SOLID
 70
1
 71
0
 91
1
 92
1
 93
1
 72
2
 10
8.460591316223145
 20
51.429142355918884
 40
0.011250000000000001
 50
0
 51
360
 73
1
 97
0
 75
0
 76
1
 98
0
  0
CIRCLE
  5
442
330
17
100
AcDbEntity
  8
E-ACERO
100
AcDbCircle
 10
8.657045364379883
 20
51.55912709236145
 30
0.0
 40
0.011250000000000001
  0
HATCH
  5
443
330
17
100
AcDbEntity
  8
E-ACERO
100
AcDbHatch
 10
0.0
 20
0.0
 30
0.0
210
0.0
220
0.0
230
1.0
  2
SOLID
 70
1
 71
0
 91
1
 92
1
 93
1
 72
2
 10
8.657045364379883
 20
51.55912709236145
 40
0.011250000000000001
 50
0
 51
360
 73
1
 97
0
 75
0
 76
1
 98
0
  0
CIRCLE
  5
444
330
17
100
AcDbEntity
  8
E-ACERO
100
AcDbCircle
 10
8.853499412536621
 20
51.68911170959473
 30
0.0
 40
0.011250000000000001
  0
HATCH
  5
445
330
17
100
AcDbEntity
  8
E-ACERO
100
AcDbHatch
 10
0.0
 20
0.0
 30
0.0
210
0.0
220
0.0
230
1.0
  2
SOLID
 70
1
 71
0
 91
1
 92
1
 93
1
 72
2
 10
8.853499412536621
 20
51.68911170959473
 40
0.011250000000000001
 50
0
 51
360
 73
1
 97
0
 75
0
 76
1
 98
0
  0
CIRCLE
  5
446
330
17
100
AcDbEntity
  8
E-ACERO
100
AcDbCircle
 10
8.929762840270996
 20
51.91034018993378
 30
0.0
 40
0.011250000000000001
  0
HATCH
  5
447
330
17
100
AcDbEntity
  8
E-ACERO
100
AcDbHatch
 10
0.0
 20
0.0
 30
0.0
210
0.0
220
0.0
230
1.0
  2
SOLID
 70
1
 71
0
 91
1
 92
1
 93
1
 72
2
 10
8.929762840270996
 20
51.91034018993378
 40
0.011250000000000001
 50
0
 51
360
 73
1
 97
0
 75
0
 76
1
 98
0
  0
CIRCLE
  5
448
330
17
100
AcDbEntity
  8
E-ACERO
100
AcDbCircle
 10
9.16785717010498
 20
51.91034018993378
 30
0.0
 40
0.011250000000000001
  0
HATCH
  5
449
330
17
100
AcDbEntity
  8
E-ACERO
100
AcDbHatch
 10
0.0
 20
0.0
 30
0.0
210
0.0
220
0.0
230
1.0
  2
SOLID
 70
1
 71
0
 91
1
 92
1
 93
1
 72
2
 10
9.16785717010498
 20
51.91034018993378
 40
0.011250000000000001
 50
0
 51
360
 73
1
 97
0
 75
0
 76
1
 98
0
  0
CIRCLE
  5
44A
330
17
100
AcDbEntity
  8
E-ACERO
100
AcDbCircle
 10
9.405952453613281
 20
51.91034018993378
 30
0.0
 40
0.011250000000000001
  0
HATCH
  5
44B
330
17
100
AcDbEntity
  8
E-ACERO
100
AcDbHatch
 10
0.0
 20
0.0
 30
0.0
210
0.0
220
0.0
230
1.0
  2
SOLID
 70
1
 71
0
 91
1
 92
1
 93
1
 72
2
 10
9.405952453613281
 20
51.91034018993378
 40
0.011250000000000001
 50
0
 51
360
 73
1
 97
0
 75
0
 76
1
 98
0
  0
CIRCLE
  5
44C
330
17
100
AcDbEntity
  8
E-ACERO
100
AcDbCircle
 10
9.644047737121582
 20
51.91034018993378
 30
0.0
 40
0.011250000000000001
  0
HATCH
  5
44D
330
17
100
AcDbEntity
  8
E-ACERO
100
AcDbHatch
 10
0.0
 20
0.0
 30
0.0
210
0.0
220
0.0
230
1.0
  2
SOLID
 70
1
 71
0
 91
1
 92
1
 93
1
 72
2
 10
9.644047737121582
 20
51.91034018993378
 40
0.011250000000000001
 50
0
 51
360
 73
1
 97
0
 75
0
 76
1
 98
0
  0
CIRCLE
  5
44E
330
17
100
AcDbEntity
  8
E-ACERO
100
AcDbCircle
 10
9.882142066955566
 20
51.91034018993378
 30
0.0
 40
0.011250000000000001
  0
HATCH
  5
44F
330
17
100
AcDbEntity
  8
E-ACERO
100
AcDbHatch
 10
0.0
 20
0.0
 30
0.0
210
0.0
220
0.0
230
1.0
  2
SOLID
 70
1
 71
0
 91
1
 92
1
 93
1
 72
2
 10
9.882142066955566
 20
51.91034018993378
 40
0.011250000000000001
 50
0
 51
360
 73
1
 97
0
 75
0
 76
1
 98
0
  0
CIRCLE
  5
450
330
17
100
AcDbEntity
  8
E-ACERO
100
AcDbCircle
 10
10.120237350463867
 20
51.91034018993378
 30
0.0
 40
0.011250000000000001
  0
HATCH
  5
451
330
17
100
AcDbEntity
  8
E-ACERO
100
AcDbHatch
 10
0.0
 20
0.0
 30
0.0
210
0.0
220
0.0
230
1.0
  2
SOLID
 70
1
 71
0
 91
1
 92
1
 93
1
 72
2
 10
10.120237350463867
 20
51.91034018993378
 40
0.011250000000000001
 50
0
 51
360
 73
1
 97
0
 75
0
 76
1
 98
0
  0
CIRCLE
  5
452
330
17
100
AcDbEntity
  8
E-ACERO
100
AcDbCircle
 10
6.129762649536133
 20
53.089287519454956
 30
0.0
 40
0.011250000000000001
  0
HATCH
  5
453
330
17
100
AcDbEntity
  8
E-ACERO
100
AcDbHatch
 10
0.0
 20
0.0
 30
0.0
210
0.0
220
0.0
230
1.0
  2
SOLID
 70
1
 71
0
 91
1
 92
1
 93
1
 72
2
 10
6.129762649536133
 20
53.089287519454956
 40
0.011250000000000001
 50
0
 51
360
 73
1
 97
0
 75
0
 76
1
 98
0
  0
CIRCLE
  5
454
330
17
100
AcDbEntity
  8
E-ACERO
100
AcDbCircle
 10
6.357857704162598
 20
53.089287519454956
 30
0.0
 40
0.011250000000000001
  0
HATCH
  5
455
330
17
100
AcDbEntity
  8
E-ACERO
100
AcDbHatch
 10
0.0
 20
0.0
 30
0.0
210
0.0
220
0.0
230
1.0
  2
SOLID
 70
1
 71
0
 91
1
 92
1
 93
1
 72
2
 10
6.357857704162598
 20
53.089287519454956
 40
0.011250000000000001
 50
0
 51
360
 73
1
 97
0
 75
0
 76
1
 98
0
  0
CIRCLE
  5
456
330
17
100
AcDbEntity
  8
E-ACERO
100
AcDbCircle
 10
6.585952281951904
 20
53.089287519454956
 30
0.0
 40
0.011250000000000001
  0
HATCH
  5
457
330
17
100
AcDbEntity
  8
E-ACERO
100
AcDbHatch
 10
0.0
 20
0.0
 30
0.0
210
0.0
220
0.0
230
1.0
  2
SOLID
 70
1
 71
0
 91
1
 92
1
 93
1
 72
2
 10
6.585952281951904
 20
53.089287519454956
 40
0.011250000000000001
 50
0
 51
360
 73
1
 97
0
 75
0
 76
1
 98
0
  0
CIRCLE
  5
458
330
17
100
AcDbEntity
  8
E-ACERO
100
AcDbCircle
 10
6.814047336578369
 20
53.089287519454956
 30
0.0
 40
0.011250000000000001
  0
HATCH
  5
459
330
17
100
AcDbEntity
  8
E-ACERO
100
AcDbHatch
 10
0.0
 20
0.0
 30
0.0
210
0.0
220
0.0
230
1.0
  2
SOLID
 70
1
 71
0
 91
1
 92
1
 93
1
 72
2
 10
6.814047336578369
 20
53.089287519454956
 40
0.011250000000000001
 50
0
 51
360
 73
1
 97
0
 75
0
 76
1
 98
0
  0
CIRCLE
  5
45A
330
17
100
AcDbEntity
  8
E-ACERO
100
AcDbCircle
 10
7.042142391204834
 20
53.089287519454956
 30
0.0
 40
0.011250000000000001
  0
HATCH
  5
45B
330
17
100
AcDbEntity
  8
E-ACERO
100
AcDbHatch
 10
0.0
 20
0.0
 30
0.0
210
0.0
220
0.0
230
1.0
  2
SOLID
 70
1
 71
0
 91
1
 92
1
 93
1
 72
2
 10
7.042142391204834
 20
53.089287519454956
 40
0.011250000000000001
 50
0
 51
360
 73
1
 97
0
 75
0
 76
1
 98
0
  0
CIRCLE
  5
45C
330
17
100
AcDbEntity
  8
E-ACERO
100
AcDbCircle
 10
7.270237445831299
 20
53.089287519454956
 30
0.0
 40
0.011250000000000001
  0
HATCH
  5
45D
330
17
100
AcDbEntity
  8
E-ACERO
100
AcDbHatch
 10
0.0
 20
0.0
 30
0.0
210
0.0
220
0.0
230
1.0
  2
SOLID
 70
1
 71
0
 91
1
 92
1
 93
1
 72
2
 10
7.270237445831299
 20
53.089287519454956
 40
0.011250000000000001
 50
0
 51
360
 73
1
 97
0
 75
0
 76
1
 98
0
  0
CIRCLE
  5
45E
330
17
100
AcDbEntity
  8
E-ACERO
100
AcDbCircle
 10
7.305381568451398
 20
53.07209614135789
 30
0.0
 40
0.011250000000000001
  0
HATCH
  5
45F
330
17
100
AcDbEntity
  8
E-ACERO
100
AcDbHatch
 10
0.0
 20
0.0
 30
0.0
210
0.0
220
0.0
230
1.0
  2
SOLID
 70
1
 71
0
 91
1
 92
1
 93
1
 72
2
 10
7.305381568451398
 20
53.07209614135789
 40
0.011250000000000001
 50
0
 51
360
 73
1
 97
0
 75
0
 76
1
 98
0
  0
CIRCLE
  5
460
330
17
100
AcDbEntity
  8
E-ACERO
100
AcDbCircle
 10
7.4924421310424805
 20
53.193042039871216
 30
0.0
 40
0.011250000000000001
  0
HATCH
  5
461
330
17
100
AcDbEntity
  8
E-ACERO
100
AcDbHatch
 10
0.0
 20
0.0
 30
0.0
210
0.0
220
0.0
230
1.0
  2
SOLID
 70
1
 71
0
 91
1
 92
1
 93
1
 72
2
 10
7.4924421310424805
 20
53.193042039871216
 40
0.011250000000000001
 50
0
 51
360
 73
1
 97
0
 75
0
 76
1
 98
0
  0
CIRCLE
  5
462
330
17
100
AcDbEntity
  8
E-ACERO
100
AcDbCircle
 10
7.681341171264648
 20
53.315826416015625
 30
0.0
 40
0.011250000000000001
  0
HATCH
  5
463
330
17
100
AcDbEntity
  8
E-ACERO
100
AcDbHatch
 10
0.0
 20
0.0
 30
0.0
210
0.0
220
0.0
230
1.0
  2
SOLID
 70
1
 71
0
 91
1
 92
1
 93
1
 72
2
 10
7.681341171264648
 20
53.315826416015625
 40
0.011250000000000001
 50
0
 51
360
 73
1
 97
0
 75
0
 76
1
 98
0
  0
CIRCLE
  5
464
330
17
100
AcDbEntity
  8
E-ACERO
100
AcDbCircle
 10
7.870240211486816
 20
53.438610792160034
 30
0.0
 40
0.011250000000000001
  0
HATCH
  5
465
330
17
100
AcDbEntity
  8
E-ACERO
100
AcDbHatch
 10
0.0
 20
0.0
 30
0.0
210
0.0
220
0.0
230
1.0
  2
SOLID
 70
1
 71
0
 91
1
 92
1
 93
1
 72
2
 10
7.870240211486816
 20
53.438610792160034
 40
0.011250000000000001
 50
0
 51
360
 73
1
 97
0
 75
0
 76
1
 98
0
  0
CIRCLE
  5
466
330
17
100
AcDbEntity
  8
E-ACERO
100
AcDbCircle
 10
8.059139251708984
 20
53.56139516830444
 30
0.0
 40
0.011250000000000001
  0
HATCH
  5
467
330
17
100
AcDbEntity
  8
E-ACERO
100
AcDbHatch
 10
0.0
 20
0.0
 30
0.0
210
0.0
220
0.0
230
1.0
  2
SOLID
 70
1
 71
0
 91
1
 92
1
 93
1
 72
2
 10
8.059139251708984
 20
53.56139516830444
 40
0.011250000000000001
 50
0
 51
360
 73
1
 97
0
 75
0
 76
1
 98
0
  0
CIRCLE
  5
468
330
17
100
AcDbEntity
  8
E-ACERO
100
AcDbCircle
 10
8.248038291931152
 20
53.68417954444885
 30
0.0
 40
0.011250000000000001
  0
HATCH
  5
469
330
17
100
AcDbEntity
  8
E-ACERO
100
AcDbHatch
 10
0.0
 20
0.0
 30
0.0
210
0.0
220
0.0
230
1.0
  2
SOLID
 70
1
 71
0
 91
1
 92
1
 93
1
 72
2
 10
8.248038291931152
 20
53.68417954444885
 40
0.011250000000000001
 50
0
 51
360
 73
1
 97
0
 75
0
 76
1
 98
0
  0
CIRCLE
  5
46A
330
17
100
AcDbEntity
  8
E-ACERO
100
AcDbCircle
 10
8.43693733215332
 20
53.80696415901184
 30
0.0
 40
0.011250000000000001
  0
HATCH
  5
46B
330
17
100
AcDbEntity
  8
E-ACERO
100
AcDbHatch
 10
0.0
 20
0.0
 30
0.0
210
0.0
220
0.0
230
1.0
  2
SOLID
 70
1
 71
0
 91
1
 92
1
 93
1
 72
2
 10
8.43693733215332
 20
53.80696415901184
 40
0.011250000000000001
 50
0
 51
360
 73
1
 97
0
 75
0
 76
1
 98
0
  0
CIRCLE
  5
46C
330
17
100
AcDbEntity
  8
E-ACERO
100
AcDbCircle
 10
8.625836372375488
 20
53.92974853515625
 30
0.0
 40
0.011250000000000001
  0
HATCH
  5
46D
330
17
100
AcDbEntity
  8
E-ACERO
100
AcDbHatch
 10
0.0
 20
0.0
 30
0.0
210
0.0
220
0.0
230
1.0
  2
SOLID
 70
1
 71
0
 91
1
 92
1
 93
1
 72
2
 10
8.625836372375488
 20
53.92974853515625
 40
0.011250000000000001
 50
0
 51
360
 73
1
 97
0
 75
0
 76
1
 98
0
  0
CIRCLE
  5
46E
330
17
100
AcDbEntity
  8
E-ACERO
100
AcDbCircle
 10
8.814735412597656
 20
54.05253267288208
 30
0.0
 40
0.011250000000000001
  0
HATCH
  5
46F
330
17
100
AcDbEntity
  8
E-ACERO
100
AcDbHatch
 10
0.0
 20
0.0
 30
0.0
210
0.0
220
0.0
230
1.0
  2
SOLID
 70
1
 71
0
 91
1
 92
1
 93
1
 72
2
 10
8.814735412597656
 20
54.05253267288208
 40
0.011250000000000001
 50
0
 51
360
 73
1
 97
0
 75
0
 76
1
 98
0
  0
CIRCLE
  5
470
330
17
100
AcDbEntity
  8
E-ACERO
100
AcDbCircle
 10
9.003634452819824
 20
54.17531728744507
 30
0.0
 40
0.011250000000000001
  0
HATCH
  5
471
330
17
100
AcDbEntity
  8
E-ACERO
100
AcDbHatch
 10
0.0
 20
0.0
 30
0.0
210
0.0
220
0.0
230
1.0
  2
SOLID
 70
1
 71
0
 91
1
 92
1
 93
1
 72
2
 10
9.003634452819824
 20
54.17531728744507
 40
0.011250000000000001
 50
0
 51
360
 73
1
 97
0
 75
0
 76
1
 98
0
  0
CIRCLE
  5
472
330
17
100
AcDbEntity
  8
E-ACERO
100
AcDbCircle
 10
9.07976245880127
 20
54.38928747177124
 30
0.0
 40
0.011250000000000001
  0
HATCH
  5
473
330
17
100
AcDbEntity
  8
E-ACERO
100
AcDbHatch
 10
0.0
 20
0.0
 30
0.0
210
0.0
220
0.0
230
1.0
  2
SOLID
 70
1
 71
0
 91
1
 92
1
 93
1
 72
2
 10
9.07976245880127
 20
54.38928747177124
 40
0.011250000000000001
 50
0
 51
360
 73
1
 97
0
 75
0
 76
1
 98
0
  0
CIRCLE
  5
474
330
17
100
AcDbEntity
  8
E-ACERO
100
AcDbCircle
 10
9.287857055664062
 20
54.38928747177124
 30
0.0
 40
0.011250000000000001
  0
HATCH
  5
475
330
17
100
AcDbEntity
  8
E-ACERO
100
AcDbHatch
 10
0.0
 20
0.0
 30
0.0
210
0.0
220
0.0
230
1.0
  2
SOLID
 70
1
 71
0
 91
1
 92
1
 93
1
 72
2
 10
9.287857055664062
 20
54.38928747177124
 40
0.011250000000000001
 50
0
 51
360
 73
1
 97
0
 75
0
 76
1
 98
0
  0
CIRCLE
  5
476
330
17
100
AcDbEntity
  8
E-ACERO
100
AcDbCircle
 10
9.495952606201172
 20
54.38928747177124
 30
0.0
 40
0.011250000000000001
  0
HATCH
  5
477
330
17
100
AcDbEntity
  8
E-ACERO
100
AcDbHatch
 10
0.0
 20
0.0
 30
0.0
210
0.0
220
0.0
230
1.0
  2
SOLID
 70
1
 71
0
 91
1
 92
1
 93
1
 72
2
 10
9.495952606201172
 20
54.38928747177124
 40
0.011250000000000001
 50
0
 51
360
 73
1
 97
0
 75
0
 76
1
 98
0
  0
CIRCLE
  5
478
330
17
100
AcDbEntity
  8
E-ACERO
100
AcDbCircle
 10
9.704047203063965
 20
54.38928747177124
 30
0.0
 40
0.011250000000000001
  0
HATCH
  5
479
330
17
100
AcDbEntity
  8
E-ACERO
100
AcDbHatch
 10
0.0
 20
0.0
 30
0.0
210
0.0
220
0.0
230
1.0
  2
SOLID
 70
1
 71
0
 91
1
 92
1
 93
1
 72
2
 10
9.704047203063965
 20
54.38928747177124
 40
0.011250000000000001
 50
0
 51
360
 73
1
 97
0
 75
0
 76
1
 98
0
  0
CIRCLE
  5
47A
330
17
100
AcDbEntity
  8
E-ACERO
100
AcDbCircle
 10
9.912142753601074
 20
54.38928747177124
 30
0.0
 40
0.011250000000000001
  0
HATCH
  5
47B
330
17
100
AcDbEntity
  8
E-ACERO
100
AcDbHatch
 10
0.0
 20
0.0
 30
0.0
210
0.0
220
0.0
230
1.0
  2
SOLID
 70
1
 71
0
 91
1
 92
1
 93
1
 72
2
 10
9.912142753601074
 20
54.38928747177124
 40
0.011250000000000001
 50
0
 51
360
 73
1
 97
0
 75
0
 76
1
 98
0
  0
CIRCLE
  5
47C
330
17
100
AcDbEntity
  8
E-ACERO
100
AcDbCircle
 10
10.120237350463867
 20
54.38928747177124
 30
0.0
 40
0.011250000000000001
  0
HATCH
  5
47D
330
17
100
AcDbEntity
  8
E-ACERO
100
AcDbHatch
 10
0.0
 20
0.0
 30
0.0
210
0.0
220
0.0
230
1.0
  2
SOLID
 70
1
 71
0
 91
1
 92
1
 93
1
 72
2
 10
10.120237350463867
 20
54.38928747177124
 40
0.011250000000000001
 50
0
 51
360
 73
1
 97
0
 75
0
 76
1
 98
0
  0
HATCH
  5
47E
330
17
100
AcDbEntity
  8
E-CORTE-ACH
100
AcDbHatch
 10
0.0
 20
0.0
 30
0.0
210
0.0
220
0.0
230
1.0
  2
SOLID
 70
1
 71
0
 91
1
 92
3
 72
0
 73
1
 93
26
 10
7.3
 20
85.8
 10
7.3
 20
85.6375
 10
7.55
 20
85.6375
 10
7.55
 20
85.475
 10
7.8
 20
85.475
 10
7.8
 20
85.3125
 10
8.05
 20
85.3125
 10
8.05
 20
85.15
 10
8.3
 20
85.15
 10
8.3
 20
84.9875
 10
8.55
 20
84.9875
 10
8.55
 20
84.825
 10
8.8
 20
84.825
 10
8.8
 20
84.6625
 10
9.05
 20
84.6625
 10
9.05
 20
84.5
 10
10.15
 20
84.5
 10
10.15
 20
84.35
 10
9.35
 20
84.35
 10
9.35
 20
84.321097
 10
9.05
 20
84.321097
 10
7.3
 20
85.458597
 10
7.0
 20
85.458597
 10
7.0
 20
85.65
 10
6.1
 20
85.65
 10
6.1
 20
85.8
 97
0
 75
0
 76
1
 98
0
  0
LWPOLYLINE
  5
47F
330
17
100
AcDbEntity
  8
E-CORTE
100
AcDbPolyline
 90
27
 70
0
 10
7.3
 20
85.8
 10
7.3
 20
85.6375
 10
7.55
 20
85.6375
 10
7.55
 20
85.475
 10
7.8
 20
85.475
 10
7.8
 20
85.3125
 10
8.05
 20
85.3125
 10
8.05
 20
85.15
 10
8.3
 20
85.15
 10
8.3
 20
84.9875
 10
8.55
 20
84.9875
 10
8.55
 20
84.825
 10
8.8
 20
84.825
 10
8.8
 20
84.6625
 10
9.05
 20
84.6625
 10
9.05
 20
84.5
 10
10.15
 20
84.5
 10
10.15
 20
84.35
 10
9.35
 20
84.35
 10
9.35
 20
84.321097
 10
9.05
 20
84.321097
 10
7.3
 20
85.458597
 10
7.0
 20
85.458597
 10
7.0
 20
85.65
 10
6.1
 20
85.65
 10
6.1
 20
85.8
 10
7.3
 20
85.8
  0
HATCH
  5
480
330
17
100
AcDbEntity
  8
E-CORTE-ACH
100
AcDbHatch
 10
0.0
 20
0.0
 30
0.0
210
0.0
220
0.0
230
1.0
  2
SOLID
 70
1
 71
0
 91
1
 92
3
 72
0
 73
1
 93
24
 10
7.3
 20
82.854167
 10
7.0
 20
82.854167
 10
7.0
 20
83.05
 10
6.1
 20
83.05
 10
6.1
 20
83.2
 10
7.3
 20
83.2
 10
7.3
 20
83.031579
 10
7.566667
 20
83.031579
 10
7.566667
 20
82.863158
 10
7.833333
 20
82.863158
 10
7.833333
 20
82.694737
 10
8.1
 20
82.694737
 10
8.1
 20
82.526316
 10
8.366667
 20
82.526316
 10
8.366667
 20
82.357895
 10
8.633333
 20
82.357895
 10
8.633333
 20
82.189474
 10
8.9
 20
82.189474
 10
8.9
 20
82.021053
 10
10.15
 20
82.021053
 10
10.15
 20
81.871053
 10
9.2
 20
81.871053
 10
9.2
 20
81.84364
 10
8.9
 20
81.84364
 97
0
 75
0
 76
1
 98
0
  0
LWPOLYLINE
  5
481
330
17
100
AcDbEntity
  8
E-CORTE
100
AcDbPolyline
 90
25
 70
0
 10
7.3
 20
82.854167
 10
7.0
 20
82.854167
 10
7.0
 20
83.05
 10
6.1
 20
83.05
 10
6.1
 20
83.2
 10
7.3
 20
83.2
 10
7.3
 20
83.031579
 10
7.566667
 20
83.031579
 10
7.566667
 20
82.863158
 10
7.833333
 20
82.863158
 10
7.833333
 20
82.694737
 10
8.1
 20
82.694737
 10
8.1
 20
82.526316
 10
8.366667
 20
82.526316
 10
8.366667
 20
82.357895
 10
8.633333
 20
82.357895
 10
8.633333
 20
82.189474
 10
8.9
 20
82.189474
 10
8.9
 20
82.021053
 10
10.15
 20
82.021053
 10
10.15
 20
81.871053
 10
9.2
 20
81.871053
 10
9.2
 20
81.84364
 10
8.9
 20
81.84364
 10
7.3
 20
82.854167
  0
HATCH
  5
482
330
17
100
AcDbEntity
  8
E-CORTE-ACH
100
AcDbHatch
 10
0.0
 20
0.0
 30
0.0
210
0.0
220
0.0
230
1.0
  2
SOLID
 70
1
 71
0
 91
1
 92
3
 72
0
 73
1
 93
8
 10
6.25
 20
83.05
 10
6.324492
 20
83.05
 10
6.55
 20
83.05
 10
6.55
 20
82.963093
 10
6.55
 20
82.7
 10
6.475508
 20
82.7
 10
6.25
 20
82.7
 10
6.25
 20
82.786907
 97
0
 75
0
 76
1
 98
0
  0
LWPOLYLINE
  5
483
330
17
100
AcDbEntity
  8
E-CORTE
100
AcDbPolyline
 90
9
 70
0
 10
6.25
 20
83.05
 10
6.324492
 20
83.05
 10
6.55
 20
83.05
 10
6.55
 20
82.963093
 10
6.55
 20
82.7
 10
6.475508
 20
82.7
 10
6.25
 20
82.7
 10
6.25
 20
82.786907
 10
6.25
 20
83.05
  0
HATCH
  5
484
330
17
100
AcDbEntity
  8
E-CORTE-ACH
100
AcDbHatch
 10
0.0
 20
0.0
 30
0.0
210
0.0
220
0.0
230
1.0
  2
SOLID
 70
1
 71
0
 91
1
 92
3
 72
0
 73
1
 93
11
 10
10.037246
 20
83.2
 10
10.15
 20
83.2
 10
10.15
 20
83.059197
 10
10.15
 20
82.911205
 10
10.15
 20
82.7
 10
10.037246
 20
82.7
 10
9.962754
 20
82.7
 10
9.85
 20
82.7
 10
9.85
 20
82.824154
 10
9.85
 20
83.2
 10
9.962754
 20
83.2
 97
0
 75
0
 76
1
 98
0
  0
LWPOLYLINE
  5
485
330
17
100
AcDbEntity
  8
E-CORTE
100
AcDbPolyline
 90
12
 70
0
 10
10.037246
 20
83.2
 10
10.15
 20
83.2
 10
10.15
 20
83.059197
 10
10.15
 20
82.911205
 10
10.15
 20
82.7
 10
10.037246
 20
82.7
 10
9.962754
 20
82.7
 10
9.85
 20
82.7
 10
9.85
 20
82.824154
 10
9.85
 20
83.2
 10
9.962754
 20
83.2
 10
10.037246
 20
83.2
  0
HATCH
  5
486
330
17
100
AcDbEntity
  8
E-CORTE-ACH
100
AcDbHatch
 10
0.0
 20
0.0
 30
0.0
210
0.0
220
0.0
230
1.0
  2
SOLID
 70
1
 71
0
 91
1
 92
3
 72
0
 73
1
 93
8
 10
6.25
 20
85.65
 10
6.324492
 20
85.65
 10
6.55
 20
85.65
 10
6.55
 20
85.563093
 10
6.55
 20
85.3
 10
6.475508
 20
85.3
 10
6.25
 20
85.3
 10
6.25
 20
85.386908
 97
0
 75
0
 76
1
 98
0
  0
LWPOLYLINE
  5
487
330
17
100
AcDbEntity
  8
E-CORTE
100
AcDbPolyline
 90
9
 70
0
 10
6.25
 20
85.65
 10
6.324492
 20
85.65
 10
6.55
 20
85.65
 10
6.55
 20
85.563093
 10
6.55
 20
85.3
 10
6.475508
 20
85.3
 10
6.25
 20
85.3
 10
6.25
 20
85.386908
 10
6.25
 20
85.65
  0
HATCH
  5
488
330
17
100
AcDbEntity
  8
E-CORTE-ACH
100
AcDbHatch
 10
0.0
 20
0.0
 30
0.0
210
0.0
220
0.0
230
1.0
  2
SOLID
 70
1
 71
0
 91
1
 92
3
 72
0
 73
1
 93
11
 10
10.037246
 20
85.8
 10
10.15
 20
85.8
 10
10.15
 20
85.659197
 10
10.15
 20
85.511205
 10
10.15
 20
85.3
 10
10.037246
 20
85.3
 10
9.962754
 20
85.3
 10
9.85
 20
85.3
 10
9.85
 20
85.424154
 10
9.85
 20
85.8
 10
9.962754
 20
85.8
 97
0
 75
0
 76
1
 98
0
  0
LWPOLYLINE
  5
489
330
17
100
AcDbEntity
  8
E-CORTE
100
AcDbPolyline
 90
12
 70
0
 10
10.037246
 20
85.8
 10
10.15
 20
85.8
 10
10.15
 20
85.659197
 10
10.15
 20
85.511205
 10
10.15
 20
85.3
 10
10.037246
 20
85.3
 10
9.962754
 20
85.3
 10
9.85
 20
85.3
 10
9.85
 20
85.424154
 10
9.85
 20
85.8
 10
9.962754
 20
85.8
 10
10.037246
 20
85.8
  0
HATCH
  5
48A
330
17
100
AcDbEntity
  8
E-CORTE-ACH
100
AcDbHatch
 10
0.0
 20
0.0
 30
0.0
210
0.0
220
0.0
230
1.0
  2
SOLID
 70
1
 71
0
 91
1
 92
3
 72
0
 73
1
 93
5
 10
6.1
 20
83.084849
 10
6.1
 20
83.0
 10
5.22
 20
83.0
 10
5.22
 20
83.2
 10
6.1
 20
83.2
 97
0
 75
0
 76
1
 98
0
  0
LWPOLYLINE
  5
48B
330
17
100
AcDbEntity
  8
E-CORTE
100
AcDbPolyline
 90
3
 70
0
 10
6.1
 20
83.084849
 10
6.1
 20
83.0
 10
5.2200999999999995
 20
83.0
  0
LWPOLYLINE
  5
48C
330
17
100
AcDbEntity
  8
E-CORTE
100
AcDbPolyline
 90
3
 70
0
 10
5.2200999999999995
 20
83.2
 10
6.1
 20
83.2
 10
6.1
 20
83.084849
  0
LWPOLYLINE
  5
48D
330
17
100
AcDbEntity
  8
E-CORTE
100
AcDbPolyline
 90
6
 70
0
 10
5.2200999999999995
 20
83.0
 10
5.2200999999999995
 20
83.0625
 10
5.163849999999999
 20
83.08875
 10
5.27635
 20
83.11125
 10
5.2200999999999995
 20
83.1375
 10
5.2200999999999995
 20
83.2
  0
HATCH
  5
48E
330
17
100
AcDbEntity
  8
E-CORTE-ACH
100
AcDbHatch
 10
0.0
 20
0.0
 30
0.0
210
0.0
220
0.0
230
1.0
  2
SOLID
 70
1
 71
0
 91
1
 92
3
 72
0
 73
1
 93
5
 10
6.1
 20
85.684849
 10
6.1
 20
85.6
 10
5.22
 20
85.6
 10
5.22
 20
85.8
 10
6.1
 20
85.8
 97
0
 75
0
 76
1
 98
0
  0
LWPOLYLINE
  5
48F
330
17
100
AcDbEntity
  8
E-CORTE
100
AcDbPolyline
 90
3
 70
0
 10
6.1
 20
85.684849
 10
6.1
 20
85.6
 10
5.2200999999999995
 20
85.6
  0
LWPOLYLINE
  5
490
330
17
100
AcDbEntity
  8
E-CORTE
100
AcDbPolyline
 90
3
 70
0
 10
5.2200999999999995
 20
85.8
 10
6.1
 20
85.8
 10
6.1
 20
85.684849
  0
LWPOLYLINE
  5
491
330
17
100
AcDbEntity
  8
E-CORTE
100
AcDbPolyline
 90
6
 70
0
 10
5.2200999999999995
 20
85.6
 10
5.2200999999999995
 20
85.6625
 10
5.163849999999999
 20
85.68875
 10
5.27635
 20
85.71125
 10
5.2200999999999995
 20
85.7375
 10
5.2200999999999995
 20
85.8
  0
LWPOLYLINE
  5
492
330
17
100
AcDbEntity
  8
E-ACERO
100
AcDbPolyline
 90
12
 70
0
 10
9.365209579467773
 20
81.90081512928009
 10
8.87490463256836
 20
81.90081512928009
 10
8.8656005859375
 20
81.90213978290558
 10
8.857035636901855
 20
81.90600872039795
 10
7.273795127868652
 20
82.91124057769775
 10
7.262448787689209
 20
82.92332720756531
 10
7.258327007293701
 20
82.93938446044922
 10
7.258327007293701
 20
83.14074373245239
 10
7.248562812805176
 20
83.1643168926239
 10
7.236776113510132
 20
83.16919910907745
 10
7.224989414215088
 20
83.16864004768371
 10
6.8583269119262695
 20
83.16864004768371
  0
LWPOLYLINE
  5
493
330
17
100
AcDbEntity
  8
E-ACERO
100
AcDbPolyline
 90
22
 70
0
 10
9.354477882385254
 20
81.91986513137817
 10
9.01417350769043
 20
81.91986513137817
 10
9.004868507385254
 20
81.92118978500366
 10
8.996304512023926
 20
81.92505872249603
 10
8.945980710803338
 20
81.95701033326814
 10
8.931359618530273
 20
81.96766087019219
 10
8.931359618530273
 20
81.97831140711622
 10
8.912708264056512
 20
81.98363667557824
 10
8.89565690958275
 20
81.98896194404026
 10
8.878692142653742
 20
81.99931138410925
 10
7.282701161398094
 20
83.00730615118582
 10
7.268520670117073
 20
83.02206402567198
 10
7.234971469303347
 20
83.04336509952006
 10
7.223788402365439
 20
83.06762833471754
 10
7.218196868896484
 20
83.08135995231629
 10
7.206850528717041
 20
83.08135995231629
 10
7.202728748321533
 20
83.08215951919556
 10
7.202728748321533
 20
83.14120888710022
 10
7.19296407699585
 20
83.16478204727173
 10
7.181177616119385
 20
83.16966426372528
 10
7.16939115524292
 20
83.16864004768371
 10
6.802728652954102
 20
83.16864004768371
  0
LWPOLYLINE
  5
494
330
17
100
AcDbEntity
  8
E-ACERO
100
AcDbPolyline
 90
2
 70
0
 10
8.931359618530273
 20
81.90081512928009
 10
10.118639618530274
 20
81.90081512928009
  0
LWPOLYLINE
  5
495
330
17
100
AcDbEntity
  8
E-ACERO
100
AcDbPolyline
 90
2
 70
0
 10
6.131359904632568
 20
83.07976245880127
 10
7.268640190734864
 20
83.07976245880127
  0
LWPOLYLINE
  5
496
330
17
100
AcDbEntity
  8
E-ACERO
100
AcDbPolyline
 90
11
 70
0
 10
9.51435661315918
 20
84.37976264953613
 10
9.024239540100098
 20
84.37976264953613
 10
9.014764785766602
 20
84.38113737106323
 10
9.006071090698242
 20
84.38514852523804
 10
7.271389007568359
 20
85.51269149780273
 10
7.260256767272949
 20
85.52474212646484
 10
7.25622034072876
 20
85.54064321517944
 10
7.25622034072876
 20
85.73689985275269
 10
7.246455669403076
 20
85.76047325134277
 10
7.2228827476501465
 20
85.7702374458313
 10
6.856220245361328
 20
85.7702374458313
  0
LWPOLYLINE
  5
497
330
17
100
AcDbEntity
  8
E-ACERO
100
AcDbPolyline
 90
18
 70
0
 10
9.50106143951416
 20
84.39881229400635
 10
9.160943984985352
 20
84.39881229400635
 10
9.151469230651855
 20
84.4001874923706
 10
9.142775535583496
 20
84.40419816970825
 10
9.092490146471107
 20
84.436883677607
 10
9.081360190734863
 20
84.44777884690657
 10
9.081360190734863
 20
84.45867401620616
 10
9.060982474046789
 20
84.46412160085595
 10
9.042204757358716
 20
84.46956918550575
 10
7.231930749312691
 20
85.64624746986057
 10
7.223549851127293
 20
85.663003782614
 10
7.2151689529418945
 20
85.68136009536744
 10
7.204036712646484
 20
85.68136009536744
 10
7.199999809265137
 20
85.68509435653687
 10
7.199999809265137
 20
85.73689985275269
 10
7.190235614776611
 20
85.76047325134277
 10
7.166662693023682
 20
85.7702374458313
 10
6.800000190734863
 20
85.7702374458313
  0
LWPOLYLINE
  5
498
330
17
100
AcDbEntity
  8
E-ACERO
100
AcDbPolyline
 90
2
 70
0
 10
9.081360190734863
 20
84.37976264953613
 10
10.118639618530274
 20
84.37976264953613
  0
LWPOLYLINE
  5
499
330
17
100
AcDbEntity
  8
E-ACERO
100
AcDbPolyline
 90
2
 70
0
 10
6.131359904632568
 20
85.67976236343384
 10
7.268640190734864
 20
85.67976236343384
  0
CIRCLE
  5
49A
330
17
100
AcDbEntity
  8
E-ACERO
100
AcDbCircle
 10
8.931359618530273
 20
81.9008126227951
 30
0.0
 40
0.011250000000000001
  0
HATCH
  5
49B
330
17
100
AcDbEntity
  8
E-ACERO
100
AcDbHatch
 10
0.0
 20
0.0
 30
0.0
210
0.0
220
0.0
230
1.0
  2
SOLID
 70
1
 71
0
 91
1
 92
1
 93
1
 72
2
 10
8.931359618530273
 20
81.9008126227951
 40
0.011250000000000001
 50
0
 51
360
 73
1
 97
0
 75
0
 76
1
 98
0
  0
CIRCLE
  5
49C
330
17
100
AcDbEntity
  8
E-ACERO
100
AcDbCircle
 10
8.702106475830078
 20
82.01509308815002
 30
0.0
 40
0.011250000000000001
  0
HATCH
  5
49D
330
17
100
AcDbEntity
  8
E-ACERO
100
AcDbHatch
 10
0.0
 20
0.0
 30
0.0
210
0.0
220
0.0
230
1.0
  2
SOLID
 70
1
 71
0
 91
1
 92
1
 93
1
 72
2
 10
8.702106475830078
 20
82.01509308815002
 40
0.011250000000000001
 50
0
 51
360
 73
1
 97
0
 75
0
 76
1
 98
0
  0
CIRCLE
  5
49E
330
17
100
AcDbEntity
  8
E-ACERO
100
AcDbCircle
 10
8.508397102355957
 20
82.13743567466736
 30
0.0
 40
0.011250000000000001
  0
HATCH
  5
49F
330
17
100
AcDbEntity
  8
E-ACERO
100
AcDbHatch
 10
0.0
 20
0.0
 30
0.0
210
0.0
220
0.0
230
1.0
  2
SOLID
 70
1
 71
0
 91
1
 92
1
 93
1
 72
2
 10
8.508397102355957
 20
82.13743567466736
 40
0.011250000000000001
 50
0
 51
360
 73
1
 97
0
 75
0
 76
1
 98
0
  0
CIRCLE
  5
4A0
330
17
100
AcDbEntity
  8
E-ACERO
100
AcDbCircle
 10
8.314688682556152
 20
82.25977826118469
 30
0.0
 40
0.011250000000000001
  0
HATCH
  5
4A1
330
17
100
AcDbEntity
  8
E-ACERO
100
AcDbHatch
 10
0.0
 20
0.0
 30
0.0
210
0.0
220
0.0
230
1.0
  2
SOLID
 70
1
 71
0
 91
1
 92
1
 93
1
 72
2
 10
8.314688682556152
 20
82.25977826118469
 40
0.011250000000000001
 50
0
 51
360
 73
1
 97
0
 75
0
 76
1
 98
0
  0
CIRCLE
  5
4A2
330
17
100
AcDbEntity
  8
E-ACERO
100
AcDbCircle
 10
8.120979309082031
 20
82.38212084770203
 30
0.0
 40
0.011250000000000001
  0
HATCH
  5
4A3
330
17
100
AcDbEntity
  8
E-ACERO
100
AcDbHatch
 10
0.0
 20
0.0
 30
0.0
210
0.0
220
0.0
230
1.0
  2
SOLID
 70
1
 71
0
 91
1
 92
1
 93
1
 72
2
 10
8.120979309082031
 20
82.38212084770203
 40
0.011250000000000001
 50
0
 51
360
 73
1
 97
0
 75
0
 76
1
 98
0
  0
CIRCLE
  5
4A4
330
17
100
AcDbEntity
  8
E-ACERO
100
AcDbCircle
 10
7.927270412445068
 20
82.50446343421936
 30
0.0
 40
0.011250000000000001
  0
HATCH
  5
4A5
330
17
100
AcDbEntity
  8
E-ACERO
100
AcDbHatch
 10
0.0
 20
0.0
 30
0.0
210
0.0
220
0.0
230
1.0
  2
SOLID
 70
1
 71
0
 91
1
 92
1
 93
1
 72
2
 10
7.927270412445068
 20
82.50446343421936
 40
0.011250000000000001
 50
0
 51
360
 73
1
 97
0
 75
0
 76
1
 98
0
  0
CIRCLE
  5
4A6
330
17
100
AcDbEntity
  8
E-ACERO
100
AcDbCircle
 10
7.733561038970947
 20
82.62680578231812
 30
0.0
 40
0.011250000000000001
  0
HATCH
  5
4A7
330
17
100
AcDbEntity
  8
E-ACERO
100
AcDbHatch
 10
0.0
 20
0.0
 30
0.0
210
0.0
220
0.0
230
1.0
  2
SOLID
 70
1
 71
0
 91
1
 92
1
 93
1
 72
2
 10
7.733561038970947
 20
82.62680578231812
 40
0.011250000000000001
 50
0
 51
360
 73
1
 97
0
 75
0
 76
1
 98
0
  0
CIRCLE
  5
4A8
330
17
100
AcDbEntity
  8
E-ACERO
100
AcDbCircle
 10
7.539852142333984
 20
82.74914836883545
 30
0.0
 40
0.011250000000000001
  0
HATCH
  5
4A9
330
17
100
AcDbEntity
  8
E-ACERO
100
AcDbHatch
 10
0.0
 20
0.0
 30
0.0
210
0.0
220
0.0
230
1.0
  2
SOLID
 70
1
 71
0
 91
1
 92
1
 93
1
 72
2
 10
7.539852142333984
 20
82.74914836883545
 40
0.011250000000000001
 50
0
 51
360
 73
1
 97
0
 75
0
 76
1
 98
0
  0
CIRCLE
  5
4AA
330
17
100
AcDbEntity
  8
E-ACERO
100
AcDbCircle
 10
7.3461432456970215
 20
82.87149095535278
 30
0.0
 40
0.011250000000000001
  0
HATCH
  5
4AB
330
17
100
AcDbEntity
  8
E-ACERO
100
AcDbHatch
 10
0.0
 20
0.0
 30
0.0
210
0.0
220
0.0
230
1.0
  2
SOLID
 70
1
 71
0
 91
1
 92
1
 93
1
 72
2
 10
7.3461432456970215
 20
82.87149095535278
 40
0.011250000000000001
 50
0
 51
360
 73
1
 97
0
 75
0
 76
1
 98
0
  0
CIRCLE
  5
4AC
330
17
100
AcDbEntity
  8
E-ACERO
100
AcDbCircle
 10
8.929762840270996
 20
81.91034018993378
 30
0.0
 40
0.011250000000000001
  0
HATCH
  5
4AD
330
17
100
AcDbEntity
  8
E-ACERO
100
AcDbHatch
 10
0.0
 20
0.0
 30
0.0
210
0.0
220
0.0
230
1.0
  2
SOLID
 70
1
 71
0
 91
1
 92
1
 93
1
 72
2
 10
8.929762840270996
 20
81.91034018993378
 40
0.011250000000000001
 50
0
 51
360
 73
1
 97
0
 75
0
 76
1
 98
0
  0
CIRCLE
  5
4AE
330
17
100
AcDbEntity
  8
E-ACERO
100
AcDbCircle
 10
9.16785717010498
 20
81.91034018993378
 30
0.0
 40
0.011250000000000001
  0
HATCH
  5
4AF
330
17
100
AcDbEntity
  8
E-ACERO
100
AcDbHatch
 10
0.0
 20
0.0
 30
0.0
210
0.0
220
0.0
230
1.0
  2
SOLID
 70
1
 71
0
 91
1
 92
1
 93
1
 72
2
 10
9.16785717010498
 20
81.91034018993378
 40
0.011250000000000001
 50
0
 51
360
 73
1
 97
0
 75
0
 76
1
 98
0
  0
CIRCLE
  5
4B0
330
17
100
AcDbEntity
  8
E-ACERO
100
AcDbCircle
 10
9.405952453613281
 20
81.91034018993378
 30
0.0
 40
0.011250000000000001
  0
HATCH
  5
4B1
330
17
100
AcDbEntity
  8
E-ACERO
100
AcDbHatch
 10
0.0
 20
0.0
 30
0.0
210
0.0
220
0.0
230
1.0
  2
SOLID
 70
1
 71
0
 91
1
 92
1
 93
1
 72
2
 10
9.405952453613281
 20
81.91034018993378
 40
0.011250000000000001
 50
0
 51
360
 73
1
 97
0
 75
0
 76
1
 98
0
  0
CIRCLE
  5
4B2
330
17
100
AcDbEntity
  8
E-ACERO
100
AcDbCircle
 10
9.644047737121582
 20
81.91034018993378
 30
0.0
 40
0.011250000000000001
  0
HATCH
  5
4B3
330
17
100
AcDbEntity
  8
E-ACERO
100
AcDbHatch
 10
0.0
 20
0.0
 30
0.0
210
0.0
220
0.0
230
1.0
  2
SOLID
 70
1
 71
0
 91
1
 92
1
 93
1
 72
2
 10
9.644047737121582
 20
81.91034018993378
 40
0.011250000000000001
 50
0
 51
360
 73
1
 97
0
 75
0
 76
1
 98
0
  0
CIRCLE
  5
4B4
330
17
100
AcDbEntity
  8
E-ACERO
100
AcDbCircle
 10
9.882142066955566
 20
81.91034018993378
 30
0.0
 40
0.011250000000000001
  0
HATCH
  5
4B5
330
17
100
AcDbEntity
  8
E-ACERO
100
AcDbHatch
 10
0.0
 20
0.0
 30
0.0
210
0.0
220
0.0
230
1.0
  2
SOLID
 70
1
 71
0
 91
1
 92
1
 93
1
 72
2
 10
9.882142066955566
 20
81.91034018993378
 40
0.011250000000000001
 50
0
 51
360
 73
1
 97
0
 75
0
 76
1
 98
0
  0
CIRCLE
  5
4B6
330
17
100
AcDbEntity
  8
E-ACERO
100
AcDbCircle
 10
10.120237350463867
 20
81.91034018993378
 30
0.0
 40
0.011250000000000001
  0
HATCH
  5
4B7
330
17
100
AcDbEntity
  8
E-ACERO
100
AcDbHatch
 10
0.0
 20
0.0
 30
0.0
210
0.0
220
0.0
230
1.0
  2
SOLID
 70
1
 71
0
 91
1
 92
1
 93
1
 72
2
 10
10.120237350463867
 20
81.91034018993378
 40
0.011250000000000001
 50
0
 51
360
 73
1
 97
0
 75
0
 76
1
 98
0
  0
CIRCLE
  5
4B8
330
17
100
AcDbEntity
  8
E-ACERO
100
AcDbCircle
 10
6.129762649536133
 20
83.08928751945496
 30
0.0
 40
0.011250000000000001
  0
HATCH
  5
4B9
330
17
100
AcDbEntity
  8
E-ACERO
100
AcDbHatch
 10
0.0
 20
0.0
 30
0.0
210
0.0
220
0.0
230
1.0
  2
SOLID
 70
1
 71
0
 91
1
 92
1
 93
1
 72
2
 10
6.129762649536133
 20
83.08928751945496
 40
0.011250000000000001
 50
0
 51
360
 73
1
 97
0
 75
0
 76
1
 98
0
  0
CIRCLE
  5
4BA
330
17
100
AcDbEntity
  8
E-ACERO
100
AcDbCircle
 10
6.357857704162598
 20
83.08928751945496
 30
0.0
 40
0.011250000000000001
  0
HATCH
  5
4BB
330
17
100
AcDbEntity
  8
E-ACERO
100
AcDbHatch
 10
0.0
 20
0.0
 30
0.0
210
0.0
220
0.0
230
1.0
  2
SOLID
 70
1
 71
0
 91
1
 92
1
 93
1
 72
2
 10
6.357857704162598
 20
83.08928751945496
 40
0.011250000000000001
 50
0
 51
360
 73
1
 97
0
 75
0
 76
1
 98
0
  0
CIRCLE
  5
4BC
330
17
100
AcDbEntity
  8
E-ACERO
100
AcDbCircle
 10
6.585952281951904
 20
83.08928751945496
 30
0.0
 40
0.011250000000000001
  0
HATCH
  5
4BD
330
17
100
AcDbEntity
  8
E-ACERO
100
AcDbHatch
 10
0.0
 20
0.0
 30
0.0
210
0.0
220
0.0
230
1.0
  2
SOLID
 70
1
 71
0
 91
1
 92
1
 93
1
 72
2
 10
6.585952281951904
 20
83.08928751945496
 40
0.011250000000000001
 50
0
 51
360
 73
1
 97
0
 75
0
 76
1
 98
0
  0
CIRCLE
  5
4BE
330
17
100
AcDbEntity
  8
E-ACERO
100
AcDbCircle
 10
6.814047336578369
 20
83.08928751945496
 30
0.0
 40
0.011250000000000001
  0
HATCH
  5
4BF
330
17
100
AcDbEntity
  8
E-ACERO
100
AcDbHatch
 10
0.0
 20
0.0
 30
0.0
210
0.0
220
0.0
230
1.0
  2
SOLID
 70
1
 71
0
 91
1
 92
1
 93
1
 72
2
 10
6.814047336578369
 20
83.08928751945496
 40
0.011250000000000001
 50
0
 51
360
 73
1
 97
0
 75
0
 76
1
 98
0
  0
CIRCLE
  5
4C0
330
17
100
AcDbEntity
  8
E-ACERO
100
AcDbCircle
 10
7.042142391204834
 20
83.08928751945496
 30
0.0
 40
0.011250000000000001
  0
HATCH
  5
4C1
330
17
100
AcDbEntity
  8
E-ACERO
100
AcDbHatch
 10
0.0
 20
0.0
 30
0.0
210
0.0
220
0.0
230
1.0
  2
SOLID
 70
1
 71
0
 91
1
 92
1
 93
1
 72
2
 10
7.042142391204834
 20
83.08928751945496
 40
0.011250000000000001
 50
0
 51
360
 73
1
 97
0
 75
0
 76
1
 98
0
  0
CIRCLE
  5
4C2
330
17
100
AcDbEntity
  8
E-ACERO
100
AcDbCircle
 10
7.270237445831299
 20
83.08928751945496
 30
0.0
 40
0.011250000000000001
  0
HATCH
  5
4C3
330
17
100
AcDbEntity
  8
E-ACERO
100
AcDbHatch
 10
0.0
 20
0.0
 30
0.0
210
0.0
220
0.0
230
1.0
  2
SOLID
 70
1
 71
0
 91
1
 92
1
 93
1
 72
2
 10
7.270237445831299
 20
83.08928751945496
 40
0.011250000000000001
 50
0
 51
360
 73
1
 97
0
 75
0
 76
1
 98
0
  0
CIRCLE
  5
4C4
330
17
100
AcDbEntity
  8
E-ACERO
100
AcDbCircle
 10
9.046457290649414
 20
84.37025785446167
 30
0.0
 40
0.011250000000000001
  0
HATCH
  5
4C5
330
17
100
AcDbEntity
  8
E-ACERO
100
AcDbHatch
 10
0.0
 20
0.0
 30
0.0
210
0.0
220
0.0
230
1.0
  2
SOLID
 70
1
 71
0
 91
1
 92
1
 93
1
 72
2
 10
9.046457290649414
 20
84.37025785446167
 40
0.011250000000000001
 50
0
 51
360
 73
1
 97
0
 75
0
 76
1
 98
0
  0
CIRCLE
  5
4C6
330
17
100
AcDbEntity
  8
E-ACERO
100
AcDbCircle
 10
8.857558250427246
 20
84.4930419921875
 30
0.0
 40
0.011250000000000001
  0
HATCH
  5
4C7
330
17
100
AcDbEntity
  8
E-ACERO
100
AcDbHatch
 10
0.0
 20
0.0
 30
0.0
210
0.0
220
0.0
230
1.0
  2
SOLID
 70
1
 71
0
 91
1
 92
1
 93
1
 72
2
 10
8.857558250427246
 20
84.4930419921875
 40
0.011250000000000001
 50
0
 51
360
 73
1
 97
0
 75
0
 76
1
 98
0
  0
CIRCLE
  5
4C8
330
17
100
AcDbEntity
  8
E-ACERO
100
AcDbCircle
 10
8.668659210205078
 20
84.61582660675049
 30
0.0
 40
0.011250000000000001
  0
HATCH
  5
4C9
330
17
100
AcDbEntity
  8
E-ACERO
100
AcDbHatch
 10
0.0
 20
0.0
 30
0.0
210
0.0
220
0.0
230
1.0
  2
SOLID
 70
1
 71
0
 91
1
 92
1
 93
1
 72
2
 10
8.668659210205078
 20
84.61582660675049
 40
0.011250000000000001
 50
0
 51
360
 73
1
 97
0
 75
0
 76
1
 98
0
  0
CIRCLE
  5
4CA
330
17
100
AcDbEntity
  8
E-ACERO
100
AcDbCircle
 10
8.47976016998291
 20
84.73861074447632
 30
0.0
 40
0.011250000000000001
  0
HATCH
  5
4CB
330
17
100
AcDbEntity
  8
E-ACERO
100
AcDbHatch
 10
0.0
 20
0.0
 30
0.0
210
0.0
220
0.0
230
1.0
  2
SOLID
 70
1
 71
0
 91
1
 92
1
 93
1
 72
2
 10
8.47976016998291
 20
84.73861074447632
 40
0.011250000000000001
 50
0
 51
360
 73
1
 97
0
 75
0
 76
1
 98
0
  0
CIRCLE
  5
4CC
330
17
100
AcDbEntity
  8
E-ACERO
100
AcDbCircle
 10
8.290861129760742
 20
84.8613953590393
 30
0.0
 40
0.011250000000000001
  0
HATCH
  5
4CD
330
17
100
AcDbEntity
  8
E-ACERO
100
AcDbHatch
 10
0.0
 20
0.0
 30
0.0
210
0.0
220
0.0
230
1.0
  2
SOLID
 70
1
 71
0
 91
1
 92
1
 93
1
 72
2
 10
8.290861129760742
 20
84.8613953590393
 40
0.011250000000000001
 50
0
 51
360
 73
1
 97
0
 75
0
 76
1
 98
0
  0
CIRCLE
  5
4CE
330
17
100
AcDbEntity
  8
E-ACERO
100
AcDbCircle
 10
8.101962089538574
 20
84.98417949676514
 30
0.0
 40
0.011250000000000001
  0
HATCH
  5
4CF
330
17
100
AcDbEntity
  8
E-ACERO
100
AcDbHatch
 10
0.0
 20
0.0
 30
0.0
210
0.0
220
0.0
230
1.0
  2
SOLID
 70
1
 71
0
 91
1
 92
1
 93
1
 72
2
 10
8.101962089538574
 20
84.98417949676514
 40
0.011250000000000001
 50
0
 51
360
 73
1
 97
0
 75
0
 76
1
 98
0
  0
CIRCLE
  5
4D0
330
17
100
AcDbEntity
  8
E-ACERO
100
AcDbCircle
 10
7.913062572479248
 20
85.10696411132812
 30
0.0
 40
0.011250000000000001
  0
HATCH
  5
4D1
330
17
100
AcDbEntity
  8
E-ACERO
100
AcDbHatch
 10
0.0
 20
0.0
 30
0.0
210
0.0
220
0.0
230
1.0
  2
SOLID
 70
1
 71
0
 91
1
 92
1
 93
1
 72
2
 10
7.913062572479248
 20
85.10696411132812
 40
0.011250000000000001
 50
0
 51
360
 73
1
 97
0
 75
0
 76
1
 98
0
  0
CIRCLE
  5
4D2
330
17
100
AcDbEntity
  8
E-ACERO
100
AcDbCircle
 10
7.72416353225708
 20
85.22974824905396
 30
0.0
 40
0.011250000000000001
  0
HATCH
  5
4D3
330
17
100
AcDbEntity
  8
E-ACERO
100
AcDbHatch
 10
0.0
 20
0.0
 30
0.0
210
0.0
220
0.0
230
1.0
  2
SOLID
 70
1
 71
0
 91
1
 92
1
 93
1
 72
2
 10
7.72416353225708
 20
85.22974824905396
 40
0.011250000000000001
 50
0
 51
360
 73
1
 97
0
 75
0
 76
1
 98
0
  0
CIRCLE
  5
4D4
330
17
100
AcDbEntity
  8
E-ACERO
100
AcDbCircle
 10
7.535264492034912
 20
85.35253286361694
 30
0.0
 40
0.011250000000000001
  0
HATCH
  5
4D5
330
17
100
AcDbEntity
  8
E-ACERO
100
AcDbHatch
 10
0.0
 20
0.0
 30
0.0
210
0.0
220
0.0
230
1.0
  2
SOLID
 70
1
 71
0
 91
1
 92
1
 93
1
 72
2
 10
7.535264492034912
 20
85.35253286361694
 40
0.011250000000000001
 50
0
 51
360
 73
1
 97
0
 75
0
 76
1
 98
0
  0
CIRCLE
  5
4D6
330
17
100
AcDbEntity
  8
E-ACERO
100
AcDbCircle
 10
7.346365451812744
 20
85.47531700134277
 30
0.0
 40
0.011250000000000001
  0
HATCH
  5
4D7
330
17
100
AcDbEntity
  8
E-ACERO
100
AcDbHatch
 10
0.0
 20
0.0
 30
0.0
210
0.0
220
0.0
230
1.0
  2
SOLID
 70
1
 71
0
 91
1
 92
1
 93
1
 72
2
 10
7.346365451812744
 20
85.47531700134277
 40
0.011250000000000001
 50
0
 51
360
 73
1
 97
0
 75
0
 76
1
 98
0
  0
CIRCLE
  5
4D8
330
17
100
AcDbEntity
  8
E-ACERO
100
AcDbCircle
 10
9.07976245880127
 20
84.38928747177124
 30
0.0
 40
0.011250000000000001
  0
HATCH
  5
4D9
330
17
100
AcDbEntity
  8
E-ACERO
100
AcDbHatch
 10
0.0
 20
0.0
 30
0.0
210
0.0
220
0.0
230
1.0
  2
SOLID
 70
1
 71
0
 91
1
 92
1
 93
1
 72
2
 10
9.07976245880127
 20
84.38928747177124
 40
0.011250000000000001
 50
0
 51
360
 73
1
 97
0
 75
0
 76
1
 98
0
  0
CIRCLE
  5
4DA
330
17
100
AcDbEntity
  8
E-ACERO
100
AcDbCircle
 10
9.287857055664062
 20
84.38928747177124
 30
0.0
 40
0.011250000000000001
  0
HATCH
  5
4DB
330
17
100
AcDbEntity
  8
E-ACERO
100
AcDbHatch
 10
0.0
 20
0.0
 30
0.0
210
0.0
220
0.0
230
1.0
  2
SOLID
 70
1
 71
0
 91
1
 92
1
 93
1
 72
2
 10
9.287857055664062
 20
84.38928747177124
 40
0.011250000000000001
 50
0
 51
360
 73
1
 97
0
 75
0
 76
1
 98
0
  0
CIRCLE
  5
4DC
330
17
100
AcDbEntity
  8
E-ACERO
100
AcDbCircle
 10
9.495952606201172
 20
84.38928747177124
 30
0.0
 40
0.011250000000000001
  0
HATCH
  5
4DD
330
17
100
AcDbEntity
  8
E-ACERO
100
AcDbHatch
 10
0.0
 20
0.0
 30
0.0
210
0.0
220
0.0
230
1.0
  2
SOLID
 70
1
 71
0
 91
1
 92
1
 93
1
 72
2
 10
9.495952606201172
 20
84.38928747177124
 40
0.011250000000000001
 50
0
 51
360
 73
1
 97
0
 75
0
 76
1
 98
0
  0
CIRCLE
  5
4DE
330
17
100
AcDbEntity
  8
E-ACERO
100
AcDbCircle
 10
9.704047203063965
 20
84.38928747177124
 30
0.0
 40
0.011250000000000001
  0
HATCH
  5
4DF
330
17
100
AcDbEntity
  8
E-ACERO
100
AcDbHatch
 10
0.0
 20
0.0
 30
0.0
210
0.0
220
0.0
230
1.0
  2
SOLID
 70
1
 71
0
 91
1
 92
1
 93
1
 72
2
 10
9.704047203063965
 20
84.38928747177124
 40
0.011250000000000001
 50
0
 51
360
 73
1
 97
0
 75
0
 76
1
 98
0
  0
CIRCLE
  5
4E0
330
17
100
AcDbEntity
  8
E-ACERO
100
AcDbCircle
 10
9.912142753601074
 20
84.38928747177124
 30
0.0
 40
0.011250000000000001
  0
HATCH
  5
4E1
330
17
100
AcDbEntity
  8
E-ACERO
100
AcDbHatch
 10
0.0
 20
0.0
 30
0.0
210
0.0
220
0.0
230
1.0
  2
SOLID
 70
1
 71
0
 91
1
 92
1
 93
1
 72
2
 10
9.912142753601074
 20
84.38928747177124
 40
0.011250000000000001
 50
0
 51
360
 73
1
 97
0
 75
0
 76
1
 98
0
  0
CIRCLE
  5
4E2
330
17
100
AcDbEntity
  8
E-ACERO
100
AcDbCircle
 10
10.120237350463867
 20
84.38928747177124
 30
0.0
 40
0.011250000000000001
  0
HATCH
  5
4E3
330
17
100
AcDbEntity
  8
E-ACERO
100
AcDbHatch
 10
0.0
 20
0.0
 30
0.0
210
0.0
220
0.0
230
1.0
  2
SOLID
 70
1
 71
0
 91
1
 92
1
 93
1
 72
2
 10
10.120237350463867
 20
84.38928747177124
 40
0.011250000000000001
 50
0
 51
360
 73
1
 97
0
 75
0
 76
1
 98
0
  0
CIRCLE
  5
4E4
330
17
100
AcDbEntity
  8
E-ACERO
100
AcDbCircle
 10
6.129762649536133
 20
85.6892876625061
 30
0.0
 40
0.011250000000000001
  0
HATCH
  5
4E5
330
17
100
AcDbEntity
  8
E-ACERO
100
AcDbHatch
 10
0.0
 20
0.0
 30
0.0
210
0.0
220
0.0
230
1.0
  2
SOLID
 70
1
 71
0
 91
1
 92
1
 93
1
 72
2
 10
6.129762649536133
 20
85.6892876625061
 40
0.011250000000000001
 50
0
 51
360
 73
1
 97
0
 75
0
 76
1
 98
0
  0
CIRCLE
  5
4E6
330
17
100
AcDbEntity
  8
E-ACERO
100
AcDbCircle
 10
6.357857704162598
 20
85.6892876625061
 30
0.0
 40
0.011250000000000001
  0
HATCH
  5
4E7
330
17
100
AcDbEntity
  8
E-ACERO
100
AcDbHatch
 10
0.0
 20
0.0
 30
0.0
210
0.0
220
0.0
230
1.0
  2
SOLID
 70
1
 71
0
 91
1
 92
1
 93
1
 72
2
 10
6.357857704162598
 20
85.6892876625061
 40
0.011250000000000001
 50
0
 51
360
 73
1
 97
0
 75
0
 76
1
 98
0
  0
CIRCLE
  5
4E8
330
17
100
AcDbEntity
  8
E-ACERO
100
AcDbCircle
 10
6.585952281951904
 20
85.6892876625061
 30
0.0
 40
0.011250000000000001
  0
HATCH
  5
4E9
330
17
100
AcDbEntity
  8
E-ACERO
100
AcDbHatch
 10
0.0
 20
0.0
 30
0.0
210
0.0
220
0.0
230
1.0
  2
SOLID
 70
1
 71
0
 91
1
 92
1
 93
1
 72
2
 10
6.585952281951904
 20
85.6892876625061
 40
0.011250000000000001
 50
0
 51
360
 73
1
 97
0
 75
0
 76
1
 98
0
  0
CIRCLE
  5
4EA
330
17
100
AcDbEntity
  8
E-ACERO
100
AcDbCircle
 10
6.814047336578369
 20
85.6892876625061
 30
0.0
 40
0.011250000000000001
  0
HATCH
  5
4EB
330
17
100
AcDbEntity
  8
E-ACERO
100
AcDbHatch
 10
0.0
 20
0.0
 30
0.0
210
0.0
220
0.0
230
1.0
  2
SOLID
 70
1
 71
0
 91
1
 92
1
 93
1
 72
2
 10
6.814047336578369
 20
85.6892876625061
 40
0.011250000000000001
 50
0
 51
360
 73
1
 97
0
 75
0
 76
1
 98
0
  0
CIRCLE
  5
4EC
330
17
100
AcDbEntity
  8
E-ACERO
100
AcDbCircle
 10
7.042142391204834
 20
85.6892876625061
 30
0.0
 40
0.011250000000000001
  0
HATCH
  5
4ED
330
17
100
AcDbEntity
  8
E-ACERO
100
AcDbHatch
 10
0.0
 20
0.0
 30
0.0
210
0.0
220
0.0
230
1.0
  2
SOLID
 70
1
 71
0
 91
1
 92
1
 93
1
 72
2
 10
7.042142391204834
 20
85.6892876625061
 40
0.011250000000000001
 50
0
 51
360
 73
1
 97
0
 75
0
 76
1
 98
0
  0
CIRCLE
  5
4EE
330
17
100
AcDbEntity
  8
E-ACERO
100
AcDbCircle
 10
7.270237445831299
 20
85.6892876625061
 30
0.0
 40
0.011250000000000001
  0
HATCH
  5
4EF
330
17
100
AcDbEntity
  8
E-ACERO
100
AcDbHatch
 10
0.0
 20
0.0
 30
0.0
210
0.0
220
0.0
230
1.0
  2
SOLID
 70
1
 71
0
 91
1
 92
1
 93
1
 72
2
 10
7.270237445831299
 20
85.6892876625061
 40
0.011250000000000001
 50
0
 51
360
 73
1
 97
0
 75
0
 76
1
 98
0
  0
LWPOLYLINE
  5
4F0
330
17
100
AcDbEntity
  8
E-NIVEL
100
AcDbPolyline
 90
3
 70
1
 10
5.8
 20
50.0
 10
5.76
 20
50.064
 10
5.84
 20
50.064
  0
HATCH
  5
4F1
330
17
100
AcDbEntity
  8
E-NIVEL
 62
7
100
AcDbHatch
 10
0.0
 20
0.0
 30
0.0
210
0.0
220
0.0
230
1.0
  2
SOLID
 70
1
 71
0
 91
1
 92
3
 72
0
 73
1
 93
3
 10
5.8
 20
50.0
 10
5.76
 20
50.064
 10
5.8
 20
50.064
 97
0
 75
0
 76
1
 98
0
  0
LINE
  5
4F2
330
17
100
AcDbEntity
  8
E-NIVEL
100
AcDbLine
 10
5.5249999999999995
 20
50.064
 30
0.0
 11
5.84
 21
50.064
 31
0.0
  0
TEXT
  5
4F3
330
17
100
AcDbEntity
  8
E-NIVEL
100
AcDbText
 10
5.5375
 20
50.084
 30
0.0
 40
0.05
  1
NPT ±0.00
  7
ARIAL
 41
0.9
 11
5.5375
 21
50.084
 31
0.0
100
AcDbText
 73
1
  0
LWPOLYLINE
  5
4F4
330
17
100
AcDbEntity
  8
E-NIVEL
100
AcDbPolyline
 90
3
 70
1
 10
5.72
 20
49.0
 10
5.68
 20
49.064
 10
5.76
 20
49.064
  0
HATCH
  5
4F5
330
17
100
AcDbEntity
  8
E-NIVEL
 62
7
100
AcDbHatch
 10
0.0
 20
0.0
 30
0.0
210
0.0
220
0.0
230
1.0
  2
SOLID
 70
1
 71
0
 91
1
 92
3
 72
0
 73
1
 93
3
 10
5.72
 20
49.0
 10
5.68
 20
49.064
 10
5.72
 20
49.064
 97
0
 75
0
 76
1
 98
0
  0
LINE
  5
4F6
330
17
100
AcDbEntity
  8
E-NIVEL
100
AcDbLine
 10
5.444999999999999
 20
49.064
 30
0.0
 11
5.76
 21
49.064
 31
0.0
  0
TEXT
  5
4F7
330
17
100
AcDbEntity
  8
E-NIVEL
100
AcDbText
 10
5.4575
 20
49.084
 30
0.0
 40
0.05
  1
FONDO -1.00
  7
ARIAL
 41
0.9
 11
5.4575
 21
49.084
 31
0.0
100
AcDbText
 73
1
  0
LWPOLYLINE
  5
4F8
330
17
100
AcDbEntity
  8
E-NIVEL
100
AcDbPolyline
 90
3
 70
1
 10
5.98
 20
53.2
 10
5.94
 20
53.264
 10
6.0200000000000005
 20
53.264
  0
HATCH
  5
4F9
330
17
100
AcDbEntity
  8
E-NIVEL
 62
7
100
AcDbHatch
 10
0.0
 20
0.0
 30
0.0
210
0.0
220
0.0
230
1.0
  2
SOLID
 70
1
 71
0
 91
1
 92
3
 72
0
 73
1
 93
3
 10
5.98
 20
53.2
 10
5.94
 20
53.264
 10
5.98
 20
53.264
 97
0
 75
0
 76
1
 98
0
  0
LINE
  5
4FA
330
17
100
AcDbEntity
  8
E-NIVEL
100
AcDbLine
 10
5.705
 20
53.264
 30
0.0
 11
6.0200000000000005
 21
53.264
 31
0.0
  0
TEXT
  5
4FB
330
17
100
AcDbEntity
  8
E-NIVEL
100
AcDbText
 10
5.7175
 20
53.284
 30
0.0
 40
0.05
  1
NPT +3.20  (N2)
  7
ARIAL
 41
0.9
 11
5.7175
 21
53.284
 31
0.0
100
AcDbText
 73
1
  0
LWPOLYLINE
  5
4FC
330
17
100
AcDbEntity
  8
E-NIVEL
100
AcDbPolyline
 90
3
 70
1
 10
10.25
 20
52.02105263157895
 10
10.21
 20
52.08505263157895
 10
10.29
 20
52.08505263157895
  0
HATCH
  5
4FD
330
17
100
AcDbEntity
  8
E-NIVEL
 62
7
100
AcDbHatch
 10
0.0
 20
0.0
 30
0.0
210
0.0
220
0.0
230
1.0
  2
SOLID
 70
1
 71
0
 91
1
 92
3
 72
0
 73
1
 93
3
 10
10.25
 20
52.02105263157895
 10
10.21
 20
52.08505263157895
 10
10.25
 20
52.08505263157895
 97
0
 75
0
 76
1
 98
0
  0
LINE
  5
4FE
330
17
100
AcDbEntity
  8
E-NIVEL
100
AcDbLine
 10
10.21
 20
52.08505263157895
 30
0.0
 11
10.525
 21
52.08505263157895
 31
0.0
  0
TEXT
  5
4FF
330
17
100
AcDbEntity
  8
E-NIVEL
100
AcDbText
 10
10.33
 20
52.10505263157895
 30
0.0
 40
0.05
  1
NPT +2.02
  7
ARIAL
 41
0.9
 11
10.33
 21
52.10505263157895
 31
0.0
100
AcDbText
 73
1
  0
LWPOLYLINE
  5
500
330
17
100
AcDbEntity
  8
E-NIVEL
100
AcDbPolyline
 90
3
 70
1
 10
10.25
 20
54.5
 10
10.21
 20
54.564
 10
10.29
 20
54.564
  0
HATCH
  5
501
330
17
100
AcDbEntity
  8
E-NIVEL
 62
7
100
AcDbHatch
 10
0.0
 20
0.0
 30
0.0
210
0.0
220
0.0
230
1.0
  2
SOLID
 70
1
 71
0
 91
1
 92
3
 72
0
 73
1
 93
3
 10
10.25
 20
54.5
 10
10.21
 20
54.564
 10
10.25
 20
54.564
 97
0
 75
0
 76
1
 98
0
  0
LINE
  5
502
330
17
100
AcDbEntity
  8
E-NIVEL
100
AcDbLine
 10
10.21
 20
54.564
 30
0.0
 11
10.525
 21
54.564
 31
0.0
  0
TEXT
  5
503
330
17
100
AcDbEntity
  8
E-NIVEL
100
AcDbText
 10
10.33
 20
54.584
 30
0.0
 40
0.05
  1
NPT +4.50
  7
ARIAL
 41
0.9
 11
10.33
 21
54.584
 31
0.0
100
AcDbText
 73
1
  0
DIMENSION
  5
504
330
17
100
AcDbEntity
  8
E-COTA
100
AcDbDimension
280
0
  2
*D22
  3
COTA25
 10
10.92
 20
50.0
 30
0.0
 11
10.8825
 21
51.01052631578948
 31
0.0
 70
32
 71
5
  1
12 cp @ .168 = 2.02
100
AcDbAlignedDimension
 13
10.74
 23
50.0
 33
0.0
 14
10.74
 24
52.02105263157895
 34
0.0
 50
90.0
100
AcDbRotatedDimension
1001
ACAD
1000
DSTYLE
1002
{
1070
271
1070
2
1002
}
  0
DIMENSION
  5
513
330
17
100
AcDbEntity
  8
E-COTA
100
AcDbDimension
280
0
  2
*D23
  3
COTA25
 10
10.92
 20
52.02105263157895
 30
0.0
 11
10.8825
 21
52.61052631578947
 31
0.0
 70
32
 71
5
  1
7 cp @ .168 = 1.18
100
AcDbAlignedDimension
 13
10.74
 23
52.02105263157895
 33
0.0
 14
10.74
 24
53.2
 34
0.0
 50
90.0
100
AcDbRotatedDimension
1001
ACAD
1000
DSTYLE
1002
{
1070
271
1070
2
1002
}
  0
DIMENSION
  5
522
330
17
100
AcDbEntity
  8
E-COTA
100
AcDbDimension
280
0
  2
*D24
  3
COTA25
 10
10.92
 20
53.2
 30
0.0
 11
10.8825
 21
53.85
 31
0.0
 70
32
 71
5
  1
8 cp @ .163 = 1.30
100
AcDbAlignedDimension
 13
10.74
 23
53.2
 33
0.0
 14
10.74
 24
54.5
 34
0.0
 50
90.0
100
AcDbRotatedDimension
1001
ACAD
1000
DSTYLE
1002
{
1070
271
1070
2
1002
}
  0
DIMENSION
  5
531
330
17
100
AcDbEntity
  8
E-COTA
100
AcDbDimension
280
0
  2
*D25
  3
COTA25
 10
6.100000000000075
 20
52.4
 30
0.0
 11
7.500000000000076
 21
52.4375
 31
0.0
 70
32
 71
5
  1
11 p @ .255 = 2.80
100
AcDbAlignedDimension
 13
6.100000000000075
 23
50.1684
 33
0.0
 14
8.900000000000079
 24
52.02105263157895
 34
0.0
 50
0.0
100
AcDbRotatedDimension
1001
ACAD
1000
DSTYLE
1002
{
1070
271
1070
2
1002
}
  0
DIMENSION
  5
540
330
17
100
AcDbEntity
  8
E-COTA
100
AcDbDimension
280
0
  2
*D26
  3
COTA25
 10
8.900000000000079
 20
52.4
 30
0.0
 11
9.525000000000079
 21
52.4375
 31
0.0
 70
32
 71
5
  1
descanso 1.25
100
AcDbAlignedDimension
 13
8.900000000000079
 23
52.02105263157895
 33
0.0
 14
10.150000000000079
 24
52.02105263157895
 34
0.0
 50
0.0
100
AcDbRotatedDimension
1001
ACAD
1000
DSTYLE
1002
{
1070
271
1070
2
1002
}
  0
DIMENSION
  5
54F
330
17
100
AcDbEntity
  8
E-COTA
100
AcDbDimension
280
0
  2
*D27
  3
COTA25
 10
6.100000000000073
 20
54.86
 30
0.0
 11
6.700000000000074
 21
54.8975
 31
0.0
 70
32
 71
5
  1
plataf. 1.20
100
AcDbAlignedDimension
 13
6.100000000000073
 23
53.2
 33
0.0
 14
7.3000000000000735
 24
53.2
 34
0.0
 50
0.0
100
AcDbRotatedDimension
1001
ACAD
1000
DSTYLE
1002
{
1070
271
1070
2
1002
}
  0
DIMENSION
  5
55E
330
17
100
AcDbEntity
  8
E-COTA
100
AcDbDimension
280
0
  2
*D28
  3
COTA25
 10
7.3000000000000735
 20
54.86
 30
0.0
 11
8.175000000000074
 21
54.8975
 31
0.0
 70
32
 71
5
  1
7 p @ .25 = 1.75
100
AcDbAlignedDimension
 13
7.3000000000000735
 23
53.2
 33
0.0
 14
9.050000000000074
 24
54.5
 34
0.0
 50
0.0
100
AcDbRotatedDimension
1001
ACAD
1000
DSTYLE
1002
{
1070
271
1070
2
1002
}
  0
DIMENSION
  5
56D
330
17
100
AcDbEntity
  8
E-COTA
100
AcDbDimension
280
0
  2
*D29
  3
COTA25
 10
9.050000000000074
 20
54.86
 30
0.0
 11
9.600000000000072
 21
54.8975
 31
0.0
 70
32
 71
5
  1
desc. 1.10
100
AcDbAlignedDimension
 13
9.050000000000074
 23
54.5
 33
0.0
 14
10.150000000000073
 24
54.5
 34
0.0
 50
0.0
100
AcDbRotatedDimension
1001
ACAD
1000
DSTYLE
1002
{
1070
271
1070
2
1002
}
  0
DIMENSION
  5
57C
330
17
100
AcDbEntity
  8
E-COTA
100
AcDbDimension
280
0
  2
*D30
  3
COTA25
 10
7.118182
 20
50.9221
 30
0.0
 11
7.2454545
 21
50.9896
 31
0.0
 70
32
 71
5
  1
p=0.255
100
AcDbAlignedDimension
 13
7.118182
 23
50.8421
 33
0.0
 14
7.372727
 24
50.8421
 34
0.0
 50
0.0
100
AcDbRotatedDimension
1001
ACAD
1000
DSTYLE
1002
{
1070
271
1070
2
1002
}
  0
DIMENSION
  5
58B
330
17
100
AcDbEntity
  8
E-COTA
100
AcDbDimension
280
0
  2
*D31
  3
COTA25
 10
7.033182
 20
50.6737
 30
0.0
 11
6.965682
 21
50.7579
 31
0.0
 70
32
 71
5
  1
cp=0.168
100
AcDbAlignedDimension
 13
7.118182
 23
50.6737
 33
0.0
 14
7.118182
 24
50.8421
 34
0.0
 50
90.0
100
AcDbRotatedDimension
1001
ACAD
1000
DSTYLE
1002
{
1070
271
1070
2
1002
}
  0
DIMENSION
  5
59A
330
17
100
AcDbEntity
  8
E-COTA
100
AcDbDimension
280
0
  2
*D32
  3
COTA25
 10
7.8
 20
53.7675
 30
0.0
 11
7.925000000000001
 21
53.835
 31
0.0
 70
32
 71
5
  1
p=0.25
100
AcDbAlignedDimension
 13
7.8
 23
53.6875
 33
0.0
 14
8.05
 24
53.6875
 34
0.0
 50
0.0
100
AcDbRotatedDimension
1001
ACAD
1000
DSTYLE
1002
{
1070
271
1070
2
1002
}
  0
DIMENSION
  5
5A9
330
17
100
AcDbEntity
  8
E-COTA
100
AcDbDimension
280
0
  2
*D33
  3
COTA25
 10
7.715
 20
53.525
 30
0.0
 11
7.6475
 21
53.60625
 31
0.0
 70
32
 71
5
  1
cp=0.163
100
AcDbAlignedDimension
 13
7.8
 23
53.525
 33
0.0
 14
7.8
 24
53.6875
 34
0.0
 50
90.0
100
AcDbRotatedDimension
1001
ACAD
1000
DSTYLE
1002
{
1070
271
1070
2
1002
}
  0
LINE
  5
5B8
330
17
100
AcDbEntity
  8
E-COTA
100
AcDbLine
 10
7.918820007570021
 20
51.05054729241198
 30
0.0
 11
7.981179992429979
 21
51.03784956473078
 31
0.0
  0
LINE
  5
5B9
330
17
100
AcDbEntity
  8
E-COTA
100
AcDbLine
 10
7.836049393207566
 20
51.175643760687855
 30
0.0
 11
7.898409378067524
 21
51.162946033006655
 31
0.0
  0
LINE
  5
5BA
330
17
100
AcDbEntity
  8
E-COTA
100
AcDbLine
 10
7.867229385637545
 20
51.169294896847255
 30
0.0
 11
8.018975357192728
 21
50.93995160559756
 31
0.0
  0
TEXT
  5
5BB
330
17
100
AcDbEntity
  8
E-COTA
100
AcDbText
 10
8.018975357192728
 20
50.89995160559756
 30
0.0
 40
0.045000000000000005
  1
t = 0.15
  7
ARIAL
 41
0.9
 72
1
 11
8.018975357192728
 21
50.89995160559756
 31
0.0
100
AcDbText
 73
3
  0
LINE
  5
5BC
330
17
100
AcDbEntity
  8
E-COTA
100
AcDbLine
 10
8.51887278074484
 20
53.84019974347832
 30
0.0
 11
8.581127219255162
 21
53.82699425652159
 31
0.0
  0
LINE
  5
5BD
330
17
100
AcDbEntity
  8
E-COTA
100
AcDbLine
 10
8.437124485490006
 20
53.96596635156268
 30
0.0
 11
8.499378924000329
 21
53.95276086460594
 31
0.0
  0
LINE
  5
5BE
330
17
100
AcDbEntity
  8
E-COTA
100
AcDbLine
 10
8.468251704745168
 20
53.95936360808431
 30
0.0
 11
8.618123543824428
 21
53.72879154796237
 31
0.0
  0
TEXT
  5
5BF
330
17
100
AcDbEntity
  8
E-COTA
100
AcDbText
 10
8.618123543824428
 20
53.688791547962374
 30
0.0
 40
0.045000000000000005
  1
t = 0.15
  7
ARIAL
 41
0.9
 72
1
 11
8.618123543824428
 21
53.688791547962374
 31
0.0
100
AcDbText
 73
3
  0
LWPOLYLINE
  5
5C0
330
17
100
AcDbEntity
  8
E-ACERO-TXT
100
AcDbPolyline
 90
3
 70
0
 10
7.62
 20
50.86154042438445
 10
8.0
 20
50.36
 10
8.05
 20
50.36
  0
CIRCLE
  5
5C1
330
17
100
AcDbEntity
  8
E-ACERO-TXT
100
AcDbCircle
 10
7.62
 20
50.86154042438445
 30
0.0
 40
0.0125
  0
HATCH
  5
5C2
330
17
100
AcDbEntity
  8
E-ACERO-TXT
100
AcDbHatch
 10
0.0
 20
0.0
 30
0.0
210
0.0
220
0.0
230
1.0
  2
SOLID
 70
1
 71
0
 91
1
 92
1
 93
1
 72
2
 10
7.62
 20
50.86154042438445
 40
0.0125
 50
0
 51
360
 73
1
 97
0
 75
0
 76
1
 98
0
  0
TEXT
  5
5C3
330
17
100
AcDbEntity
  8
E-ACERO-TXT
100
AcDbText
 10
8.07
 20
50.36
 30
0.0
 40
0.045000000000000005
  1
E2: 6 Ø3/8" @ .21 inf.
  7
ARIAL
 41
0.9
 11
8.07
 21
50.36
 31
0.0
100
AcDbText
 73
2
  0
LWPOLYLINE
  5
5C4
330
17
100
AcDbEntity
  8
E-ACERO-TXT
100
AcDbPolyline
 90
3
 70
0
 10
8.067683219909668
 20
51.16917300224304
 10
8.3
 20
50.62
 10
8.350000000000001
 20
50.62
  0
CIRCLE
  5
5C5
330
17
100
AcDbEntity
  8
E-ACERO-TXT
100
AcDbCircle
 10
8.067683219909668
 20
51.16917300224304
 30
0.0
 40
0.0125
  0
HATCH
  5
5C6
330
17
100
AcDbEntity
  8
E-ACERO-TXT
100
AcDbHatch
 10
0.0
 20
0.0
 30
0.0
210
0.0
220
0.0
230
1.0
  2
SOLID
 70
1
 71
0
 91
1
 92
1
 93
1
 72
2
 10
8.067683219909668
 20
51.16917300224304
 40
0.0125
 50
0
 51
360
 73
1
 97
0
 75
0
 76
1
 98
0
  0
TEXT
  5
5C7
330
17
100
AcDbEntity
  8
E-ACERO-TXT
100
AcDbText
 10
8.370000000000001
 20
50.62
 30
0.0
 40
0.045000000000000005
  1
E4: 15 Ø3/8" @ .24 transv.
  7
ARIAL
 41
0.9
 11
8.370000000000001
 21
50.62
 31
0.0
100
AcDbText
 73
2
  0
LWPOLYLINE
  5
5C8
330
17
100
AcDbEntity
  8
E-ACERO-TXT
100
AcDbPolyline
 90
3
 70
0
 10
6.95
 20
50.526718527089
 10
6.55
 20
51.3
 10
6.5
 20
51.3
  0
CIRCLE
  5
5C9
330
17
100
AcDbEntity
  8
E-ACERO-TXT
100
AcDbCircle
 10
6.95
 20
50.526718527089
 30
0.0
 40
0.0125
  0
HATCH
  5
5CA
330
17
100
AcDbEntity
  8
E-ACERO-TXT
100
AcDbHatch
 10
0.0
 20
0.0
 30
0.0
210
0.0
220
0.0
230
1.0
  2
SOLID
 70
1
 71
0
 91
1
 92
1
 93
1
 72
2
 10
6.95
 20
50.526718527089
 40
0.0125
 50
0
 51
360
 73
1
 97
0
 75
0
 76
1
 98
0
  0
TEXT
  5
5CB
330
17
100
AcDbEntity
  8
E-ACERO-TXT
100
AcDbText
 10
6.48
 20
51.3
 30
0.0
 40
0.045000000000000005
  1
E3: 6 Ø3/8" @ .19 sup.
  7
ARIAL
 41
0.9
 72
2
 11
6.48
 21
51.3
 31
0.0
100
AcDbText
 73
2
  0
LWPOLYLINE
  5
5CC
330
17
100
AcDbEntity
  8
E-ACERO-TXT
100
AcDbPolyline
 90
3
 70
0
 10
9.33
 20
51.90081512928009
 10
9.33
 20
51.28
 10
9.38
 20
51.28
  0
CIRCLE
  5
5CD
330
17
100
AcDbEntity
  8
E-ACERO-TXT
100
AcDbCircle
 10
9.33
 20
51.90081512928009
 30
0.0
 40
0.0125
  0
HATCH
  5
5CE
330
17
100
AcDbEntity
  8
E-ACERO-TXT
100
AcDbHatch
 10
0.0
 20
0.0
 30
0.0
210
0.0
220
0.0
230
1.0
  2
SOLID
 70
1
 71
0
 91
1
 92
1
 93
1
 72
2
 10
9.33
 20
51.90081512928009
 40
0.0125
 50
0
 51
360
 73
1
 97
0
 75
0
 76
1
 98
0
  0
TEXT
  5
5CF
330
17
100
AcDbEntity
  8
E-ACERO-TXT
100
AcDbText
 10
9.4
 20
51.28
 30
0.0
 40
0.045000000000000005
  1
E7: 10 Ø3/8" @ .24
  7
ARIAL
 41
0.9
 11
9.4
 21
51.28
 31
0.0
100
AcDbText
 73
2
  0
LWPOLYLINE
  5
5D0
330
17
100
AcDbEntity
  8
E-ACERO-TXT
100
AcDbPolyline
 90
3
 70
0
 10
9.644047737121582
 20
51.91034018993378
 10
9.64
 20
51.52
 10
9.690000000000001
 20
51.52
  0
CIRCLE
  5
5D1
330
17
100
AcDbEntity
  8
E-ACERO-TXT
100
AcDbCircle
 10
9.644047737121582
 20
51.91034018993378
 30
0.0
 40
0.0125
  0
HATCH
  5
5D2
330
17
100
AcDbEntity
  8
E-ACERO-TXT
100
AcDbHatch
 10
0.0
 20
0.0
 30
0.0
210
0.0
220
0.0
230
1.0
  2
SOLID
 70
1
 71
0
 91
1
 92
1
 93
1
 72
2
 10
9.644047737121582
 20
51.91034018993378
 40
0.0125
 50
0
 51
360
 73
1
 97
0
 75
0
 76
1
 98
0
  0
TEXT
  5
5D3
330
17
100
AcDbEntity
  8
E-ACERO-TXT
100
AcDbText
 10
9.71
 20
51.52
 30
0.0
 40
0.045000000000000005
  1
E8: 6 Ø3/8" @ .24
  7
ARIAL
 41
0.9
 11
9.71
 21
51.52
 31
0.0
100
AcDbText
 73
2
  0
LWPOLYLINE
  5
5D4
330
17
100
AcDbEntity
  8
E-ACERO-TXT
100
AcDbPolyline
 90
3
 70
0
 10
6.95
 20
53.07976245880127
 10
6.62
 20
53.66
 10
6.57
 20
53.66
  0
CIRCLE
  5
5D5
330
17
100
AcDbEntity
  8
E-ACERO-TXT
100
AcDbCircle
 10
6.95
 20
53.07976245880127
 30
0.0
 40
0.0125
  0
HATCH
  5
5D6
330
17
100
AcDbEntity
  8
E-ACERO-TXT
100
AcDbHatch
 10
0.0
 20
0.0
 30
0.0
210
0.0
220
0.0
230
1.0
  2
SOLID
 70
1
 71
0
 91
1
 92
1
 93
1
 72
2
 10
6.95
 20
53.07976245880127
 40
0.0125
 50
0
 51
360
 73
1
 97
0
 75
0
 76
1
 98
0
  0
TEXT
  5
5D7
330
17
100
AcDbEntity
  8
E-ACERO-TXT
100
AcDbText
 10
6.550000000000001
 20
53.66
 30
0.0
 40
0.045000000000000005
  1
E9: 10 Ø3/8" @ .24
  7
ARIAL
 41
0.9
 72
2
 11
6.550000000000001
 21
53.66
 31
0.0
100
AcDbText
 73
2
  0
LWPOLYLINE
  5
5D8
330
17
100
AcDbEntity
  8
E-ACERO-TXT
100
AcDbPolyline
 90
3
 70
0
 10
6.585952281951904
 20
53.089287519454956
 10
6.4
 20
53.46
 10
6.3500000000000005
 20
53.46
  0
CIRCLE
  5
5D9
330
17
100
AcDbEntity
  8
E-ACERO-TXT
100
AcDbCircle
 10
6.585952281951904
 20
53.089287519454956
 30
0.0
 40
0.0125
  0
HATCH
  5
5DA
330
17
100
AcDbEntity
  8
E-ACERO-TXT
100
AcDbHatch
 10
0.0
 20
0.0
 30
0.0
210
0.0
220
0.0
230
1.0
  2
SOLID
 70
1
 71
0
 91
1
 92
1
 93
1
 72
2
 10
6.585952281951904
 20
53.089287519454956
 40
0.0125
 50
0
 51
360
 73
1
 97
0
 75
0
 76
1
 98
0
  0
TEXT
  5
5DB
330
17
100
AcDbEntity
  8
E-ACERO-TXT
100
AcDbText
 10
6.330000000000001
 20
53.46
 30
0.0
 40
0.045000000000000005
  1
E8: 6 Ø3/8" @ .23
  7
ARIAL
 41
0.9
 72
2
 11
6.330000000000001
 21
53.46
 31
0.0
100
AcDbText
 73
2
  0
LWPOLYLINE
  5
5DC
330
17
100
AcDbEntity
  8
E-ACERO-TXT
100
AcDbPolyline
 90
3
 70
0
 10
8.72
 20
53.979594484632045
 10
9.02
 20
53.52
 10
9.07
 20
53.52
  0
CIRCLE
  5
5DD
330
17
100
AcDbEntity
  8
E-ACERO-TXT
100
AcDbCircle
 10
8.72
 20
53.979594484632045
 30
0.0
 40
0.0125
  0
HATCH
  5
5DE
330
17
100
AcDbEntity
  8
E-ACERO-TXT
100
AcDbHatch
 10
0.0
 20
0.0
 30
0.0
210
0.0
220
0.0
230
1.0
  2
SOLID
 70
1
 71
0
 91
1
 92
1
 93
1
 72
2
 10
8.72
 20
53.979594484632045
 40
0.0125
 50
0
 51
360
 73
1
 97
0
 75
0
 76
1
 98
0
  0
TEXT
  5
5DF
330
17
100
AcDbEntity
  8
E-ACERO-TXT
100
AcDbText
 10
9.09
 20
53.52
 30
0.0
 40
0.045000000000000005
  1
E11: 6 Ø3/8" @ .21 inf.
  7
ARIAL
 41
0.9
 11
9.09
 21
53.52
 31
0.0
100
AcDbText
 73
2
  0
LWPOLYLINE
  5
5E0
330
17
100
AcDbEntity
  8
E-ACERO-TXT
100
AcDbPolyline
 90
3
 70
0
 10
8.248038291931152
 20
53.68417954444885
 10
8.62
 20
53.28
 10
8.67
 20
53.28
  0
CIRCLE
  5
5E1
330
17
100
AcDbEntity
  8
E-ACERO-TXT
100
AcDbCircle
 10
8.248038291931152
 20
53.68417954444885
 30
0.0
 40
0.0125
  0
HATCH
  5
5E2
330
17
100
AcDbEntity
  8
E-ACERO-TXT
100
AcDbHatch
 10
0.0
 20
0.0
 30
0.0
210
0.0
220
0.0
230
1.0
  2
SOLID
 70
1
 71
0
 91
1
 92
1
 93
1
 72
2
 10
8.248038291931152
 20
53.68417954444885
 40
0.0125
 50
0
 51
360
 73
1
 97
0
 75
0
 76
1
 98
0
  0
TEXT
  5
5E3
330
17
100
AcDbEntity
  8
E-ACERO-TXT
100
AcDbText
 10
8.69
 20
53.28
 30
0.0
 40
0.045000000000000005
  1
E4: 10 Ø3/8" @ .23 transv.
  7
ARIAL
 41
0.9
 11
8.69
 21
53.28
 31
0.0
100
AcDbText
 73
2
  0
LWPOLYLINE
  5
5E4
330
17
100
AcDbEntity
  8
E-ACERO-TXT
100
AcDbPolyline
 90
3
 70
0
 10
7.95
 20
53.58700256999307
 10
7.62
 20
54.38
 10
7.57
 20
54.38
  0
CIRCLE
  5
5E5
330
17
100
AcDbEntity
  8
E-ACERO-TXT
100
AcDbCircle
 10
7.95
 20
53.58700256999307
 30
0.0
 40
0.0125
  0
HATCH
  5
5E6
330
17
100
AcDbEntity
  8
E-ACERO-TXT
100
AcDbHatch
 10
0.0
 20
0.0
 30
0.0
210
0.0
220
0.0
230
1.0
  2
SOLID
 70
1
 71
0
 91
1
 92
1
 93
1
 72
2
 10
7.95
 20
53.58700256999307
 40
0.0125
 50
0
 51
360
 73
1
 97
0
 75
0
 76
1
 98
0
  0
TEXT
  5
5E7
330
17
100
AcDbEntity
  8
E-ACERO-TXT
100
AcDbText
 10
7.550000000000001
 20
54.38
 30
0.0
 40
0.045000000000000005
  1
E12: 6 Ø3/8" @ .19 sup.
  7
ARIAL
 41
0.9
 72
2
 11
7.550000000000001
 21
54.38
 31
0.0
100
AcDbText
 73
2
  0
LWPOLYLINE
  5
5E8
330
17
100
AcDbEntity
  8
E-ACERO-TXT
100
AcDbPolyline
 90
3
 70
0
 10
9.62
 20
54.37976264953613
 10
9.62
 20
53.92
 10
9.67
 20
53.92
  0
CIRCLE
  5
5E9
330
17
100
AcDbEntity
  8
E-ACERO-TXT
100
AcDbCircle
 10
9.62
 20
54.37976264953613
 30
0.0
 40
0.0125
  0
HATCH
  5
5EA
330
17
100
AcDbEntity
  8
E-ACERO-TXT
100
AcDbHatch
 10
0.0
 20
0.0
 30
0.0
210
0.0
220
0.0
230
1.0
  2
SOLID
 70
1
 71
0
 91
1
 92
1
 93
1
 72
2
 10
9.62
 20
54.37976264953613
 40
0.0125
 50
0
 51
360
 73
1
 97
0
 75
0
 76
1
 98
0
  0
TEXT
  5
5EB
330
17
100
AcDbEntity
  8
E-ACERO-TXT
100
AcDbText
 10
9.69
 20
53.92
 30
0.0
 40
0.045000000000000005
  1
E13: 10 Ø3/8" @ .24
  7
ARIAL
 41
0.9
 11
9.69
 21
53.92
 31
0.0
100
AcDbText
 73
2
  0
LWPOLYLINE
  5
5EC
330
17
100
AcDbEntity
  8
E-ACERO-TXT
100
AcDbPolyline
 90
3
 70
0
 10
9.912142753601074
 20
54.38928747177124
 10
9.91
 20
54.12
 10
9.96
 20
54.12
  0
CIRCLE
  5
5ED
330
17
100
AcDbEntity
  8
E-ACERO-TXT
100
AcDbCircle
 10
9.912142753601074
 20
54.38928747177124
 30
0.0
 40
0.0125
  0
HATCH
  5
5EE
330
17
100
AcDbEntity
  8
E-ACERO-TXT
100
AcDbHatch
 10
0.0
 20
0.0
 30
0.0
210
0.0
220
0.0
230
1.0
  2
SOLID
 70
1
 71
0
 91
1
 92
1
 93
1
 72
2
 10
9.912142753601074
 20
54.38928747177124
 40
0.0125
 50
0
 51
360
 73
1
 97
0
 75
0
 76
1
 98
0
  0
TEXT
  5
5EF
330
17
100
AcDbEntity
  8
E-ACERO-TXT
100
AcDbText
 10
9.98
 20
54.12
 30
0.0
 40
0.045000000000000005
  1
E8: 6 Ø3/8" @ .21
  7
ARIAL
 41
0.9
 11
9.98
 21
54.12
 31
0.0
100
AcDbText
 73
2
  0
LWPOLYLINE
  5
5F0
330
17
100
AcDbEntity
  8
E-ACERO-TXT
100
AcDbPolyline
 90
3
 70
0
 10
6.159760000000075
 20
49.45
 10
6.62
 20
49.58
 10
6.67
 20
49.58
  0
CIRCLE
  5
5F1
330
17
100
AcDbEntity
  8
E-ACERO-TXT
100
AcDbCircle
 10
6.159760000000075
 20
49.45
 30
0.0
 40
0.0125
  0
HATCH
  5
5F2
330
17
100
AcDbEntity
  8
E-ACERO-TXT
100
AcDbHatch
 10
0.0
 20
0.0
 30
0.0
210
0.0
220
0.0
230
1.0
  2
SOLID
 70
1
 71
0
 91
1
 92
1
 93
1
 72
2
 10
6.159760000000075
 20
49.45
 40
0.0125
 50
0
 51
360
 73
1
 97
0
 75
0
 76
1
 98
0
  0
TEXT
  5
5F3
330
17
100
AcDbEntity
  8
E-ACERO-TXT
100
AcDbText
 10
6.6899999999999995
 20
49.58
 30
0.0
 40
0.045000000000000005
  1
E1: 5 mechas Ø3/8" (ver detalle)
  7
ARIAL
 41
0.9
 11
6.6899999999999995
 21
49.58
 31
0.0
100
AcDbText
 73
2
  0
TEXT
  5
5F4
330
17
100
AcDbEntity
  8
E-TEXTO
100
AcDbText
 10
6.25
 20
49.28
 30
0.0
 40
0.04000000000000001
  1
CIMIENTO DE
  7
ARIAL
 41
0.9
 72
1
 11
6.25
 21
49.28
 31
0.0
100
AcDbText
 73
2
  0
TEXT
  5
5F5
330
17
100
AcDbEntity
  8
E-TEXTO
100
AcDbText
 10
6.25
 20
49.2
 30
0.0
 40
0.04000000000000001
  1
ARRANQUE
  7
ARIAL
 41
0.9
 72
1
 11
6.25
 21
49.2
 31
0.0
100
AcDbText
 73
2
  0
DIMENSION
  5
5F6
330
17
100
AcDbEntity
  8
E-COTA
100
AcDbDimension
280
0
  2
*D34
  3
COTA25
 10
6.835643291473389
 20
52.86
 30
0.0
 11
7.080702066421509
 21
52.8975
 31
0.0
 70
32
 71
5
  1
0.50
100
AcDbAlignedDimension
 13
6.835643291473389
 23
53.07976245880127
 33
0.0
 14
7.325760841369629
 24
53.07976245880127
 34
0.0
 50
0.0
100
AcDbRotatedDimension
1001
ACAD
1000
DSTYLE
1002
{
1070
271
1070
2
1002
}
  0
DIMENSION
  5
605
330
17
100
AcDbEntity
  8
E-COTA
100
AcDbDimension
280
0
  2
*D35
  3
COTA25
 10
8.960387706756592
 20
52.16
 30
0.0
 11
9.149533033370972
 21
52.1975
 31
0.0
 70
32
 71
5
  1
0.40
100
AcDbAlignedDimension
 13
8.960387706756592
 23
51.98969259895325
 33
0.0
 14
9.338678359985352
 24
51.98969259895325
 34
0.0
 50
0.0
100
AcDbRotatedDimension
1001
ACAD
1000
DSTYLE
1002
{
1070
271
1070
2
1002
}
  0
DIMENSION
  5
614
330
17
100
AcDbEntity
  8
E-COTA
100
AcDbDimension
280
0
  2
*D36
  3
COTA25
 10
9.103544235229492
 20
54.62
 30
0.0
 11
9.298662185668945
 21
54.6575
 31
0.0
 70
32
 71
5
  1
0.40
100
AcDbAlignedDimension
 13
9.103544235229492
 23
54.470237731933594
 33
0.0
 14
9.493780136108398
 24
54.470237731933594
 34
0.0
 50
0.0
100
AcDbRotatedDimension
1001
ACAD
1000
DSTYLE
1002
{
1070
271
1070
2
1002
}
  0
LINE
  5
623
330
17
100
AcDbEntity
  8
E-EJES
  6
EJE25
100
AcDbLine
 10
6.3999999999999595
 20
48.93
 30
0.0
 11
6.3999999999999595
 21
48.95
 31
0.0
  0
CIRCLE
  5
624
330
17
100
AcDbEntity
  8
E-EJES-ID
100
AcDbCircle
 10
6.3999999999999595
 20
48.83
 30
0.0
 40
0.1
  0
TEXT
  5
625
330
17
100
AcDbEntity
  8
E-EJES-ID
100
AcDbText
 10
6.3999999999999595
 20
48.83
 30
0.0
 40
0.07500000000000001
  1
A-2
  7
ARIAL
 41
0.8
 72
1
 11
6.3999999999999595
 21
48.83
 31
0.0
100
AcDbText
 73
2
  0
LINE
  5
626
330
17
100
AcDbEntity
  8
E-EJES
  6
EJE25
100
AcDbLine
 10
9.999999999999954
 20
48.93
 30
0.0
 11
9.999999999999954
 21
48.95
 31
0.0
  0
CIRCLE
  5
627
330
17
100
AcDbEntity
  8
E-EJES-ID
100
AcDbCircle
 10
9.999999999999954
 20
48.83
 30
0.0
 40
0.1
  0
TEXT
  5
628
330
17
100
AcDbEntity
  8
E-EJES-ID
100
AcDbText
 10
9.999999999999954
 20
48.83
 30
0.0
 40
0.07500000000000001
  1
A-3
  7
ARIAL
 41
0.8
 72
1
 11
9.999999999999954
 21
48.83
 31
0.0
100
AcDbText
 73
2
  0
LWPOLYLINE
  5
629
330
17
100
AcDbEntity
  8
E-NIVEL
100
AcDbPolyline
 90
3
 70
1
 10
5.98
 20
83.2
 10
5.94
 20
83.264
 10
6.0200000000000005
 20
83.264
  0
HATCH
  5
62A
330
17
100
AcDbEntity
  8
E-NIVEL
 62
7
100
AcDbHatch
 10
0.0
 20
0.0
 30
0.0
210
0.0
220
0.0
230
1.0
  2
SOLID
 70
1
 71
0
 91
1
 92
3
 72
0
 73
1
 93
3
 10
5.98
 20
83.2
 10
5.94
 20
83.264
 10
5.98
 20
83.264
 97
0
 75
0
 76
1
 98
0
  0
LINE
  5
62B
330
17
100
AcDbEntity
  8
E-NIVEL
100
AcDbLine
 10
5.705
 20
83.264
 30
0.0
 11
6.0200000000000005
 21
83.264
 31
0.0
  0
TEXT
  5
62C
330
17
100
AcDbEntity
  8
E-NIVEL
100
AcDbText
 10
5.7175
 20
83.284
 30
0.0
 40
0.05
  1
NPT +3.20  (N2)
  7
ARIAL
 41
0.9
 11
5.7175
 21
83.284
 31
0.0
100
AcDbText
 73
1
  0
LWPOLYLINE
  5
62D
330
17
100
AcDbEntity
  8
E-NIVEL
100
AcDbPolyline
 90
3
 70
1
 10
5.98
 20
85.8
 10
5.94
 20
85.864
 10
6.0200000000000005
 20
85.864
  0
HATCH
  5
62E
330
17
100
AcDbEntity
  8
E-NIVEL
 62
7
100
AcDbHatch
 10
0.0
 20
0.0
 30
0.0
210
0.0
220
0.0
230
1.0
  2
SOLID
 70
1
 71
0
 91
1
 92
3
 72
0
 73
1
 93
3
 10
5.98
 20
85.8
 10
5.94
 20
85.864
 10
5.98
 20
85.864
 97
0
 75
0
 76
1
 98
0
  0
LINE
  5
62F
330
17
100
AcDbEntity
  8
E-NIVEL
100
AcDbLine
 10
5.705
 20
85.864
 30
0.0
 11
6.0200000000000005
 21
85.864
 31
0.0
  0
TEXT
  5
630
330
17
100
AcDbEntity
  8
E-NIVEL
100
AcDbText
 10
5.7175
 20
85.884
 30
0.0
 40
0.05
  1
NPT +5.80  (N3)
  7
ARIAL
 41
0.9
 11
5.7175
 21
85.884
 31
0.0
100
AcDbText
 73
1
  0
LWPOLYLINE
  5
631
330
17
100
AcDbEntity
  8
E-NIVEL
100
AcDbPolyline
 90
3
 70
1
 10
10.25
 20
82.02105263157895
 10
10.21
 20
82.08505263157895
 10
10.29
 20
82.08505263157895
  0
HATCH
  5
632
330
17
100
AcDbEntity
  8
E-NIVEL
 62
7
100
AcDbHatch
 10
0.0
 20
0.0
 30
0.0
210
0.0
220
0.0
230
1.0
  2
SOLID
 70
1
 71
0
 91
1
 92
3
 72
0
 73
1
 93
3
 10
10.25
 20
82.02105263157895
 10
10.21
 20
82.08505263157895
 10
10.25
 20
82.08505263157895
 97
0
 75
0
 76
1
 98
0
  0
LINE
  5
633
330
17
100
AcDbEntity
  8
E-NIVEL
100
AcDbLine
 10
10.21
 20
82.08505263157895
 30
0.0
 11
10.525
 21
82.08505263157895
 31
0.0
  0
TEXT
  5
634
330
17
100
AcDbEntity
  8
E-NIVEL
100
AcDbText
 10
10.33
 20
82.10505263157894
 30
0.0
 40
0.05
  1
NPT +2.02
  7
ARIAL
 41
0.9
 11
10.33
 21
82.10505263157894
 31
0.0
100
AcDbText
 73
1
  0
LWPOLYLINE
  5
635
330
17
100
AcDbEntity
  8
E-NIVEL
100
AcDbPolyline
 90
3
 70
1
 10
10.25
 20
84.5
 10
10.21
 20
84.56400000000001
 10
10.29
 20
84.56400000000001
  0
HATCH
  5
636
330
17
100
AcDbEntity
  8
E-NIVEL
 62
7
100
AcDbHatch
 10
0.0
 20
0.0
 30
0.0
210
0.0
220
0.0
230
1.0
  2
SOLID
 70
1
 71
0
 91
1
 92
3
 72
0
 73
1
 93
3
 10
10.25
 20
84.5
 10
10.21
 20
84.56400000000001
 10
10.25
 20
84.56400000000001
 97
0
 75
0
 76
1
 98
0
  0
LINE
  5
637
330
17
100
AcDbEntity
  8
E-NIVEL
100
AcDbLine
 10
10.21
 20
84.56400000000001
 30
0.0
 11
10.525
 21
84.56400000000001
 31
0.0
  0
TEXT
  5
638
330
17
100
AcDbEntity
  8
E-NIVEL
100
AcDbText
 10
10.33
 20
84.584
 30
0.0
 40
0.05
  1
NPT +4.50
  7
ARIAL
 41
0.9
 11
10.33
 21
84.584
 31
0.0
100
AcDbText
 73
1
  0
DIMENSION
  5
639
330
17
100
AcDbEntity
  8
E-COTA
100
AcDbDimension
280
0
  2
*D37
  3
COTA25
 10
10.92
 20
82.02105263157895
 30
0.0
 11
10.8825
 21
82.61052631578949
 31
0.0
 70
32
 71
5
  1
7 cp @ .168 = 1.18
100
AcDbAlignedDimension
 13
10.74
 23
82.02105263157895
 33
0.0
 14
10.74
 24
83.2
 34
0.0
 50
90.0
100
AcDbRotatedDimension
1001
ACAD
1000
DSTYLE
1002
{
1070
271
1070
2
1002
}
  0
DIMENSION
  5
648
330
17
100
AcDbEntity
  8
E-COTA
100
AcDbDimension
280
0
  2
*D38
  3
COTA25
 10
10.92
 20
83.2
 30
0.0
 11
10.8825
 21
83.85
 31
0.0
 70
32
 71
5
  1
8 cp @ .163 = 1.30
100
AcDbAlignedDimension
 13
10.74
 23
83.2
 33
0.0
 14
10.74
 24
84.5
 34
0.0
 50
90.0
100
AcDbRotatedDimension
1001
ACAD
1000
DSTYLE
1002
{
1070
271
1070
2
1002
}
  0
DIMENSION
  5
657
330
17
100
AcDbEntity
  8
E-COTA
100
AcDbDimension
280
0
  2
*D39
  3
COTA25
 10
10.92
 20
84.5
 30
0.0
 11
10.8825
 21
85.15
 31
0.0
 70
32
 71
5
  1
8 cp @ .162 = 1.30
100
AcDbAlignedDimension
 13
10.74
 23
84.5
 33
0.0
 14
10.74
 24
85.8
 34
0.0
 50
90.0
100
AcDbRotatedDimension
1001
ACAD
1000
DSTYLE
1002
{
1070
271
1070
2
1002
}
  0
DIMENSION
  5
666
330
17
100
AcDbEntity
  8
E-COTA
100
AcDbDimension
280
0
  2
*D40
  3
COTA25
 10
6.100000000000073
 20
83.47
 30
0.0
 11
6.700000000000074
 21
83.5075
 31
0.0
 70
32
 71
5
  1
plataf. 1.20
100
AcDbAlignedDimension
 13
6.100000000000073
 23
83.2
 33
0.0
 14
7.3000000000000735
 24
83.2
 34
0.0
 50
0.0
100
AcDbRotatedDimension
1001
ACAD
1000
DSTYLE
1002
{
1070
271
1070
2
1002
}
  0
DIMENSION
  5
675
330
17
100
AcDbEntity
  8
E-COTA
100
AcDbDimension
280
0
  2
*D41
  3
COTA25
 10
7.3000000000000735
 20
83.47
 30
0.0
 11
8.100000000000074
 21
83.5075
 31
0.0
 70
32
 71
5
  1
6 p @ .267 = 1.60
100
AcDbAlignedDimension
 13
7.3000000000000735
 23
83.2
 33
0.0
 14
8.900000000000075
 24
82.02105263157895
 34
0.0
 50
0.0
100
AcDbRotatedDimension
1001
ACAD
1000
DSTYLE
1002
{
1070
271
1070
2
1002
}
  0
DIMENSION
  5
684
330
17
100
AcDbEntity
  8
E-COTA
100
AcDbDimension
280
0
  2
*D42
  3
COTA25
 10
8.900000000000075
 20
83.47
 30
0.0
 11
9.525000000000077
 21
83.5075
 31
0.0
 70
32
 71
5
  1
descanso 1.25
100
AcDbAlignedDimension
 13
8.900000000000075
 23
82.02105263157895
 33
0.0
 14
10.150000000000079
 24
82.02105263157895
 34
0.0
 50
0.0
100
AcDbRotatedDimension
1001
ACAD
1000
DSTYLE
1002
{
1070
271
1070
2
1002
}
  0
DIMENSION
  5
693
330
17
100
AcDbEntity
  8
E-COTA
100
AcDbDimension
280
0
  2
*D43
  3
COTA25
 10
6.100000000000073
 20
86.07
 30
0.0
 11
6.700000000000074
 21
86.10749999999999
 31
0.0
 70
32
 71
5
  1
plataf. 1.20
100
AcDbAlignedDimension
 13
6.100000000000073
 23
85.8
 33
0.0
 14
7.3000000000000735
 24
85.8
 34
0.0
 50
0.0
100
AcDbRotatedDimension
1001
ACAD
1000
DSTYLE
1002
{
1070
271
1070
2
1002
}
  0
DIMENSION
  5
6A2
330
17
100
AcDbEntity
  8
E-COTA
100
AcDbDimension
280
0
  2
*D44
  3
COTA25
 10
7.3000000000000735
 20
86.07
 30
0.0
 11
8.175000000000074
 21
86.10749999999999
 31
0.0
 70
32
 71
5
  1
7 p @ .25 = 1.75
100
AcDbAlignedDimension
 13
7.3000000000000735
 23
85.8
 33
0.0
 14
9.050000000000074
 24
84.5
 34
0.0
 50
0.0
100
AcDbRotatedDimension
1001
ACAD
1000
DSTYLE
1002
{
1070
271
1070
2
1002
}
  0
DIMENSION
  5
6B1
330
17
100
AcDbEntity
  8
E-COTA
100
AcDbDimension
280
0
  2
*D45
  3
COTA25
 10
9.050000000000074
 20
86.07
 30
0.0
 11
9.600000000000072
 21
86.10749999999999
 31
0.0
 70
32
 71
5
  1
desc. 1.10
100
AcDbAlignedDimension
 13
9.050000000000074
 23
84.5
 33
0.0
 14
10.150000000000073
 24
84.5
 34
0.0
 50
0.0
100
AcDbRotatedDimension
1001
ACAD
1000
DSTYLE
1002
{
1070
271
1070
2
1002
}
  0
DIMENSION
  5
6C0
330
17
100
AcDbEntity
  8
E-COTA
100
AcDbDimension
280
0
  2
*D46
  3
COTA25
 10
7.566667
 20
82.9432
 30
0.0
 11
7.699999999999999
 21
83.0107
 31
0.0
 70
32
 71
5
  1
p=0.267
100
AcDbAlignedDimension
 13
7.566667
 23
82.8632
 33
0.0
 14
7.833333
 24
82.8632
 34
0.0
 50
0.0
100
AcDbRotatedDimension
1001
ACAD
1000
DSTYLE
1002
{
1070
271
1070
2
1002
}
  0
DIMENSION
  5
6CF
330
17
100
AcDbEntity
  8
E-COTA
100
AcDbDimension
280
0
  2
*D47
  3
COTA25
 10
7.918333
 20
82.6947
 30
0.0
 11
7.850833
 21
82.77895000000001
 31
0.0
 70
32
 71
5
  1
cp=0.168
100
AcDbAlignedDimension
 13
7.833333
 23
82.6947
 33
0.0
 14
7.833333
 24
82.8632
 34
0.0
 50
90.0
100
AcDbRotatedDimension
1001
ACAD
1000
DSTYLE
1002
{
1070
271
1070
2
1002
}
  0
DIMENSION
  5
6DE
330
17
100
AcDbEntity
  8
E-COTA
100
AcDbDimension
280
0
  2
*D48
  3
COTA25
 10
7.55
 20
85.555
 30
0.0
 11
7.675
 21
85.6225
 31
0.0
 70
32
 71
5
  1
p=0.25
100
AcDbAlignedDimension
 13
7.55
 23
85.475
 33
0.0
 14
7.8
 24
85.475
 34
0.0
 50
0.0
100
AcDbRotatedDimension
1001
ACAD
1000
DSTYLE
1002
{
1070
271
1070
2
1002
}
  0
DIMENSION
  5
6ED
330
17
100
AcDbEntity
  8
E-COTA
100
AcDbDimension
280
0
  2
*D49
  3
COTA25
 10
7.885
 20
85.3125
 30
0.0
 11
7.8175
 21
85.39375
 31
0.0
 70
32
 71
5
  1
cp=0.162
100
AcDbAlignedDimension
 13
7.8
 23
85.3125
 33
0.0
 14
7.8
 24
85.475
 34
0.0
 50
90.0
100
AcDbRotatedDimension
1001
ACAD
1000
DSTYLE
1002
{
1070
271
1070
2
1002
}
  0
LINE
  5
6FC
330
17
100
AcDbEntity
  8
E-COTA
100
AcDbLine
 10
8.442991351476238
 20
82.15888906351697
 30
0.0
 11
8.457008648523761
 21
82.09681237398313
 31
0.0
  0
LINE
  5
6FD
330
17
100
AcDbEntity
  8
E-COTA
100
AcDbLine
 10
8.523090257948882
 20
82.2857122462288
 30
0.0
 11
8.537107554996405
 21
82.22363555669494
 31
0.0
  0
LINE
  5
6FE
330
17
100
AcDbEntity
  8
E-COTA
100
AcDbLine
 10
8.530098906472643
 20
82.25467390146187
 30
0.0
 11
8.383250843768998
 21
82.02216462627592
 31
0.0
  0
TEXT
  5
6FF
330
17
100
AcDbEntity
  8
E-COTA
100
AcDbText
 10
8.383250843768998
 20
81.98216462627592
 30
0.0
 40
0.045000000000000005
  1
t = 0.15
  7
ARIAL
 41
0.9
 72
1
 11
8.383250843768998
 21
81.98216462627592
 31
0.0
100
AcDbText
 73
3
  0
LINE
  5
700
330
17
100
AcDbEntity
  8
E-COTA
100
AcDbLine
 10
8.443397256521632
 20
84.7422242192552
 30
0.0
 11
8.456602743478367
 21
84.67996978074488
 31
0.0
  0
LINE
  5
701
330
17
100
AcDbEntity
  8
E-COTA
100
AcDbLine
 10
8.525145551776465
 20
84.86799082733957
 30
0.0
 11
8.5383510387332
 21
84.80573638882925
 31
0.0
  0
LINE
  5
702
330
17
100
AcDbEntity
  8
E-COTA
100
AcDbLine
 10
8.531748295254832
 20
84.8368636080844
 30
0.0
 11
8.381876456175572
 21
84.60629154796247
 31
0.0
  0
TEXT
  5
703
330
17
100
AcDbEntity
  8
E-COTA
100
AcDbText
 10
8.381876456175572
 20
84.56629154796246
 30
0.0
 40
0.045000000000000005
  1
t = 0.15
  7
ARIAL
 41
0.9
 72
1
 11
8.381876456175572
 21
84.56629154796246
 31
0.0
100
AcDbText
 73
3
  0
LWPOLYLINE
  5
704
330
17
100
AcDbEntity
  8
E-ACERO-TXT
100
AcDbPolyline
 90
3
 70
0
 10
7.75
 20
82.60888834167511
 10
7.45
 20
82.05
 10
7.4
 20
82.05
  0
CIRCLE
  5
705
330
17
100
AcDbEntity
  8
E-ACERO-TXT
100
AcDbCircle
 10
7.75
 20
82.60888834167511
 30
0.0
 40
0.0125
  0
HATCH
  5
706
330
17
100
AcDbEntity
  8
E-ACERO-TXT
100
AcDbHatch
 10
0.0
 20
0.0
 30
0.0
210
0.0
220
0.0
230
1.0
  2
SOLID
 70
1
 71
0
 91
1
 92
1
 93
1
 72
2
 10
7.75
 20
82.60888834167511
 40
0.0125
 50
0
 51
360
 73
1
 97
0
 75
0
 76
1
 98
0
  0
TEXT
  5
707
330
17
100
AcDbEntity
  8
E-ACERO-TXT
100
AcDbText
 10
7.380000000000001
 20
82.05
 30
0.0
 40
0.045000000000000005
  1
E5: 6 Ø3/8" @ .21 inf.
  7
ARIAL
 41
0.9
 72
2
 11
7.380000000000001
 21
82.05
 31
0.0
100
AcDbText
 73
2
  0
LWPOLYLINE
  5
708
330
17
100
AcDbEntity
  8
E-ACERO-TXT
100
AcDbPolyline
 90
3
 70
0
 10
8.120979309082031
 20
82.38212084770203
 10
7.8
 20
81.83
 10
7.75
 20
81.83
  0
CIRCLE
  5
709
330
17
100
AcDbEntity
  8
E-ACERO-TXT
100
AcDbCircle
 10
8.120979309082031
 20
82.38212084770203
 30
0.0
 40
0.0125
  0
HATCH
  5
70A
330
17
100
AcDbEntity
  8
E-ACERO-TXT
100
AcDbHatch
 10
0.0
 20
0.0
 30
0.0
210
0.0
220
0.0
230
1.0
  2
SOLID
 70
1
 71
0
 91
1
 92
1
 93
1
 72
2
 10
8.120979309082031
 20
82.38212084770203
 40
0.0125
 50
0
 51
360
 73
1
 97
0
 75
0
 76
1
 98
0
  0
TEXT
  5
70B
330
17
100
AcDbEntity
  8
E-ACERO-TXT
100
AcDbText
 10
7.73
 20
81.83
 30
0.0
 40
0.045000000000000005
  1
E4: 9 Ø3/8" @ .23 transv.
  7
ARIAL
 41
0.9
 72
2
 11
7.73
 21
81.83
 31
0.0
100
AcDbText
 73
2
  0
LWPOLYLINE
  5
70C
330
17
100
AcDbEntity
  8
E-ACERO-TXT
100
AcDbPolyline
 90
3
 70
0
 10
8.2
 20
82.42795925009702
 10
8.549999999999999
 20
83.02
 10
8.6
 20
83.02
  0
CIRCLE
  5
70D
330
17
100
AcDbEntity
  8
E-ACERO-TXT
100
AcDbCircle
 10
8.2
 20
82.42795925009702
 30
0.0
 40
0.0125
  0
HATCH
  5
70E
330
17
100
AcDbEntity
  8
E-ACERO-TXT
100
AcDbHatch
 10
0.0
 20
0.0
 30
0.0
210
0.0
220
0.0
230
1.0
  2
SOLID
 70
1
 71
0
 91
1
 92
1
 93
1
 72
2
 10
8.2
 20
82.42795925009702
 40
0.0125
 50
0
 51
360
 73
1
 97
0
 75
0
 76
1
 98
0
  0
TEXT
  5
70F
330
17
100
AcDbEntity
  8
E-ACERO-TXT
100
AcDbText
 10
8.62
 20
83.02
 30
0.0
 40
0.045000000000000005
  1
E6: 6 Ø3/8" @ .19 sup.
  7
ARIAL
 41
0.9
 11
8.62
 21
83.02
 31
0.0
100
AcDbText
 73
2
  0
LWPOLYLINE
  5
710
330
17
100
AcDbEntity
  8
E-ACERO-TXT
100
AcDbPolyline
 90
3
 70
0
 10
7.75
 20
85.20159445797235
 10
7.45
 20
84.62
 10
7.4
 20
84.62
  0
CIRCLE
  5
711
330
17
100
AcDbEntity
  8
E-ACERO-TXT
100
AcDbCircle
 10
7.75
 20
85.20159445797235
 30
0.0
 40
0.0125
  0
HATCH
  5
712
330
17
100
AcDbEntity
  8
E-ACERO-TXT
100
AcDbHatch
 10
0.0
 20
0.0
 30
0.0
210
0.0
220
0.0
230
1.0
  2
SOLID
 70
1
 71
0
 91
1
 92
1
 93
1
 72
2
 10
7.75
 20
85.20159445797235
 40
0.0125
 50
0
 51
360
 73
1
 97
0
 75
0
 76
1
 98
0
  0
TEXT
  5
713
330
17
100
AcDbEntity
  8
E-ACERO-TXT
100
AcDbText
 10
7.380000000000001
 20
84.62
 30
0.0
 40
0.045000000000000005
  1
E11: 6 Ø3/8" @ .21 inf.
  7
ARIAL
 41
0.9
 72
2
 11
7.380000000000001
 21
84.62
 31
0.0
100
AcDbText
 73
2
  0
LWPOLYLINE
  5
714
330
17
100
AcDbEntity
  8
E-ACERO-TXT
100
AcDbPolyline
 90
3
 70
0
 10
8.101962089538574
 20
84.98417949676514
 10
7.8
 20
84.4
 10
7.75
 20
84.4
  0
CIRCLE
  5
715
330
17
100
AcDbEntity
  8
E-ACERO-TXT
100
AcDbCircle
 10
8.101962089538574
 20
84.98417949676514
 30
0.0
 40
0.0125
  0
HATCH
  5
716
330
17
100
AcDbEntity
  8
E-ACERO-TXT
100
AcDbHatch
 10
0.0
 20
0.0
 30
0.0
210
0.0
220
0.0
230
1.0
  2
SOLID
 70
1
 71
0
 91
1
 92
1
 93
1
 72
2
 10
8.101962089538574
 20
84.98417949676514
 40
0.0125
 50
0
 51
360
 73
1
 97
0
 75
0
 76
1
 98
0
  0
TEXT
  5
717
330
17
100
AcDbEntity
  8
E-ACERO-TXT
100
AcDbText
 10
7.73
 20
84.4
 30
0.0
 40
0.045000000000000005
  1
E4: 10 Ø3/8" @ .23 transv.
  7
ARIAL
 41
0.9
 72
2
 11
7.73
 21
84.4
 31
0.0
100
AcDbText
 73
2
  0
LWPOLYLINE
  5
718
330
17
100
AcDbEntity
  8
E-ACERO-TXT
100
AcDbPolyline
 90
3
 70
0
 10
8.2
 20
85.01700236112428
 10
8.549999999999999
 20
85.62
 10
8.6
 20
85.62
  0
CIRCLE
  5
719
330
17
100
AcDbEntity
  8
E-ACERO-TXT
100
AcDbCircle
 10
8.2
 20
85.01700236112428
 30
0.0
 40
0.0125
  0
HATCH
  5
71A
330
17
100
AcDbEntity
  8
E-ACERO-TXT
100
AcDbHatch
 10
0.0
 20
0.0
 30
0.0
210
0.0
220
0.0
230
1.0
  2
SOLID
 70
1
 71
0
 91
1
 92
1
 93
1
 72
2
 10
8.2
 20
85.01700236112428
 40
0.0125
 50
0
 51
360
 73
1
 97
0
 75
0
 76
1
 98
0
  0
TEXT
  5
71B
330
17
100
AcDbEntity
  8
E-ACERO-TXT
100
AcDbText
 10
8.62
 20
85.62
 30
0.0
 40
0.045000000000000005
  1
E12: 6 Ø3/8" @ .19 sup.
  7
ARIAL
 41
0.9
 11
8.62
 21
85.62
 31
0.0
100
AcDbText
 73
2
  0
LWPOLYLINE
  5
71C
330
17
100
AcDbEntity
  8
E-ACERO-TXT
100
AcDbPolyline
 90
3
 70
0
 10
9.33
 20
81.90081512928009
 10
9.33
 20
81.56
 10
9.38
 20
81.56
  0
CIRCLE
  5
71D
330
17
100
AcDbEntity
  8
E-ACERO-TXT
100
AcDbCircle
 10
9.33
 20
81.90081512928009
 30
0.0
 40
0.0125
  0
HATCH
  5
71E
330
17
100
AcDbEntity
  8
E-ACERO-TXT
100
AcDbHatch
 10
0.0
 20
0.0
 30
0.0
210
0.0
220
0.0
230
1.0
  2
SOLID
 70
1
 71
0
 91
1
 92
1
 93
1
 72
2
 10
9.33
 20
81.90081512928009
 40
0.0125
 50
0
 51
360
 73
1
 97
0
 75
0
 76
1
 98
0
  0
TEXT
  5
71F
330
17
100
AcDbEntity
  8
E-ACERO-TXT
100
AcDbText
 10
9.4
 20
81.56
 30
0.0
 40
0.045000000000000005
  1
E7: 10 Ø3/8" @ .24
  7
ARIAL
 41
0.9
 11
9.4
 21
81.56
 31
0.0
100
AcDbText
 73
2
  0
LWPOLYLINE
  5
720
330
17
100
AcDbEntity
  8
E-ACERO-TXT
100
AcDbPolyline
 90
3
 70
0
 10
9.644047737121582
 20
81.91034018993378
 10
9.64
 20
81.75
 10
9.690000000000001
 20
81.75
  0
CIRCLE
  5
721
330
17
100
AcDbEntity
  8
E-ACERO-TXT
100
AcDbCircle
 10
9.644047737121582
 20
81.91034018993378
 30
0.0
 40
0.0125
  0
HATCH
  5
722
330
17
100
AcDbEntity
  8
E-ACERO-TXT
100
AcDbHatch
 10
0.0
 20
0.0
 30
0.0
210
0.0
220
0.0
230
1.0
  2
SOLID
 70
1
 71
0
 91
1
 92
1
 93
1
 72
2
 10
9.644047737121582
 20
81.91034018993378
 40
0.0125
 50
0
 51
360
 73
1
 97
0
 75
0
 76
1
 98
0
  0
TEXT
  5
723
330
17
100
AcDbEntity
  8
E-ACERO-TXT
100
AcDbText
 10
9.71
 20
81.75
 30
0.0
 40
0.045000000000000005
  1
E8: 6 Ø3/8" @ .24
  7
ARIAL
 41
0.9
 11
9.71
 21
81.75
 31
0.0
100
AcDbText
 73
2
  0
LWPOLYLINE
  5
724
330
17
100
AcDbEntity
  8
E-ACERO-TXT
100
AcDbPolyline
 90
3
 70
0
 10
9.33
 20
84.37976264953613
 10
9.33
 20
84.04
 10
9.38
 20
84.04
  0
CIRCLE
  5
725
330
17
100
AcDbEntity
  8
E-ACERO-TXT
100
AcDbCircle
 10
9.33
 20
84.37976264953613
 30
0.0
 40
0.0125
  0
HATCH
  5
726
330
17
100
AcDbEntity
  8
E-ACERO-TXT
100
AcDbHatch
 10
0.0
 20
0.0
 30
0.0
210
0.0
220
0.0
230
1.0
  2
SOLID
 70
1
 71
0
 91
1
 92
1
 93
1
 72
2
 10
9.33
 20
84.37976264953613
 40
0.0125
 50
0
 51
360
 73
1
 97
0
 75
0
 76
1
 98
0
  0
TEXT
  5
727
330
17
100
AcDbEntity
  8
E-ACERO-TXT
100
AcDbText
 10
9.4
 20
84.04
 30
0.0
 40
0.045000000000000005
  1
E13: 10 Ø3/8" @ .24
  7
ARIAL
 41
0.9
 11
9.4
 21
84.04
 31
0.0
100
AcDbText
 73
2
  0
LWPOLYLINE
  5
728
330
17
100
AcDbEntity
  8
E-ACERO-TXT
100
AcDbPolyline
 90
3
 70
0
 10
9.704047203063965
 20
84.38928747177124
 10
9.64
 20
84.23
 10
9.690000000000001
 20
84.23
  0
CIRCLE
  5
729
330
17
100
AcDbEntity
  8
E-ACERO-TXT
100
AcDbCircle
 10
9.704047203063965
 20
84.38928747177124
 30
0.0
 40
0.0125
  0
HATCH
  5
72A
330
17
100
AcDbEntity
  8
E-ACERO-TXT
100
AcDbHatch
 10
0.0
 20
0.0
 30
0.0
210
0.0
220
0.0
230
1.0
  2
SOLID
 70
1
 71
0
 91
1
 92
1
 93
1
 72
2
 10
9.704047203063965
 20
84.38928747177124
 40
0.0125
 50
0
 51
360
 73
1
 97
0
 75
0
 76
1
 98
0
  0
TEXT
  5
72B
330
17
100
AcDbEntity
  8
E-ACERO-TXT
100
AcDbText
 10
9.71
 20
84.23
 30
0.0
 40
0.045000000000000005
  1
E8: 6 Ø3/8" @ .21
  7
ARIAL
 41
0.9
 11
9.71
 21
84.23
 31
0.0
100
AcDbText
 73
2
  0
LWPOLYLINE
  5
72C
330
17
100
AcDbEntity
  8
E-ACERO-TXT
100
AcDbPolyline
 90
3
 70
0
 10
6.2
 20
83.07976245880127
 10
6.12
 20
82.9
 10
6.07
 20
82.9
  0
CIRCLE
  5
72D
330
17
100
AcDbEntity
  8
E-ACERO-TXT
100
AcDbCircle
 10
6.2
 20
83.07976245880127
 30
0.0
 40
0.0125
  0
HATCH
  5
72E
330
17
100
AcDbEntity
  8
E-ACERO-TXT
100
AcDbHatch
 10
0.0
 20
0.0
 30
0.0
210
0.0
220
0.0
230
1.0
  2
SOLID
 70
1
 71
0
 91
1
 92
1
 93
1
 72
2
 10
6.2
 20
83.07976245880127
 40
0.0125
 50
0
 51
360
 73
1
 97
0
 75
0
 76
1
 98
0
  0
TEXT
  5
72F
330
17
100
AcDbEntity
  8
E-ACERO-TXT
100
AcDbText
 10
6.050000000000001
 20
82.9
 30
0.0
 40
0.045000000000000005
  1
E9: 10 Ø3/8" @ .24
  7
ARIAL
 41
0.9
 72
2
 11
6.050000000000001
 21
82.9
 31
0.0
100
AcDbText
 73
2
  0
LWPOLYLINE
  5
730
330
17
100
AcDbEntity
  8
E-ACERO-TXT
100
AcDbPolyline
 90
3
 70
0
 10
6.129762649536133
 20
83.08928751945496
 10
6.02
 20
82.72
 10
5.97
 20
82.72
  0
CIRCLE
  5
731
330
17
100
AcDbEntity
  8
E-ACERO-TXT
100
AcDbCircle
 10
6.129762649536133
 20
83.08928751945496
 30
0.0
 40
0.0125
  0
HATCH
  5
732
330
17
100
AcDbEntity
  8
E-ACERO-TXT
100
AcDbHatch
 10
0.0
 20
0.0
 30
0.0
210
0.0
220
0.0
230
1.0
  2
SOLID
 70
1
 71
0
 91
1
 92
1
 93
1
 72
2
 10
6.129762649536133
 20
83.08928751945496
 40
0.0125
 50
0
 51
360
 73
1
 97
0
 75
0
 76
1
 98
0
  0
TEXT
  5
733
330
17
100
AcDbEntity
  8
E-ACERO-TXT
100
AcDbText
 10
5.95
 20
82.72
 30
0.0
 40
0.045000000000000005
  1
E8: 6 Ø3/8" @ .23
  7
ARIAL
 41
0.9
 72
2
 11
5.95
 21
82.72
 31
0.0
100
AcDbText
 73
2
  0
LWPOLYLINE
  5
734
330
17
100
AcDbEntity
  8
E-ACERO-TXT
100
AcDbPolyline
 90
3
 70
0
 10
6.2
 20
85.67976236343384
 10
6.12
 20
85.5
 10
6.07
 20
85.5
  0
CIRCLE
  5
735
330
17
100
AcDbEntity
  8
E-ACERO-TXT
100
AcDbCircle
 10
6.2
 20
85.67976236343384
 30
0.0
 40
0.0125
  0
HATCH
  5
736
330
17
100
AcDbEntity
  8
E-ACERO-TXT
100
AcDbHatch
 10
0.0
 20
0.0
 30
0.0
210
0.0
220
0.0
230
1.0
  2
SOLID
 70
1
 71
0
 91
1
 92
1
 93
1
 72
2
 10
6.2
 20
85.67976236343384
 40
0.0125
 50
0
 51
360
 73
1
 97
0
 75
0
 76
1
 98
0
  0
TEXT
  5
737
330
17
100
AcDbEntity
  8
E-ACERO-TXT
100
AcDbText
 10
6.050000000000001
 20
85.5
 30
0.0
 40
0.045000000000000005
  1
E9: 10 Ø3/8" @ .24
  7
ARIAL
 41
0.9
 72
2
 11
6.050000000000001
 21
85.5
 31
0.0
100
AcDbText
 73
2
  0
LWPOLYLINE
  5
738
330
17
100
AcDbEntity
  8
E-ACERO-TXT
100
AcDbPolyline
 90
3
 70
0
 10
6.129762649536133
 20
85.6892876625061
 10
6.02
 20
85.32
 10
5.97
 20
85.32
  0
CIRCLE
  5
739
330
17
100
AcDbEntity
  8
E-ACERO-TXT
100
AcDbCircle
 10
6.129762649536133
 20
85.6892876625061
 30
0.0
 40
0.0125
  0
HATCH
  5
73A
330
17
100
AcDbEntity
  8
E-ACERO-TXT
100
AcDbHatch
 10
0.0
 20
0.0
 30
0.0
210
0.0
220
0.0
230
1.0
  2
SOLID
 70
1
 71
0
 91
1
 92
1
 93
1
 72
2
 10
6.129762649536133
 20
85.6892876625061
 40
0.0125
 50
0
 51
360
 73
1
 97
0
 75
0
 76
1
 98
0
  0
TEXT
  5
73B
330
17
100
AcDbEntity
  8
E-ACERO-TXT
100
AcDbText
 10
5.95
 20
85.32
 30
0.0
 40
0.045000000000000005
  1
E8: 6 Ø3/8" @ .23
  7
ARIAL
 41
0.9
 72
2
 11
5.95
 21
85.32
 31
0.0
100
AcDbText
 73
2
  0
LINE
  5
73C
330
17
100
AcDbEntity
  8
E-EJES
  6
EJE25
100
AcDbLine
 10
6.3999999999999595
 20
81.41
 30
0.0
 11
6.3999999999999595
 21
81.8
 31
0.0
  0
CIRCLE
  5
73D
330
17
100
AcDbEntity
  8
E-EJES-ID
100
AcDbCircle
 10
6.3999999999999595
 20
81.31
 30
0.0
 40
0.1
  0
TEXT
  5
73E
330
17
100
AcDbEntity
  8
E-EJES-ID
100
AcDbText
 10
6.3999999999999595
 20
81.31
 30
0.0
 40
0.07500000000000001
  1
A-2
  7
ARIAL
 41
0.8
 72
1
 11
6.3999999999999595
 21
81.31
 31
0.0
100
AcDbText
 73
2
  0
LINE
  5
73F
330
17
100
AcDbEntity
  8
E-EJES
  6
EJE25
100
AcDbLine
 10
9.999999999999954
 20
81.41
 30
0.0
 11
9.999999999999954
 21
81.8
 31
0.0
  0
CIRCLE
  5
740
330
17
100
AcDbEntity
  8
E-EJES-ID
100
AcDbCircle
 10
9.999999999999954
 20
81.31
 30
0.0
 40
0.1
  0
TEXT
  5
741
330
17
100
AcDbEntity
  8
E-EJES-ID
100
AcDbText
 10
9.999999999999954
 20
81.31
 30
0.0
 40
0.07500000000000001
  1
A-3
  7
ARIAL
 41
0.8
 72
1
 11
9.999999999999954
 21
81.31
 31
0.0
100
AcDbText
 73
2
  0
HATCH
  5
746
330
17
100
AcDbEntity
  8
E-CORTE-ACH
100
AcDbHatch
 10
0.0
 20
0.0
 30
0.0
210
0.0
220
0.0
230
1.0
  2
SOLID
 70
1
 71
0
 91
1
 92
3
 72
0
 73
1
 93
11
 10
6.1
 20
109.820138
 10
6.1
 20
110.168421
 10
6.354546
 20
110.168421
 10
6.354546
 20
110.336842
 10
6.609091
 20
110.336842
 10
6.609091
 20
110.505263
 10
6.863636
 20
110.505263
 10
6.863636
 20
110.673684
 10
7.118182
 20
110.673684
 10
7.118182
 20
110.8
 10
7.580927458880123
 20
110.8
 97
0
 75
0
 76
1
 98
0
  0
LWPOLYLINE
  5
747
330
17
100
AcDbEntity
  8
E-CORTE
100
AcDbPolyline
 90
10
 70
0
 10
6.1
 20
109.820138
 10
6.1
 20
110.168421
 10
6.354546
 20
110.168421
 10
6.354546
 20
110.336842
 10
6.609091
 20
110.336842
 10
6.609091
 20
110.505263
 10
6.863636
 20
110.505263
 10
6.863636
 20
110.673684
 10
7.118182
 20
110.673684
 10
7.118182
 20
110.7999
  0
LWPOLYLINE
  5
748
330
17
100
AcDbEntity
  8
E-CORTE
100
AcDbPolyline
 90
2
 70
0
 10
7.580776322550836
 20
110.7999
 10
6.1
 20
109.820138
  0
LWPOLYLINE
  5
749
330
17
100
AcDbEntity
  8
E-CORTE
100
AcDbPolyline
 90
6
 70
0
 10
7.118182
 20
110.7999
 10
7.319479161275418
 20
110.7999
 10
7.340479161275418
 20
110.8449
 10
7.358479161275419
 20
110.7549
 10
7.379479161275419
 20
110.7999
 10
7.580776322550836
 20
110.7999
  0
HATCH
  5
74A
330
17
100
AcDbEntity
  8
E-CORTE-ACH
100
AcDbHatch
 10
0.0
 20
0.0
 30
0.0
210
0.0
220
0.0
230
1.0
  2
SOLID
 70
1
 71
0
 91
1
 92
3
 72
0
 73
1
 93
8
 10
6.0
 20
109.5
 10
6.0
 20
110.0
 10
6.25
 20
110.0
 10
6.5
 20
110.0
 10
6.5
 20
109.5
 10
6.5
 20
109.0
 10
6.25
 20
109.0
 10
6.0
 20
109.0
 97
0
 75
0
 76
1
 98
0
  0
LWPOLYLINE
  5
74B
330
17
100
AcDbEntity
  8
E-CORTE
100
AcDbPolyline
 90
9
 70
0
 10
6.0
 20
109.5
 10
6.0
 20
110.0
 10
6.25
 20
110.0
 10
6.5
 20
110.0
 10
6.5
 20
109.5
 10
6.5
 20
109.0
 10
6.25
 20
109.0
 10
6.0
 20
109.0
 10
6.0
 20
109.5
  0
LWPOLYLINE
  5
74C
330
17
100
AcDbEntity
  8
E-PROYECCION
100
AcDbPolyline
 90
3
 70
0
 10
6.5
 20
109.9
 10
6.5
 20
110.0
 10
7.7499
 20
110.0
  0
LWPOLYLINE
  5
74D
330
17
100
AcDbEntity
  8
E-PROYECCION
100
AcDbPolyline
 90
2
 70
0
 10
7.7499
 20
109.9
 10
6.5
 20
109.9
  0
LWPOLYLINE
  5
74E
330
17
100
AcDbEntity
  8
E-ACERO
100
AcDbPolyline
 90
3
 70
0
 10
6.159760000000075
 20
109.1
 10
6.159760000000075
 20
109.97377376423061
 10
6.518390512419452
 20
110.21106314629634
  0
LWPOLYLINE
  5
74F
330
17
100
AcDbEntity
  8
E-ACERO
100
AcDbPolyline
 90
2
 70
0
 10
6.108397960662842
 20
109.86138261854649
 10
7.526990046512438
 20
110.8
  0
LWPOLYLINE
  5
750
330
17
100
AcDbEntity
  8
E-ACERO
100
AcDbPolyline
 90
4
 70
0
 10
6.143101933598375
 20
109.96275188475862
 10
6.1597279256858055
 20
109.9737525421261
 10
6.1582519841748615
 20
110.00285513309198
 10
7.363027645028167
 20
110.8
  0
CIRCLE
  5
751
330
17
100
AcDbEntity
  8
E-ACERO
100
AcDbCircle
 10
6.103142261505127
 20
109.86932621896267
 30
0.0
 40
0.009000000000000001
  0
HATCH
  5
752
330
17
100
AcDbEntity
  8
E-ACERO
100
AcDbHatch
 10
0.0
 20
0.0
 30
0.0
210
0.0
220
0.0
230
1.0
  2
SOLID
 70
1
 71
0
 91
1
 92
1
 93
1
 72
2
 10
6.103142261505127
 20
109.86932621896267
 40
0.009000000000000001
 50
0
 51
360
 73
1
 97
0
 75
0
 76
1
 98
0
  0
CIRCLE
  5
753
330
17
100
AcDbEntity
  8
E-ACERO
100
AcDbCircle
 10
6.299596309661865
 20
109.99931090464815
 30
0.0
 40
0.009000000000000001
  0
HATCH
  5
754
330
17
100
AcDbEntity
  8
E-ACERO
100
AcDbHatch
 10
0.0
 20
0.0
 30
0.0
210
0.0
220
0.0
230
1.0
  2
SOLID
 70
1
 71
0
 91
1
 92
1
 93
1
 72
2
 10
6.299596309661865
 20
109.99931090464815
 40
0.009000000000000001
 50
0
 51
360
 73
1
 97
0
 75
0
 76
1
 98
0
  0
CIRCLE
  5
755
330
17
100
AcDbEntity
  8
E-ACERO
100
AcDbCircle
 10
6.4960503578186035
 20
110.12929558753967
 30
0.0
 40
0.009000000000000001
  0
HATCH
  5
756
330
17
100
AcDbEntity
  8
E-ACERO
100
AcDbHatch
 10
0.0
 20
0.0
 30
0.0
210
0.0
220
0.0
230
1.0
  2
SOLID
 70
1
 71
0
 91
1
 92
1
 93
1
 72
2
 10
6.4960503578186035
 20
110.12929558753967
 40
0.009000000000000001
 50
0
 51
360
 73
1
 97
0
 75
0
 76
1
 98
0
  0
CIRCLE
  5
757
330
17
100
AcDbEntity
  8
E-ACERO
100
AcDbCircle
 10
6.692504405975342
 20
110.2592802643776
 30
0.0
 40
0.009000000000000001
  0
HATCH
  5
758
330
17
100
AcDbEntity
  8
E-ACERO
100
AcDbHatch
 10
0.0
 20
0.0
 30
0.0
210
0.0
220
0.0
230
1.0
  2
SOLID
 70
1
 71
0
 91
1
 92
1
 93
1
 72
2
 10
6.692504405975342
 20
110.2592802643776
 40
0.009000000000000001
 50
0
 51
360
 73
1
 97
0
 75
0
 76
1
 98
0
  0
CIRCLE
  5
759
330
17
100
AcDbEntity
  8
E-ACERO
100
AcDbCircle
 10
6.888958930969238
 20
110.38926494121552
 30
0.0
 40
0.009000000000000001
  0
HATCH
  5
75A
330
17
100
AcDbEntity
  8
E-ACERO
100
AcDbHatch
 10
0.0
 20
0.0
 30
0.0
210
0.0
220
0.0
230
1.0
  2
SOLID
 70
1
 71
0
 91
1
 92
1
 93
1
 72
2
 10
6.888958930969238
 20
110.38926494121552
 40
0.009000000000000001
 50
0
 51
360
 73
1
 97
0
 75
0
 76
1
 98
0
  0
CIRCLE
  5
75B
330
17
100
AcDbEntity
  8
E-ACERO
100
AcDbCircle
 10
7.085412979125977
 20
110.51924961805344
 30
0.0
 40
0.009000000000000001
  0
HATCH
  5
75C
330
17
100
AcDbEntity
  8
E-ACERO
100
AcDbHatch
 10
0.0
 20
0.0
 30
0.0
210
0.0
220
0.0
230
1.0
  2
SOLID
 70
1
 71
0
 91
1
 92
1
 93
1
 72
2
 10
7.085412979125977
 20
110.51924961805344
 40
0.009000000000000001
 50
0
 51
360
 73
1
 97
0
 75
0
 76
1
 98
0
  0
CIRCLE
  5
75D
330
17
100
AcDbEntity
  8
E-ACERO
100
AcDbCircle
 10
7.281867027282715
 20
110.64923429489136
 30
0.0
 40
0.009000000000000001
  0
HATCH
  5
75E
330
17
100
AcDbEntity
  8
E-ACERO
100
AcDbHatch
 10
0.0
 20
0.0
 30
0.0
210
0.0
220
0.0
230
1.0
  2
SOLID
 70
1
 71
0
 91
1
 92
1
 93
1
 72
2
 10
7.281867027282715
 20
110.64923429489136
 40
0.009000000000000001
 50
0
 51
360
 73
1
 97
0
 75
0
 76
1
 98
0
  0
CIRCLE
  5
75F
330
17
100
AcDbEntity
  8
E-ACERO
100
AcDbCircle
 10
7.478321075439453
 20
110.77921897172928
 30
0.0
 40
0.009000000000000001
  0
HATCH
  5
760
330
17
100
AcDbEntity
  8
E-ACERO
100
AcDbHatch
 10
0.0
 20
0.0
 30
0.0
210
0.0
220
0.0
230
1.0
  2
SOLID
 70
1
 71
0
 91
1
 92
1
 93
1
 72
2
 10
7.478321075439453
 20
110.77921897172928
 40
0.009000000000000001
 50
0
 51
360
 73
1
 97
0
 75
0
 76
1
 98
0
  0
DIMENSION
  5
761
330
17
100
AcDbEntity
  8
E-COTA
100
AcDbDimension
280
0
  2
*D50
  3
COTA20
 10
6.0000000000000755
 20
108.9
 30
0.0
 11
6.050000000000075
 21
108.95400000000001
 31
0.0
 70
32
 71
5
  1
<>
100
AcDbAlignedDimension
 13
6.0000000000000755
 23
109.0
 33
0.0
 14
6.100000000000075
 24
109.0
 34
0.0
 50
0.0
100
AcDbRotatedDimension
1001
ACAD
1000
DSTYLE
1002
{
1070
271
1070
2
1002
}
  0
DIMENSION
  5
770
330
17
100
AcDbEntity
  8
E-COTA
100
AcDbDimension
280
0
  2
*D51
  3
COTA20
 10
6.100000000000075
 20
108.9
 30
0.0
 11
6.300000000000076
 21
108.93
 31
0.0
 70
32
 71
5
  1
<>
100
AcDbAlignedDimension
 13
6.100000000000075
 23
109.0
 33
0.0
 14
6.500000000000077
 24
109.0
 34
0.0
 50
0.0
100
AcDbRotatedDimension
1001
ACAD
1000
DSTYLE
1002
{
1070
271
1070
2
1002
}
  0
DIMENSION
  5
77F
330
17
100
AcDbEntity
  8
E-COTA
100
AcDbDimension
280
0
  2
*D52
  3
COTA20
 10
6.0000000000000755
 20
108.8
 30
0.0
 11
6.250000000000076
 21
108.83
 31
0.0
 70
32
 71
5
  1
<>
100
AcDbAlignedDimension
 13
6.0000000000000755
 23
109.0
 33
0.0
 14
6.500000000000077
 24
109.0
 34
0.0
 50
0.0
100
AcDbRotatedDimension
1001
ACAD
1000
DSTYLE
1002
{
1070
271
1070
2
1002
}
  0
DIMENSION
  5
78E
330
17
100
AcDbEntity
  8
E-COTA
100
AcDbDimension
280
0
  2
*D53
  3
COTA20
 10
5.880000000000075
 20
109.0
 30
0.0
 11
5.826000000000075
 21
109.05
 31
0.0
 70
32
 71
5
  1
<>
100
AcDbAlignedDimension
 13
6.0000000000000755
 23
109.0
 33
0.0
 14
6.0000000000000755
 24
109.1
 34
0.0
 50
90.0
100
AcDbRotatedDimension
1001
ACAD
1000
DSTYLE
1002
{
1070
271
1070
2
1002
}
  0
DIMENSION
  5
79D
330
17
100
AcDbEntity
  8
E-COTA
100
AcDbDimension
280
0
  2
*D54
  3
COTA20
 10
5.880000000000075
 20
109.1
 30
0.0
 11
5.850000000000075
 21
109.53688688211531
 31
0.0
 70
32
 71
5
  1
<>
100
AcDbAlignedDimension
 13
6.0000000000000755
 23
109.1
 33
0.0
 14
6.0000000000000755
 24
109.97377376423061
 34
0.0
 50
90.0
100
AcDbRotatedDimension
1001
ACAD
1000
DSTYLE
1002
{
1070
271
1070
2
1002
}
  0
DIMENSION
  5
7AC
330
17
100
AcDbEntity
  8
E-COTA
100
AcDbDimension
280
0
  2
*D55
  3
COTA20
 10
5.760000000000075
 20
109.0
 30
0.0
 11
5.730000000000075
 21
109.5
 31
0.0
 70
32
 71
5
  1
<>
100
AcDbAlignedDimension
 13
6.0000000000000755
 23
109.0
 33
0.0
 14
6.0000000000000755
 24
110.0
 34
0.0
 50
90.0
100
AcDbRotatedDimension
1001
ACAD
1000
DSTYLE
1002
{
1070
271
1070
2
1002
}
  0
DIMENSION
  5
7BB
330
17
100
AcDbEntity
  8
E-COTA
100
AcDbDimension
280
0
  2
*D56
  3
COTA20
 10
6.043777428983284
 20
110.11286731628705
 30
0.0
 11
6.201624367009296
 21
110.28205757651445
 31
0.0
 70
32
 71
5
  1
traslape 0.45
100
AcDbAlignedDimension
 13
6.143101933598375
 23
109.96275188475862
 33
0.0
 14
6.518390512419452
 24
110.21106314629634
 34
0.0
 50
33.49078093579578
100
AcDbRotatedDimension
1001
ACAD
1000
DSTYLE
1002
{
1070
271
1070
2
1002
}
  0
LWPOLYLINE
  5
7CA
330
17
100
AcDbEntity
  8
E-NIVEL
100
AcDbPolyline
 90
3
 70
1
 10
5.97
 20
110.0
 10
5.938
 20
110.0512
 10
6.002
 20
110.0512
  0
HATCH
  5
7CB
330
17
100
AcDbEntity
  8
E-NIVEL
 62
7
100
AcDbHatch
 10
0.0
 20
0.0
 30
0.0
210
0.0
220
0.0
230
1.0
  2
SOLID
 70
1
 71
0
 91
1
 92
3
 72
0
 73
1
 93
3
 10
5.97
 20
110.0
 10
5.938
 20
110.0512
 10
5.97
 20
110.0512
 97
0
 75
0
 76
1
 98
0
  0
LINE
  5
7CC
330
17
100
AcDbEntity
  8
E-NIVEL
100
AcDbLine
 10
5.75
 20
110.0512
 30
0.0
 11
6.002
 21
110.0512
 31
0.0
  0
TEXT
  5
7CD
330
17
100
AcDbEntity
  8
E-NIVEL
100
AcDbText
 10
5.76
 20
110.0672
 30
0.0
 40
0.04
  1
NPT ±0.00
  7
ARIAL
 41
0.9
 11
5.76
 21
110.0672
 31
0.0
100
AcDbText
 73
1
  0
LWPOLYLINE
  5
7CE
330
17
100
AcDbEntity
  8
E-NIVEL
100
AcDbPolyline
 90
3
 70
1
 10
6.600000000000077
 20
109.0
 10
6.568000000000077
 20
109.0512
 10
6.632000000000077
 20
109.0512
  0
HATCH
  5
7CF
330
17
100
AcDbEntity
  8
E-NIVEL
 62
7
100
AcDbHatch
 10
0.0
 20
0.0
 30
0.0
210
0.0
220
0.0
230
1.0
  2
SOLID
 70
1
 71
0
 91
1
 92
3
 72
0
 73
1
 93
3
 10
6.600000000000077
 20
109.0
 10
6.568000000000077
 20
109.0512
 10
6.600000000000077
 20
109.0512
 97
0
 75
0
 76
1
 98
0
  0
LINE
  5
7D0
330
17
100
AcDbEntity
  8
E-NIVEL
100
AcDbLine
 10
6.568000000000077
 20
109.0512
 30
0.0
 11
6.820000000000077
 21
109.0512
 31
0.0
  0
TEXT
  5
7D1
330
17
100
AcDbEntity
  8
E-NIVEL
100
AcDbText
 10
6.664000000000077
 20
109.0672
 30
0.0
 40
0.04
  1
FONDO -1.00
  7
ARIAL
 41
0.9
 11
6.664000000000077
 21
109.0672
 31
0.0
100
AcDbText
 73
1
  0
LWPOLYLINE
  5
7D2
330
17
100
AcDbEntity
  8
E-ACERO-TXT
100
AcDbPolyline
 90
3
 70
0
 10
6.159760000000075
 20
109.65
 10
6.62
 20
109.7
 10
6.66
 20
109.7
  0
CIRCLE
  5
7D3
330
17
100
AcDbEntity
  8
E-ACERO-TXT
100
AcDbCircle
 10
6.159760000000075
 20
109.65
 30
0.0
 40
0.01
  0
HATCH
  5
7D4
330
17
100
AcDbEntity
  8
E-ACERO-TXT
100
AcDbHatch
 10
0.0
 20
0.0
 30
0.0
210
0.0
220
0.0
230
1.0
  2
SOLID
 70
1
 71
0
 91
1
 92
1
 93
1
 72
2
 10
6.159760000000075
 20
109.65
 40
0.01
 50
0
 51
360
 73
1
 97
0
 75
0
 76
1
 98
0
  0
TEXT
  5
7D5
330
17
100
AcDbEntity
  8
E-ACERO-TXT
100
AcDbText
 10
6.676
 20
109.7
 30
0.0
 40
0.036000000000000004
  1
E1: mecha Ø3/8" L=1.30
  7
ARIAL
 41
0.9
 11
6.676
 21
109.7
 31
0.0
100
AcDbText
 73
2
  0
TEXT
  5
7D6
330
17
100
AcDbEntity
  8
E-ACERO-TXT
100
AcDbText
 10
6.66
 20
109.61
 30
0.0
 40
0.03
  1
(5 und., vertical 0.87 + 0.43 en pendiente)
  7
ARIAL
 41
0.9
 11
6.66
 21
109.61
 31
0.0
100
AcDbText
 73
2
  0
LWPOLYLINE
  5
7D7
330
17
100
AcDbEntity
  8
E-ACERO-TXT
100
AcDbPolyline
 90
3
 70
0
 10
6.8
 20
110.31898399786179
 10
7.0
 20
110.28
 10
7.04
 20
110.28
  0
CIRCLE
  5
7D8
330
17
100
AcDbEntity
  8
E-ACERO-TXT
100
AcDbCircle
 10
6.8
 20
110.31898399786179
 30
0.0
 40
0.01
  0
HATCH
  5
7D9
330
17
100
AcDbEntity
  8
E-ACERO-TXT
100
AcDbHatch
 10
0.0
 20
0.0
 30
0.0
210
0.0
220
0.0
230
1.0
  2
SOLID
 70
1
 71
0
 91
1
 92
1
 93
1
 72
2
 10
6.8
 20
110.31898399786179
 40
0.01
 50
0
 51
360
 73
1
 97
0
 75
0
 76
1
 98
0
  0
TEXT
  5
7DA
330
17
100
AcDbEntity
  8
E-ACERO-TXT
100
AcDbText
 10
7.056
 20
110.28
 30
0.0
 40
0.036000000000000004
  1
E2: inf. (llega recto)
  7
ARIAL
 41
0.9
 11
7.056
 21
110.28
 31
0.0
100
AcDbText
 73
2
  0
LWPOLYLINE
  5
7DB
330
17
100
AcDbEntity
  8
E-ACERO-TXT
100
AcDbPolyline
 90
3
 70
0
 10
6.72
 20
110.37453806283645
 10
6.55
 20
110.68
 10
6.51
 20
110.68
  0
CIRCLE
  5
7DC
330
17
100
AcDbEntity
  8
E-ACERO-TXT
100
AcDbCircle
 10
6.72
 20
110.37453806283645
 30
0.0
 40
0.01
  0
HATCH
  5
7DD
330
17
100
AcDbEntity
  8
E-ACERO-TXT
100
AcDbHatch
 10
0.0
 20
0.0
 30
0.0
210
0.0
220
0.0
230
1.0
  2
SOLID
 70
1
 71
0
 91
1
 92
1
 93
1
 72
2
 10
6.72
 20
110.37453806283645
 40
0.01
 50
0
 51
360
 73
1
 97
0
 75
0
 76
1
 98
0
  0
TEXT
  5
7DE
330
17
100
AcDbEntity
  8
E-ACERO-TXT
100
AcDbText
 10
6.494
 20
110.68
 30
0.0
 40
0.036000000000000004
  1
E3: sup.
  7
ARIAL
 41
0.9
 72
2
 11
6.494
 21
110.68
 31
0.0
100
AcDbText
 73
2
  0
LWPOLYLINE
  5
7DF
330
17
100
AcDbEntity
  8
E-ACERO-TXT
100
AcDbPolyline
 90
3
 70
0
 10
6.4960503578186035
 20
110.12929558753967
 10
7.0
 20
110.14
 10
7.04
 20
110.14
  0
CIRCLE
  5
7E0
330
17
100
AcDbEntity
  8
E-ACERO-TXT
100
AcDbCircle
 10
6.4960503578186035
 20
110.12929558753967
 30
0.0
 40
0.01
  0
HATCH
  5
7E1
330
17
100
AcDbEntity
  8
E-ACERO-TXT
100
AcDbHatch
 10
0.0
 20
0.0
 30
0.0
210
0.0
220
0.0
230
1.0
  2
SOLID
 70
1
 71
0
 91
1
 92
1
 93
1
 72
2
 10
6.4960503578186035
 20
110.12929558753967
 40
0.01
 50
0
 51
360
 73
1
 97
0
 75
0
 76
1
 98
0
  0
TEXT
  5
7E2
330
17
100
AcDbEntity
  8
E-ACERO-TXT
100
AcDbText
 10
7.056
 20
110.14
 30
0.0
 40
0.036000000000000004
  1
E4: transv.
  7
ARIAL
 41
0.9
 11
7.056
 21
110.14
 31
0.0
100
AcDbText
 73
2
  0
TEXT
  5
7E3
330
17
100
AcDbEntity
  8
E-TITULO
100
AcDbText
 10
6.250000000000076
 20
109.22
 30
0.0
 40
0.04
  1
CIMIENTO
  7
ARIAL
 41
0.9
 72
1
 11
6.250000000000076
 21
109.22
 31
0.0
100
AcDbText
 73
2
  0
TEXT
  5
7E4
330
17
100
AcDbEntity
  8
E-TEXTO
100
AcDbText
 10
6.250000000000076
 20
109.14
 30
0.0
 40
0.032
  1
1.25 x 0.50 x 1.00
  7
ARIAL
 41
0.9
 72
1
 11
6.250000000000076
 21
109.14
 31
0.0
100
AcDbText
 73
2
  0
TEXT
  5
7E5
330
17
100
AcDbEntity
  8
E-ACERO-TXT
100
AcDbText
 10
6.560000000000077
 20
109.4
 30
0.0
 40
0.03
  1
mechas a 0.16 de la cara posterior
  7
ARIAL
 41
0.9
 11
6.560000000000077
 21
109.4
 31
0.0
100
AcDbText
 73
2
  0
TEXT
  5
7E6
330
17
100
AcDbEntity
  8
E-TITULO
100
AcDbText
 10
6.560000000000077
 20
109.28
 30
0.0
 40
0.04
  1
CORREGIR POSICIÓN DE
  7
ARIAL
 41
0.9
 11
6.560000000000077
 21
109.28
 31
0.0
100
AcDbText
 73
2
  0
TEXT
  5
7E7
330
17
100
AcDbEntity
  8
E-TITULO
100
AcDbText
 10
6.560000000000077
 20
109.2
 30
0.0
 40
0.04
  1
MECHAS SEGÚN DETALLE
  7
ARIAL
 41
0.9
 11
6.560000000000077
 21
109.2
 31
0.0
100
AcDbText
 73
2
  0
TEXT
  5
7E8
330
17
100
AcDbEntity
  8
E-TEXTO
100
AcDbText
 10
7.25
 20
109.95
 30
0.0
 40
0.027999999999999997
  1
falso piso
  7
ARIAL
 41
0.9
 72
1
 11
7.25
 21
109.95
 31
0.0
100
AcDbText
 73
2
  0
HATCH
  5
7E9
330
17
100
AcDbEntity
  8
E-COLUMNA-ACH
100
AcDbHatch
 10
0.0
 20
0.0
 30
0.0
210
0.0
220
0.0
230
1.0
  2
SOLID
 70
1
 71
0
 91
1
 92
3
 72
0
 73
1
 93
4
 10
6.1
 20
124.85
 10
6.7
 20
124.85
 10
6.7
 20
125.15
 10
6.1
 20
125.15
 97
0
 75
0
 76
1
 98
0
  0
LWPOLYLINE
  5
7EA
330
17
100
AcDbEntity
  8
E-COLUMNA
100
AcDbPolyline
 90
4
 70
1
 10
6.1
 20
124.85
 10
6.7
 20
124.85
 10
6.7
 20
125.15
 10
6.1
 20
125.15
  0
TEXT
  5
7EB
330
17
100
AcDbEntity
  8
E-TEXTO
100
AcDbText
 10
6.4
 20
125.0
 30
0.0
 40
0.032
  1
C-1
  7
ARIAL
 41
0.9
 72
1
 11
6.4
 21
125.0
 31
0.0
100
AcDbText
 73
2
  0
LWPOLYLINE
  5
7EC
330
17
100
AcDbEntity
  8
E-ZAPATA
100
AcDbPolyline
 90
5
 70
0
 10
6.000000011250937
 20
125.1499583089715
 10
6.000000011495239
 20
126.39995824141155
 10
6.499999988749063
 20
126.39995824154558
 10
6.499999988504761
 20
125.14995830910553
 10
6.000000011250937
 20
125.1499583089715
  0
LINE
  5
7ED
330
17
100
AcDbEntity
  8
E-OCULTO
100
AcDbLine
 10
6.100000000000075
 20
125.14995830078156
 30
0.0
 11
6.150000000000075
 21
125.14995830078156
 31
0.0
  0
LINE
  5
7EE
330
17
100
AcDbEntity
  8
E-OCULTO
100
AcDbLine
 10
6.174000000000075
 20
125.14995830078156
 30
0.0
 11
6.224000000000075
 21
125.14995830078156
 31
0.0
  0
LINE
  5
7EF
330
17
100
AcDbEntity
  8
E-OCULTO
100
AcDbLine
 10
6.248000000000075
 20
125.14995830078156
 30
0.0
 11
6.2980000000000755
 21
125.14995830078156
 31
0.0
  0
LINE
  5
7F0
330
17
100
AcDbEntity
  8
E-OCULTO
100
AcDbLine
 10
6.322000000000076
 20
125.14995830078156
 30
0.0
 11
6.372000000000075
 21
125.14995830078156
 31
0.0
  0
LINE
  5
7F1
330
17
100
AcDbEntity
  8
E-OCULTO
100
AcDbLine
 10
6.396000000000075
 20
125.14995830078156
 30
0.0
 11
6.446000000000075
 21
125.14995830078156
 31
0.0
  0
LINE
  5
7F2
330
17
100
AcDbEntity
  8
E-OCULTO
100
AcDbLine
 10
6.470000000000075
 20
125.14995830078156
 30
0.0
 11
6.520000000000075
 21
125.14995830078156
 31
0.0
  0
LINE
  5
7F3
330
17
100
AcDbEntity
  8
E-OCULTO
100
AcDbLine
 10
6.544000000000075
 20
125.14995830078156
 30
0.0
 11
6.594000000000075
 21
125.14995830078156
 31
0.0
  0
LINE
  5
7F4
330
17
100
AcDbEntity
  8
E-OCULTO
100
AcDbLine
 10
6.618000000000075
 20
125.14995830078156
 30
0.0
 11
6.668000000000076
 21
125.14995830078156
 31
0.0
  0
LINE
  5
7F5
330
17
100
AcDbEntity
  8
E-OCULTO
100
AcDbLine
 10
6.692000000000075
 20
125.14995830078156
 30
0.0
 11
6.7420000000000755
 21
125.14995830078156
 31
0.0
  0
LINE
  5
7F6
330
17
100
AcDbEntity
  8
E-OCULTO
100
AcDbLine
 10
6.7660000000000755
 20
125.14995830078156
 30
0.0
 11
6.816000000000075
 21
125.14995830078156
 31
0.0
  0
LINE
  5
7F7
330
17
100
AcDbEntity
  8
E-OCULTO
100
AcDbLine
 10
6.840000000000075
 20
125.14995830078156
 30
0.0
 11
6.890000000000075
 21
125.14995830078156
 31
0.0
  0
LINE
  5
7F8
330
17
100
AcDbEntity
  8
E-OCULTO
100
AcDbLine
 10
6.914000000000075
 20
125.14995830078156
 30
0.0
 11
6.964000000000075
 21
125.14995830078156
 31
0.0
  0
LINE
  5
7F9
330
17
100
AcDbEntity
  8
E-OCULTO
100
AcDbLine
 10
6.100000000000075
 20
126.24995830078157
 30
0.0
 11
6.150000000000075
 21
126.24995830078157
 31
0.0
  0
LINE
  5
7FA
330
17
100
AcDbEntity
  8
E-OCULTO
100
AcDbLine
 10
6.174000000000075
 20
126.24995830078157
 30
0.0
 11
6.224000000000075
 21
126.24995830078157
 31
0.0
  0
LINE
  5
7FB
330
17
100
AcDbEntity
  8
E-OCULTO
100
AcDbLine
 10
6.248000000000075
 20
126.24995830078157
 30
0.0
 11
6.2980000000000755
 21
126.24995830078157
 31
0.0
  0
LINE
  5
7FC
330
17
100
AcDbEntity
  8
E-OCULTO
100
AcDbLine
 10
6.322000000000076
 20
126.24995830078157
 30
0.0
 11
6.372000000000075
 21
126.24995830078157
 31
0.0
  0
LINE
  5
7FD
330
17
100
AcDbEntity
  8
E-OCULTO
100
AcDbLine
 10
6.396000000000075
 20
126.24995830078157
 30
0.0
 11
6.446000000000075
 21
126.24995830078157
 31
0.0
  0
LINE
  5
7FE
330
17
100
AcDbEntity
  8
E-OCULTO
100
AcDbLine
 10
6.470000000000075
 20
126.24995830078157
 30
0.0
 11
6.520000000000075
 21
126.24995830078157
 31
0.0
  0
LINE
  5
7FF
330
17
100
AcDbEntity
  8
E-OCULTO
100
AcDbLine
 10
6.544000000000075
 20
126.24995830078157
 30
0.0
 11
6.594000000000075
 21
126.24995830078157
 31
0.0
  0
LINE
  5
800
330
17
100
AcDbEntity
  8
E-OCULTO
100
AcDbLine
 10
6.618000000000075
 20
126.24995830078157
 30
0.0
 11
6.668000000000076
 21
126.24995830078157
 31
0.0
  0
LINE
  5
801
330
17
100
AcDbEntity
  8
E-OCULTO
100
AcDbLine
 10
6.692000000000075
 20
126.24995830078157
 30
0.0
 11
6.7420000000000755
 21
126.24995830078157
 31
0.0
  0
LINE
  5
802
330
17
100
AcDbEntity
  8
E-OCULTO
100
AcDbLine
 10
6.7660000000000755
 20
126.24995830078157
 30
0.0
 11
6.816000000000075
 21
126.24995830078157
 31
0.0
  0
LINE
  5
803
330
17
100
AcDbEntity
  8
E-OCULTO
100
AcDbLine
 10
6.840000000000075
 20
126.24995830078157
 30
0.0
 11
6.890000000000075
 21
126.24995830078157
 31
0.0
  0
LINE
  5
804
330
17
100
AcDbEntity
  8
E-OCULTO
100
AcDbLine
 10
6.914000000000075
 20
126.24995830078157
 30
0.0
 11
6.964000000000075
 21
126.24995830078157
 31
0.0
  0
LINE
  5
805
330
17
100
AcDbEntity
  8
E-OCULTO
100
AcDbLine
 10
6.100000000000075
 20
125.14995830078156
 30
0.0
 11
6.100000000000075
 21
125.19995830078157
 31
0.0
  0
LINE
  5
806
330
17
100
AcDbEntity
  8
E-OCULTO
100
AcDbLine
 10
6.100000000000075
 20
125.22395830078158
 30
0.0
 11
6.100000000000075
 21
125.27395830078157
 31
0.0
  0
LINE
  5
807
330
17
100
AcDbEntity
  8
E-OCULTO
100
AcDbLine
 10
6.100000000000075
 20
125.29795830078157
 30
0.0
 11
6.100000000000075
 21
125.34795830078157
 31
0.0
  0
LINE
  5
808
330
17
100
AcDbEntity
  8
E-OCULTO
100
AcDbLine
 10
6.100000000000075
 20
125.37195830078157
 30
0.0
 11
6.100000000000075
 21
125.42195830078157
 31
0.0
  0
LINE
  5
809
330
17
100
AcDbEntity
  8
E-OCULTO
100
AcDbLine
 10
6.100000000000075
 20
125.44595830078157
 30
0.0
 11
6.100000000000075
 21
125.49595830078157
 31
0.0
  0
LINE
  5
80A
330
17
100
AcDbEntity
  8
E-OCULTO
100
AcDbLine
 10
6.100000000000075
 20
125.51995830078157
 30
0.0
 11
6.100000000000075
 21
125.56995830078156
 31
0.0
  0
LINE
  5
80B
330
17
100
AcDbEntity
  8
E-OCULTO
100
AcDbLine
 10
6.100000000000075
 20
125.59395830078157
 30
0.0
 11
6.100000000000075
 21
125.64395830078156
 31
0.0
  0
LINE
  5
80C
330
17
100
AcDbEntity
  8
E-OCULTO
100
AcDbLine
 10
6.100000000000075
 20
125.66795830078156
 30
0.0
 11
6.100000000000075
 21
125.71795830078158
 31
0.0
  0
LINE
  5
80D
330
17
100
AcDbEntity
  8
E-OCULTO
100
AcDbLine
 10
6.100000000000075
 20
125.74195830078158
 30
0.0
 11
6.100000000000075
 21
125.79195830078157
 31
0.0
  0
LINE
  5
80E
330
17
100
AcDbEntity
  8
E-OCULTO
100
AcDbLine
 10
6.100000000000075
 20
125.81595830078157
 30
0.0
 11
6.100000000000075
 21
125.86595830078157
 31
0.0
  0
LINE
  5
80F
330
17
100
AcDbEntity
  8
E-OCULTO
100
AcDbLine
 10
6.100000000000075
 20
125.88995830078157
 30
0.0
 11
6.100000000000075
 21
125.93995830078157
 31
0.0
  0
LINE
  5
810
330
17
100
AcDbEntity
  8
E-OCULTO
100
AcDbLine
 10
6.100000000000075
 20
125.96395830078157
 30
0.0
 11
6.100000000000075
 21
126.01395830078157
 31
0.0
  0
LINE
  5
811
330
17
100
AcDbEntity
  8
E-OCULTO
100
AcDbLine
 10
6.100000000000075
 20
126.03795830078157
 30
0.0
 11
6.100000000000075
 21
126.08795830078157
 31
0.0
  0
LINE
  5
812
330
17
100
AcDbEntity
  8
E-OCULTO
100
AcDbLine
 10
6.100000000000075
 20
126.11195830078157
 30
0.0
 11
6.100000000000075
 21
126.16195830078156
 31
0.0
  0
LINE
  5
813
330
17
100
AcDbEntity
  8
E-OCULTO
100
AcDbLine
 10
6.100000000000075
 20
126.18595830078156
 30
0.0
 11
6.100000000000075
 21
126.23595830078158
 31
0.0
  0
LINE
  5
814
330
17
100
AcDbEntity
  8
E-OCULTO
100
AcDbLine
 10
6.1
 20
125.14995830078156
 30
0.0
 11
6.1
 21
125.19995830078157
 31
0.0
  0
LINE
  5
815
330
17
100
AcDbEntity
  8
E-OCULTO
100
AcDbLine
 10
6.1
 20
125.22395830078158
 30
0.0
 11
6.1
 21
125.27395830078157
 31
0.0
  0
LINE
  5
816
330
17
100
AcDbEntity
  8
E-OCULTO
100
AcDbLine
 10
6.1
 20
125.29795830078157
 30
0.0
 11
6.1
 21
125.34795830078157
 31
0.0
  0
LINE
  5
817
330
17
100
AcDbEntity
  8
E-OCULTO
100
AcDbLine
 10
6.1
 20
125.37195830078157
 30
0.0
 11
6.1
 21
125.42195830078157
 31
0.0
  0
LINE
  5
818
330
17
100
AcDbEntity
  8
E-OCULTO
100
AcDbLine
 10
6.1
 20
125.44595830078157
 30
0.0
 11
6.1
 21
125.49595830078157
 31
0.0
  0
LINE
  5
819
330
17
100
AcDbEntity
  8
E-OCULTO
100
AcDbLine
 10
6.1
 20
125.51995830078157
 30
0.0
 11
6.1
 21
125.56995830078156
 31
0.0
  0
LINE
  5
81A
330
17
100
AcDbEntity
  8
E-OCULTO
100
AcDbLine
 10
6.1
 20
125.59395830078157
 30
0.0
 11
6.1
 21
125.64395830078156
 31
0.0
  0
LINE
  5
81B
330
17
100
AcDbEntity
  8
E-OCULTO
100
AcDbLine
 10
6.1
 20
125.66795830078156
 30
0.0
 11
6.1
 21
125.71795830078158
 31
0.0
  0
LINE
  5
81C
330
17
100
AcDbEntity
  8
E-OCULTO
100
AcDbLine
 10
6.1
 20
125.74195830078158
 30
0.0
 11
6.1
 21
125.79195830078157
 31
0.0
  0
LINE
  5
81D
330
17
100
AcDbEntity
  8
E-OCULTO
100
AcDbLine
 10
6.1
 20
125.81595830078157
 30
0.0
 11
6.1
 21
125.86595830078157
 31
0.0
  0
LINE
  5
81E
330
17
100
AcDbEntity
  8
E-OCULTO
100
AcDbLine
 10
6.1
 20
125.88995830078157
 30
0.0
 11
6.1
 21
125.93995830078157
 31
0.0
  0
LINE
  5
81F
330
17
100
AcDbEntity
  8
E-OCULTO
100
AcDbLine
 10
6.1
 20
125.96395830078157
 30
0.0
 11
6.1
 21
126.01395830078157
 31
0.0
  0
LINE
  5
820
330
17
100
AcDbEntity
  8
E-OCULTO
100
AcDbLine
 10
6.1
 20
126.03795830078157
 30
0.0
 11
6.1
 21
126.08795830078157
 31
0.0
  0
LINE
  5
821
330
17
100
AcDbEntity
  8
E-OCULTO
100
AcDbLine
 10
6.1
 20
126.11195830078157
 30
0.0
 11
6.1
 21
126.16195830078156
 31
0.0
  0
LINE
  5
822
330
17
100
AcDbEntity
  8
E-OCULTO
100
AcDbLine
 10
6.1
 20
126.18595830078156
 30
0.0
 11
6.1
 21
126.23595830078158
 31
0.0
  0
LINE
  5
823
330
17
100
AcDbEntity
  8
E-OCULTO
100
AcDbLine
 10
6.354546
 20
125.14995830078156
 30
0.0
 11
6.354546
 21
125.19995830078157
 31
0.0
  0
LINE
  5
824
330
17
100
AcDbEntity
  8
E-OCULTO
100
AcDbLine
 10
6.354546
 20
125.22395830078158
 30
0.0
 11
6.354546
 21
125.27395830078157
 31
0.0
  0
LINE
  5
825
330
17
100
AcDbEntity
  8
E-OCULTO
100
AcDbLine
 10
6.354546
 20
125.29795830078157
 30
0.0
 11
6.354546
 21
125.34795830078157
 31
0.0
  0
LINE
  5
826
330
17
100
AcDbEntity
  8
E-OCULTO
100
AcDbLine
 10
6.354546
 20
125.37195830078157
 30
0.0
 11
6.354546
 21
125.42195830078157
 31
0.0
  0
LINE
  5
827
330
17
100
AcDbEntity
  8
E-OCULTO
100
AcDbLine
 10
6.354546
 20
125.44595830078157
 30
0.0
 11
6.354546
 21
125.49595830078157
 31
0.0
  0
LINE
  5
828
330
17
100
AcDbEntity
  8
E-OCULTO
100
AcDbLine
 10
6.354546
 20
125.51995830078157
 30
0.0
 11
6.354546
 21
125.56995830078156
 31
0.0
  0
LINE
  5
829
330
17
100
AcDbEntity
  8
E-OCULTO
100
AcDbLine
 10
6.354546
 20
125.59395830078157
 30
0.0
 11
6.354546
 21
125.64395830078156
 31
0.0
  0
LINE
  5
82A
330
17
100
AcDbEntity
  8
E-OCULTO
100
AcDbLine
 10
6.354546
 20
125.66795830078156
 30
0.0
 11
6.354546
 21
125.71795830078158
 31
0.0
  0
LINE
  5
82B
330
17
100
AcDbEntity
  8
E-OCULTO
100
AcDbLine
 10
6.354546
 20
125.74195830078158
 30
0.0
 11
6.354546
 21
125.79195830078157
 31
0.0
  0
LINE
  5
82C
330
17
100
AcDbEntity
  8
E-OCULTO
100
AcDbLine
 10
6.354546
 20
125.81595830078157
 30
0.0
 11
6.354546
 21
125.86595830078157
 31
0.0
  0
LINE
  5
82D
330
17
100
AcDbEntity
  8
E-OCULTO
100
AcDbLine
 10
6.354546
 20
125.88995830078157
 30
0.0
 11
6.354546
 21
125.93995830078157
 31
0.0
  0
LINE
  5
82E
330
17
100
AcDbEntity
  8
E-OCULTO
100
AcDbLine
 10
6.354546
 20
125.96395830078157
 30
0.0
 11
6.354546
 21
126.01395830078157
 31
0.0
  0
LINE
  5
82F
330
17
100
AcDbEntity
  8
E-OCULTO
100
AcDbLine
 10
6.354546
 20
126.03795830078157
 30
0.0
 11
6.354546
 21
126.08795830078157
 31
0.0
  0
LINE
  5
830
330
17
100
AcDbEntity
  8
E-OCULTO
100
AcDbLine
 10
6.354546
 20
126.11195830078157
 30
0.0
 11
6.354546
 21
126.16195830078156
 31
0.0
  0
LINE
  5
831
330
17
100
AcDbEntity
  8
E-OCULTO
100
AcDbLine
 10
6.354546
 20
126.18595830078156
 30
0.0
 11
6.354546
 21
126.23595830078158
 31
0.0
  0
LINE
  5
832
330
17
100
AcDbEntity
  8
E-OCULTO
100
AcDbLine
 10
6.609091
 20
125.14995830078156
 30
0.0
 11
6.609091
 21
125.19995830078157
 31
0.0
  0
LINE
  5
833
330
17
100
AcDbEntity
  8
E-OCULTO
100
AcDbLine
 10
6.609091
 20
125.22395830078158
 30
0.0
 11
6.609091
 21
125.27395830078157
 31
0.0
  0
LINE
  5
834
330
17
100
AcDbEntity
  8
E-OCULTO
100
AcDbLine
 10
6.609091
 20
125.29795830078157
 30
0.0
 11
6.609091
 21
125.34795830078157
 31
0.0
  0
LINE
  5
835
330
17
100
AcDbEntity
  8
E-OCULTO
100
AcDbLine
 10
6.609091
 20
125.37195830078157
 30
0.0
 11
6.609091
 21
125.42195830078157
 31
0.0
  0
LINE
  5
836
330
17
100
AcDbEntity
  8
E-OCULTO
100
AcDbLine
 10
6.609091
 20
125.44595830078157
 30
0.0
 11
6.609091
 21
125.49595830078157
 31
0.0
  0
LINE
  5
837
330
17
100
AcDbEntity
  8
E-OCULTO
100
AcDbLine
 10
6.609091
 20
125.51995830078157
 30
0.0
 11
6.609091
 21
125.56995830078156
 31
0.0
  0
LINE
  5
838
330
17
100
AcDbEntity
  8
E-OCULTO
100
AcDbLine
 10
6.609091
 20
125.59395830078157
 30
0.0
 11
6.609091
 21
125.64395830078156
 31
0.0
  0
LINE
  5
839
330
17
100
AcDbEntity
  8
E-OCULTO
100
AcDbLine
 10
6.609091
 20
125.66795830078156
 30
0.0
 11
6.609091
 21
125.71795830078158
 31
0.0
  0
LINE
  5
83A
330
17
100
AcDbEntity
  8
E-OCULTO
100
AcDbLine
 10
6.609091
 20
125.74195830078158
 30
0.0
 11
6.609091
 21
125.79195830078157
 31
0.0
  0
LINE
  5
83B
330
17
100
AcDbEntity
  8
E-OCULTO
100
AcDbLine
 10
6.609091
 20
125.81595830078157
 30
0.0
 11
6.609091
 21
125.86595830078157
 31
0.0
  0
LINE
  5
83C
330
17
100
AcDbEntity
  8
E-OCULTO
100
AcDbLine
 10
6.609091
 20
125.88995830078157
 30
0.0
 11
6.609091
 21
125.93995830078157
 31
0.0
  0
LINE
  5
83D
330
17
100
AcDbEntity
  8
E-OCULTO
100
AcDbLine
 10
6.609091
 20
125.96395830078157
 30
0.0
 11
6.609091
 21
126.01395830078157
 31
0.0
  0
LINE
  5
83E
330
17
100
AcDbEntity
  8
E-OCULTO
100
AcDbLine
 10
6.609091
 20
126.03795830078157
 30
0.0
 11
6.609091
 21
126.08795830078157
 31
0.0
  0
LINE
  5
83F
330
17
100
AcDbEntity
  8
E-OCULTO
100
AcDbLine
 10
6.609091
 20
126.11195830078157
 30
0.0
 11
6.609091
 21
126.16195830078156
 31
0.0
  0
LINE
  5
840
330
17
100
AcDbEntity
  8
E-OCULTO
100
AcDbLine
 10
6.609091
 20
126.18595830078156
 30
0.0
 11
6.609091
 21
126.23595830078158
 31
0.0
  0
TEXT
  5
841
330
17
100
AcDbEntity
  8
E-TEXTO
100
AcDbText
 10
7.02
 20
125.69995830078157
 30
0.0
 40
0.03
  1
TRAMO 1 (arriba)
 50
90.0
  7
ARIAL
 41
0.9
 72
1
 11
7.02
 21
125.69995830078157
 31
0.0
100
AcDbText
 73
2
  0
CIRCLE
  5
842
330
17
100
AcDbEntity
  8
E-ACERO
100
AcDbCircle
 10
6.159760000000075
 20
125.37495830078157
 30
0.0
 40
0.011000000000000001
  0
HATCH
  5
843
330
17
100
AcDbEntity
  8
E-ACERO
100
AcDbHatch
 10
0.0
 20
0.0
 30
0.0
210
0.0
220
0.0
230
1.0
  2
SOLID
 70
1
 71
0
 91
1
 92
1
 93
1
 72
2
 10
6.159760000000075
 20
125.37495830078157
 40
0.011000000000000001
 50
0
 51
360
 73
1
 97
0
 75
0
 76
1
 98
0
  0
LWPOLYLINE
  5
844
330
17
100
AcDbEntity
  8
E-ACERO
100
AcDbPolyline
 90
2
 70
0
 10
6.159760000000075
 20
125.37495830078157
 10
6.518390512419452
 20
125.37495830078157
  0
CIRCLE
  5
845
330
17
100
AcDbEntity
  8
E-ACERO
100
AcDbCircle
 10
6.159760000000075
 20
125.57495830078157
 30
0.0
 40
0.011000000000000001
  0
HATCH
  5
846
330
17
100
AcDbEntity
  8
E-ACERO
100
AcDbHatch
 10
0.0
 20
0.0
 30
0.0
210
0.0
220
0.0
230
1.0
  2
SOLID
 70
1
 71
0
 91
1
 92
1
 93
1
 72
2
 10
6.159760000000075
 20
125.57495830078157
 40
0.011000000000000001
 50
0
 51
360
 73
1
 97
0
 75
0
 76
1
 98
0
  0
LWPOLYLINE
  5
847
330
17
100
AcDbEntity
  8
E-ACERO
100
AcDbPolyline
 90
2
 70
0
 10
6.159760000000075
 20
125.57495830078157
 10
6.518390512419452
 20
125.57495830078157
  0
CIRCLE
  5
848
330
17
100
AcDbEntity
  8
E-ACERO
100
AcDbCircle
 10
6.159760000000075
 20
125.77495830078158
 30
0.0
 40
0.011000000000000001
  0
HATCH
  5
849
330
17
100
AcDbEntity
  8
E-ACERO
100
AcDbHatch
 10
0.0
 20
0.0
 30
0.0
210
0.0
220
0.0
230
1.0
  2
SOLID
 70
1
 71
0
 91
1
 92
1
 93
1
 72
2
 10
6.159760000000075
 20
125.77495830078158
 40
0.011000000000000001
 50
0
 51
360
 73
1
 97
0
 75
0
 76
1
 98
0
  0
LWPOLYLINE
  5
84A
330
17
100
AcDbEntity
  8
E-ACERO
100
AcDbPolyline
 90
2
 70
0
 10
6.159760000000075
 20
125.77495830078158
 10
6.518390512419452
 20
125.77495830078158
  0
CIRCLE
  5
84B
330
17
100
AcDbEntity
  8
E-ACERO
100
AcDbCircle
 10
6.159760000000075
 20
125.97495830078157
 30
0.0
 40
0.011000000000000001
  0
HATCH
  5
84C
330
17
100
AcDbEntity
  8
E-ACERO
100
AcDbHatch
 10
0.0
 20
0.0
 30
0.0
210
0.0
220
0.0
230
1.0
  2
SOLID
 70
1
 71
0
 91
1
 92
1
 93
1
 72
2
 10
6.159760000000075
 20
125.97495830078157
 40
0.011000000000000001
 50
0
 51
360
 73
1
 97
0
 75
0
 76
1
 98
0
  0
LWPOLYLINE
  5
84D
330
17
100
AcDbEntity
  8
E-ACERO
100
AcDbPolyline
 90
2
 70
0
 10
6.159760000000075
 20
125.97495830078157
 10
6.518390512419452
 20
125.97495830078157
  0
CIRCLE
  5
84E
330
17
100
AcDbEntity
  8
E-ACERO
100
AcDbCircle
 10
6.159760000000075
 20
126.17495830078157
 30
0.0
 40
0.011000000000000001
  0
HATCH
  5
84F
330
17
100
AcDbEntity
  8
E-ACERO
100
AcDbHatch
 10
0.0
 20
0.0
 30
0.0
210
0.0
220
0.0
230
1.0
  2
SOLID
 70
1
 71
0
 91
1
 92
1
 93
1
 72
2
 10
6.159760000000075
 20
126.17495830078157
 40
0.011000000000000001
 50
0
 51
360
 73
1
 97
0
 75
0
 76
1
 98
0
  0
LWPOLYLINE
  5
850
330
17
100
AcDbEntity
  8
E-ACERO
100
AcDbPolyline
 90
2
 70
0
 10
6.159760000000075
 20
126.17495830078157
 10
6.518390512419452
 20
126.17495830078157
  0
DIMENSION
  5
851
330
17
100
AcDbEntity
  8
E-COTA
100
AcDbDimension
280
0
  2
*D57
  3
COTA20
 10
5.74
 20
125.14995830078158
 30
0.0
 11
5.71
 21
125.26245830078157
 31
0.0
 70
32
 71
5
  1
0.22
100
AcDbAlignedDimension
 13
6.0000000000000755
 23
125.14995830078158
 33
0.0
 14
6.0000000000000755
 24
125.37495830078157
 34
0.0
 50
90.0
100
AcDbRotatedDimension
1001
ACAD
1000
DSTYLE
1002
{
1070
271
1070
2
1002
}
  0
DIMENSION
  5
860
330
17
100
AcDbEntity
  8
E-COTA
100
AcDbDimension
280
0
  2
*D58
  3
COTA20
 10
5.74
 20
125.37495830078157
 30
0.0
 11
5.71
 21
125.47495830078157
 31
0.0
 70
32
 71
5
  1
0.20
100
AcDbAlignedDimension
 13
6.0000000000000755
 23
125.37495830078157
 33
0.0
 14
6.0000000000000755
 24
125.57495830078157
 34
0.0
 50
90.0
100
AcDbRotatedDimension
1001
ACAD
1000
DSTYLE
1002
{
1070
271
1070
2
1002
}
  0
DIMENSION
  5
86F
330
17
100
AcDbEntity
  8
E-COTA
100
AcDbDimension
280
0
  2
*D59
  3
COTA20
 10
5.74
 20
125.57495830078157
 30
0.0
 11
5.71
 21
125.67495830078158
 31
0.0
 70
32
 71
5
  1
0.20
100
AcDbAlignedDimension
 13
6.0000000000000755
 23
125.57495830078157
 33
0.0
 14
6.0000000000000755
 24
125.77495830078158
 34
0.0
 50
90.0
100
AcDbRotatedDimension
1001
ACAD
1000
DSTYLE
1002
{
1070
271
1070
2
1002
}
  0
DIMENSION
  5
87E
330
17
100
AcDbEntity
  8
E-COTA
100
AcDbDimension
280
0
  2
*D60
  3
COTA20
 10
5.74
 20
125.77495830078158
 30
0.0
 11
5.71
 21
125.87495830078157
 31
0.0
 70
32
 71
5
  1
0.20
100
AcDbAlignedDimension
 13
6.0000000000000755
 23
125.77495830078158
 33
0.0
 14
6.0000000000000755
 24
125.97495830078157
 34
0.0
 50
90.0
100
AcDbRotatedDimension
1001
ACAD
1000
DSTYLE
1002
{
1070
271
1070
2
1002
}
  0
DIMENSION
  5
88D
330
17
100
AcDbEntity
  8
E-COTA
100
AcDbDimension
280
0
  2
*D61
  3
COTA20
 10
5.74
 20
125.97495830078157
 30
0.0
 11
5.71
 21
126.07495830078156
 31
0.0
 70
32
 71
5
  1
0.20
100
AcDbAlignedDimension
 13
6.0000000000000755
 23
125.97495830078157
 33
0.0
 14
6.0000000000000755
 24
126.17495830078157
 34
0.0
 50
90.0
100
AcDbRotatedDimension
1001
ACAD
1000
DSTYLE
1002
{
1070
271
1070
2
1002
}
  0
DIMENSION
  5
89C
330
17
100
AcDbEntity
  8
E-COTA
100
AcDbDimension
280
0
  2
*D62
  3
COTA20
 10
5.74
 20
126.17495830078157
 30
0.0
 11
5.71
 21
126.28745830078157
 31
0.0
 70
32
 71
5
  1
0.22
100
AcDbAlignedDimension
 13
6.0000000000000755
 23
126.17495830078157
 33
0.0
 14
6.0000000000000755
 24
126.39995830078158
 34
0.0
 50
90.0
100
AcDbRotatedDimension
1001
ACAD
1000
DSTYLE
1002
{
1070
271
1070
2
1002
}
  0
DIMENSION
  5
8AB
330
17
100
AcDbEntity
  8
E-COTA
100
AcDbDimension
280
0
  2
*D63
  3
COTA20
 10
6.86
 20
125.14995830078158
 30
0.0
 11
6.83
 21
125.77495830078158
 31
0.0
 70
32
 71
5
  1
<>
100
AcDbAlignedDimension
 13
6.500000000000077
 23
125.14995830078158
 33
0.0
 14
6.500000000000077
 24
126.39995830078158
 34
0.0
 50
90.0
100
AcDbRotatedDimension
1001
ACAD
1000
DSTYLE
1002
{
1070
271
1070
2
1002
}
  0
DIMENSION
  5
8BA
330
17
100
AcDbEntity
  8
E-COTA
100
AcDbDimension
280
0
  2
*D64
  3
COTA20
 10
6.0000000000000755
 20
126.51995830078157
 30
0.0
 11
6.250000000000076
 21
126.54995830078157
 31
0.0
 70
32
 71
5
  1
<>
100
AcDbAlignedDimension
 13
6.0000000000000755
 23
126.39995830078158
 33
0.0
 14
6.500000000000077
 24
126.39995830078158
 34
0.0
 50
0.0
100
AcDbRotatedDimension
1001
ACAD
1000
DSTYLE
1002
{
1070
271
1070
2
1002
}
  0
DIMENSION
  5
8C9
330
17
100
AcDbEntity
  8
E-COTA
100
AcDbDimension
280
0
  2
*D65
  3
COTA20
 10
6.0000000000000755
 20
126.61995830078158
 30
0.0
 11
6.050000000000075
 21
126.67395830078158
 31
0.0
 70
32
 71
5
  1
<>
100
AcDbAlignedDimension
 13
6.0000000000000755
 23
126.39995830078158
 33
0.0
 14
6.100000000000075
 24
126.39995830078158
 34
0.0
 50
0.0
100
AcDbRotatedDimension
1001
ACAD
1000
DSTYLE
1002
{
1070
271
1070
2
1002
}
  0
LWPOLYLINE
  5
8D8
330
17
100
AcDbEntity
  8
E-ACERO-TXT
100
AcDbPolyline
 90
3
 70
0
 10
6.159760000000075
 20
126.17495830078157
 10
6.2
 20
126.6
 10
6.24
 20
126.6
  0
CIRCLE
  5
8D9
330
17
100
AcDbEntity
  8
E-ACERO-TXT
100
AcDbCircle
 10
6.159760000000075
 20
126.17495830078157
 30
0.0
 40
0.01
  0
HATCH
  5
8DA
330
17
100
AcDbEntity
  8
E-ACERO-TXT
100
AcDbHatch
 10
0.0
 20
0.0
 30
0.0
210
0.0
220
0.0
230
1.0
  2
SOLID
 70
1
 71
0
 91
1
 92
1
 93
1
 72
2
 10
6.159760000000075
 20
126.17495830078157
 40
0.01
 50
0
 51
360
 73
1
 97
0
 75
0
 76
1
 98
0
  0
TEXT
  5
8DB
330
17
100
AcDbEntity
  8
E-ACERO-TXT
100
AcDbText
 10
6.256
 20
126.6
 30
0.0
 40
0.027999999999999997
  1
5 mechas centradas @ 0.20 (≥ 5 cm de las caras)
  7
ARIAL
 41
0.9
 11
6.256
 21
126.6
 31
0.0
100
AcDbText
 73
2
  0
TEXT
  5
8DC
330
17
100
AcDbEntity
  8
E-TITULO
100
AcDbText
 10
6.25
 20
126.74
 30
0.0
 40
0.036000000000000004
  1
CORREGIR POSICIÓN DE MECHAS SEGÚN DETALLE
  7
ARIAL
 41
0.9
 11
6.25
 21
126.74
 31
0.0
100
AcDbText
 73
2
  0
LWPOLYLINE
  5
8DD
330
17
100
AcDbEntity
  8
E-SECCION
100
AcDbPolyline
 90
2
 70
0
 43
0.013999999999999999
 10
6.0
 20
125.77495830078158
 10
6.12
 20
125.77495830078158
  0
LWPOLYLINE
  5
8DE
330
17
100
AcDbEntity
  8
E-SECCION
100
AcDbPolyline
 90
3
 70
0
 10
6.02
 20
125.77495830078158
 10
6.0
 20
125.85495830078158
 10
6.07
 20
125.77495830078158
  0
CIRCLE
  5
8DF
330
17
100
AcDbEntity
  8
E-SECCION
100
AcDbCircle
 10
5.93
 20
125.77495830078158
 30
0.0
 40
0.06
  0
TEXT
  5
8E0
330
17
100
AcDbEntity
  8
E-SECCION
100
AcDbText
 10
5.93
 20
125.77495830078158
 30
0.0
 40
0.052000000000000005
  1
C
  7
ARIAL
 41
0.9
 72
1
 11
5.93
 21
125.77495830078158
 31
0.0
100
AcDbText
 73
2
  0
LWPOLYLINE
  5
8E1
330
17
100
AcDbEntity
  8
E-SECCION
100
AcDbPolyline
 90
2
 70
0
 43
0.013999999999999999
 10
6.62
 20
125.77495830078158
 10
6.5
 20
125.77495830078158
  0
LWPOLYLINE
  5
8E2
330
17
100
AcDbEntity
  8
E-SECCION
100
AcDbPolyline
 90
3
 70
0
 10
6.6000000000000005
 20
125.77495830078158
 10
6.62
 20
125.85495830078158
 10
6.55
 20
125.77495830078158
  0
CIRCLE
  5
8E3
330
17
100
AcDbEntity
  8
E-SECCION
100
AcDbCircle
 10
6.69
 20
125.77495830078158
 30
0.0
 40
0.06
  0
TEXT
  5
8E4
330
17
100
AcDbEntity
  8
E-SECCION
100
AcDbText
 10
6.69
 20
125.77495830078158
 30
0.0
 40
0.052000000000000005
  1
C
  7
ARIAL
 41
0.9
 72
1
 11
6.69
 21
125.77495830078158
 31
0.0
100
AcDbText
 73
2
  0
HATCH
  5
8E6
330
17
100
AcDbEntity
  8
E-CORTE-ACH
100
AcDbHatch
 10
0.0
 20
0.0
 30
0.0
210
0.0
220
0.0
230
1.0
  2
SOLID
 70
1
 71
0
 91
1
 92
3
 72
0
 73
1
 93
4
 10
0.14995830078157077
 20
140.0
 10
1.2499583007815733
 20
140.0
 10
1.2499583007815733
 20
140.15000007828704
 10
0.14995830078157077
 20
140.15000007828704
 97
0
 75
0
 76
1
 98
0
  0
LWPOLYLINE
  5
8E7
330
17
100
AcDbEntity
  8
E-CORTE
100
AcDbPolyline
 90
4
 70
1
 10
0.14995830078157077
 20
140.0
 10
1.2499583007815733
 20
140.0
 10
1.2499583007815733
 20
140.15000007828704
 10
0.14995830078157077
 20
140.15000007828704
  0
CIRCLE
  5
8E8
330
17
100
AcDbEntity
  8
E-ACERO
100
AcDbCircle
 10
0.17972080409526825
 20
140.0297625771562
 30
0.0
 40
0.00476
  0
HATCH
  5
8E9
330
17
100
AcDbEntity
  8
E-ACERO
100
AcDbHatch
 10
0.0
 20
0.0
 30
0.0
210
0.0
220
0.0
230
1.0
  2
SOLID
 70
1
 71
0
 91
1
 92
1
 93
1
 72
2
 10
0.17972080409526825
 20
140.0297625771562
 40
0.00476
 50
0
 51
360
 73
1
 97
0
 75
0
 76
1
 98
0
  0
CIRCLE
  5
8EA
330
17
100
AcDbEntity
  8
E-ACERO
100
AcDbCircle
 10
0.38781580328941345
 20
140.0297625771562
 30
0.0
 40
0.00476
  0
HATCH
  5
8EB
330
17
100
AcDbEntity
  8
E-ACERO
100
AcDbHatch
 10
0.0
 20
0.0
 30
0.0
210
0.0
220
0.0
230
1.0
  2
SOLID
 70
1
 71
0
 91
1
 92
1
 93
1
 72
2
 10
0.38781580328941345
 20
140.0297625771562
 40
0.00476
 50
0
 51
360
 73
1
 97
0
 75
0
 76
1
 98
0
  0
CIRCLE
  5
8EC
330
17
100
AcDbEntity
  8
E-ACERO
100
AcDbCircle
 10
0.5959107875823975
 20
140.0297625771562
 30
0.0
 40
0.00476
  0
HATCH
  5
8ED
330
17
100
AcDbEntity
  8
E-ACERO
100
AcDbHatch
 10
0.0
 20
0.0
 30
0.0
210
0.0
220
0.0
230
1.0
  2
SOLID
 70
1
 71
0
 91
1
 92
1
 93
1
 72
2
 10
0.5959107875823975
 20
140.0297625771562
 40
0.00476
 50
0
 51
360
 73
1
 97
0
 75
0
 76
1
 98
0
  0
CIRCLE
  5
8EE
330
17
100
AcDbEntity
  8
E-ACERO
100
AcDbCircle
 10
0.8040058016777039
 20
140.0297625771562
 30
0.0
 40
0.00476
  0
HATCH
  5
8EF
330
17
100
AcDbEntity
  8
E-ACERO
100
AcDbHatch
 10
0.0
 20
0.0
 30
0.0
210
0.0
220
0.0
230
1.0
  2
SOLID
 70
1
 71
0
 91
1
 92
1
 93
1
 72
2
 10
0.8040058016777039
 20
140.0297625771562
 40
0.00476
 50
0
 51
360
 73
1
 97
0
 75
0
 76
1
 98
0
  0
CIRCLE
  5
8F0
330
17
100
AcDbEntity
  8
E-ACERO
100
AcDbCircle
 10
1.0121008157730103
 20
140.0297625771562
 30
0.0
 40
0.00476
  0
HATCH
  5
8F1
330
17
100
AcDbEntity
  8
E-ACERO
100
AcDbHatch
 10
0.0
 20
0.0
 30
0.0
210
0.0
220
0.0
230
1.0
  2
SOLID
 70
1
 71
0
 91
1
 92
1
 93
1
 72
2
 10
1.0121008157730103
 20
140.0297625771562
 40
0.00476
 50
0
 51
360
 73
1
 97
0
 75
0
 76
1
 98
0
  0
CIRCLE
  5
8F2
330
17
100
AcDbEntity
  8
E-ACERO
100
AcDbCircle
 10
1.2201957702636719
 20
140.0297625771562
 30
0.0
 40
0.00476
  0
HATCH
  5
8F3
330
17
100
AcDbEntity
  8
E-ACERO
100
AcDbHatch
 10
0.0
 20
0.0
 30
0.0
210
0.0
220
0.0
230
1.0
  2
SOLID
 70
1
 71
0
 91
1
 92
1
 93
1
 72
2
 10
1.2201957702636719
 20
140.0297625771562
 40
0.00476
 50
0
 51
360
 73
1
 97
0
 75
0
 76
1
 98
0
  0
CIRCLE
  5
8F4
330
17
100
AcDbEntity
  8
E-ACERO
100
AcDbCircle
 10
0.21972079575061798
 20
140.12023747277672
 30
0.0
 40
0.00476
  0
HATCH
  5
8F5
330
17
100
AcDbEntity
  8
E-ACERO
100
AcDbHatch
 10
0.0
 20
0.0
 30
0.0
210
0.0
220
0.0
230
1.0
  2
SOLID
 70
1
 71
0
 91
1
 92
1
 93
1
 72
2
 10
0.21972079575061798
 20
140.12023747277672
 40
0.00476
 50
0
 51
360
 73
1
 97
0
 75
0
 76
1
 98
0
  0
CIRCLE
  5
8F6
330
17
100
AcDbEntity
  8
E-ACERO
100
AcDbCircle
 10
0.4278157949447632
 20
140.12023747277672
 30
0.0
 40
0.00476
  0
HATCH
  5
8F7
330
17
100
AcDbEntity
  8
E-ACERO
100
AcDbHatch
 10
0.0
 20
0.0
 30
0.0
210
0.0
220
0.0
230
1.0
  2
SOLID
 70
1
 71
0
 91
1
 92
1
 93
1
 72
2
 10
0.4278157949447632
 20
140.12023747277672
 40
0.00476
 50
0
 51
360
 73
1
 97
0
 75
0
 76
1
 98
0
  0
CIRCLE
  5
8F8
330
17
100
AcDbEntity
  8
E-ACERO
100
AcDbCircle
 10
0.6359108090400696
 20
140.12023747277672
 30
0.0
 40
0.00476
  0
HATCH
  5
8F9
330
17
100
AcDbEntity
  8
E-ACERO
100
AcDbHatch
 10
0.0
 20
0.0
 30
0.0
210
0.0
220
0.0
230
1.0
  2
SOLID
 70
1
 71
0
 91
1
 92
1
 93
1
 72
2
 10
0.6359108090400696
 20
140.12023747277672
 40
0.00476
 50
0
 51
360
 73
1
 97
0
 75
0
 76
1
 98
0
  0
CIRCLE
  5
8FA
330
17
100
AcDbEntity
  8
E-ACERO
100
AcDbCircle
 10
0.844005823135376
 20
140.12023747277672
 30
0.0
 40
0.00476
  0
HATCH
  5
8FB
330
17
100
AcDbEntity
  8
E-ACERO
100
AcDbHatch
 10
0.0
 20
0.0
 30
0.0
210
0.0
220
0.0
230
1.0
  2
SOLID
 70
1
 71
0
 91
1
 92
1
 93
1
 72
2
 10
0.844005823135376
 20
140.12023747277672
 40
0.00476
 50
0
 51
360
 73
1
 97
0
 75
0
 76
1
 98
0
  0
CIRCLE
  5
8FC
330
17
100
AcDbEntity
  8
E-ACERO
100
AcDbCircle
 10
1.0521007776260376
 20
140.12023747277672
 30
0.0
 40
0.00476
  0
HATCH
  5
8FD
330
17
100
AcDbEntity
  8
E-ACERO
100
AcDbHatch
 10
0.0
 20
0.0
 30
0.0
210
0.0
220
0.0
230
1.0
  2
SOLID
 70
1
 71
0
 91
1
 92
1
 93
1
 72
2
 10
1.0521007776260376
 20
140.12023747277672
 40
0.00476
 50
0
 51
360
 73
1
 97
0
 75
0
 76
1
 98
0
  0
CIRCLE
  5
8FE
330
17
100
AcDbEntity
  8
E-ACERO
100
AcDbCircle
 10
1.1801958084106445
 20
140.12023747277672
 30
0.0
 40
0.00476
  0
HATCH
  5
8FF
330
17
100
AcDbEntity
  8
E-ACERO
100
AcDbHatch
 10
0.0
 20
0.0
 30
0.0
210
0.0
220
0.0
230
1.0
  2
SOLID
 70
1
 71
0
 91
1
 92
1
 93
1
 72
2
 10
1.1801958084106445
 20
140.12023747277672
 40
0.00476
 50
0
 51
360
 73
1
 97
0
 75
0
 76
1
 98
0
  0
LWPOLYLINE
  5
900
330
17
100
AcDbEntity
  8
E-ACERO
100
AcDbPolyline
 90
2
 70
0
 43
0.00952
 10
0.1813182976102829
 20
140.0392825771562
 10
1.2185982767486572
 20
140.0392825771562
  0
DIMENSION
  5
901
330
17
100
AcDbEntity
  8
E-COTA
100
AcDbDimension
280
0
  2
*D66
  3
COTA10
 10
0.14995830078157077
 20
139.955
 30
0.0
 11
0.6999583007815721
 21
139.97
 31
0.0
 70
32
 71
5
  1
<>
100
AcDbAlignedDimension
 13
0.14995830078157077
 23
140.0
 33
0.0
 14
1.2499583007815733
 24
140.0
 34
0.0
 50
0.0
100
AcDbRotatedDimension
1001
ACAD
1000
DSTYLE
1002
{
1070
271
1070
2
1002
}
  0
DIMENSION
  5
910
330
17
100
AcDbEntity
  8
E-COTA
100
AcDbDimension
280
0
  2
*D67
  3
COTA10
 10
1.2999583007815734
 20
140.0
 30
0.0
 11
1.2849583007815735
 21
140.0750000391435
 31
0.0
 70
32
 71
5
  1
t=0.15
100
AcDbAlignedDimension
 13
1.2499583007815733
 23
140.0
 33
0.0
 14
1.2499583007815733
 24
140.15000007828704
 34
0.0
 50
90.0
100
AcDbRotatedDimension
1001
ACAD
1000
DSTYLE
1002
{
1070
271
1070
2
1002
}
  0
DIMENSION
  5
91F
330
17
100
AcDbEntity
  8
E-COTA
100
AcDbDimension
280
0
  2
*D68
  3
COTA10
 10
0.11495830078157077
 20
140.0
 30
0.0
 11
0.08795830078157077
 21
140.0125012885781
 31
0.0
 70
32
 71
5
  1
0.025
100
AcDbAlignedDimension
 13
0.14995830078157077
 23
140.0
 33
0.0
 14
0.14995830078157077
 24
140.0250025771562
 34
0.0
 50
90.0
100
AcDbRotatedDimension
1001
ACAD
1000
DSTYLE
1002
{
1070
271
1070
2
1002
}
  0
DIMENSION
  5
92E
330
17
100
AcDbEntity
  8
E-COTA
100
AcDbDimension
280
0
  2
*D69
  3
COTA10
 10
0.11495830078157077
 20
140.12499747277673
 30
0.0
 11
0.08795830078157077
 21
140.13749877553187
 31
0.0
 70
32
 71
5
  1
0.025
100
AcDbAlignedDimension
 13
0.14995830078157077
 23
140.12499747277673
 33
0.0
 14
0.14995830078157077
 24
140.15000007828704
 34
0.0
 50
90.0
100
AcDbRotatedDimension
1001
ACAD
1000
DSTYLE
1002
{
1070
271
1070
2
1002
}
  0
DIMENSION
  5
93D
330
17
100
AcDbEntity
  8
E-COTA
100
AcDbDimension
280
0
  2
*D70
  3
COTA10
 10
0.14995830078157077
 20
140.22000007828703
 30
0.0
 11
0.16483955243841952
 21
140.24700007828702
 31
0.0
 70
32
 71
5
  1
0.03
100
AcDbAlignedDimension
 13
0.14995830078157077
 23
140.0
 33
0.0
 14
0.17972080409526825
 24
140.0
 34
0.0
 50
0.0
100
AcDbRotatedDimension
1001
ACAD
1000
DSTYLE
1002
{
1070
271
1070
2
1002
}
  0
DIMENSION
  5
94C
330
17
100
AcDbEntity
  8
E-COTA
100
AcDbDimension
280
0
  2
*D71
  3
COTA10
 10
0.17972080409526825
 20
140.22000007828703
 30
0.0
 11
0.28376830369234085
 21
140.23500007828702
 31
0.0
 70
32
 71
5
  1
0.208
100
AcDbAlignedDimension
 13
0.17972080409526825
 23
140.0
 33
0.0
 14
0.38781580328941345
 24
140.0
 34
0.0
 50
0.0
100
AcDbRotatedDimension
1001
ACAD
1000
DSTYLE
1002
{
1070
271
1070
2
1002
}
  0
DIMENSION
  5
95B
330
17
100
AcDbEntity
  8
E-COTA
100
AcDbDimension
280
0
  2
*D72
  3
COTA10
 10
0.38781580328941345
 20
140.22000007828703
 30
0.0
 11
0.49186329543590546
 21
140.23500007828702
 31
0.0
 70
32
 71
5
  1
0.208
100
AcDbAlignedDimension
 13
0.38781580328941345
 23
140.0
 33
0.0
 14
0.5959107875823975
 24
140.0
 34
0.0
 50
0.0
100
AcDbRotatedDimension
1001
ACAD
1000
DSTYLE
1002
{
1070
271
1070
2
1002
}
  0
DIMENSION
  5
96A
330
17
100
AcDbEntity
  8
E-COTA
100
AcDbDimension
280
0
  2
*D73
  3
COTA10
 10
0.5959107875823975
 20
140.22000007828703
 30
0.0
 11
0.6999582946300507
 21
140.23500007828702
 31
0.0
 70
32
 71
5
  1
0.208
100
AcDbAlignedDimension
 13
0.5959107875823975
 23
140.0
 33
0.0
 14
0.8040058016777039
 24
140.0
 34
0.0
 50
0.0
100
AcDbRotatedDimension
1001
ACAD
1000
DSTYLE
1002
{
1070
271
1070
2
1002
}
  0
DIMENSION
  5
979
330
17
100
AcDbEntity
  8
E-COTA
100
AcDbDimension
280
0
  2
*D74
  3
COTA10
 10
0.8040058016777039
 20
140.22000007828703
 30
0.0
 11
0.9080533087253571
 21
140.23500007828702
 31
0.0
 70
32
 71
5
  1
0.208
100
AcDbAlignedDimension
 13
0.8040058016777039
 23
140.0
 33
0.0
 14
1.0121008157730103
 24
140.0
 34
0.0
 50
0.0
100
AcDbRotatedDimension
1001
ACAD
1000
DSTYLE
1002
{
1070
271
1070
2
1002
}
  0
DIMENSION
  5
988
330
17
100
AcDbEntity
  8
E-COTA
100
AcDbDimension
280
0
  2
*D75
  3
COTA10
 10
1.0121008157730103
 20
140.22000007828703
 30
0.0
 11
1.116148293018341
 21
140.23500007828702
 31
0.0
 70
32
 71
5
  1
0.208
100
AcDbAlignedDimension
 13
1.0121008157730103
 23
140.0
 33
0.0
 14
1.2201957702636719
 24
140.0
 34
0.0
 50
0.0
100
AcDbRotatedDimension
1001
ACAD
1000
DSTYLE
1002
{
1070
271
1070
2
1002
}
  0
DIMENSION
  5
997
330
17
100
AcDbEntity
  8
E-COTA
100
AcDbDimension
280
0
  2
*D76
  3
COTA10
 10
1.2201957702636719
 20
140.22000007828703
 30
0.0
 11
1.2350770355226226
 21
140.24700007828702
 31
0.0
 70
32
 71
5
  1
0.03
100
AcDbAlignedDimension
 13
1.2201957702636719
 23
140.0
 33
0.0
 14
1.2499583007815733
 24
140.0
 34
0.0
 50
0.0
100
AcDbRotatedDimension
1001
ACAD
1000
DSTYLE
1002
{
1070
271
1070
2
1002
}
  0
LWPOLYLINE
  5
9A6
330
17
100
AcDbEntity
  8
E-ACERO-TXT
100
AcDbPolyline
 90
3
 70
0
 10
0.5959107875823975
 20
140.0297625771562
 10
0.52
 20
139.925
 10
0.5
 20
139.925
  0
CIRCLE
  5
9A7
330
17
100
AcDbEntity
  8
E-ACERO-TXT
100
AcDbCircle
 10
0.5959107875823975
 20
140.0297625771562
 30
0.0
 40
0.005
  0
HATCH
  5
9A8
330
17
100
AcDbEntity
  8
E-ACERO-TXT
100
AcDbHatch
 10
0.0
 20
0.0
 30
0.0
210
0.0
220
0.0
230
1.0
  2
SOLID
 70
1
 71
0
 91
1
 92
1
 93
1
 72
2
 10
0.5959107875823975
 20
140.0297625771562
 40
0.005
 50
0
 51
360
 73
1
 97
0
 75
0
 76
1
 98
0
  0
TEXT
  5
9A9
330
17
100
AcDbEntity
  8
E-ACERO-TXT
100
AcDbText
 10
0.492
 20
139.925
 30
0.0
 40
0.018000000000000002
  1
E11: long. inf. (capa 1)
  7
ARIAL
 41
0.9
 72
2
 11
0.492
 21
139.925
 31
0.0
100
AcDbText
 73
2
  0
LWPOLYLINE
  5
9AA
330
17
100
AcDbEntity
  8
E-ACERO-TXT
100
AcDbPolyline
 90
3
 70
0
 10
0.844005823135376
 20
140.12023747277672
 10
1.0
 20
140.33
 10
1.02
 20
140.33
  0
CIRCLE
  5
9AB
330
17
100
AcDbEntity
  8
E-ACERO-TXT
100
AcDbCircle
 10
0.844005823135376
 20
140.12023747277672
 30
0.0
 40
0.005
  0
HATCH
  5
9AC
330
17
100
AcDbEntity
  8
E-ACERO-TXT
100
AcDbHatch
 10
0.0
 20
0.0
 30
0.0
210
0.0
220
0.0
230
1.0
  2
SOLID
 70
1
 71
0
 91
1
 92
1
 93
1
 72
2
 10
0.844005823135376
 20
140.12023747277672
 40
0.005
 50
0
 51
360
 73
1
 97
0
 75
0
 76
1
 98
0
  0
TEXT
  5
9AD
330
17
100
AcDbEntity
  8
E-ACERO-TXT
100
AcDbText
 10
1.028
 20
140.33
 30
0.0
 40
0.018000000000000002
  1
E12: long. sup.
  7
ARIAL
 41
0.9
 11
1.028
 21
140.33
 31
0.0
100
AcDbText
 73
2
  0
LWPOLYLINE
  5
9AE
330
17
100
AcDbEntity
  8
E-ACERO-TXT
100
AcDbPolyline
 90
3
 70
0
 10
0.98
 20
140.0392825771562
 10
1.08
 20
139.925
 10
1.1
 20
139.925
  0
CIRCLE
  5
9AF
330
17
100
AcDbEntity
  8
E-ACERO-TXT
100
AcDbCircle
 10
0.98
 20
140.0392825771562
 30
0.0
 40
0.005
  0
HATCH
  5
9B0
330
17
100
AcDbEntity
  8
E-ACERO-TXT
100
AcDbHatch
 10
0.0
 20
0.0
 30
0.0
210
0.0
220
0.0
230
1.0
  2
SOLID
 70
1
 71
0
 91
1
 92
1
 93
1
 72
2
 10
0.98
 20
140.0392825771562
 40
0.005
 50
0
 51
360
 73
1
 97
0
 75
0
 76
1
 98
0
  0
TEXT
  5
9B1
330
17
100
AcDbEntity
  8
E-ACERO-TXT
100
AcDbText
 10
1.108
 20
139.925
 30
0.0
 40
0.018000000000000002
  1
E4: transv. (capa 2)
  7
ARIAL
 41
0.9
 11
1.108
 21
139.925
 31
0.0
100
AcDbText
 73
2
  0
TEXT
  5
9B2
330
17
100
AcDbEntity
  8
E-TEXTO
100
AcDbText
 10
0.6999583007815721
 20
139.875
 30
0.0
 40
0.016
  1
(capa 2 apoyada sobre la capa 1; recubrimiento libre 2.5 cm)
  7
ARIAL
 41
0.9
 72
1
 11
0.6999583007815721
 21
139.875
 31
0.0
100
AcDbText
 73
2
  0
ENDSEC
  0
SECTION
  2
OBJECTS
  0
DICTIONARY
  5
A
330
0
100
AcDbDictionary
281
1
  3
ACAD_COLOR
350
B
  3
ACAD_GROUP
350
C
  3
ACAD_LAYOUT
350
D
  3
ACAD_MATERIAL
350
E
  3
ACAD_MLEADERSTYLE
350
F
  3
ACAD_MLINESTYLE
350
10
  3
ACAD_PLOTSETTINGS
350
11
  3
ACAD_PLOTSTYLENAME
350
12
  3
ACAD_SCALELIST
350
14
  3
ACAD_TABLESTYLE
350
15
  3
ACAD_VISUALSTYLE
350
16
  3
EZDXF_META
350
2D
  0
DICTIONARY
  5
B
330
A
100
AcDbDictionary
281
1
  0
DICTIONARY
  5
C
330
A
100
AcDbDictionary
281
1
  0
DICTIONARY
  5
D
330
A
100
AcDbDictionary
281
1
  3
Model
350
1A
  3
Layout1
350
1E
  3
E-09
350
9B6
  0
DICTIONARY
  5
E
330
A
100
AcDbDictionary
281
1
  3
ByBlock
350
1F
  3
ByLayer
350
20
  3
Global
350
21
  0
DICTIONARY
  5
F
330
A
100
AcDbDictionary
281
1
  3
Standard
350
2C
  0
DICTIONARY
  5
10
330
A
100
AcDbDictionary
281
1
  3
Standard
350
22
  0
DICTIONARY
  5
11
330
A
100
AcDbDictionary
281
1
  0
ACDBDICTIONARYWDFLT
  5
12
330
A
100
AcDbDictionary
281
1
  3
Normal
350
13
100
AcDbDictionaryWithDefault
340
13
  0
ACDBPLACEHOLDER
  5
13
330
12
  0
DICTIONARY
  5
14
330
A
100
AcDbDictionary
281
1
  0
DICTIONARY
  5
15
330
A
100
AcDbDictionary
281
1
  0
DICTIONARY
  5
16
330
A
100
AcDbDictionary
281
1
  3
2dWireframe
350
5A
  3
Basic
350
5B
  3
Brighten
350
5C
  3
ColorChange
350
5D
  3
Conceptual
350
5E
  3
Dim
350
5F
  3
EdgeColorOff
350
60
  3
Facepattern
350
61
  3
Flat
350
62
  3
FlatWithEdges
350
63
  3
Gouraud
350
64
  3
GouraudWithEdges
350
65
  3
Hidden
350
66
  3
JitterOff
350
67
  3
Linepattern
350
68
  3
Modeling
350
69
  3
OverhangOff
350
6A
  3
Realistic
350
6B
  3
Shaded
350
6C
  3
Shaded with edges
350
6D
  3
Shades of Gray
350
6E
  3
Sketchy
350
6F
  3
Thicken
350
70
  3
Wireframe
350
71
  3
X-Ray
350
72
  0
LAYOUT
  5
1A
330
D
100
AcDbPlotSettings
  1

  4
A3
  6

 40
7.5
 41
20.0
 42
7.5
 43
20.0
 44
420.0
 45
297.0
 46
0.0
 47
0.0
 48
0.0
 49
0.0
140
0.0
141
0.0
142
1.0
143
1.0
 70
1024
 72
1
 73
0
 74
5
  7

 75
16
 76
0
 77
2
 78
300
147
1.0
148
0.0
149
0.0
100
AcDbLayout
  1
Model
 70
1
 71
0
 10
0.0
 20
0.0
 11
420.0
 21
297.0
 12
0.0
 22
0.0
 32
0.0
 14
1e+20
 24
1e+20
 34
1e+20
 15
-1e+20
 25
-1e+20
 35
-1e+20
146
0.0
 13
0.0
 23
0.0
 33
0.0
 16
1.0
 26
0.0
 36
0.0
 17
0.0
 27
1.0
 37
0.0
 76
1
330
17
  0
LAYOUT
  5
1E
330
D
100
AcDbPlotSettings
  1

  4
A3
  6

 40
7.5
 41
20.0
 42
7.5
 43
20.0
 44
420.0
 45
297.0
 46
0.0
 47
0.0
 48
0.0
 49
0.0
140
0.0
141
0.0
142
1.0
143
1.0
 70
0
 72
1
 73
0
 74
5
  7

 75
16
 76
0
 77
2
 78
300
147
1.0
148
0.0
149
0.0
100
AcDbLayout
  1
Layout1
 70
1
 71
1
 10
0.0
 20
0.0
 11
420.0
 21
297.0
 12
0.0
 22
0.0
 32
0.0
 14
1e+20
 24
1e+20
 34
1e+20
 15
-1e+20
 25
-1e+20
 35
-1e+20
146
0.0
 13
0.0
 23
0.0
 33
0.0
 16
1.0
 26
0.0
 36
0.0
 17
0.0
 27
1.0
 37
0.0
 76
1
330
1B
  0
MATERIAL
  5
1F
102
{ACAD_REACTORS
330
E
102
}
330
E
100
AcDbMaterial
  1
ByBlock
  2

 70
0
 40
1.0
 71
1
 41
1.0
 91
-1023410177
 42
1.0
 72
1
  3

 73
1
 74
1
 75
1
 44
0.5
 73
0
 45
1.0
 46
1.0
 77
1
  4

 78
1
 79
1
170
1
 48
1.0
171
1
  6

172
1
173
1
174
1
140
1.0
141
1.0
175
1
  7

176
1
177
1
178
1
143
1.0
179
1
  8

270
1
271
1
272
1
145
1.0
146
1.0
273
1
  9

274
1
275
1
276
1
 42
1.0
 72
1
  3

 73
1
 74
1
 75
1
 94
63
  0
MATERIAL
  5
20
102
{ACAD_REACTORS
330
E
102
}
330
E
100
AcDbMaterial
  1
ByLayer
  2

 70
0
 40
1.0
 71
1
 41
1.0
 91
-1023410177
 42
1.0
 72
1
  3

 73
1
 74
1
 75
1
 44
0.5
 73
0
 45
1.0
 46
1.0
 77
1
  4

 78
1
 79
1
170
1
 48
1.0
171
1
  6

172
1
173
1
174
1
140
1.0
141
1.0
175
1
  7

176
1
177
1
178
1
143
1.0
179
1
  8

270
1
271
1
272
1
145
1.0
146
1.0
273
1
  9

274
1
275
1
276
1
 42
1.0
 72
1
  3

 73
1
 74
1
 75
1
 94
63
  0
MATERIAL
  5
21
102
{ACAD_REACTORS
330
E
102
}
330
E
100
AcDbMaterial
  1
Global
  2

 70
0
 40
1.0
 71
1
 41
1.0
 91
-1023410177
 42
1.0
 72
1
  3

 73
1
 74
1
 75
1
 44
0.5
 73
0
 45
1.0
 46
1.0
 77
1
  4

 78
1
 79
1
170
1
 48
1.0
171
1
  6

172
1
173
1
174
1
140
1.0
141
1.0
175
1
  7

176
1
177
1
178
1
143
1.0
179
1
  8

270
1
271
1
272
1
145
1.0
146
1.0
273
1
  9

274
1
275
1
276
1
 42
1.0
 72
1
  3

 73
1
 74
1
 75
1
 94
63
  0
MLINESTYLE
  5
22
102
{ACAD_REACTORS
330
10
102
}
330
10
100
AcDbMlineStyle
  2
Standard
 70
0
  3

 62
256
 51
90.0
 52
90.0
 71
2
 49
0.5
 62
256
  6
BYLAYER
 49
-0.5
 62
256
  6
BYLAYER
  0
MLEADERSTYLE
  5
2C
102
{ACAD_REACTORS
330
F
102
}
330
F
100
AcDbMLeaderStyle
179
2
170
2
171
1
172
0
 90
2
 40
0.0
 41
0.0
173
1
 91
-1056964608
 92
-2
290
1
 42
2.0
291
1
 43
8.0
  3
Standard
 44
4.0
300

342
29
174
1
175
1
176
0
178
1
 93
-1056964608
 45
4.0
292
0
297
0
 46
4.0
 94
-1056964608
 47
1.0
 49
1.0
140
1.0
294
1
141
0.0
177
0
142
1.0
295
0
296
0
143
3.75
271
0
272
9
273
9
  0
DICTIONARY
  5
2D
330
A
100
AcDbDictionary
280
1
281
1
  3
CREATED_BY_EZDXF
350
2E
  3
WRITTEN_BY_EZDXF
350
AEE
  0
DICTIONARYVAR
  5
2E
330
2D
100
DictionaryVariables
280
0
  1
1.4.4 @ 2026-09-28T01:53:01.872438+00:00
  0
VISUALSTYLE
  5
5A
102
{ACAD_REACTORS
330
16
102
}
330
16
100
AcDbVisualStyle
  2
2dWireframe
 70
4
177
3
291
0
 70
58
 90
2
176
1
 90
2
176
1
 90
0
176
1
 90
0
176
1
 40
0.6
176
1
 40
30.0
176
1
 62
7
420
16777215
176
1
 90
1
176
1
 90
4
176
1
 62
7
176
1
 62
257
176
1
 90
1
176
1
 90
1
176
1
 40
1.0
176
1
 90
8
176
1
 62
7
176
1
 40
1.0
176
1
 90
1
176
1
 90
6
176
1
 90
2
176
1
 62
7
176
1
 90
5
176
1
 90
0
176
1
 90
0
176
1
290
0
176
1
 90
1
176
1
 40
0.0
176
1
 90
0
176
1
290
1
176
1
290
1
176
1
290
0
176
1
290
0
176
1
290
0
176
1
290
0
176
1
290
0
176
1
290
0
176
1
290
0
176
1
 90
50
176
1
 40
0.0
176
1
 40
1.0
176
1
 90
0
176
1
 62
18
420
0
176
1
 90
50
176
1
 90
3
176
1
 62
5
420
255
176
1
290
0
176
1
 90
50
176
1
 90
50
176
1
 90
50
176
1
290
0
176
1
 90
50
176
1
 62
256
176
0
 40
1.0
176
0
 90
2
176
1
  1
strokes_ogs.tif
176
1
290
0
176
1
 40
1.0
176
1
 40
1.0
176
1
  0
VISUALSTYLE
  5
5B
102
{ACAD_REACTORS
330
16
102
}
330
16
100
AcDbVisualStyle
  2
Basic
 70
7
177
3
291
1
 70
58
 90
2
176
1
 90
2
176
1
 90
0
176
1
 90
1
176
1
 40
0.6
176
1
 40
30.0
176
1
 62
7
420
16777215
176
1
 90
1
176
1
 90
4
176
1
 62
7
176
1
 62
257
176
1
 90
1
176
1
 90
1
176
1
 40
1.0
176
1
 90
8
176
1
 62
7
176
1
 40
1.0
176
1
 90
1
176
1
 90
6
176
1
 90
2
176
1
 62
7
176
1
 90
5
176
1
 90
0
176
1
 90
0
176
1
290
0
176
1
 90
1
176
1
 40
0.0
176
1
 90
0
176
1
290
0
176
1
290
1
176
1
290
1
176
1
290
0
176
1
290
0
176
1
290
0
176
1
290
0
176
1
290
0
176
1
290
0
176
1
 90
50
176
1
 40
0.0
176
1
 40
1.0
176
1
 90
0
176
1
 62
18
420
0
176
1
 90
50
176
1
 90
3
176
1
 62
5
420
255
176
1
290
0
176
1
 90
50
176
1
 90
50
176
1
 90
50
176
1
290
0
176
1
 90
50
176
1
 62
256
176
0
 40
1.0
176
0
 90
2
176
1
  1
strokes_ogs.tif
176
1
290
0
176
1
 40
1.0
176
1
 40
1.0
176
1
  0
VISUALSTYLE
  5
5C
102
{ACAD_REACTORS
330
16
102
}
330
16
100
AcDbVisualStyle
  2
Brighten
 70
12
177
3
291
1
 70
58
 90
2
176
1
 90
2
176
1
 90
0
176
1
 90
2
176
1
 40
0.6
176
1
 40
30.0
176
1
 62
7
420
16777215
176
1
 90
1
176
1
 90
4
176
1
 62
7
176
1
 62
257
176
1
 90
1
176
1
 90
1
176
1
 40
1.0
176
1
 90
8
176
1
 62
7
176
1
 40
1.0
176
1
 90
1
176
1
 90
6
176
1
 90
2
176
1
 62
7
176
1
 90
5
176
1
 90
0
176
1
 90
0
176
1
290
0
176
1
 90
1
176
1
 40
0.0
176
1
 90
0
176
1
290
0
176
1
290
1
176
1
290
1
176
1
290
0
176
1
290
0
176
1
290
0
176
1
290
0
176
1
290
0
176
1
290
0
176
1
 90
50
176
1
 40
0.0
176
1
 40
1.0
176
1
 90
0
176
1
 62
18
420
0
176
1
 90
50
176
1
 90
3
176
1
 62
5
420
255
176
1
290
0
176
1
 90
50
176
1
 90
50
176
1
 90
50
176
1
290
0
176
1
 90
50
176
1
 62
256
176
0
 40
1.0
176
0
 90
2
176
1
  1
strokes_ogs.tif
176
1
290
0
176
1
 40
1.0
176
1
 40
1.0
176
1
  0
VISUALSTYLE
  5
5D
102
{ACAD_REACTORS
330
16
102
}
330
16
100
AcDbVisualStyle
  2
ColorChange
 70
16
177
3
291
1
 70
58
 90
2
176
1
 90
2
176
1
 90
0
176
1
 90
2
176
1
 40
0.6
176
1
 40
30.0
176
1
 62
7
420
16777215
176
1
 90
1
176
1
 90
4
176
1
 62
7
176
1
 62
257
176
1
 90
1
176
1
 90
1
176
1
 40
1.0
176
1
 90
8
176
1
 62
7
176
1
 40
1.0
176
1
 90
1
176
1
 90
6
176
1
 90
2
176
1
 62
7
176
1
 90
5
176
1
 90
0
176
1
 90
0
176
1
290
0
176
1
 90
1
176
1
 40
0.0
176
1
 90
0
176
1
290
0
176
1
290
1
176
1
290
1
176
1
290
0
176
1
290
0
176
1
290
0
176
1
290
0
176
1
290
0
176
1
290
0
176
1
 90
50
176
1
 40
0.0
176
1
 40
1.0
176
1
 90
0
176
1
 62
18
420
0
176
1
 90
50
176
1
 90
3
176
1
 62
5
420
255
176
1
290
0
176
1
 90
50
176
1
 90
50
176
1
 90
50
176
1
290
0
176
1
 90
50
176
1
 62
256
176
0
 40
1.0
176
0
 90
2
176
1
  1
strokes_ogs.tif
176
1
290
0
176
1
 40
1.0
176
1
 40
1.0
176
1
  0
VISUALSTYLE
  5
5E
102
{ACAD_REACTORS
330
16
102
}
330
16
100
AcDbVisualStyle
  2
Conceptual
 70
9
177
3
291
0
 70
58
 90
2
176
1
 90
2
176
1
 90
0
176
1
 90
3
176
1
 40
0.6
176
1
 40
30.0
176
1
 62
7
420
16777215
176
1
 90
1
176
1
 90
4
176
1
 62
7
176
1
 62
257
176
1
 90
1
176
1
 90
1
176
1
 40
1.0
176
1
 90
8
176
1
 62
7
176
1
 40
1.0
176
1
 90
1
176
1
 90
6
176
1
 90
2
176
1
 62
7
176
1
 90
5
176
1
 90
0
176
1
 90
0
176
1
290
0
176
1
 90
1
176
1
 40
0.0
176
1
 90
0
176
1
290
0
176
1
290
1
176
1
290
1
176
1
290
0
176
1
290
0
176
1
290
0
176
1
290
0
176
1
290
0
176
1
290
0
176
1
 90
50
176
1
 40
0.0
176
1
 40
1.0
176
1
 90
0
176
1
 62
18
420
0
176
1
 90
50
176
1
 90
3
176
1
 62
5
420
255
176
1
290
0
176
1
 90
50
176
1
 90
50
176
1
 90
50
176
1
290
0
176
1
 90
50
176
1
 62
256
176
0
 40
1.0
176
0
 90
2
176
1
  1
strokes_ogs.tif
176
1
290
0
176
1
 40
1.0
176
1
 40
1.0
176
1
  0
VISUALSTYLE
  5
5F
102
{ACAD_REACTORS
330
16
102
}
330
16
100
AcDbVisualStyle
  2
Dim
 70
11
177
3
291
1
 70
58
 90
2
176
1
 90
2
176
1
 90
0
176
1
 90
2
176
1
 40
0.6
176
1
 40
30.0
176
1
 62
7
420
16777215
176
1
 90
1
176
1
 90
4
176
1
 62
7
176
1
 62
257
176
1
 90
1
176
1
 90
1
176
1
 40
1.0
176
1
 90
8
176
1
 62
7
176
1
 40
1.0
176
1
 90
1
176
1
 90
6
176
1
 90
2
176
1
 62
7
176
1
 90
5
176
1
 90
0
176
1
 90
0
176
1
290
0
176
1
 90
1
176
1
 40
0.0
176
1
 90
0
176
1
290
0
176
1
290
1
176
1
290
1
176
1
290
0
176
1
290
0
176
1
290
0
176
1
290
0
176
1
290
0
176
1
290
0
176
1
 90
50
176
1
 40
0.0
176
1
 40
1.0
176
1
 90
0
176
1
 62
18
420
0
176
1
 90
50
176
1
 90
3
176
1
 62
5
420
255
176
1
290
0
176
1
 90
50
176
1
 90
50
176
1
 90
50
176
1
290
0
176
1
 90
50
176
1
 62
256
176
0
 40
1.0
176
0
 90
2
176
1
  1
strokes_ogs.tif
176
1
290
0
176
1
 40
1.0
176
1
 40
1.0
176
1
  0
VISUALSTYLE
  5
60
102
{ACAD_REACTORS
330
16
102
}
330
16
100
AcDbVisualStyle
  2
EdgeColorOff
 70
22
177
3
291
1
 70
58
 90
2
176
1
 90
2
176
1
 90
0
176
1
 90
2
176
1
 40
0.6
176
1
 40
30.0
176
1
 62
7
420
16777215
176
1
 90
1
176
1
 90
4
176
1
 62
7
176
1
 62
257
176
1
 90
1
176
1
 90
1
176
1
 40
1.0
176
1
 90
8
176
1
 62
7
176
1
 40
1.0
176
1
 90
1
176
1
 90
6
176
1
 90
2
176
1
 62
7
176
1
 90
5
176
1
 90
0
176
1
 90
0
176
1
290
0
176
1
 90
1
176
1
 40
0.0
176
1
 90
0
176
1
290
0
176
1
290
1
176
1
290
1
176
1
290
0
176
1
290
0
176
1
290
0
176
1
290
0
176
1
290
0
176
1
290
0
176
1
 90
50
176
1
 40
0.0
176
1
 40
1.0
176
1
 90
0
176
1
 62
18
420
0
176
1
 90
50
176
1
 90
3
176
1
 62
5
420
255
176
1
290
0
176
1
 90
50
176
1
 90
50
176
1
 90
50
176
1
290
0
176
1
 90
50
176
1
 62
256
176
0
 40
1.0
176
0
 90
2
176
1
  1
strokes_ogs.tif
176
1
290
0
176
1
 40
1.0
176
1
 40
1.0
176
1
  0
VISUALSTYLE
  5
61
102
{ACAD_REACTORS
330
16
102
}
330
16
100
AcDbVisualStyle
  2
Facepattern
 70
15
177
3
291
1
 70
58
 90
2
176
1
 90
2
176
1
 90
0
176
1
 90
2
176
1
 40
0.6
176
1
 40
30.0
176
1
 62
7
420
16777215
176
1
 90
1
176
1
 90
4
176
1
 62
7
176
1
 62
257
176
1
 90
1
176
1
 90
1
176
1
 40
1.0
176
1
 90
8
176
1
 62
7
176
1
 40
1.0
176
1
 90
1
176
1
 90
6
176
1
 90
2
176
1
 62
7
176
1
 90
5
176
1
 90
0
176
1
 90
0
176
1
290
0
176
1
 90
1
176
1
 40
0.0
176
1
 90
0
176
1
290
0
176
1
290
1
176
1
290
1
176
1
290
0
176
1
290
0
176
1
290
0
176
1
290
0
176
1
290
0
176
1
290
0
176
1
 90
50
176
1
 40
0.0
176
1
 40
1.0
176
1
 90
0
176
1
 62
18
420
0
176
1
 90
50
176
1
 90
3
176
1
 62
5
420
255
176
1
290
0
176
1
 90
50
176
1
 90
50
176
1
 90
50
176
1
290
0
176
1
 90
50
176
1
 62
256
176
0
 40
1.0
176
0
 90
2
176
1
  1
strokes_ogs.tif
176
1
290
0
176
1
 40
1.0
176
1
 40
1.0
176
1
  0
VISUALSTYLE
  5
62
102
{ACAD_REACTORS
330
16
102
}
330
16
100
AcDbVisualStyle
  2
Flat
 70
0
177
3
291
1
 70
58
 90
2
176
1
 90
2
176
1
 90
0
176
1
 90
2
176
1
 40
0.6
176
1
 40
30.0
176
1
 62
7
420
16777215
176
1
 90
1
176
1
 90
4
176
1
 62
7
176
1
 62
257
176
1
 90
1
176
1
 90
1
176
1
 40
1.0
176
1
 90
8
176
1
 62
7
176
1
 40
1.0
176
1
 90
1
176
1
 90
6
176
1
 90
2
176
1
 62
7
176
1
 90
5
176
1
 90
0
176
1
 90
0
176
1
290
0
176
1
 90
1
176
1
 40
0.0
176
1
 90
0
176
1
290
0
176
1
290
1
176
1
290
1
176
1
290
0
176
1
290
0
176
1
290
0
176
1
290
0
176
1
290
0
176
1
290
0
176
1
 90
50
176
1
 40
0.0
176
1
 40
1.0
176
1
 90
0
176
1
 62
18
420
0
176
1
 90
50
176
1
 90
3
176
1
 62
5
420
255
176
1
290
0
176
1
 90
50
176
1
 90
50
176
1
 90
50
176
1
290
0
176
1
 90
50
176
1
 62
256
176
0
 40
1.0
176
0
 90
2
176
1
  1
strokes_ogs.tif
176
1
290
0
176
1
 40
1.0
176
1
 40
1.0
176
1
  0
VISUALSTYLE
  5
63
102
{ACAD_REACTORS
330
16
102
}
330
16
100
AcDbVisualStyle
  2
FlatWithEdges
 70
1
177
3
291
1
 70
58
 90
2
176
1
 90
2
176
1
 90
0
176
1
 90
2
176
1
 40
0.6
176
1
 40
30.0
176
1
 62
7
420
16777215
176
1
 90
1
176
1
 90
4
176
1
 62
7
176
1
 62
257
176
1
 90
1
176
1
 90
1
176
1
 40
1.0
176
1
 90
8
176
1
 62
7
176
1
 40
1.0
176
1
 90
1
176
1
 90
6
176
1
 90
2
176
1
 62
7
176
1
 90
5
176
1
 90
0
176
1
 90
0
176
1
290
0
176
1
 90
1
176
1
 40
0.0
176
1
 90
0
176
1
290
0
176
1
290
1
176
1
290
1
176
1
290
0
176
1
290
0
176
1
290
0
176
1
290
0
176
1
290
0
176
1
290
0
176
1
 90
50
176
1
 40
0.0
176
1
 40
1.0
176
1
 90
0
176
1
 62
18
420
0
176
1
 90
50
176
1
 90
3
176
1
 62
5
420
255
176
1
290
0
176
1
 90
50
176
1
 90
50
176
1
 90
50
176
1
290
0
176
1
 90
50
176
1
 62
256
176
0
 40
1.0
176
0
 90
2
176
1
  1
strokes_ogs.tif
176
1
290
0
176
1
 40
1.0
176
1
 40
1.0
176
1
  0
VISUALSTYLE
  5
64
102
{ACAD_REACTORS
330
16
102
}
330
16
100
AcDbVisualStyle
  2
Gouraud
 70
2
177
3
291
1
 70
58
 90
2
176
1
 90
2
176
1
 90
0
176
1
 90
2
176
1
 40
0.6
176
1
 40
30.0
176
1
 62
7
420
16777215
176
1
 90
1
176
1
 90
4
176
1
 62
7
176
1
 62
257
176
1
 90
1
176
1
 90
1
176
1
 40
1.0
176
1
 90
8
176
1
 62
7
176
1
 40
1.0
176
1
 90
1
176
1
 90
6
176
1
 90
2
176
1
 62
7
176
1
 90
5
176
1
 90
0
176
1
 90
0
176
1
290
0
176
1
 90
1
176
1
 40
0.0
176
1
 90
0
176
1
290
0
176
1
290
1
176
1
290
1
176
1
290
0
176
1
290
0
176
1
290
0
176
1
290
0
176
1
290
0
176
1
290
0
176
1
 90
50
176
1
 40
0.0
176
1
 40
1.0
176
1
 90
0
176
1
 62
18
420
0
176
1
 90
50
176
1
 90
3
176
1
 62
5
420
255
176
1
290
0
176
1
 90
50
176
1
 90
50
176
1
 90
50
176
1
290
0
176
1
 90
50
176
1
 62
256
176
0
 40
1.0
176
0
 90
2
176
1
  1
strokes_ogs.tif
176
1
290
0
176
1
 40
1.0
176
1
 40
1.0
176
1
  0
VISUALSTYLE
  5
65
102
{ACAD_REACTORS
330
16
102
}
330
16
100
AcDbVisualStyle
  2
GouraudWithEdges
 70
3
177
3
291
1
 70
58
 90
2
176
1
 90
2
176
1
 90
0
176
1
 90
2
176
1
 40
0.6
176
1
 40
30.0
176
1
 62
7
420
16777215
176
1
 90
1
176
1
 90
4
176
1
 62
7
176
1
 62
257
176
1
 90
1
176
1
 90
1
176
1
 40
1.0
176
1
 90
8
176
1
 62
7
176
1
 40
1.0
176
1
 90
1
176
1
 90
6
176
1
 90
2
176
1
 62
7
176
1
 90
5
176
1
 90
0
176
1
 90
0
176
1
290
0
176
1
 90
1
176
1
 40
0.0
176
1
 90
0
176
1
290
0
176
1
290
1
176
1
290
1
176
1
290
0
176
1
290
0
176
1
290
0
176
1
290
0
176
1
290
0
176
1
290
0
176
1
 90
50
176
1
 40
0.0
176
1
 40
1.0
176
1
 90
0
176
1
 62
18
420
0
176
1
 90
50
176
1
 90
3
176
1
 62
5
420
255
176
1
290
0
176
1
 90
50
176
1
 90
50
176
1
 90
50
176
1
290
0
176
1
 90
50
176
1
 62
256
176
0
 40
1.0
176
0
 90
2
176
1
  1
strokes_ogs.tif
176
1
290
0
176
1
 40
1.0
176
1
 40
1.0
176
1
  0
VISUALSTYLE
  5
66
102
{ACAD_REACTORS
330
16
102
}
330
16
100
AcDbVisualStyle
  2
Hidden
 70
6
177
3
291
0
 70
58
 90
2
176
1
 90
2
176
1
 90
0
176
1
 90
1
176
1
 40
0.6
176
1
 40
30.0
176
1
 62
7
420
16777215
176
1
 90
1
176
1
 90
4
176
1
 62
7
176
1
 62
257
176
1
 90
1
176
1
 90
1
176
1
 40
1.0
176
1
 90
8
176
1
 62
7
176
1
 40
1.0
176
1
 90
1
176
1
 90
6
176
1
 90
2
176
1
 62
7
176
1
 90
5
176
1
 90
0
176
1
 90
0
176
1
290
0
176
1
 90
1
176
1
 40
0.0
176
1
 90
0
176
1
290
0
176
1
290
1
176
1
290
1
176
1
290
0
176
1
290
0
176
1
290
0
176
1
290
0
176
1
290
0
176
1
290
0
176
1
 90
50
176
1
 40
0.0
176
1
 40
1.0
176
1
 90
0
176
1
 62
18
420
0
176
1
 90
50
176
1
 90
3
176
1
 62
5
420
255
176
1
290
0
176
1
 90
50
176
1
 90
50
176
1
 90
50
176
1
290
0
176
1
 90
50
176
1
 62
256
176
0
 40
1.0
176
0
 90
2
176
1
  1
strokes_ogs.tif
176
1
290
0
176
1
 40
1.0
176
1
 40
1.0
176
1
  0
VISUALSTYLE
  5
67
102
{ACAD_REACTORS
330
16
102
}
330
16
100
AcDbVisualStyle
  2
JitterOff
 70
20
177
3
291
1
 70
58
 90
2
176
1
 90
2
176
1
 90
0
176
1
 90
2
176
1
 40
0.6
176
1
 40
30.0
176
1
 62
7
420
16777215
176
1
 90
1
176
1
 90
4
176
1
 62
7
176
1
 62
257
176
1
 90
1
176
1
 90
1
176
1
 40
1.0
176
1
 90
8
176
1
 62
7
176
1
 40
1.0
176
1
 90
1
176
1
 90
6
176
1
 90
2
176
1
 62
7
176
1
 90
5
176
1
 90
0
176
1
 90
0
176
1
290
0
176
1
 90
1
176
1
 40
0.0
176
1
 90
0
176
1
290
0
176
1
290
1
176
1
290
1
176
1
290
0
176
1
290
0
176
1
290
0
176
1
290
0
176
1
290
0
176
1
290
0
176
1
 90
50
176
1
 40
0.0
176
1
 40
1.0
176
1
 90
0
176
1
 62
18
420
0
176
1
 90
50
176
1
 90
3
176
1
 62
5
420
255
176
1
290
0
176
1
 90
50
176
1
 90
50
176
1
 90
50
176
1
290
0
176
1
 90
50
176
1
 62
256
176
0
 40
1.0
176
0
 90
2
176
1
  1
strokes_ogs.tif
176
1
290
0
176
1
 40
1.0
176
1
 40
1.0
176
1
  0
VISUALSTYLE
  5
68
102
{ACAD_REACTORS
330
16
102
}
330
16
100
AcDbVisualStyle
  2
Linepattern
 70
14
177
3
291
1
 70
58
 90
2
176
1
 90
2
176
1
 90
0
176
1
 90
2
176
1
 40
0.6
176
1
 40
30.0
176
1
 62
7
420
16777215
176
1
 90
1
176
1
 90
4
176
1
 62
7
176
1
 62
257
176
1
 90
1
176
1
 90
1
176
1
 40
1.0
176
1
 90
8
176
1
 62
7
176
1
 40
1.0
176
1
 90
1
176
1
 90
6
176
1
 90
2
176
1
 62
7
176
1
 90
5
176
1
 90
0
176
1
 90
0
176
1
290
0
176
1
 90
1
176
1
 40
0.0
176
1
 90
0
176
1
290
0
176
1
290
1
176
1
290
1
176
1
290
0
176
1
290
0
176
1
290
0
176
1
290
0
176
1
290
0
176
1
290
0
176
1
 90
50
176
1
 40
0.0
176
1
 40
1.0
176
1
 90
0
176
1
 62
18
420
0
176
1
 90
50
176
1
 90
3
176
1
 62
5
420
255
176
1
290
0
176
1
 90
50
176
1
 90
50
176
1
 90
50
176
1
290
0
176
1
 90
50
176
1
 62
256
176
0
 40
1.0
176
0
 90
2
176
1
  1
strokes_ogs.tif
176
1
290
0
176
1
 40
1.0
176
1
 40
1.0
176
1
  0
VISUALSTYLE
  5
69
102
{ACAD_REACTORS
330
16
102
}
330
16
100
AcDbVisualStyle
  2
Modeling
 70
10
177
3
291
0
 70
58
 90
2
176
1
 90
2
176
1
 90
0
176
1
 90
2
176
1
 40
0.6
176
1
 40
30.0
176
1
 62
7
420
16777215
176
1
 90
1
176
1
 90
4
176
1
 62
7
176
1
 62
257
176
1
 90
1
176
1
 90
1
176
1
 40
1.0
176
1
 90
8
176
1
 62
7
176
1
 40
1.0
176
1
 90
1
176
1
 90
6
176
1
 90
2
176
1
 62
7
176
1
 90
5
176
1
 90
0
176
1
 90
0
176
1
290
0
176
1
 90
1
176
1
 40
0.0
176
1
 90
0
176
1
290
0
176
1
290
1
176
1
290
1
176
1
290
0
176
1
290
0
176
1
290
0
176
1
290
0
176
1
290
0
176
1
290
0
176
1
 90
50
176
1
 40
0.0
176
1
 40
1.0
176
1
 90
0
176
1
 62
18
420
0
176
1
 90
50
176
1
 90
3
176
1
 62
5
420
255
176
1
290
0
176
1
 90
50
176
1
 90
50
176
1
 90
50
176
1
290
0
176
1
 90
50
176
1
 62
256
176
0
 40
1.0
176
0
 90
2
176
1
  1
strokes_ogs.tif
176
1
290
0
176
1
 40
1.0
176
1
 40
1.0
176
1
  0
VISUALSTYLE
  5
6A
102
{ACAD_REACTORS
330
16
102
}
330
16
100
AcDbVisualStyle
  2
OverhangOff
 70
21
177
3
291
1
 70
58
 90
2
176
1
 90
2
176
1
 90
0
176
1
 90
2
176
1
 40
0.6
176
1
 40
30.0
176
1
 62
7
420
16777215
176
1
 90
1
176
1
 90
4
176
1
 62
7
176
1
 62
257
176
1
 90
1
176
1
 90
1
176
1
 40
1.0
176
1
 90
8
176
1
 62
7
176
1
 40
1.0
176
1
 90
1
176
1
 90
6
176
1
 90
2
176
1
 62
7
176
1
 90
5
176
1
 90
0
176
1
 90
0
176
1
290
0
176
1
 90
1
176
1
 40
0.0
176
1
 90
0
176
1
290
0
176
1
290
1
176
1
290
1
176
1
290
0
176
1
290
0
176
1
290
0
176
1
290
0
176
1
290
0
176
1
290
0
176
1
 90
50
176
1
 40
0.0
176
1
 40
1.0
176
1
 90
0
176
1
 62
18
420
0
176
1
 90
50
176
1
 90
3
176
1
 62
5
420
255
176
1
290
0
176
1
 90
50
176
1
 90
50
176
1
 90
50
176
1
290
0
176
1
 90
50
176
1
 62
256
176
0
 40
1.0
176
0
 90
2
176
1
  1
strokes_ogs.tif
176
1
290
0
176
1
 40
1.0
176
1
 40
1.0
176
1
  0
VISUALSTYLE
  5
6B
102
{ACAD_REACTORS
330
16
102
}
330
16
100
AcDbVisualStyle
  2
Realistic
 70
8
177
3
291
0
 70
58
 90
2
176
1
 90
2
176
1
 90
0
176
1
 90
2
176
1
 40
0.6
176
1
 40
30.0
176
1
 62
7
420
16777215
176
1
 90
1
176
1
 90
4
176
1
 62
7
176
1
 62
257
176
1
 90
1
176
1
 90
1
176
1
 40
1.0
176
1
 90
8
176
1
 62
7
176
1
 40
1.0
176
1
 90
1
176
1
 90
6
176
1
 90
2
176
1
 62
7
176
1
 90
5
176
1
 90
0
176
1
 90
0
176
1
290
0
176
1
 90
1
176
1
 40
0.0
176
1
 90
0
176
1
290
0
176
1
290
1
176
1
290
1
176
1
290
0
176
1
290
0
176
1
290
0
176
1
290
0
176
1
290
0
176
1
290
0
176
1
 90
50
176
1
 40
0.0
176
1
 40
1.0
176
1
 90
0
176
1
 62
18
420
0
176
1
 90
50
176
1
 90
3
176
1
 62
5
420
255
176
1
290
0
176
1
 90
50
176
1
 90
50
176
1
 90
50
176
1
290
0
176
1
 90
50
176
1
 62
256
176
0
 40
1.0
176
0
 90
2
176
1
  1
strokes_ogs.tif
176
1
290
0
176
1
 40
1.0
176
1
 40
1.0
176
1
  0
VISUALSTYLE
  5
6C
102
{ACAD_REACTORS
330
16
102
}
330
16
100
AcDbVisualStyle
  2
Shaded
 70
27
177
3
291
0
 70
58
 90
2
176
1
 90
2
176
1
 90
0
176
1
 90
2
176
1
 40
0.6
176
1
 40
30.0
176
1
 62
7
420
16777215
176
1
 90
1
176
1
 90
4
176
1
 62
7
176
1
 62
257
176
1
 90
1
176
1
 90
1
176
1
 40
1.0
176
1
 90
8
176
1
 62
7
176
1
 40
1.0
176
1
 90
1
176
1
 90
6
176
1
 90
2
176
1
 62
7
176
1
 90
5
176
1
 90
0
176
1
 90
0
176
1
290
0
176
1
 90
1
176
1
 40
0.0
176
1
 90
0
176
1
290
0
176
1
290
1
176
1
290
1
176
1
290
0
176
1
290
0
176
1
290
0
176
1
290
0
176
1
290
0
176
1
290
0
176
1
 90
50
176
1
 40
0.0
176
1
 40
1.0
176
1
 90
0
176
1
 62
18
420
0
176
1
 90
50
176
1
 90
3
176
1
 62
5
420
255
176
1
290
0
176
1
 90
50
176
1
 90
50
176
1
 90
50
176
1
290
0
176
1
 90
50
176
1
 62
256
176
0
 40
1.0
176
0
 90
2
176
1
  1
strokes_ogs.tif
176
1
290
0
176
1
 40
1.0
176
1
 40
1.0
176
1
  0
VISUALSTYLE
  5
6D
102
{ACAD_REACTORS
330
16
102
}
330
16
100
AcDbVisualStyle
  2
Shaded with edges
 70
26
177
3
291
0
 70
58
 90
2
176
1
 90
2
176
1
 90
0
176
1
 90
2
176
1
 40
0.6
176
1
 40
30.0
176
1
 62
7
420
16777215
176
1
 90
1
176
1
 90
4
176
1
 62
7
176
1
 62
257
176
1
 90
1
176
1
 90
1
176
1
 40
1.0
176
1
 90
8
176
1
 62
7
176
1
 40
1.0
176
1
 90
1
176
1
 90
6
176
1
 90
2
176
1
 62
7
176
1
 90
5
176
1
 90
0
176
1
 90
0
176
1
290
0
176
1
 90
1
176
1
 40
0.0
176
1
 90
0
176
1
290
0
176
1
290
1
176
1
290
1
176
1
290
0
176
1
290
0
176
1
290
0
176
1
290
0
176
1
290
0
176
1
290
0
176
1
 90
50
176
1
 40
0.0
176
1
 40
1.0
176
1
 90
0
176
1
 62
18
420
0
176
1
 90
50
176
1
 90
3
176
1
 62
5
420
255
176
1
290
0
176
1
 90
50
176
1
 90
50
176
1
 90
50
176
1
290
0
176
1
 90
50
176
1
 62
256
176
0
 40
1.0
176
0
 90
2
176
1
  1
strokes_ogs.tif
176
1
290
0
176
1
 40
1.0
176
1
 40
1.0
176
1
  0
VISUALSTYLE
  5
6E
102
{ACAD_REACTORS
330
16
102
}
330
16
100
AcDbVisualStyle
  2
Shades of Gray
 70
23
177
3
291
0
 70
58
 90
2
176
1
 90
2
176
1
 90
0
176
1
 90
2
176
1
 40
0.6
176
1
 40
30.0
176
1
 62
7
420
16777215
176
1
 90
1
176
1
 90
4
176
1
 62
7
176
1
 62
257
176
1
 90
1
176
1
 90
1
176
1
 40
1.0
176
1
 90
8
176
1
 62
7
176
1
 40
1.0
176
1
 90
1
176
1
 90
6
176
1
 90
2
176
1
 62
7
176
1
 90
5
176
1
 90
0
176
1
 90
0
176
1
290
0
176
1
 90
1
176
1
 40
0.0
176
1
 90
0
176
1
290
0
176
1
290
1
176
1
290
1
176
1
290
0
176
1
290
0
176
1
290
0
176
1
290
0
176
1
290
0
176
1
290
0
176
1
 90
50
176
1
 40
0.0
176
1
 40
1.0
176
1
 90
0
176
1
 62
18
420
0
176
1
 90
50
176
1
 90
3
176
1
 62
5
420
255
176
1
290
0
176
1
 90
50
176
1
 90
50
176
1
 90
50
176
1
290
0
176
1
 90
50
176
1
 62
256
176
0
 40
1.0
176
0
 90
2
176
1
  1
strokes_ogs.tif
176
1
290
0
176
1
 40
1.0
176
1
 40
1.0
176
1
  0
VISUALSTYLE
  5
6F
102
{ACAD_REACTORS
330
16
102
}
330
16
100
AcDbVisualStyle
  2
Sketchy
 70
24
177
3
291
0
 70
58
 90
2
176
1
 90
2
176
1
 90
0
176
1
 90
1
176
1
 40
0.6
176
1
 40
30.0
176
1
 62
7
420
16777215
176
1
 90
1
176
1
 90
4
176
1
 62
7
176
1
 62
257
176
1
 90
1
176
1
 90
1
176
1
 40
1.0
176
1
 90
8
176
1
 62
7
176
1
 40
1.0
176
1
 90
1
176
1
 90
6
176
1
 90
2
176
1
 62
7
176
1
 90
5
176
1
 90
0
176
1
 90
0
176
1
290
0
176
1
 90
1
176
1
 40
0.0
176
1
 90
0
176
1
290
0
176
1
290
1
176
1
290
1
176
1
290
0
176
1
290
0
176
1
290
0
176
1
290
0
176
1
290
0
176
1
290
0
176
1
 90
50
176
1
 40
0.0
176
1
 40
1.0
176
1
 90
0
176
1
 62
18
420
0
176
1
 90
50
176
1
 90
3
176
1
 62
5
420
255
176
1
290
0
176
1
 90
50
176
1
 90
50
176
1
 90
50
176
1
290
0
176
1
 90
50
176
1
 62
256
176
0
 40
1.0
176
0
 90
2
176
1
  1
strokes_ogs.tif
176
1
290
0
176
1
 40
1.0
176
1
 40
1.0
176
1
  0
VISUALSTYLE
  5
70
102
{ACAD_REACTORS
330
16
102
}
330
16
100
AcDbVisualStyle
  2
Thicken
 70
13
177
3
291
1
 70
58
 90
2
176
1
 90
2
176
1
 90
0
176
1
 90
2
176
1
 40
0.6
176
1
 40
30.0
176
1
 62
7
420
16777215
176
1
 90
1
176
1
 90
4
176
1
 62
7
176
1
 62
257
176
1
 90
1
176
1
 90
1
176
1
 40
1.0
176
1
 90
8
176
1
 62
7
176
1
 40
1.0
176
1
 90
1
176
1
 90
6
176
1
 90
2
176
1
 62
7
176
1
 90
5
176
1
 90
0
176
1
 90
0
176
1
290
0
176
1
 90
1
176
1
 40
0.0
176
1
 90
0
176
1
290
0
176
1
290
1
176
1
290
1
176
1
290
0
176
1
290
0
176
1
290
0
176
1
290
0
176
1
290
0
176
1
290
0
176
1
 90
50
176
1
 40
0.0
176
1
 40
1.0
176
1
 90
0
176
1
 62
18
420
0
176
1
 90
50
176
1
 90
3
176
1
 62
5
420
255
176
1
290
0
176
1
 90
50
176
1
 90
50
176
1
 90
50
176
1
290
0
176
1
 90
50
176
1
 62
256
176
0
 40
1.0
176
0
 90
2
176
1
  1
strokes_ogs.tif
176
1
290
0
176
1
 40
1.0
176
1
 40
1.0
176
1
  0
VISUALSTYLE
  5
71
102
{ACAD_REACTORS
330
16
102
}
330
16
100
AcDbVisualStyle
  2
Wireframe
 70
5
177
3
291
0
 70
58
 90
2
176
1
 90
2
176
1
 90
0
176
1
 90
0
176
1
 40
0.6
176
1
 40
30.0
176
1
 62
7
420
16777215
176
1
 90
1
176
1
 90
4
176
1
 62
7
176
1
 62
257
176
1
 90
1
176
1
 90
1
176
1
 40
1.0
176
1
 90
8
176
1
 62
7
176
1
 40
1.0
176
1
 90
1
176
1
 90
6
176
1
 90
2
176
1
 62
7
176
1
 90
5
176
1
 90
0
176
1
 90
0
176
1
290
0
176
1
 90
1
176
1
 40
0.0
176
1
 90
0
176
1
290
0
176
1
290
1
176
1
290
1
176
1
290
0
176
1
290
0
176
1
290
0
176
1
290
0
176
1
290
0
176
1
290
0
176
1
 90
50
176
1
 40
0.0
176
1
 40
1.0
176
1
 90
0
176
1
 62
18
420
0
176
1
 90
50
176
1
 90
3
176
1
 62
5
420
255
176
1
290
0
176
1
 90
50
176
1
 90
50
176
1
 90
50
176
1
290
0
176
1
 90
50
176
1
 62
256
176
0
 40
1.0
176
0
 90
2
176
1
  1
strokes_ogs.tif
176
1
290
0
176
1
 40
1.0
176
1
 40
1.0
176
1
  0
VISUALSTYLE
  5
72
102
{ACAD_REACTORS
330
16
102
}
330
16
100
AcDbVisualStyle
  2
X-Ray
 70
25
177
3
291
0
 70
58
 90
2
176
1
 90
2
176
1
 90
0
176
1
 90
2
176
1
 40
0.5
176
1
 40
30.0
176
1
 62
7
420
16777215
176
1
 90
1
176
1
 90
4
176
1
 62
7
176
1
 62
257
176
1
 90
1
176
1
 90
1
176
1
 40
1.0
176
1
 90
8
176
1
 62
7
176
1
 40
1.0
176
1
 90
1
176
1
 90
6
176
1
 90
2
176
1
 62
7
176
1
 90
5
176
1
 90
0
176
1
 90
0
176
1
290
0
176
1
 90
1
176
1
 40
0.0
176
1
 90
0
176
1
290
0
176
1
290
1
176
1
290
1
176
1
290
0
176
1
290
0
176
1
290
0
176
1
290
0
176
1
290
0
176
1
290
0
176
1
 90
50
176
1
 40
0.0
176
1
 40
1.0
176
1
 90
0
176
1
 62
18
420
0
176
1
 90
50
176
1
 90
3
176
1
 62
5
420
255
176
1
290
0
176
1
 90
50
176
1
 90
50
176
1
 90
50
176
1
290
0
176
1
 90
50
176
1
 62
256
176
0
 40
1.0
176
0
 90
2
176
1
  1
strokes_ogs.tif
176
1
290
0
176
1
 40
1.0
176
1
 40
1.0
176
1
  0
LAYOUT
  5
9B6
330
D
100
AcDbPlotSettings
  1

  2
DWG to PDF.pc3
  4
ezdxf_(841.00_x_594.00_MM)
  6

 40
0.0
 41
0.0
 42
0.0
 43
0.0
 44
841.0
 45
594.0
 46
0.0
 47
0.0
 48
0.0
 49
0.0
140
0.0
141
0.0
142
1.0
143
1.0
 70
672
 72
1
 73
0
 74
5
  7

 75
16
 76
0
 77
2
 78
300
147
1.0
148
0.0
149
0.0
100
AcDbLayout
  1
E-09
 70
1
 71
3
 10
-0.0
 20
-0.0
 11
841.0
 21
594.0
 12
0.0
 22
0.0
 32
0.0
 14
1e+20
 24
1e+20
 34
1e+20
 15
-1e+20
 25
-1e+20
 35
-1e+20
146
0.0
 13
0.0
 23
0.0
 33
0.0
 16
1.0
 26
0.0
 36
0.0
 17
0.0
 27
1.0
 37
0.0
 76
1
330
9B3
331
9B7
  0
DICTIONARYVAR
  5
AEE
330
2D
100
DictionaryVariables
280
0
  1
1.4.4 @ 2026-09-28T01:53:02.212328+00:00
  0
ENDSEC
  0
EOF
